seller_id,fraud_flag,risk_score,fraud_reason
S100001,False,19,Fake Address
S100002,False,37,None
S100003,False,69,Fake Address
S100004,False,35,None
S100005,False,73,None
S100006,False,63,Document Mismatch
S100007,False,3,Document Mismatch
S100008,False,8,Document Mismatch
S100009,True,86,Multiple Accounts
S100010,False,25,Multiple Accounts
S100011,False,53,Fake Address
S100012,True,88,Document Mismatch
S100013,False,37,Document Mismatch
S100014,False,64,Document Mismatch
S100015,True,92,Document Mismatch
S100016,True,87,Document Mismatch
S100017,False,45,Fake Address
S100018,True,93,None
S100019,True,95,Fake Address
S100020,False,52,Multiple Accounts
S100021,False,42,Multiple Accounts
S100022,True,98,Multiple Accounts
S100023,False,65,Fake Address
S100024,False,41,Document Mismatch
S100025,False,60,None
S100026,False,43,Fake Address
S100027,False,32,Document Mismatch
S100028,False,61,Fake Address
S100029,False,29,None
S100030,False,46,Multiple Accounts
S100031,False,44,Fake Address
S100032,False,51,Document Mismatch
S100033,True,94,Multiple Accounts
S100034,False,25,None
S100035,False,26,Document Mismatch
S100036,False,18,Multiple Accounts
S100037,False,1,Document Mismatch
S100038,False,30,Document Mismatch
S100039,False,62,Fake Address
S100040,True,93,Document Mismatch
S100041,False,13,Multiple Accounts
S100042,False,3,Multiple Accounts
S100043,True,98,Multiple Accounts
S100044,False,36,Document Mismatch
S100045,False,41,Multiple Accounts
S100046,False,51,Fake Address
S100047,False,18,Document Mismatch
S100048,False,62,None
S100049,False,71,Multiple Accounts
S100050,False,5,Fake Address
S100051,True,88,Multiple Accounts
S100052,False,75,Document Mismatch
S100053,True,97,Document Mismatch
S100054,False,17,Document Mismatch
S100055,False,65,Document Mismatch
S100056,False,8,None
S100057,True,89,Fake Address
S100058,False,48,Document Mismatch
S100059,True,94,Multiple Accounts
S100060,False,58,Multiple Accounts
S100061,False,35,None
S100062,True,100,None
S100063,False,50,Multiple Accounts
S100064,False,25,Multiple Accounts
S100065,False,33,Multiple Accounts
S100066,False,9,Document Mismatch
S100067,False,20,None
S100068,True,99,Document Mismatch
S100069,False,55,Document Mismatch
S100070,False,23,None
S100071,False,52,None
S100072,False,25,Fake Address
S100073,False,68,None
S100074,False,52,Document Mismatch
S100075,False,15,Document Mismatch
S100076,False,64,None
S100077,False,19,None
S100078,False,39,Multiple Accounts
S100079,False,75,Document Mismatch
S100080,False,24,None
S100081,False,15,Multiple Accounts
S100082,False,11,Document Mismatch
S100083,False,23,None
S100084,False,72,Fake Address
S100085,False,48,Document Mismatch
S100086,False,76,Multiple Accounts
S100087,False,18,Document Mismatch
S100088,False,55,Document Mismatch
S100089,False,63,Fake Address
S100090,False,52,Document Mismatch
S100091,True,94,None
S100092,False,31,Fake Address
S100093,False,48,None
S100094,False,78,Document Mismatch
S100095,False,79,Fake Address
S100096,False,29,Multiple Accounts
S100097,False,10,Multiple Accounts
S100098,False,71,Multiple Accounts
S100099,False,12,None
S100100,False,60,Fake Address
S100101,True,87,Fake Address
S100102,False,14,Multiple Accounts
S100103,False,48,Fake Address
S100104,False,44,Multiple Accounts
S100105,True,99,None
S100106,False,85,Multiple Accounts
S100107,True,91,Multiple Accounts
S100108,False,8,Document Mismatch
S100109,False,11,None
S100110,False,66,Fake Address
S100111,False,22,None
S100112,False,71,Document Mismatch
S100113,False,5,Fake Address
S100114,False,76,Multiple Accounts
S100115,False,47,None
S100116,False,40,Fake Address
S100117,False,38,Multiple Accounts
S100118,False,80,Multiple Accounts
S100119,False,24,Document Mismatch
S100120,False,24,Multiple Accounts
S100121,False,42,Multiple Accounts
S100122,False,63,None
S100123,False,22,Document Mismatch
S100124,True,93,None
S100125,False,69,Document Mismatch
S100126,False,1,Fake Address
S100127,False,33,Multiple Accounts
S100128,False,32,None
S100129,False,46,Fake Address
S100130,False,41,Multiple Accounts
S100131,False,19,Document Mismatch
S100132,False,49,Multiple Accounts
S100133,False,82,Fake Address
S100134,True,100,Document Mismatch
S100135,True,91,Fake Address
S100136,False,58,None
S100137,False,49,None
S100138,False,52,Multiple Accounts
S100139,False,24,None
S100140,True,96,Document Mismatch
S100141,False,12,Multiple Accounts
S100142,False,51,Fake Address
S100143,True,87,Fake Address
S100144,False,38,None
S100145,False,20,Fake Address
S100146,True,89,Fake Address
S100147,False,24,Multiple Accounts
S100148,False,25,Fake Address
S100149,True,89,Multiple Accounts
S100150,False,21,Multiple Accounts
S100151,False,78,Document Mismatch
S100152,False,16,Multiple Accounts
S100153,False,60,Fake Address
S100154,False,21,Document Mismatch
S100155,False,58,Multiple Accounts
S100156,True,90,Fake Address
S100157,True,98,Multiple Accounts
S100158,False,5,Document Mismatch
S100159,False,3,Document Mismatch
S100160,False,56,Fake Address
S100161,False,72,None
S100162,False,4,Document Mismatch
S100163,True,93,Fake Address
S100164,False,6,None
S100165,False,20,Multiple Accounts
S100166,False,54,Multiple Accounts
S100167,True,91,Document Mismatch
S100168,False,73,Multiple Accounts
S100169,False,11,Fake Address
S100170,False,9,Document Mismatch
S100171,False,17,Multiple Accounts
S100172,False,69,None
S100173,False,73,None
S100174,True,86,Document Mismatch
S100175,False,82,Document Mismatch
S100176,False,27,Fake Address
S100177,False,72,Multiple Accounts
S100178,False,64,Multiple Accounts
S100179,True,96,Multiple Accounts
S100180,True,100,Multiple Accounts
S100181,False,56,Fake Address
S100182,False,11,Document Mismatch
S100183,False,19,Document Mismatch
S100184,True,87,Multiple Accounts
S100185,False,27,None
S100186,False,34,None
S100187,False,23,Fake Address
S100188,False,62,Document Mismatch
S100189,False,67,None
S100190,False,68,None
S100191,False,31,Document Mismatch
S100192,False,20,None
S100193,False,34,None
S100194,False,64,None
S100195,False,64,None
S100196,False,65,Fake Address
S100197,False,32,Multiple Accounts
S100198,False,21,Fake Address
S100199,False,75,Document Mismatch
S100200,False,66,Document Mismatch
S100201,False,8,Document Mismatch
S100202,False,62,Fake Address
S100203,False,81,Fake Address
S100204,False,50,None
S100205,False,4,Fake Address
S100206,False,54,Multiple Accounts
S100207,True,92,None
S100208,False,63,Multiple Accounts
S100209,False,3,Multiple Accounts
S100210,False,1,Document Mismatch
S100211,False,3,Document Mismatch
S100212,False,13,Multiple Accounts
S100213,False,64,Fake Address
S100214,True,93,Fake Address
S100215,False,7,None
S100216,False,71,None
S100217,False,32,Document Mismatch
S100218,False,78,None
S100219,False,33,None
S100220,False,28,Document Mismatch
S100221,False,85,Multiple Accounts
S100222,False,24,None
S100223,False,85,None
S100224,False,21,Multiple Accounts
S100225,False,39,Document Mismatch
S100226,False,53,Fake Address
S100227,False,4,Document Mismatch
S100228,False,47,Document Mismatch
S100229,False,5,Multiple Accounts
S100230,False,9,Document Mismatch
S100231,False,11,Document Mismatch
S100232,False,32,Multiple Accounts
S100233,False,76,Document Mismatch
S100234,False,27,Document Mismatch
S100235,False,37,Multiple Accounts
S100236,False,45,Multiple Accounts
S100237,False,61,None
S100238,False,27,Fake Address
S100239,True,95,Fake Address
S100240,False,39,Document Mismatch
S100241,False,80,None
S100242,False,7,Document Mismatch
S100243,False,59,Multiple Accounts
S100244,False,17,Multiple Accounts
S100245,False,32,None
S100246,False,6,Multiple Accounts
S100247,False,28,Fake Address
S100248,False,18,Document Mismatch
S100249,False,27,Document Mismatch
S100250,False,53,Document Mismatch
S100251,True,100,None
S100252,False,47,Fake Address
S100253,False,65,Document Mismatch
S100254,False,50,Fake Address
S100255,False,12,None
S100256,False,57,Document Mismatch
S100257,False,31,Fake Address
S100258,False,21,Multiple Accounts
S100259,False,9,Multiple Accounts
S100260,False,10,Document Mismatch
S100261,False,53,Multiple Accounts
S100262,False,36,None
S100263,False,10,Fake Address
S100264,False,34,None
S100265,False,23,None
S100266,False,77,Multiple Accounts
S100267,False,28,Document Mismatch
S100268,False,81,Fake Address
S100269,False,25,Fake Address
S100270,False,2,Fake Address
S100271,True,100,Multiple Accounts
S100272,False,23,Multiple Accounts
S100273,False,85,Multiple Accounts
S100274,False,22,None
S100275,False,85,Document Mismatch
S100276,False,48,None
S100277,False,73,Multiple Accounts
S100278,False,54,None
S100279,False,72,None
S100280,False,64,Document Mismatch
S100281,False,45,None
S100282,False,36,Fake Address
S100283,False,32,Multiple Accounts
S100284,True,100,Fake Address
S100285,False,40,Document Mismatch
S100286,False,47,None
S100287,False,13,Document Mismatch
S100288,False,47,Document Mismatch
S100289,False,56,Multiple Accounts
S100290,False,5,None
S100291,False,55,Document Mismatch
S100292,False,25,None
S100293,False,30,Multiple Accounts
S100294,False,40,Multiple Accounts
S100295,False,68,Multiple Accounts
S100296,False,39,Multiple Accounts
S100297,False,67,Fake Address
S100298,False,35,Fake Address
S100299,False,37,Document Mismatch
S100300,False,2,Document Mismatch
S100301,True,94,Multiple Accounts
S100302,False,84,Multiple Accounts
S100303,False,82,None
S100304,False,53,Document Mismatch
S100305,False,36,Document Mismatch
S100306,False,59,Document Mismatch
S100307,False,49,Document Mismatch
S100308,True,95,Document Mismatch
S100309,False,21,Fake Address
S100310,False,78,Document Mismatch
S100311,True,94,Document Mismatch
S100312,False,14,None
S100313,False,84,Multiple Accounts
S100314,False,15,Multiple Accounts
S100315,True,93,Document Mismatch
S100316,False,79,Multiple Accounts
S100317,False,13,Fake Address
S100318,False,71,Fake Address
S100319,False,46,Fake Address
S100320,False,40,Fake Address
S100321,False,81,Multiple Accounts
S100322,False,17,None
S100323,True,87,Multiple Accounts
S100324,False,46,Fake Address
S100325,False,72,Multiple Accounts
S100326,False,78,Multiple Accounts
S100327,True,92,Fake Address
S100328,False,84,None
S100329,False,11,Fake Address
S100330,True,99,Multiple Accounts
S100331,True,97,Document Mismatch
S100332,False,27,Multiple Accounts
S100333,False,34,Fake Address
S100334,False,85,Document Mismatch
S100335,False,85,None
S100336,False,63,Document Mismatch
S100337,True,98,None
S100338,False,29,Multiple Accounts
S100339,False,57,Document Mismatch
S100340,False,24,None
S100341,True,97,Fake Address
S100342,True,91,Fake Address
S100343,False,79,None
S100344,False,11,Fake Address
S100345,False,46,None
S100346,True,95,Document Mismatch
S100347,False,73,None
S100348,False,56,Document Mismatch
S100349,False,56,Document Mismatch
S100350,False,55,None
S100351,False,25,Multiple Accounts
S100352,False,47,None
S100353,False,34,Fake Address
S100354,False,41,Fake Address
S100355,False,3,None
S100356,True,91,Fake Address
S100357,False,12,Fake Address
S100358,False,12,Fake Address
S100359,False,84,Document Mismatch
S100360,False,54,Multiple Accounts
S100361,False,13,Multiple Accounts
S100362,False,39,Multiple Accounts
S100363,False,72,Fake Address
S100364,False,2,None
S100365,False,52,Fake Address
S100366,False,36,Fake Address
S100367,False,41,Multiple Accounts
S100368,True,98,Fake Address
S100369,False,12,None
S100370,False,48,Multiple Accounts
S100371,False,32,Document Mismatch
S100372,False,63,Fake Address
S100373,True,88,Fake Address
S100374,True,92,Document Mismatch
S100375,True,97,Document Mismatch
S100376,False,3,Document Mismatch
S100377,False,77,Multiple Accounts
S100378,False,49,Multiple Accounts
S100379,False,21,None
S100380,True,86,Fake Address
S100381,True,98,Multiple Accounts
S100382,False,83,None
S100383,False,6,Fake Address
S100384,False,73,None
S100385,False,44,Multiple Accounts
S100386,False,50,None
S100387,False,79,None
S100388,False,85,Multiple Accounts
S100389,False,73,Multiple Accounts
S100390,False,4,Multiple Accounts
S100391,False,51,Document Mismatch
S100392,False,28,Document Mismatch
S100393,False,33,None
S100394,False,18,Multiple Accounts
S100395,False,34,Document Mismatch
S100396,False,22,None
S100397,True,87,Fake Address
S100398,False,30,Multiple Accounts
S100399,False,55,Fake Address
S100400,False,70,Multiple Accounts
S100401,False,47,Document Mismatch
S100402,False,18,Document Mismatch
S100403,False,17,Multiple Accounts
S100404,False,46,Document Mismatch
S100405,False,17,Fake Address
S100406,True,90,Fake Address
S100407,False,30,Fake Address
S100408,False,69,Multiple Accounts
S100409,False,76,Fake Address
S100410,False,48,Document Mismatch
S100411,False,74,Document Mismatch
S100412,False,18,None
S100413,False,9,Fake Address
S100414,False,85,Document Mismatch
S100415,False,32,None
S100416,False,29,Multiple Accounts
S100417,False,3,Multiple Accounts
S100418,False,71,Multiple Accounts
S100419,False,74,None
S100420,False,13,Multiple Accounts
S100421,False,50,Multiple Accounts
S100422,True,97,Fake Address
S100423,False,10,Multiple Accounts
S100424,False,35,Document Mismatch
S100425,True,100,Fake Address
S100426,False,11,Fake Address
S100427,True,87,Multiple Accounts
S100428,False,15,Document Mismatch
S100429,False,6,Multiple Accounts
S100430,False,16,Document Mismatch
S100431,False,12,None
S100432,False,50,Multiple Accounts
S100433,False,53,Multiple Accounts
S100434,False,61,Multiple Accounts
S100435,False,4,Document Mismatch
S100436,False,73,None
S100437,True,97,Fake Address
S100438,False,47,Multiple Accounts
S100439,False,12,None
S100440,False,80,Fake Address
S100441,False,11,Document Mismatch
S100442,True,98,Document Mismatch
S100443,False,70,None
S100444,False,10,Multiple Accounts
S100445,False,15,Document Mismatch
S100446,False,36,Fake Address
S100447,False,55,Fake Address
S100448,False,70,Multiple Accounts
S100449,False,65,Multiple Accounts
S100450,True,88,Multiple Accounts
S100451,False,24,Document Mismatch
S100452,True,98,Document Mismatch
S100453,True,95,Multiple Accounts
S100454,False,84,Multiple Accounts
S100455,False,50,None
S100456,False,37,Fake Address
S100457,False,83,Multiple Accounts
S100458,False,75,Document Mismatch
S100459,False,50,Document Mismatch
S100460,True,98,Fake Address
S100461,False,85,Document Mismatch
S100462,False,62,None
S100463,False,53,Document Mismatch
S100464,False,7,Fake Address
S100465,False,61,Fake Address
S100466,False,46,Fake Address
S100467,True,98,Multiple Accounts
S100468,False,37,None
S100469,False,37,None
S100470,True,97,Fake Address
S100471,False,9,None
S100472,False,16,Multiple Accounts
S100473,False,32,Fake Address
S100474,False,38,None
S100475,False,9,Multiple Accounts
S100476,False,65,Fake Address
S100477,False,83,None
S100478,False,45,Multiple Accounts
S100479,False,25,Multiple Accounts
S100480,True,91,None
S100481,False,16,Document Mismatch
S100482,False,30,None
S100483,False,52,None
S100484,True,95,Fake Address
S100485,False,51,Document Mismatch
S100486,False,22,None
S100487,False,85,None
S100488,False,43,Fake Address
S100489,False,62,Fake Address
S100490,False,61,None
S100491,False,19,None
S100492,False,76,Multiple Accounts
S100493,False,74,Multiple Accounts
S100494,False,19,Multiple Accounts
S100495,False,38,Multiple Accounts
S100496,True,89,Fake Address
S100497,False,57,Multiple Accounts
S100498,False,27,Document Mismatch
S100499,False,48,Fake Address
S100500,False,22,Fake Address
S100501,False,75,Multiple Accounts
S100502,False,69,Multiple Accounts
S100503,False,26,Multiple Accounts
S100504,False,36,Multiple Accounts
S100505,True,93,Multiple Accounts
S100506,False,83,None
S100507,False,59,None
S100508,False,26,None
S100509,False,45,None
S100510,False,32,Multiple Accounts
S100511,False,52,Document Mismatch
S100512,True,87,None
S100513,False,30,Multiple Accounts
S100514,False,45,Multiple Accounts
S100515,False,35,Multiple Accounts
S100516,False,45,Fake Address
S100517,False,33,Document Mismatch
S100518,True,91,None
S100519,False,41,Document Mismatch
S100520,False,30,None
S100521,False,20,Multiple Accounts
S100522,False,4,Fake Address
S100523,False,26,None
S100524,False,25,Document Mismatch
S100525,True,100,Multiple Accounts
S100526,False,52,Document Mismatch
S100527,False,31,Fake Address
S100528,True,86,Document Mismatch
S100529,True,86,Fake Address
S100530,False,65,None
S100531,True,99,Document Mismatch
S100532,False,82,Fake Address
S100533,False,5,Multiple Accounts
S100534,True,100,None
S100535,True,90,None
S100536,False,18,Fake Address
S100537,False,48,Document Mismatch
S100538,False,19,None
S100539,True,90,Fake Address
S100540,False,38,Fake Address
S100541,False,76,Document Mismatch
S100542,False,41,Document Mismatch
S100543,False,23,Document Mismatch
S100544,False,63,Document Mismatch
S100545,False,18,None
S100546,False,68,Fake Address
S100547,False,48,Multiple Accounts
S100548,False,10,Multiple Accounts
S100549,False,30,Fake Address
S100550,False,36,Multiple Accounts
S100551,False,12,None
S100552,True,87,Fake Address
S100553,True,86,Multiple Accounts
S100554,False,85,None
S100555,True,88,None
S100556,False,23,None
S100557,False,3,None
S100558,True,90,Document Mismatch
S100559,False,57,Fake Address
S100560,False,54,Multiple Accounts
S100561,False,47,Multiple Accounts
S100562,False,85,Multiple Accounts
S100563,False,25,Document Mismatch
S100564,False,44,Document Mismatch
S100565,False,80,None
S100566,False,77,Fake Address
S100567,False,52,Multiple Accounts
S100568,False,50,Document Mismatch
S100569,False,13,Document Mismatch
S100570,False,10,Fake Address
S100571,False,16,Multiple Accounts
S100572,False,40,None
S100573,True,100,Fake Address
S100574,True,91,Document Mismatch
S100575,False,55,Fake Address
S100576,False,64,None
S100577,False,74,Fake Address
S100578,False,43,Fake Address
S100579,False,19,Document Mismatch
S100580,True,97,Multiple Accounts
S100581,False,83,None
S100582,False,66,Multiple Accounts
S100583,False,29,Multiple Accounts
S100584,True,98,Document Mismatch
S100585,False,83,Document Mismatch
S100586,False,10,Fake Address
S100587,False,49,Document Mismatch
S100588,False,13,Document Mismatch
S100589,True,100,Document Mismatch
S100590,False,8,Fake Address
S100591,False,64,Multiple Accounts
S100592,True,86,Multiple Accounts
S100593,False,63,Fake Address
S100594,True,86,Multiple Accounts
S100595,False,14,Document Mismatch
S100596,False,38,Fake Address
S100597,False,41,None
S100598,False,47,None
S100599,False,70,Multiple Accounts
S100600,False,36,Fake Address
S100601,False,29,Document Mismatch
S100602,False,54,Multiple Accounts
S100603,True,97,Document Mismatch
S100604,False,20,Document Mismatch
S100605,False,11,None
S100606,False,17,Document Mismatch
S100607,False,43,Fake Address
S100608,False,11,Fake Address
S100609,True,100,Document Mismatch
S100610,False,11,Document Mismatch
S100611,False,16,Document Mismatch
S100612,False,84,None
S100613,False,22,None
S100614,False,74,Multiple Accounts
S100615,True,90,Fake Address
S100616,False,59,Fake Address
S100617,True,94,Multiple Accounts
S100618,False,17,Multiple Accounts
S100619,False,21,Fake Address
S100620,False,39,None
S100621,False,28,None
S100622,False,75,None
S100623,False,69,Multiple Accounts
S100624,False,34,Document Mismatch
S100625,False,64,None
S100626,True,92,None
S100627,False,51,Document Mismatch
S100628,False,6,Fake Address
S100629,False,41,Fake Address
S100630,True,90,None
S100631,False,14,Fake Address
S100632,False,82,Fake Address
S100633,False,1,None
S100634,False,63,Multiple Accounts
S100635,False,7,None
S100636,True,96,None
S100637,False,32,Document Mismatch
S100638,False,15,Document Mismatch
S100639,False,85,None
S100640,True,95,Multiple Accounts
S100641,True,98,Document Mismatch
S100642,False,49,Multiple Accounts
S100643,False,29,None
S100644,False,27,Fake Address
S100645,False,77,Fake Address
S100646,False,74,None
S100647,True,97,Multiple Accounts
S100648,False,21,Fake Address
S100649,False,58,Fake Address
S100650,False,65,Document Mismatch
S100651,True,94,Fake Address
S100652,True,87,None
S100653,False,27,None
S100654,False,13,None
S100655,False,24,Multiple Accounts
S100656,False,72,None
S100657,False,32,Multiple Accounts
S100658,False,21,Fake Address
S100659,False,72,Multiple Accounts
S100660,False,49,Multiple Accounts
S100661,False,70,None
S100662,False,9,None
S100663,False,75,None
S100664,True,95,Fake Address
S100665,False,58,Document Mismatch
S100666,False,59,Fake Address
S100667,False,19,Multiple Accounts
S100668,False,60,None
S100669,False,25,None
S100670,False,52,Fake Address
S100671,False,79,Document Mismatch
S100672,True,89,Fake Address
S100673,False,41,Document Mismatch
S100674,True,98,Fake Address
S100675,False,16,Document Mismatch
S100676,False,31,Multiple Accounts
S100677,False,75,Fake Address
S100678,False,33,Document Mismatch
S100679,False,55,None
S100680,True,93,Fake Address
S100681,False,63,Document Mismatch
S100682,False,55,Multiple Accounts
S100683,False,56,Fake Address
S100684,False,75,None
S100685,False,79,Multiple Accounts
S100686,False,37,Fake Address
S100687,False,37,Multiple Accounts
S100688,False,26,None
S100689,False,82,Fake Address
S100690,False,45,Document Mismatch
S100691,True,98,Multiple Accounts
S100692,True,100,Fake Address
S100693,False,76,Fake Address
S100694,False,11,Multiple Accounts
S100695,False,19,Document Mismatch
S100696,False,54,Fake Address
S100697,False,65,Multiple Accounts
S100698,False,12,Document Mismatch
S100699,False,19,None
S100700,False,23,Fake Address
S100701,True,87,Document Mismatch
S100702,False,31,Document Mismatch
S100703,False,28,Fake Address
S100704,False,23,Document Mismatch
S100705,False,42,None
S100706,False,33,Multiple Accounts
S100707,False,64,Document Mismatch
S100708,False,21,Fake Address
S100709,False,30,None
S100710,False,67,None
S100711,False,13,Fake Address
S100712,False,77,Document Mismatch
S100713,False,28,Fake Address
S100714,False,75,Fake Address
S100715,False,65,Document Mismatch
S100716,False,55,Multiple Accounts
S100717,True,90,Multiple Accounts
S100718,False,35,Document Mismatch
S100719,False,48,None
S100720,False,40,Fake Address
S100721,False,40,Multiple Accounts
S100722,False,64,None
S100723,False,63,Fake Address
S100724,False,3,Document Mismatch
S100725,False,24,Fake Address
S100726,False,30,Document Mismatch
S100727,False,1,Multiple Accounts
S100728,False,24,None
S100729,False,29,None
S100730,False,82,Fake Address
S100731,True,94,None
S100732,False,47,Document Mismatch
S100733,False,75,None
S100734,False,64,Fake Address
S100735,False,58,Multiple Accounts
S100736,False,44,Multiple Accounts
S100737,False,15,Multiple Accounts
S100738,False,10,Fake Address
S100739,False,41,None
S100740,False,17,Multiple Accounts
S100741,False,32,Document Mismatch
S100742,False,73,Fake Address
S100743,False,25,None
S100744,False,64,Fake Address
S100745,False,2,Fake Address
S100746,False,20,Fake Address
S100747,False,21,Fake Address
S100748,False,19,Fake Address
S100749,False,21,Multiple Accounts
S100750,False,78,None
S100751,False,8,Fake Address
S100752,False,29,Multiple Accounts
S100753,False,35,Multiple Accounts
S100754,False,81,Multiple Accounts
S100755,False,45,Document Mismatch
S100756,False,42,Fake Address
S100757,True,87,Fake Address
S100758,False,64,Document Mismatch
S100759,False,20,Fake Address
S100760,False,9,None
S100761,False,13,Document Mismatch
S100762,True,100,None
S100763,False,45,None
S100764,False,18,None
S100765,False,36,Fake Address
S100766,False,58,None
S100767,False,61,Fake Address
S100768,False,38,Document Mismatch
S100769,False,70,Fake Address
S100770,True,91,None
S100771,True,94,Multiple Accounts
S100772,False,17,None
S100773,True,88,Document Mismatch
S100774,False,66,None
S100775,False,60,None
S100776,False,4,Multiple Accounts
S100777,False,40,Multiple Accounts
S100778,False,56,None
S100779,False,69,None
S100780,False,18,None
S100781,False,45,Multiple Accounts
S100782,False,53,Document Mismatch
S100783,False,10,Fake Address
S100784,False,5,Document Mismatch
S100785,False,5,Fake Address
S100786,False,47,Multiple Accounts
S100787,False,12,Fake Address
S100788,False,26,None
S100789,False,12,Document Mismatch
S100790,False,75,Fake Address
S100791,False,68,Document Mismatch
S100792,False,38,Document Mismatch
S100793,False,47,Fake Address
S100794,True,90,Fake Address
S100795,False,77,None
S100796,False,37,Fake Address
S100797,False,8,Document Mismatch
S100798,False,34,Fake Address
S100799,True,89,None
S100800,False,2,None
S100801,False,21,Document Mismatch
S100802,False,10,Document Mismatch
S100803,False,33,None
S100804,False,69,None
S100805,False,82,Document Mismatch
S100806,True,96,None
S100807,False,64,None
S100808,False,52,Multiple Accounts
S100809,True,87,Document Mismatch
S100810,False,52,Multiple Accounts
S100811,False,24,Fake Address
S100812,False,66,Document Mismatch
S100813,False,46,Multiple Accounts
S100814,False,10,Fake Address
S100815,False,59,Multiple Accounts
S100816,False,27,Document Mismatch
S100817,False,30,Document Mismatch
S100818,False,23,Multiple Accounts
S100819,False,78,Document Mismatch
S100820,False,62,Multiple Accounts
S100821,False,44,None
S100822,False,14,None
S100823,False,25,Fake Address
S100824,False,49,None
S100825,False,68,None
S100826,False,51,Fake Address
S100827,False,19,None
S100828,False,3,Fake Address
S100829,False,3,Fake Address
S100830,False,17,Document Mismatch
S100831,False,78,Document Mismatch
S100832,False,21,None
S100833,False,42,Document Mismatch
S100834,False,50,Fake Address
S100835,False,40,None
S100836,False,35,Fake Address
S100837,False,83,Fake Address
S100838,False,56,Document Mismatch
S100839,False,36,Multiple Accounts
S100840,False,50,None
S100841,False,33,Document Mismatch
S100842,False,18,Multiple Accounts
S100843,False,32,Multiple Accounts
S100844,False,18,Multiple Accounts
S100845,True,95,Multiple Accounts
S100846,False,7,Fake Address
S100847,False,31,Multiple Accounts
S100848,False,83,Multiple Accounts
S100849,False,36,None
S100850,True,90,Document Mismatch
S100851,False,85,None
S100852,False,85,None
S100853,False,49,Document Mismatch
S100854,True,97,Multiple Accounts
S100855,False,57,None
S100856,False,37,Document Mismatch
S100857,False,67,None
S100858,False,78,None
S100859,False,22,Fake Address
S100860,False,20,Fake Address
S100861,True,99,Document Mismatch
S100862,True,86,Document Mismatch
S100863,False,1,Multiple Accounts
S100864,False,61,Fake Address
S100865,False,74,Fake Address
S100866,True,98,None
S100867,False,48,Multiple Accounts
S100868,False,5,Fake Address
S100869,False,55,Document Mismatch
S100870,False,44,Document Mismatch
S100871,False,14,Multiple Accounts
S100872,False,10,None
S100873,False,5,Multiple Accounts
S100874,False,40,Document Mismatch
S100875,False,25,Fake Address
S100876,False,31,Multiple Accounts
S100877,True,92,Document Mismatch
S100878,False,59,Multiple Accounts
S100879,True,98,Document Mismatch
S100880,False,34,Fake Address
S100881,True,93,None
S100882,True,98,Document Mismatch
S100883,False,52,None
S100884,True,87,None
S100885,False,56,Document Mismatch
S100886,False,43,Document Mismatch
S100887,False,70,Multiple Accounts
S100888,True,86,None
S100889,False,19,Multiple Accounts
S100890,False,5,Document Mismatch
S100891,True,98,None
S100892,False,66,None
S100893,False,40,Document Mismatch
S100894,False,40,Document Mismatch
S100895,False,79,None
S100896,False,2,Fake Address
S100897,False,25,Fake Address
S100898,False,74,Fake Address
S100899,False,2,None
S100900,True,95,Document Mismatch
S100901,False,78,Document Mismatch
S100902,False,66,Fake Address
S100903,False,80,Multiple Accounts
S100904,False,54,Document Mismatch
S100905,True,100,Fake Address
S100906,True,87,Multiple Accounts
S100907,False,80,Fake Address
S100908,False,70,Fake Address
S100909,False,64,None
S100910,False,53,None
S100911,False,52,Fake Address
S100912,False,42,Fake Address
S100913,False,38,Multiple Accounts
S100914,True,86,Document Mismatch
S100915,False,6,Multiple Accounts
S100916,False,69,Fake Address
S100917,False,51,Multiple Accounts
S100918,False,39,Fake Address
S100919,False,36,Fake Address
S100920,False,64,None
S100921,False,69,Document Mismatch
S100922,False,30,None
S100923,True,98,Fake Address
S100924,False,12,Multiple Accounts
S100925,False,25,Fake Address
S100926,False,63,None
S100927,False,63,Document Mismatch
S100928,False,54,Document Mismatch
S100929,False,61,Document Mismatch
S100930,False,77,Document Mismatch
S100931,False,43,Fake Address
S100932,True,88,Fake Address
S100933,False,35,Fake Address
S100934,True,88,None
S100935,False,7,Document Mismatch
S100936,True,95,Document Mismatch
S100937,False,7,Fake Address
S100938,False,40,Document Mismatch
S100939,False,8,Fake Address
S100940,False,30,Document Mismatch
S100941,False,8,Fake Address
S100942,False,25,None
S100943,False,75,Document Mismatch
S100944,False,24,Multiple Accounts
S100945,True,99,Multiple Accounts
S100946,False,24,Fake Address
S100947,False,72,Document Mismatch
S100948,False,21,Multiple Accounts
S100949,True,100,Fake Address
S100950,False,22,None
S100951,False,8,Multiple Accounts
S100952,False,3,Multiple Accounts
S100953,False,48,Fake Address
S100954,False,71,None
S100955,False,54,Multiple Accounts
S100956,False,39,Multiple Accounts
S100957,True,98,Multiple Accounts
S100958,False,40,None
S100959,False,37,Multiple Accounts
S100960,False,39,Document Mismatch
S100961,True,93,None
S100962,False,16,Multiple Accounts
S100963,False,28,Fake Address
S100964,False,15,Document Mismatch
S100965,False,70,Fake Address
S100966,False,2,Fake Address
S100967,False,13,Multiple Accounts
S100968,False,31,Multiple Accounts
S100969,False,29,Document Mismatch
S100970,False,50,Fake Address
S100971,False,14,Document Mismatch
S100972,False,13,Fake Address
S100973,False,23,Fake Address
S100974,True,87,None
S100975,True,87,Document Mismatch
S100976,False,72,Multiple Accounts
S100977,True,87,Multiple Accounts
S100978,False,55,Fake Address
S100979,False,23,None
S100980,False,1,None
S100981,False,18,Fake Address
S100982,False,9,None
S100983,False,83,None
S100984,False,53,None
S100985,False,8,Document Mismatch
S100986,True,97,None
S100987,False,73,None
S100988,False,5,Fake Address
S100989,False,21,None
S100990,False,36,Fake Address
S100991,False,52,Multiple Accounts
S100992,False,81,None
S100993,False,40,None
S100994,False,52,Document Mismatch
S100995,False,57,None
S100996,False,37,Document Mismatch
S100997,False,45,Fake Address
S100998,False,4,None
S100999,False,11,Document Mismatch
S101000,False,71,Fake Address
S101001,False,26,Multiple Accounts
S101002,True,94,Multiple Accounts
S101003,False,19,None
S101004,False,31,Multiple Accounts
S101005,False,16,None
S101006,False,69,None
S101007,False,79,Multiple Accounts
S101008,False,8,Multiple Accounts
S101009,False,4,None
S101010,False,8,Document Mismatch
S101011,False,66,Document Mismatch
S101012,False,43,Multiple Accounts
S101013,True,97,Fake Address
S101014,False,5,Document Mismatch
S101015,True,93,None
S101016,True,96,Fake Address
S101017,True,90,Multiple Accounts
S101018,False,64,Fake Address
S101019,True,89,Fake Address
S101020,False,79,Fake Address
S101021,False,29,None
S101022,False,63,Multiple Accounts
S101023,False,39,Document Mismatch
S101024,True,94,Multiple Accounts
S101025,False,42,Document Mismatch
S101026,False,12,Multiple Accounts
S101027,False,2,Multiple Accounts
S101028,False,24,Multiple Accounts
S101029,False,64,Multiple Accounts
S101030,False,32,Fake Address
S101031,False,48,Multiple Accounts
S101032,True,91,Multiple Accounts
S101033,False,63,None
S101034,False,28,Multiple Accounts
S101035,True,97,Document Mismatch
S101036,False,68,Document Mismatch
S101037,False,38,None
S101038,False,15,None
S101039,False,31,Fake Address
S101040,False,77,Multiple Accounts
S101041,True,90,Fake Address
S101042,False,84,Multiple Accounts
S101043,False,75,Fake Address
S101044,False,38,Multiple Accounts
S101045,False,58,Multiple Accounts
S101046,False,20,None
S101047,False,28,None
S101048,False,76,Document Mismatch
S101049,True,94,None
S101050,False,62,Fake Address
S101051,False,70,Document Mismatch
S101052,True,100,None
S101053,False,65,Multiple Accounts
S101054,False,15,Document Mismatch
S101055,False,81,Document Mismatch
S101056,False,9,Fake Address
S101057,True,99,Multiple Accounts
S101058,True,95,Document Mismatch
S101059,False,46,Multiple Accounts
S101060,False,37,Fake Address
S101061,False,23,Fake Address
S101062,False,28,Fake Address
S101063,False,71,Document Mismatch
S101064,False,7,None
S101065,False,46,Multiple Accounts
S101066,False,68,None
S101067,False,36,Multiple Accounts
S101068,False,79,Multiple Accounts
S101069,False,20,Multiple Accounts
S101070,False,3,Document Mismatch
S101071,True,97,Document Mismatch
S101072,False,45,Document Mismatch
S101073,False,55,Fake Address
S101074,False,50,Document Mismatch
S101075,True,86,Fake Address
S101076,False,13,Document Mismatch
S101077,False,12,Document Mismatch
S101078,False,37,None
S101079,True,99,None
S101080,False,53,Fake Address
S101081,True,100,None
S101082,False,33,Multiple Accounts
S101083,True,93,None
S101084,False,66,Multiple Accounts
S101085,False,41,Multiple Accounts
S101086,False,69,Fake Address
S101087,False,59,Fake Address
S101088,False,58,None
S101089,False,54,Document Mismatch
S101090,True,97,Multiple Accounts
S101091,False,69,None
S101092,False,41,None
S101093,False,39,None
S101094,False,55,Multiple Accounts
S101095,True,87,Document Mismatch
S101096,False,8,None
S101097,False,63,Document Mismatch
S101098,False,19,Multiple Accounts
S101099,False,74,None
S101100,False,28,None
S101101,False,2,None
S101102,False,85,Fake Address
S101103,False,30,None
S101104,False,51,Multiple Accounts
S101105,False,2,Document Mismatch
S101106,False,48,Multiple Accounts
S101107,False,84,Multiple Accounts
S101108,False,57,Fake Address
S101109,False,45,Multiple Accounts
S101110,True,100,Multiple Accounts
S101111,True,97,Document Mismatch
S101112,True,92,Document Mismatch
S101113,False,80,None
S101114,False,35,Multiple Accounts
S101115,True,92,Fake Address
S101116,False,76,None
S101117,False,59,Document Mismatch
S101118,False,51,Document Mismatch
S101119,False,11,Document Mismatch
S101120,False,67,Multiple Accounts
S101121,False,45,Multiple Accounts
S101122,False,16,None
S101123,False,44,Fake Address
S101124,False,46,None
S101125,True,86,Document Mismatch
S101126,False,25,Multiple Accounts
S101127,False,19,Multiple Accounts
S101128,False,69,Multiple Accounts
S101129,False,37,Fake Address
S101130,False,68,None
S101131,False,72,Fake Address
S101132,False,19,Document Mismatch
S101133,False,75,Document Mismatch
S101134,True,96,Document Mismatch
S101135,False,22,Document Mismatch
S101136,False,2,None
S101137,False,34,Multiple Accounts
S101138,False,32,Multiple Accounts
S101139,False,53,None
S101140,False,81,Multiple Accounts
S101141,False,11,Document Mismatch
S101142,False,23,Multiple Accounts
S101143,False,85,Fake Address
S101144,False,69,Multiple Accounts
S101145,True,98,Fake Address
S101146,False,49,Document Mismatch
S101147,False,35,None
S101148,True,99,Document Mismatch
S101149,False,78,Document Mismatch
S101150,False,1,Document Mismatch
S101151,True,89,Fake Address
S101152,False,31,Document Mismatch
S101153,False,9,None
S101154,True,89,None
S101155,False,12,None
S101156,False,49,Document Mismatch
S101157,False,20,Fake Address
S101158,True,87,Fake Address
S101159,False,53,Document Mismatch
S101160,False,69,None
S101161,False,67,Multiple Accounts
S101162,True,92,Document Mismatch
S101163,False,84,Document Mismatch
S101164,False,60,Multiple Accounts
S101165,True,87,Fake Address
S101166,False,68,Multiple Accounts
S101167,True,90,Multiple Accounts
S101168,True,100,Document Mismatch
S101169,False,48,Multiple Accounts
S101170,False,74,Fake Address
S101171,False,78,Multiple Accounts
S101172,True,88,Fake Address
S101173,False,16,None
S101174,False,66,None
S101175,False,69,Document Mismatch
S101176,True,89,Multiple Accounts
S101177,True,89,Document Mismatch
S101178,False,55,None
S101179,False,7,Fake Address
S101180,False,50,Document Mismatch
S101181,False,63,Fake Address
S101182,False,82,Document Mismatch
S101183,False,66,Document Mismatch
S101184,True,93,Multiple Accounts
S101185,False,78,None
S101186,True,86,Fake Address
S101187,False,1,Document Mismatch
S101188,False,24,Multiple Accounts
S101189,False,49,Document Mismatch
S101190,True,98,None
S101191,True,100,Document Mismatch
S101192,False,84,Multiple Accounts
S101193,True,96,Multiple Accounts
S101194,False,59,Multiple Accounts
S101195,False,59,Multiple Accounts
S101196,False,82,None
S101197,True,90,None
S101198,False,55,None
S101199,False,8,Multiple Accounts
S101200,True,93,Fake Address
S101201,False,59,Multiple Accounts
S101202,False,29,None
S101203,False,5,None
S101204,False,79,Document Mismatch
S101205,False,3,Fake Address
S101206,False,14,Document Mismatch
S101207,False,39,Document Mismatch
S101208,False,4,None
S101209,False,67,Document Mismatch
S101210,False,64,Multiple Accounts
S101211,True,96,Document Mismatch
S101212,False,30,Document Mismatch
S101213,False,34,None
S101214,False,26,Document Mismatch
S101215,False,8,None
S101216,False,83,Multiple Accounts
S101217,False,31,Document Mismatch
S101218,False,26,Fake Address
S101219,False,22,None
S101220,False,8,Multiple Accounts
S101221,True,95,None
S101222,False,61,Fake Address
S101223,False,68,Fake Address
S101224,False,35,Multiple Accounts
S101225,False,79,Document Mismatch
S101226,False,30,Document Mismatch
S101227,False,70,Multiple Accounts
S101228,False,65,Multiple Accounts
S101229,False,47,Multiple Accounts
S101230,False,5,Document Mismatch
S101231,False,70,None
S101232,False,72,None
S101233,False,71,Multiple Accounts
S101234,False,34,Multiple Accounts
S101235,False,1,Multiple Accounts
S101236,False,42,Multiple Accounts
S101237,False,52,Document Mismatch
S101238,False,14,Fake Address
S101239,False,22,None
S101240,False,49,Fake Address
S101241,False,45,None
S101242,True,91,None
S101243,False,34,Fake Address
S101244,True,87,Fake Address
S101245,False,3,Multiple Accounts
S101246,False,75,None
S101247,False,73,None
S101248,False,23,Fake Address
S101249,False,61,Multiple Accounts
S101250,False,1,None
S101251,False,40,None
S101252,False,67,Fake Address
S101253,False,43,None
S101254,False,11,None
S101255,False,31,None
S101256,False,2,Document Mismatch
S101257,False,79,Document Mismatch
S101258,False,59,None
S101259,False,51,Fake Address
S101260,False,53,Fake Address
S101261,False,17,Document Mismatch
S101262,False,78,None
S101263,False,54,Fake Address
S101264,False,34,Fake Address
S101265,False,24,Document Mismatch
S101266,False,33,None
S101267,False,14,Multiple Accounts
S101268,False,64,Fake Address
S101269,False,19,Fake Address
S101270,False,73,Multiple Accounts
S101271,False,79,Document Mismatch
S101272,False,22,None
S101273,False,60,None
S101274,False,79,None
S101275,True,95,Multiple Accounts
S101276,True,88,None
S101277,False,71,Document Mismatch
S101278,True,92,Fake Address
S101279,True,98,Fake Address
S101280,True,98,Fake Address
S101281,False,71,Fake Address
S101282,False,26,Document Mismatch
S101283,False,45,Document Mismatch
S101284,True,88,Document Mismatch
S101285,False,47,Multiple Accounts
S101286,False,31,Document Mismatch
S101287,False,69,Fake Address
S101288,False,67,None
S101289,False,8,Multiple Accounts
S101290,False,38,None
S101291,False,31,None
S101292,False,41,Multiple Accounts
S101293,False,72,None
S101294,False,10,None
S101295,True,87,Multiple Accounts
S101296,False,30,None
S101297,False,35,Document Mismatch
S101298,False,12,Fake Address
S101299,False,19,Multiple Accounts
S101300,False,73,Multiple Accounts
S101301,False,84,Fake Address
S101302,False,17,None
S101303,False,8,Fake Address
S101304,False,19,Fake Address
S101305,False,57,Fake Address
S101306,True,91,Document Mismatch
S101307,False,58,Multiple Accounts
S101308,False,52,Fake Address
S101309,False,46,Document Mismatch
S101310,False,37,Fake Address
S101311,True,100,Document Mismatch
S101312,True,94,Fake Address
S101313,False,1,Multiple Accounts
S101314,False,7,Multiple Accounts
S101315,False,76,Fake Address
S101316,False,81,None
S101317,False,64,Document Mismatch
S101318,False,11,Multiple Accounts
S101319,True,87,Document Mismatch
S101320,False,50,Fake Address
S101321,True,97,Fake Address
S101322,False,84,Document Mismatch
S101323,False,51,None
S101324,True,87,Multiple Accounts
S101325,False,6,Multiple Accounts
S101326,False,34,Document Mismatch
S101327,True,99,None
S101328,True,99,None
S101329,False,36,Fake Address
S101330,False,39,Multiple Accounts
S101331,False,54,Multiple Accounts
S101332,False,59,Document Mismatch
S101333,False,53,Multiple Accounts
S101334,False,80,Fake Address
S101335,False,52,None
S101336,False,66,Multiple Accounts
S101337,False,32,None
S101338,False,79,Document Mismatch
S101339,False,74,Multiple Accounts
S101340,False,35,None
S101341,False,69,Document Mismatch
S101342,False,65,Multiple Accounts
S101343,False,13,Fake Address
S101344,False,47,Fake Address
S101345,False,33,Document Mismatch
S101346,False,20,Multiple Accounts
S101347,False,74,Multiple Accounts
S101348,False,69,Multiple Accounts
S101349,False,76,Fake Address
S101350,False,74,Multiple Accounts
S101351,True,93,Fake Address
S101352,False,28,Multiple Accounts
S101353,False,72,Multiple Accounts
S101354,False,21,Multiple Accounts
S101355,False,82,Multiple Accounts
S101356,True,86,None
S101357,False,18,Document Mismatch
S101358,False,81,Multiple Accounts
S101359,False,68,Document Mismatch
S101360,False,69,Multiple Accounts
S101361,False,23,Multiple Accounts
S101362,False,1,Document Mismatch
S101363,False,1,Document Mismatch
S101364,False,80,None
S101365,False,41,Document Mismatch
S101366,True,94,Document Mismatch
S101367,True,93,None
S101368,False,41,Document Mismatch
S101369,True,92,Document Mismatch
S101370,True,99,Multiple Accounts
S101371,False,20,Fake Address
S101372,False,12,Multiple Accounts
S101373,False,81,Fake Address
S101374,False,72,Document Mismatch
S101375,False,32,Multiple Accounts
S101376,False,32,None
S101377,False,37,Document Mismatch
S101378,False,34,Multiple Accounts
S101379,False,67,Document Mismatch
S101380,False,83,Document Mismatch
S101381,False,15,Fake Address
S101382,False,78,Fake Address
S101383,False,43,None
S101384,False,13,Fake Address
S101385,False,12,None
S101386,False,14,Document Mismatch
S101387,False,61,Multiple Accounts
S101388,False,72,None
S101389,False,78,Document Mismatch
S101390,False,5,Document Mismatch
S101391,True,90,None
S101392,False,45,Multiple Accounts
S101393,False,83,Fake Address
S101394,False,28,Document Mismatch
S101395,True,92,None
S101396,False,8,None
S101397,False,27,Document Mismatch
S101398,True,90,None
S101399,False,18,None
S101400,False,53,None
S101401,False,43,Multiple Accounts
S101402,True,89,Fake Address
S101403,False,33,None
S101404,False,18,None
S101405,False,56,Document Mismatch
S101406,True,93,Fake Address
S101407,False,45,None
S101408,False,61,Multiple Accounts
S101409,False,19,Document Mismatch
S101410,False,82,Multiple Accounts
S101411,False,14,None
S101412,True,98,Multiple Accounts
S101413,False,50,None
S101414,True,97,Fake Address
S101415,False,12,Multiple Accounts
S101416,False,64,Fake Address
S101417,False,67,Fake Address
S101418,False,27,Document Mismatch
S101419,False,60,Document Mismatch
S101420,False,70,Document Mismatch
S101421,False,24,Document Mismatch
S101422,True,97,Multiple Accounts
S101423,False,18,Multiple Accounts
S101424,False,2,Document Mismatch
S101425,False,58,None
S101426,False,34,Multiple Accounts
S101427,False,81,Document Mismatch
S101428,False,69,Fake Address
S101429,False,69,Document Mismatch
S101430,False,65,Multiple Accounts
S101431,False,62,Document Mismatch
S101432,True,99,None
S101433,False,34,Fake Address
S101434,False,12,Multiple Accounts
S101435,False,38,Document Mismatch
S101436,False,75,None
S101437,False,58,None
S101438,False,49,Fake Address
S101439,False,13,Fake Address
S101440,False,33,Fake Address
S101441,True,87,Fake Address
S101442,False,18,Document Mismatch
S101443,False,8,None
S101444,False,19,Multiple Accounts
S101445,False,38,None
S101446,False,58,Document Mismatch
S101447,False,49,None
S101448,False,12,None
S101449,False,67,None
S101450,False,37,Multiple Accounts
S101451,False,65,Fake Address
S101452,False,70,Multiple Accounts
S101453,False,45,None
S101454,False,57,Multiple Accounts
S101455,False,46,None
S101456,False,41,None
S101457,False,72,Fake Address
S101458,False,35,Multiple Accounts
S101459,False,14,None
S101460,False,39,Multiple Accounts
S101461,True,91,None
S101462,False,3,Multiple Accounts
S101463,False,81,Document Mismatch
S101464,False,53,Document Mismatch
S101465,False,43,Document Mismatch
S101466,False,83,Document Mismatch
S101467,False,32,Fake Address
S101468,False,21,Fake Address
S101469,True,98,Fake Address
S101470,True,96,Multiple Accounts
S101471,False,27,None
S101472,False,18,None
S101473,False,52,None
S101474,False,38,Fake Address
S101475,False,62,Document Mismatch
S101476,False,43,Fake Address
S101477,True,97,Fake Address
S101478,True,86,Document Mismatch
S101479,False,1,Multiple Accounts
S101480,False,74,Multiple Accounts
S101481,False,29,None
S101482,False,28,Document Mismatch
S101483,False,13,None
S101484,False,59,Fake Address
S101485,False,60,None
S101486,False,82,Multiple Accounts
S101487,False,58,None
S101488,False,71,Document Mismatch
S101489,False,50,None
S101490,False,52,Fake Address
S101491,False,52,Fake Address
S101492,False,15,Document Mismatch
S101493,False,21,Document Mismatch
S101494,False,9,Fake Address
S101495,False,60,Fake Address
S101496,False,69,Document Mismatch
S101497,False,72,None
S101498,False,19,Document Mismatch
S101499,False,46,Document Mismatch
S101500,False,72,Multiple Accounts
S101501,False,16,None
S101502,False,19,Document Mismatch
S101503,False,26,Fake Address
S101504,False,72,Fake Address
S101505,False,11,None
S101506,False,10,Multiple Accounts
S101507,False,65,None
S101508,True,89,Fake Address
S101509,False,31,None
S101510,True,95,Fake Address
S101511,True,99,Fake Address
S101512,False,21,Multiple Accounts
S101513,False,71,None
S101514,True,90,Fake Address
S101515,False,12,None
S101516,False,59,Fake Address
S101517,False,58,Multiple Accounts
S101518,True,89,Multiple Accounts
S101519,False,11,Multiple Accounts
S101520,False,41,None
S101521,False,21,Fake Address
S101522,False,78,Multiple Accounts
S101523,False,6,None
S101524,False,82,Fake Address
S101525,False,57,Multiple Accounts
S101526,True,91,Fake Address
S101527,False,1,Fake Address
S101528,False,40,Fake Address
S101529,False,11,Multiple Accounts
S101530,True,87,None
S101531,False,74,Multiple Accounts
S101532,False,25,Fake Address
S101533,False,81,Fake Address
S101534,False,85,Document Mismatch
S101535,False,10,None
S101536,False,64,Multiple Accounts
S101537,True,99,None
S101538,False,45,Fake Address
S101539,False,72,None
S101540,True,89,None
S101541,False,1,Fake Address
S101542,False,68,None
S101543,False,20,None
S101544,False,39,Document Mismatch
S101545,False,9,Multiple Accounts
S101546,False,39,Document Mismatch
S101547,False,21,Fake Address
S101548,True,92,Fake Address
S101549,False,9,Document Mismatch
S101550,False,81,Document Mismatch
S101551,False,3,Fake Address
S101552,False,60,Document Mismatch
S101553,False,33,None
S101554,False,2,Document Mismatch
S101555,False,52,None
S101556,False,54,Fake Address
S101557,True,97,Fake Address
S101558,False,84,Fake Address
S101559,True,95,Document Mismatch
S101560,False,40,Document Mismatch
S101561,False,65,Multiple Accounts
S101562,True,99,Multiple Accounts
S101563,False,23,None
S101564,False,15,Fake Address
S101565,False,51,None
S101566,False,85,Fake Address
S101567,False,62,Fake Address
S101568,False,69,Multiple Accounts
S101569,True,94,Multiple Accounts
S101570,False,4,Document Mismatch
S101571,False,63,Multiple Accounts
S101572,True,93,Document Mismatch
S101573,False,40,Fake Address
S101574,False,23,None
S101575,False,32,Multiple Accounts
S101576,False,11,None
S101577,False,8,None
S101578,False,85,Fake Address
S101579,False,56,None
S101580,False,13,Multiple Accounts
S101581,False,11,None
S101582,False,68,None
S101583,False,5,Document Mismatch
S101584,True,97,None
S101585,False,1,None
S101586,False,18,Multiple Accounts
S101587,False,80,Multiple Accounts
S101588,False,64,None
S101589,False,59,None
S101590,False,65,Multiple Accounts
S101591,False,3,Fake Address
S101592,False,29,Multiple Accounts
S101593,True,89,Document Mismatch
S101594,False,36,Fake Address
S101595,False,79,Fake Address
S101596,False,35,Multiple Accounts
S101597,True,98,None
S101598,True,90,Document Mismatch
S101599,False,21,Multiple Accounts
S101600,False,53,Fake Address
S101601,False,74,None
S101602,False,7,Fake Address
S101603,False,38,Document Mismatch
S101604,True,90,None
S101605,False,63,Multiple Accounts
S101606,False,85,Fake Address
S101607,False,43,Fake Address
S101608,False,1,None
S101609,False,38,Document Mismatch
S101610,False,26,Document Mismatch
S101611,False,49,Fake Address
S101612,False,32,Fake Address
S101613,False,66,None
S101614,False,48,Fake Address
S101615,True,90,Document Mismatch
S101616,False,34,Multiple Accounts
S101617,False,48,Document Mismatch
S101618,False,39,Multiple Accounts
S101619,False,55,Multiple Accounts
S101620,False,39,Multiple Accounts
S101621,False,65,Fake Address
S101622,False,69,Document Mismatch
S101623,False,65,Document Mismatch
S101624,False,4,None
S101625,False,13,None
S101626,True,98,None
S101627,False,6,Fake Address
S101628,True,90,Document Mismatch
S101629,True,91,Document Mismatch
S101630,False,48,Multiple Accounts
S101631,False,66,Document Mismatch
S101632,False,24,Multiple Accounts
S101633,False,18,Fake Address
S101634,False,48,Document Mismatch
S101635,False,79,None
S101636,False,43,Fake Address
S101637,False,34,Fake Address
S101638,False,19,Multiple Accounts
S101639,False,43,None
S101640,False,64,Multiple Accounts
S101641,False,54,Document Mismatch
S101642,False,40,None
S101643,True,100,Fake Address
S101644,False,13,Fake Address
S101645,False,55,None
S101646,True,96,Document Mismatch
S101647,False,71,Fake Address
S101648,True,91,None
S101649,False,70,None
S101650,False,57,Multiple Accounts
S101651,False,33,None
S101652,False,30,Fake Address
S101653,False,53,Document Mismatch
S101654,False,30,Multiple Accounts
S101655,False,1,Fake Address
S101656,False,23,Document Mismatch
S101657,False,43,Multiple Accounts
S101658,True,86,Document Mismatch
S101659,True,99,Multiple Accounts
S101660,False,52,Document Mismatch
S101661,False,59,Fake Address
S101662,False,73,Fake Address
S101663,False,58,Document Mismatch
S101664,False,2,Document Mismatch
S101665,False,59,Multiple Accounts
S101666,False,12,Document Mismatch
S101667,False,34,Document Mismatch
S101668,False,55,Document Mismatch
S101669,False,10,Document Mismatch
S101670,False,54,Document Mismatch
S101671,False,8,Document Mismatch
S101672,False,67,None
S101673,False,2,Fake Address
S101674,False,34,None
S101675,True,95,Document Mismatch
S101676,False,21,Document Mismatch
S101677,False,59,None
S101678,False,64,Document Mismatch
S101679,True,96,None
S101680,False,28,Fake Address
S101681,False,70,Document Mismatch
S101682,False,62,None
S101683,False,49,Fake Address
S101684,True,94,Multiple Accounts
S101685,False,35,None
S101686,False,81,Fake Address
S101687,True,91,Fake Address
S101688,False,59,Multiple Accounts
S101689,False,38,None
S101690,False,28,Fake Address
S101691,True,87,Document Mismatch
S101692,False,2,None
S101693,False,46,None
S101694,True,91,Multiple Accounts
S101695,False,54,Document Mismatch
S101696,False,11,None
S101697,False,71,None
S101698,False,68,Document Mismatch
S101699,True,89,Fake Address
S101700,False,56,Document Mismatch
S101701,False,74,Document Mismatch
S101702,False,38,Document Mismatch
S101703,False,75,Multiple Accounts
S101704,True,91,Document Mismatch
S101705,False,67,None
S101706,True,86,Fake Address
S101707,False,13,Multiple Accounts
S101708,True,93,None
S101709,False,47,None
S101710,False,3,Multiple Accounts
S101711,False,44,Multiple Accounts
S101712,False,2,Fake Address
S101713,False,75,Multiple Accounts
S101714,False,29,Multiple Accounts
S101715,False,24,None
S101716,False,60,None
S101717,True,100,Multiple Accounts
S101718,True,97,Document Mismatch
S101719,False,75,None
S101720,False,45,Fake Address
S101721,False,32,None
S101722,False,17,Multiple Accounts
S101723,False,29,None
S101724,True,92,Document Mismatch
S101725,False,46,None
S101726,False,43,Fake Address
S101727,True,91,Document Mismatch
S101728,False,18,Fake Address
S101729,False,73,Multiple Accounts
S101730,False,41,Multiple Accounts
S101731,False,75,None
S101732,False,85,Multiple Accounts
S101733,False,7,Document Mismatch
S101734,False,51,Fake Address
S101735,False,13,Document Mismatch
S101736,False,13,Document Mismatch
S101737,False,27,Multiple Accounts
S101738,False,70,Multiple Accounts
S101739,True,94,Multiple Accounts
S101740,False,78,None
S101741,False,73,Multiple Accounts
S101742,False,26,None
S101743,False,49,Fake Address
S101744,False,81,Document Mismatch
S101745,True,97,Document Mismatch
S101746,False,71,Document Mismatch
S101747,True,97,None
S101748,True,99,None
S101749,False,73,Document Mismatch
S101750,False,85,None
S101751,False,4,Document Mismatch
S101752,True,95,None
S101753,False,14,Multiple Accounts
S101754,False,54,None
S101755,False,17,None
S101756,False,8,Document Mismatch
S101757,False,29,Document Mismatch
S101758,False,71,None
S101759,False,38,None
S101760,False,18,Multiple Accounts
S101761,True,92,None
S101762,True,87,Document Mismatch
S101763,False,57,Multiple Accounts
S101764,False,85,Fake Address
S101765,False,2,Multiple Accounts
S101766,False,50,Multiple Accounts
S101767,False,14,Document Mismatch
S101768,False,71,Multiple Accounts
S101769,True,95,None
S101770,False,51,None
S101771,True,91,Multiple Accounts
S101772,False,15,None
S101773,False,63,Multiple Accounts
S101774,False,4,Multiple Accounts
S101775,True,95,None
S101776,False,7,Fake Address
S101777,False,40,Document Mismatch
S101778,False,67,Document Mismatch
S101779,False,69,Fake Address
S101780,False,75,Fake Address
S101781,False,13,Document Mismatch
S101782,True,91,Document Mismatch
S101783,True,96,None
S101784,False,5,Fake Address
S101785,True,98,None
S101786,False,69,None
S101787,False,25,Fake Address
S101788,False,51,Fake Address
S101789,False,46,Fake Address
S101790,False,37,Document Mismatch
S101791,True,90,Fake Address
S101792,False,12,Fake Address
S101793,False,15,Fake Address
S101794,True,94,None
S101795,False,74,Fake Address
S101796,False,25,Document Mismatch
S101797,False,69,None
S101798,False,37,None
S101799,False,42,Document Mismatch
S101800,False,37,None
S101801,False,7,Document Mismatch
S101802,True,99,Fake Address
S101803,True,100,Fake Address
S101804,True,100,Document Mismatch
S101805,False,29,Document Mismatch
S101806,False,22,Multiple Accounts
S101807,False,64,Document Mismatch
S101808,False,9,Document Mismatch
S101809,True,97,None
S101810,True,92,Multiple Accounts
S101811,False,77,None
S101812,True,93,Document Mismatch
S101813,False,52,Document Mismatch
S101814,False,28,Fake Address
S101815,False,68,Fake Address
S101816,False,6,Multiple Accounts
S101817,False,7,Fake Address
S101818,False,66,Document Mismatch
S101819,False,82,Fake Address
S101820,False,4,Fake Address
S101821,False,48,Document Mismatch
S101822,False,53,Fake Address
S101823,True,92,Fake Address
S101824,False,60,Multiple Accounts
S101825,False,17,Multiple Accounts
S101826,True,100,Multiple Accounts
S101827,False,73,Fake Address
S101828,False,69,Document Mismatch
S101829,False,5,Document Mismatch
S101830,False,6,None
S101831,False,81,Document Mismatch
S101832,True,91,Multiple Accounts
S101833,False,6,Document Mismatch
S101834,False,44,None
S101835,False,29,Document Mismatch
S101836,False,74,Multiple Accounts
S101837,False,22,Fake Address
S101838,False,55,Document Mismatch
S101839,False,74,None
S101840,False,5,Fake Address
S101841,False,67,None
S101842,False,8,Document Mismatch
S101843,False,21,Multiple Accounts
S101844,False,58,Multiple Accounts
S101845,False,78,Fake Address
S101846,False,20,Multiple Accounts
S101847,False,51,Fake Address
S101848,False,35,Fake Address
S101849,False,12,None
S101850,False,34,Multiple Accounts
S101851,False,26,Fake Address
S101852,False,62,Document Mismatch
S101853,False,72,Fake Address
S101854,False,40,Multiple Accounts
S101855,True,99,None
S101856,False,10,Multiple Accounts
S101857,False,58,Document Mismatch
S101858,False,64,Fake Address
S101859,False,76,None
S101860,True,86,Fake Address
S101861,False,43,Multiple Accounts
S101862,False,49,Fake Address
S101863,False,83,None
S101864,False,33,None
S101865,False,43,None
S101866,False,67,Document Mismatch
S101867,False,33,None
S101868,False,45,Fake Address
S101869,False,17,None
S101870,False,12,Multiple Accounts
S101871,False,37,Document Mismatch
S101872,False,34,Fake Address
S101873,True,95,Multiple Accounts
S101874,False,83,Multiple Accounts
S101875,False,20,Multiple Accounts
S101876,False,39,Fake Address
S101877,False,77,None
S101878,False,14,Fake Address
S101879,False,9,None
S101880,False,82,None
S101881,False,6,Document Mismatch
S101882,False,72,None
S101883,False,20,Fake Address
S101884,False,29,Fake Address
S101885,False,13,None
S101886,False,19,Fake Address
S101887,False,56,None
S101888,False,23,Document Mismatch
S101889,False,10,Fake Address
S101890,False,84,None
S101891,False,8,None
S101892,False,47,Fake Address
S101893,False,44,Fake Address
S101894,False,25,Multiple Accounts
S101895,False,53,Fake Address
S101896,False,66,Multiple Accounts
S101897,False,45,None
S101898,False,55,Fake Address
S101899,False,36,None
S101900,False,28,None
S101901,False,57,Document Mismatch
S101902,False,22,Document Mismatch
S101903,False,67,Fake Address
S101904,False,5,Document Mismatch
S101905,False,42,Document Mismatch
S101906,False,56,Document Mismatch
S101907,False,42,Document Mismatch
S101908,False,53,None
S101909,False,24,None
S101910,False,75,None
S101911,False,42,Fake Address
S101912,False,40,None
S101913,False,43,None
S101914,True,97,Document Mismatch
S101915,True,98,Multiple Accounts
S101916,False,72,Fake Address
S101917,False,14,Document Mismatch
S101918,True,93,None
S101919,False,18,None
S101920,True,97,Fake Address
S101921,False,82,None
S101922,False,60,Multiple Accounts
S101923,False,44,None
S101924,False,18,Document Mismatch
S101925,False,85,Document Mismatch
S101926,True,94,Fake Address
S101927,False,60,Fake Address
S101928,False,3,None
S101929,False,11,Document Mismatch
S101930,False,1,Document Mismatch
S101931,False,35,None
S101932,False,48,None
S101933,False,24,None
S101934,False,59,Multiple Accounts
S101935,False,23,Multiple Accounts
S101936,False,52,Multiple Accounts
S101937,False,46,Fake Address
S101938,False,2,Multiple Accounts
S101939,True,96,Fake Address
S101940,False,60,Fake Address
S101941,False,21,Document Mismatch
S101942,False,11,None
S101943,False,67,Fake Address
S101944,True,94,Document Mismatch
S101945,False,72,Document Mismatch
S101946,False,27,Document Mismatch
S101947,False,1,Multiple Accounts
S101948,False,32,Fake Address
S101949,False,75,None
S101950,False,39,Fake Address
S101951,False,75,Document Mismatch
S101952,False,62,Multiple Accounts
S101953,False,31,Multiple Accounts
S101954,True,100,None
S101955,True,97,None
S101956,True,95,Document Mismatch
S101957,False,63,Multiple Accounts
S101958,False,68,Fake Address
S101959,False,46,Document Mismatch
S101960,False,27,Multiple Accounts
S101961,False,6,Document Mismatch
S101962,False,27,None
S101963,False,60,Multiple Accounts
S101964,False,79,Document Mismatch
S101965,False,59,Multiple Accounts
S101966,False,47,Multiple Accounts
S101967,False,80,Fake Address
S101968,False,6,Fake Address
S101969,True,94,None
S101970,False,19,Multiple Accounts
S101971,False,70,Document Mismatch
S101972,False,56,Multiple Accounts
S101973,False,27,Document Mismatch
S101974,True,86,None
S101975,False,18,Fake Address
S101976,False,69,None
S101977,False,84,Fake Address
S101978,False,41,Document Mismatch
S101979,True,98,Fake Address
S101980,False,76,Fake Address
S101981,False,79,Multiple Accounts
S101982,False,31,None
S101983,False,52,Fake Address
S101984,False,29,Multiple Accounts
S101985,False,84,Multiple Accounts
S101986,True,88,Multiple Accounts
S101987,False,42,None
S101988,True,94,None
S101989,False,68,Document Mismatch
S101990,False,57,Document Mismatch
S101991,False,11,Multiple Accounts
S101992,False,18,Multiple Accounts
S101993,False,14,Fake Address
S101994,False,7,Fake Address
S101995,False,32,None
S101996,False,61,Fake Address
S101997,False,81,None
S101998,False,4,Multiple Accounts
S101999,False,14,Multiple Accounts
S102000,True,87,Multiple Accounts
S102001,False,54,Fake Address
S102002,False,1,None
S102003,True,93,Fake Address
S102004,False,51,Multiple Accounts
S102005,True,89,None
S102006,True,99,Fake Address
S102007,True,91,Document Mismatch
S102008,False,77,None
S102009,False,59,Document Mismatch
S102010,False,7,Multiple Accounts
S102011,False,80,Document Mismatch
S102012,False,68,Document Mismatch
S102013,False,42,None
S102014,False,62,None
S102015,False,78,Fake Address
S102016,True,86,Multiple Accounts
S102017,True,96,Fake Address
S102018,False,66,Fake Address
S102019,False,34,None
S102020,False,47,None
S102021,False,39,Document Mismatch
S102022,False,75,Multiple Accounts
S102023,True,86,Fake Address
S102024,True,92,None
S102025,False,41,Document Mismatch
S102026,False,79,Document Mismatch
S102027,False,35,Document Mismatch
S102028,False,30,None
S102029,False,81,None
S102030,False,63,Fake Address
S102031,True,95,Fake Address
S102032,False,34,Fake Address
S102033,False,81,None
S102034,False,53,Document Mismatch
S102035,False,75,None
S102036,False,35,Document Mismatch
S102037,False,44,Document Mismatch
S102038,False,12,Multiple Accounts
S102039,False,82,Multiple Accounts
S102040,False,24,Fake Address
S102041,False,18,Document Mismatch
S102042,False,56,Multiple Accounts
S102043,False,26,Multiple Accounts
S102044,False,78,Fake Address
S102045,False,33,Multiple Accounts
S102046,False,39,None
S102047,False,11,None
S102048,False,27,None
S102049,False,25,None
S102050,False,60,Document Mismatch
S102051,False,81,None
S102052,False,43,None
S102053,False,8,Fake Address
S102054,False,3,Document Mismatch
S102055,False,3,Fake Address
S102056,False,8,None
S102057,False,21,None
S102058,False,84,None
S102059,True,98,None
S102060,False,8,Multiple Accounts
S102061,False,9,None
S102062,True,95,None
S102063,True,94,None
S102064,False,50,Fake Address
S102065,False,11,Document Mismatch
S102066,False,35,Multiple Accounts
S102067,False,79,Document Mismatch
S102068,True,99,Fake Address
S102069,True,99,Document Mismatch
S102070,False,17,Multiple Accounts
S102071,False,32,None
S102072,False,12,Fake Address
S102073,False,66,Fake Address
S102074,False,19,Multiple Accounts
S102075,False,58,Document Mismatch
S102076,True,98,Multiple Accounts
S102077,False,24,Multiple Accounts
S102078,False,47,Multiple Accounts
S102079,False,68,Document Mismatch
S102080,False,31,Multiple Accounts
S102081,False,23,Fake Address
S102082,True,86,Fake Address
S102083,False,70,None
S102084,False,26,Fake Address
S102085,False,44,None
S102086,False,28,Multiple Accounts
S102087,False,57,Fake Address
S102088,True,95,Fake Address
S102089,False,15,Multiple Accounts
S102090,False,55,None
S102091,False,34,Multiple Accounts
S102092,False,40,None
S102093,False,44,None
S102094,False,71,Multiple Accounts
S102095,False,10,Multiple Accounts
S102096,False,77,None
S102097,True,93,Document Mismatch
S102098,False,19,None
S102099,False,28,Document Mismatch
S102100,False,56,Document Mismatch
S102101,False,33,None
S102102,False,29,None
S102103,False,12,Multiple Accounts
S102104,False,37,Fake Address
S102105,False,11,Document Mismatch
S102106,False,79,Fake Address
S102107,False,85,None
S102108,False,23,Multiple Accounts
S102109,False,31,None
S102110,False,68,Document Mismatch
S102111,False,50,Multiple Accounts
S102112,False,57,Fake Address
S102113,False,41,None
S102114,False,7,Document Mismatch
S102115,True,98,None
S102116,False,50,Document Mismatch
S102117,False,4,None
S102118,False,25,Document Mismatch
S102119,True,89,Fake Address
S102120,False,52,Document Mismatch
S102121,False,34,Multiple Accounts
S102122,True,87,Fake Address
S102123,False,62,Fake Address
S102124,False,14,None
S102125,True,92,None
S102126,False,56,Document Mismatch
S102127,False,84,Document Mismatch
S102128,False,26,Multiple Accounts
S102129,False,55,None
S102130,False,18,None
S102131,False,9,Fake Address
S102132,False,1,None
S102133,False,60,Document Mismatch
S102134,False,40,None
S102135,True,98,Fake Address
S102136,False,1,Fake Address
S102137,False,74,Fake Address
S102138,False,44,Fake Address
S102139,False,11,None
S102140,True,87,None
S102141,False,43,Document Mismatch
S102142,True,87,Multiple Accounts
S102143,True,87,Fake Address
S102144,False,40,Document Mismatch
S102145,False,79,Document Mismatch
S102146,False,71,Fake Address
S102147,False,38,Document Mismatch
S102148,True,95,None
S102149,False,45,Document Mismatch
S102150,False,69,Document Mismatch
S102151,False,72,Multiple Accounts
S102152,True,94,Document Mismatch
S102153,False,60,Fake Address
S102154,False,33,None
S102155,False,43,None
S102156,False,10,None
S102157,False,49,Document Mismatch
S102158,False,80,Multiple Accounts
S102159,True,88,Fake Address
S102160,False,65,None
S102161,False,71,Multiple Accounts
S102162,False,8,Document Mismatch
S102163,False,13,Document Mismatch
S102164,False,53,Document Mismatch
S102165,False,55,Multiple Accounts
S102166,True,90,Document Mismatch
S102167,False,83,Multiple Accounts
S102168,False,38,Fake Address
S102169,False,46,Document Mismatch
S102170,False,27,Fake Address
S102171,False,64,None
S102172,False,73,Document Mismatch
S102173,False,59,Fake Address
S102174,False,76,Fake Address
S102175,False,77,None
S102176,False,8,Document Mismatch
S102177,True,97,None
S102178,False,36,None
S102179,False,53,Document Mismatch
S102180,True,89,Multiple Accounts
S102181,False,74,None
S102182,False,28,Fake Address
S102183,False,57,Fake Address
S102184,False,22,None
S102185,False,20,Multiple Accounts
S102186,False,14,Multiple Accounts
S102187,False,46,Document Mismatch
S102188,False,52,Multiple Accounts
S102189,False,4,Multiple Accounts
S102190,False,4,Document Mismatch
S102191,False,75,Fake Address
S102192,True,87,None
S102193,True,99,Document Mismatch
S102194,False,68,None
S102195,False,84,None
S102196,False,57,Multiple Accounts
S102197,False,45,Fake Address
S102198,False,77,Multiple Accounts
S102199,False,19,None
S102200,False,41,None
S102201,True,88,None
S102202,False,28,Fake Address
S102203,False,25,Document Mismatch
S102204,False,10,Document Mismatch
S102205,False,57,None
S102206,False,23,Document Mismatch
S102207,False,53,Document Mismatch
S102208,False,1,Document Mismatch
S102209,False,77,Document Mismatch
S102210,False,33,Multiple Accounts
S102211,False,60,Document Mismatch
S102212,False,63,Document Mismatch
S102213,True,87,Fake Address
S102214,False,66,Document Mismatch
S102215,False,72,Fake Address
S102216,False,24,Fake Address
S102217,False,2,None
S102218,False,20,Fake Address
S102219,False,41,Multiple Accounts
S102220,False,40,Multiple Accounts
S102221,False,55,Document Mismatch
S102222,False,85,Fake Address
S102223,False,48,Document Mismatch
S102224,False,37,None
S102225,False,17,Document Mismatch
S102226,False,48,Document Mismatch
S102227,False,79,Multiple Accounts
S102228,False,67,Fake Address
S102229,True,88,Document Mismatch
S102230,False,42,None
S102231,False,13,Fake Address
S102232,False,3,Multiple Accounts
S102233,False,73,None
S102234,False,38,None
S102235,False,38,Document Mismatch
S102236,True,90,Fake Address
S102237,False,14,None
S102238,False,15,Document Mismatch
S102239,False,60,None
S102240,False,26,Document Mismatch
S102241,True,98,Fake Address
S102242,False,13,Document Mismatch
S102243,False,41,Fake Address
S102244,False,70,None
S102245,False,33,None
S102246,True,92,Fake Address
S102247,False,56,None
S102248,False,81,None
S102249,False,73,Document Mismatch
S102250,False,83,None
S102251,False,49,Document Mismatch
S102252,False,42,Multiple Accounts
S102253,False,61,Multiple Accounts
S102254,False,56,Multiple Accounts
S102255,False,29,None
S102256,False,71,Fake Address
S102257,False,21,None
S102258,False,52,Document Mismatch
S102259,False,79,Multiple Accounts
S102260,False,83,Document Mismatch
S102261,False,27,None
S102262,False,20,Document Mismatch
S102263,False,48,None
S102264,False,57,None
S102265,False,45,Document Mismatch
S102266,False,37,Document Mismatch
S102267,False,52,Document Mismatch
S102268,False,73,Fake Address
S102269,True,87,Document Mismatch
S102270,False,73,Multiple Accounts
S102271,False,5,None
S102272,False,56,Multiple Accounts
S102273,False,85,Multiple Accounts
S102274,False,77,Document Mismatch
S102275,False,51,Multiple Accounts
S102276,False,6,Fake Address
S102277,True,99,Document Mismatch
S102278,False,40,Multiple Accounts
S102279,False,54,Multiple Accounts
S102280,False,17,Multiple Accounts
S102281,False,79,Fake Address
S102282,False,57,Document Mismatch
S102283,False,29,Multiple Accounts
S102284,False,9,None
S102285,False,82,None
S102286,False,20,None
S102287,False,81,Multiple Accounts
S102288,False,54,Multiple Accounts
S102289,True,89,Multiple Accounts
S102290,False,66,Document Mismatch
S102291,False,16,Document Mismatch
S102292,False,79,Fake Address
S102293,False,53,Multiple Accounts
S102294,True,87,None
S102295,False,29,Document Mismatch
S102296,False,16,None
S102297,True,98,Fake Address
S102298,False,7,Fake Address
S102299,True,89,Multiple Accounts
S102300,False,48,Multiple Accounts
S102301,False,24,Fake Address
S102302,False,72,None
S102303,False,64,Fake Address
S102304,False,67,Fake Address
S102305,False,51,Multiple Accounts
S102306,False,41,None
S102307,False,26,Fake Address
S102308,False,4,Document Mismatch
S102309,False,70,Document Mismatch
S102310,True,97,Document Mismatch
S102311,False,6,Document Mismatch
S102312,True,92,Document Mismatch
S102313,True,91,Document Mismatch
S102314,True,92,None
S102315,False,26,Document Mismatch
S102316,False,12,Document Mismatch
S102317,True,97,None
S102318,False,39,Document Mismatch
S102319,False,3,None
S102320,False,42,Fake Address
S102321,False,76,Document Mismatch
S102322,False,14,Document Mismatch
S102323,True,99,Fake Address
S102324,False,15,Document Mismatch
S102325,False,54,None
S102326,True,96,Fake Address
S102327,False,68,Document Mismatch
S102328,False,12,None
S102329,False,65,Fake Address
S102330,False,28,Document Mismatch
S102331,False,64,Multiple Accounts
S102332,False,60,None
S102333,False,33,None
S102334,False,12,Fake Address
S102335,False,6,Fake Address
S102336,False,50,None
S102337,False,14,None
S102338,False,27,Fake Address
S102339,False,34,Multiple Accounts
S102340,False,12,Multiple Accounts
S102341,False,2,Fake Address
S102342,False,18,Fake Address
S102343,False,27,None
S102344,False,59,Fake Address
S102345,True,90,Fake Address
S102346,False,60,Fake Address
S102347,True,97,Multiple Accounts
S102348,False,85,None
S102349,False,17,Fake Address
S102350,False,70,Document Mismatch
S102351,False,10,Multiple Accounts
S102352,True,91,None
S102353,True,94,Fake Address
S102354,False,63,Multiple Accounts
S102355,False,8,Document Mismatch
S102356,False,56,Fake Address
S102357,True,95,Fake Address
S102358,False,19,Document Mismatch
S102359,False,6,Multiple Accounts
S102360,False,16,Fake Address
S102361,False,58,None
S102362,False,25,None
S102363,False,60,Multiple Accounts
S102364,False,42,Fake Address
S102365,False,62,Multiple Accounts
S102366,False,49,Multiple Accounts
S102367,False,8,None
S102368,False,15,Fake Address
S102369,False,60,Fake Address
S102370,False,50,Fake Address
S102371,False,59,Multiple Accounts
S102372,False,58,Multiple Accounts
S102373,False,10,None
S102374,False,2,Fake Address
S102375,False,61,Fake Address
S102376,False,77,Multiple Accounts
S102377,False,69,Multiple Accounts
S102378,True,90,None
S102379,False,51,Document Mismatch
S102380,False,66,Multiple Accounts
S102381,False,22,Fake Address
S102382,False,1,None
S102383,True,92,Document Mismatch
S102384,False,75,Multiple Accounts
S102385,False,84,None
S102386,False,47,Fake Address
S102387,False,45,Document Mismatch
S102388,False,67,Document Mismatch
S102389,False,64,Document Mismatch
S102390,False,82,Fake Address
S102391,False,50,None
S102392,False,24,Document Mismatch
S102393,False,75,Multiple Accounts
S102394,False,41,Document Mismatch
S102395,False,29,Document Mismatch
S102396,False,70,None
S102397,False,30,Multiple Accounts
S102398,False,19,None
S102399,False,76,None
S102400,False,16,Fake Address
S102401,False,16,Multiple Accounts
S102402,False,44,Document Mismatch
S102403,False,8,None
S102404,False,47,Multiple Accounts
S102405,False,52,None
S102406,False,48,Fake Address
S102407,False,19,Fake Address
S102408,False,29,Multiple Accounts
S102409,False,80,Document Mismatch
S102410,False,5,Fake Address
S102411,False,68,Fake Address
S102412,True,88,Multiple Accounts
S102413,False,83,Fake Address
S102414,True,93,Multiple Accounts
S102415,False,34,Multiple Accounts
S102416,False,60,Document Mismatch
S102417,False,41,None
S102418,False,55,Fake Address
S102419,False,46,Fake Address
S102420,True,90,Fake Address
S102421,False,18,Fake Address
S102422,False,77,Multiple Accounts
S102423,False,36,Fake Address
S102424,True,89,Fake Address
S102425,False,70,Multiple Accounts
S102426,False,74,Document Mismatch
S102427,False,82,None
S102428,True,98,Fake Address
S102429,False,69,Fake Address
S102430,False,28,Multiple Accounts
S102431,False,63,Fake Address
S102432,False,3,Document Mismatch
S102433,False,42,Fake Address
S102434,False,47,Multiple Accounts
S102435,True,100,Multiple Accounts
S102436,True,96,Document Mismatch
S102437,False,84,Document Mismatch
S102438,False,64,Document Mismatch
S102439,False,59,Fake Address
S102440,False,62,Document Mismatch
S102441,False,24,Fake Address
S102442,False,21,Document Mismatch
S102443,False,34,Document Mismatch
S102444,False,74,None
S102445,False,72,Multiple Accounts
S102446,False,62,Fake Address
S102447,False,46,Multiple Accounts
S102448,False,33,None
S102449,True,90,Multiple Accounts
S102450,False,22,Document Mismatch
S102451,False,13,Multiple Accounts
S102452,False,31,Multiple Accounts
S102453,False,74,Multiple Accounts
S102454,True,87,Multiple Accounts
S102455,False,6,None
S102456,False,38,Document Mismatch
S102457,True,89,Document Mismatch
S102458,False,7,None
S102459,False,68,Fake Address
S102460,False,46,Multiple Accounts
S102461,False,15,Multiple Accounts
S102462,True,89,Fake Address
S102463,False,31,Fake Address
S102464,True,87,Multiple Accounts
S102465,False,65,Fake Address
S102466,False,34,Document Mismatch
S102467,False,31,Document Mismatch
S102468,False,1,Multiple Accounts
S102469,False,75,Fake Address
S102470,False,17,Fake Address
S102471,True,99,Multiple Accounts
S102472,False,65,Document Mismatch
S102473,False,53,None
S102474,False,82,Document Mismatch
S102475,False,44,None
S102476,False,28,Document Mismatch
S102477,False,49,Fake Address
S102478,False,42,Document Mismatch
S102479,True,90,Multiple Accounts
S102480,False,68,None
S102481,False,67,None
S102482,False,43,None
S102483,False,67,Document Mismatch
S102484,False,35,Fake Address
S102485,False,2,Document Mismatch
S102486,False,71,Document Mismatch
S102487,False,42,Document Mismatch
S102488,False,19,Document Mismatch
S102489,False,2,Multiple Accounts
S102490,True,91,None
S102491,False,13,Document Mismatch
S102492,False,29,Multiple Accounts
S102493,False,83,Document Mismatch
S102494,True,96,Fake Address
S102495,True,99,None
S102496,False,66,Fake Address
S102497,True,89,Fake Address
S102498,False,56,Multiple Accounts
S102499,False,40,None
S102500,False,74,Document Mismatch
S102501,False,66,Multiple Accounts
S102502,False,85,Document Mismatch
S102503,False,41,Document Mismatch
S102504,False,1,Multiple Accounts
S102505,True,93,Multiple Accounts
S102506,False,5,Fake Address
S102507,False,46,Fake Address
S102508,False,28,Fake Address
S102509,False,34,Multiple Accounts
S102510,True,99,Document Mismatch
S102511,False,71,Fake Address
S102512,True,99,Multiple Accounts
S102513,True,94,None
S102514,False,56,None
S102515,False,73,Fake Address
S102516,False,16,Multiple Accounts
S102517,False,54,Multiple Accounts
S102518,False,43,Multiple Accounts
S102519,True,92,None
S102520,False,85,Multiple Accounts
S102521,True,99,Multiple Accounts
S102522,False,36,Multiple Accounts
S102523,False,70,Fake Address
S102524,True,96,None
S102525,False,73,None
S102526,False,9,None
S102527,False,83,Multiple Accounts
S102528,False,36,Fake Address
S102529,False,25,Multiple Accounts
S102530,False,11,None
S102531,False,58,None
S102532,False,17,None
S102533,False,73,None
S102534,False,29,Document Mismatch
S102535,False,19,Document Mismatch
S102536,False,78,Document Mismatch
S102537,False,8,Multiple Accounts
S102538,False,24,Document Mismatch
S102539,True,92,None
S102540,False,7,Fake Address
S102541,False,20,None
S102542,False,84,Fake Address
S102543,False,44,Document Mismatch
S102544,True,89,None
S102545,True,99,Multiple Accounts
S102546,False,56,Multiple Accounts
S102547,False,13,Document Mismatch
S102548,False,55,Fake Address
S102549,False,14,Multiple Accounts
S102550,False,6,Multiple Accounts
S102551,False,18,None
S102552,False,24,Fake Address
S102553,False,62,Multiple Accounts
S102554,True,88,Multiple Accounts
S102555,False,15,Multiple Accounts
S102556,False,53,Document Mismatch
S102557,True,95,Document Mismatch
S102558,False,29,Multiple Accounts
S102559,False,42,Multiple Accounts
S102560,False,13,Multiple Accounts
S102561,False,31,Multiple Accounts
S102562,False,29,Document Mismatch
S102563,False,8,Document Mismatch
S102564,True,100,Multiple Accounts
S102565,False,70,Fake Address
S102566,False,63,Document Mismatch
S102567,False,19,Multiple Accounts
S102568,False,53,None
S102569,False,38,Document Mismatch
S102570,False,16,None
S102571,True,94,Fake Address
S102572,True,91,Fake Address
S102573,False,67,Document Mismatch
S102574,False,16,Document Mismatch
S102575,False,57,Fake Address
S102576,False,39,Multiple Accounts
S102577,False,36,Multiple Accounts
S102578,False,32,None
S102579,True,86,Fake Address
S102580,False,37,Fake Address
S102581,True,89,Document Mismatch
S102582,True,86,None
S102583,False,5,Multiple Accounts
S102584,False,83,Document Mismatch
S102585,False,63,Document Mismatch
S102586,True,87,Document Mismatch
S102587,True,95,None
S102588,False,43,Fake Address
S102589,False,29,None
S102590,False,26,Fake Address
S102591,True,90,Multiple Accounts
S102592,False,18,Fake Address
S102593,False,74,Multiple Accounts
S102594,True,89,Fake Address
S102595,False,15,Document Mismatch
S102596,False,17,Document Mismatch
S102597,False,13,Document Mismatch
S102598,False,4,None
S102599,False,1,Document Mismatch
S102600,True,92,None
S102601,False,21,Multiple Accounts
S102602,False,3,Document Mismatch
S102603,False,13,Multiple Accounts
S102604,False,5,Multiple Accounts
S102605,True,97,Multiple Accounts
S102606,False,38,Multiple Accounts
S102607,False,69,Multiple Accounts
S102608,False,45,Document Mismatch
S102609,False,60,Document Mismatch
S102610,True,96,Multiple Accounts
S102611,False,48,None
S102612,False,58,Multiple Accounts
S102613,False,75,Document Mismatch
S102614,False,18,Multiple Accounts
S102615,False,84,Fake Address
S102616,True,96,Document Mismatch
S102617,False,27,Multiple Accounts
S102618,False,10,Fake Address
S102619,False,24,Multiple Accounts
S102620,False,67,None
S102621,False,61,Fake Address
S102622,False,30,None
S102623,False,30,Fake Address
S102624,False,38,None
S102625,True,92,Multiple Accounts
S102626,False,22,Document Mismatch
S102627,False,25,Fake Address
S102628,False,26,Document Mismatch
S102629,False,65,Document Mismatch
S102630,False,69,None
S102631,False,38,Document Mismatch
S102632,False,9,Fake Address
S102633,False,25,None
S102634,True,97,None
S102635,False,34,None
S102636,False,46,None
S102637,False,33,Fake Address
S102638,False,60,Fake Address
S102639,False,53,Document Mismatch
S102640,True,92,Fake Address
S102641,False,58,None
S102642,False,53,Multiple Accounts
S102643,True,99,Multiple Accounts
S102644,True,100,Multiple Accounts
S102645,False,38,None
S102646,False,67,Document Mismatch
S102647,True,88,Multiple Accounts
S102648,False,32,Fake Address
S102649,True,90,None
S102650,False,70,Document Mismatch
S102651,False,6,Multiple Accounts
S102652,False,10,Document Mismatch
S102653,False,13,Multiple Accounts
S102654,False,35,Document Mismatch
S102655,False,83,None
S102656,False,83,None
S102657,False,24,Multiple Accounts
S102658,True,99,None
S102659,False,29,Document Mismatch
S102660,True,90,Document Mismatch
S102661,False,3,Multiple Accounts
S102662,False,84,Multiple Accounts
S102663,False,32,Multiple Accounts
S102664,False,72,Multiple Accounts
S102665,False,58,Multiple Accounts
S102666,False,85,Document Mismatch
S102667,False,41,Document Mismatch
S102668,False,65,None
S102669,False,49,Multiple Accounts
S102670,False,72,Fake Address
S102671,False,59,Document Mismatch
S102672,False,82,Document Mismatch
S102673,False,29,Document Mismatch
S102674,False,76,Document Mismatch
S102675,True,87,Document Mismatch
S102676,False,32,Document Mismatch
S102677,False,51,Fake Address
S102678,False,32,None
S102679,False,25,Document Mismatch
S102680,False,56,Document Mismatch
S102681,False,82,Document Mismatch
S102682,False,70,None
S102683,False,44,Document Mismatch
S102684,False,28,None
S102685,False,54,None
S102686,False,51,Multiple Accounts
S102687,False,38,Document Mismatch
S102688,True,90,Multiple Accounts
S102689,False,19,None
S102690,False,61,Multiple Accounts
S102691,False,71,Multiple Accounts
S102692,True,89,Fake Address
S102693,False,3,None
S102694,False,81,Fake Address
S102695,False,12,Document Mismatch
S102696,True,95,Multiple Accounts
S102697,False,52,Fake Address
S102698,False,19,Fake Address
S102699,True,86,None
S102700,False,65,Fake Address
S102701,False,81,Multiple Accounts
S102702,False,70,Multiple Accounts
S102703,False,3,None
S102704,True,100,Document Mismatch
S102705,True,87,Multiple Accounts
S102706,False,78,None
S102707,False,4,Fake Address
S102708,False,54,None
S102709,False,67,None
S102710,False,84,Document Mismatch
S102711,True,99,Fake Address
S102712,False,17,Fake Address
S102713,False,10,Fake Address
S102714,False,20,Document Mismatch
S102715,False,49,Document Mismatch
S102716,False,31,Document Mismatch
S102717,False,70,Document Mismatch
S102718,True,94,Multiple Accounts
S102719,False,30,None
S102720,False,66,Fake Address
S102721,False,27,None
S102722,False,80,Multiple Accounts
S102723,False,78,Multiple Accounts
S102724,False,40,None
S102725,False,41,Fake Address
S102726,False,28,Fake Address
S102727,False,84,Document Mismatch
S102728,False,5,Document Mismatch
S102729,False,44,Fake Address
S102730,False,2,Fake Address
S102731,False,60,Fake Address
S102732,False,81,Fake Address
S102733,True,98,Fake Address
S102734,False,74,Document Mismatch
S102735,False,23,Multiple Accounts
S102736,False,10,Multiple Accounts
S102737,False,32,Multiple Accounts
S102738,False,49,Fake Address
S102739,False,39,Document Mismatch
S102740,False,69,Document Mismatch
S102741,False,69,Document Mismatch
S102742,False,15,Multiple Accounts
S102743,False,38,None
S102744,False,56,Document Mismatch
S102745,False,56,Document Mismatch
S102746,True,90,Document Mismatch
S102747,True,92,Multiple Accounts
S102748,False,73,Document Mismatch
S102749,False,71,Fake Address
S102750,True,88,Multiple Accounts
S102751,True,98,Multiple Accounts
S102752,True,91,None
S102753,False,48,None
S102754,False,47,Multiple Accounts
S102755,False,42,Fake Address
S102756,False,4,Multiple Accounts
S102757,False,13,Document Mismatch
S102758,False,72,Document Mismatch
S102759,False,8,Document Mismatch
S102760,False,14,None
S102761,False,6,Fake Address
S102762,False,11,None
S102763,False,73,Multiple Accounts
S102764,True,92,None
S102765,False,37,Multiple Accounts
S102766,False,25,Fake Address
S102767,False,53,Fake Address
S102768,False,30,Multiple Accounts
S102769,True,88,Multiple Accounts
S102770,False,38,Fake Address
S102771,False,61,None
S102772,False,58,Multiple Accounts
S102773,False,68,Multiple Accounts
S102774,False,25,Document Mismatch
S102775,True,91,Fake Address
S102776,False,47,Fake Address
S102777,True,100,Multiple Accounts
S102778,False,78,Multiple Accounts
S102779,False,30,Fake Address
S102780,False,56,Multiple Accounts
S102781,False,27,Document Mismatch
S102782,False,19,None
S102783,False,54,Document Mismatch
S102784,False,69,None
S102785,False,71,Fake Address
S102786,False,6,Fake Address
S102787,False,47,Fake Address
S102788,False,64,Multiple Accounts
S102789,False,34,Multiple Accounts
S102790,False,30,Multiple Accounts
S102791,False,66,Document Mismatch
S102792,False,45,Multiple Accounts
S102793,False,1,None
S102794,False,46,Document Mismatch
S102795,False,34,None
S102796,True,96,Fake Address
S102797,False,52,None
S102798,False,78,Multiple Accounts
S102799,False,8,Fake Address
S102800,False,64,Multiple Accounts
S102801,False,11,None
S102802,False,10,None
S102803,False,28,None
S102804,False,5,Document Mismatch
S102805,False,76,Document Mismatch
S102806,False,43,Fake Address
S102807,True,95,Multiple Accounts
S102808,False,36,Multiple Accounts
S102809,False,84,Document Mismatch
S102810,False,4,Fake Address
S102811,False,26,Fake Address
S102812,False,14,None
S102813,False,9,Multiple Accounts
S102814,False,35,Fake Address
S102815,False,66,Document Mismatch
S102816,False,79,None
S102817,False,84,Multiple Accounts
S102818,True,95,Multiple Accounts
S102819,False,80,Document Mismatch
S102820,False,17,Document Mismatch
S102821,False,60,Multiple Accounts
S102822,False,85,Document Mismatch
S102823,False,30,Fake Address
S102824,False,20,Multiple Accounts
S102825,False,56,Multiple Accounts
S102826,False,13,Document Mismatch
S102827,False,3,Multiple Accounts
S102828,False,17,Multiple Accounts
S102829,False,42,Document Mismatch
S102830,False,81,Fake Address
S102831,False,20,Multiple Accounts
S102832,False,33,None
S102833,False,37,Multiple Accounts
S102834,False,22,Document Mismatch
S102835,False,11,Multiple Accounts
S102836,False,52,Document Mismatch
S102837,False,15,None
S102838,True,87,Document Mismatch
S102839,False,62,Fake Address
S102840,False,36,Document Mismatch
S102841,False,43,Document Mismatch
S102842,False,15,None
S102843,False,7,Fake Address
S102844,False,47,Multiple Accounts
S102845,False,20,Fake Address
S102846,False,15,Multiple Accounts
S102847,False,37,Fake Address
S102848,False,40,None
S102849,False,80,Document Mismatch
S102850,False,69,Fake Address
S102851,False,27,None
S102852,False,2,None
S102853,True,95,Document Mismatch
S102854,False,56,None
S102855,True,91,Document Mismatch
S102856,False,21,Fake Address
S102857,False,72,Multiple Accounts
S102858,False,4,Multiple Accounts
S102859,False,41,Document Mismatch
S102860,False,13,Multiple Accounts
S102861,True,94,Document Mismatch
S102862,False,44,Fake Address
S102863,True,95,Fake Address
S102864,False,35,None
S102865,True,93,Multiple Accounts
S102866,False,35,Multiple Accounts
S102867,False,35,Fake Address
S102868,False,13,Fake Address
S102869,True,92,Document Mismatch
S102870,True,94,Multiple Accounts
S102871,False,2,Document Mismatch
S102872,False,32,None
S102873,False,54,Document Mismatch
S102874,False,78,Fake Address
S102875,False,83,Fake Address
S102876,False,76,Fake Address
S102877,False,4,None
S102878,False,74,Fake Address
S102879,False,66,None
S102880,False,75,None
S102881,False,17,Document Mismatch
S102882,False,38,Document Mismatch
S102883,False,29,Document Mismatch
S102884,False,79,None
S102885,True,86,Multiple Accounts
S102886,False,22,Document Mismatch
S102887,False,6,Multiple Accounts
S102888,False,26,Fake Address
S102889,False,13,Fake Address
S102890,False,4,None
S102891,False,66,None
S102892,True,94,Multiple Accounts
S102893,True,94,Fake Address
S102894,False,14,Multiple Accounts
S102895,False,67,None
S102896,False,67,None
S102897,False,18,Document Mismatch
S102898,False,75,Multiple Accounts
S102899,False,39,Fake Address
S102900,True,94,Document Mismatch
S102901,False,59,None
S102902,False,18,Multiple Accounts
S102903,False,65,Document Mismatch
S102904,True,96,None
S102905,False,59,Document Mismatch
S102906,True,91,None
S102907,False,16,Document Mismatch
S102908,False,65,Fake Address
S102909,False,69,Document Mismatch
S102910,False,43,None
S102911,False,55,Multiple Accounts
S102912,False,6,Fake Address
S102913,True,93,Document Mismatch
S102914,False,10,Document Mismatch
S102915,False,54,Fake Address
S102916,True,92,Fake Address
S102917,False,11,Document Mismatch
S102918,False,73,Fake Address
S102919,False,38,None
S102920,False,24,None
S102921,False,16,Multiple Accounts
S102922,False,39,Multiple Accounts
S102923,False,16,Fake Address
S102924,False,8,Document Mismatch
S102925,False,64,Multiple Accounts
S102926,False,14,Fake Address
S102927,False,65,Fake Address
S102928,False,48,Multiple Accounts
S102929,False,55,Multiple Accounts
S102930,False,38,Fake Address
S102931,False,7,Multiple Accounts
S102932,False,10,Fake Address
S102933,False,27,Multiple Accounts
S102934,False,11,None
S102935,False,12,Document Mismatch
S102936,False,25,Multiple Accounts
S102937,False,2,Multiple Accounts
S102938,False,23,Document Mismatch
S102939,False,76,Document Mismatch
S102940,False,84,None
S102941,False,26,Multiple Accounts
S102942,False,9,None
S102943,False,28,Fake Address
S102944,False,73,Document Mismatch
S102945,False,66,Document Mismatch
S102946,False,59,Document Mismatch
S102947,False,67,Document Mismatch
S102948,False,62,None
S102949,False,44,Fake Address
S102950,True,92,Document Mismatch
S102951,False,19,Fake Address
S102952,False,23,Fake Address
S102953,False,22,Fake Address
S102954,False,74,Multiple Accounts
S102955,False,50,Document Mismatch
S102956,False,54,Fake Address
S102957,False,23,None
S102958,False,62,None
S102959,False,62,Fake Address
S102960,False,27,Document Mismatch
S102961,False,8,Document Mismatch
S102962,False,22,None
S102963,False,49,Multiple Accounts
S102964,False,36,Multiple Accounts
S102965,False,77,Document Mismatch
S102966,True,98,None
S102967,False,16,Multiple Accounts
S102968,False,41,Document Mismatch
S102969,False,57,None
S102970,False,68,Document Mismatch
S102971,False,34,Fake Address
S102972,False,74,Multiple Accounts
S102973,False,82,Fake Address
S102974,False,82,Document Mismatch
S102975,False,18,Fake Address
S102976,False,22,Multiple Accounts
S102977,False,24,None
S102978,True,87,Fake Address
S102979,True,88,None
S102980,False,42,Fake Address
S102981,False,23,Multiple Accounts
S102982,True,91,None
S102983,False,50,Multiple Accounts
S102984,False,73,Fake Address
S102985,False,42,Multiple Accounts
S102986,False,16,Document Mismatch
S102987,False,69,Document Mismatch
S102988,False,16,Document Mismatch
S102989,False,75,Fake Address
S102990,False,72,Document Mismatch
S102991,False,39,Fake Address
S102992,False,42,Document Mismatch
S102993,False,41,Fake Address
S102994,False,51,None
S102995,False,19,Document Mismatch
S102996,False,53,None
S102997,False,23,None
S102998,False,10,None
S102999,False,53,Fake Address
S103000,False,23,Multiple Accounts
S103001,False,4,Document Mismatch
S103002,False,2,Fake Address
S103003,False,37,Multiple Accounts
S103004,False,61,None
S103005,False,34,Multiple Accounts
S103006,False,8,Fake Address
S103007,False,63,Document Mismatch
S103008,False,24,Fake Address
S103009,False,9,Document Mismatch
S103010,False,72,None
S103011,False,46,None
S103012,False,47,Document Mismatch
S103013,False,81,Multiple Accounts
S103014,False,16,Document Mismatch
S103015,False,80,Document Mismatch
S103016,False,68,None
S103017,False,27,Document Mismatch
S103018,False,69,Multiple Accounts
S103019,False,49,Document Mismatch
S103020,False,5,Multiple Accounts
S103021,True,92,Multiple Accounts
S103022,False,80,None
S103023,False,38,Document Mismatch
S103024,False,35,Fake Address
S103025,False,29,None
S103026,False,48,Document Mismatch
S103027,False,78,Document Mismatch
S103028,False,78,Fake Address
S103029,False,4,None
S103030,False,9,Document Mismatch
S103031,False,70,Document Mismatch
S103032,False,82,None
S103033,True,86,Multiple Accounts
S103034,False,3,None
S103035,True,96,Document Mismatch
S103036,False,76,None
S103037,False,43,None
S103038,False,57,Multiple Accounts
S103039,False,78,None
S103040,False,59,Fake Address
S103041,True,86,Multiple Accounts
S103042,False,37,Fake Address
S103043,False,5,None
S103044,False,70,Fake Address
S103045,False,75,Multiple Accounts
S103046,False,23,Multiple Accounts
S103047,True,95,Fake Address
S103048,False,25,None
S103049,False,67,Multiple Accounts
S103050,False,62,Document Mismatch
S103051,False,15,Document Mismatch
S103052,False,11,Fake Address
S103053,False,42,None
S103054,False,30,Multiple Accounts
S103055,False,33,Multiple Accounts
S103056,True,98,Document Mismatch
S103057,False,35,None
S103058,False,70,Document Mismatch
S103059,False,85,None
S103060,False,47,Fake Address
S103061,False,55,Fake Address
S103062,True,94,None
S103063,False,63,Multiple Accounts
S103064,False,41,Fake Address
S103065,False,47,Fake Address
S103066,False,4,None
S103067,False,46,Multiple Accounts
S103068,False,8,Multiple Accounts
S103069,False,26,None
S103070,False,41,Fake Address
S103071,False,61,Document Mismatch
S103072,False,61,Fake Address
S103073,True,95,Document Mismatch
S103074,False,16,Multiple Accounts
S103075,False,58,Multiple Accounts
S103076,True,89,Fake Address
S103077,False,9,Document Mismatch
S103078,False,46,Document Mismatch
S103079,False,6,None
S103080,False,45,Multiple Accounts
S103081,False,2,Document Mismatch
S103082,False,62,Document Mismatch
S103083,False,55,None
S103084,False,9,Document Mismatch
S103085,False,20,Document Mismatch
S103086,False,72,Document Mismatch
S103087,False,14,Multiple Accounts
S103088,False,66,None
S103089,False,20,Multiple Accounts
S103090,False,9,Multiple Accounts
S103091,False,67,Document Mismatch
S103092,True,89,Multiple Accounts
S103093,False,48,Fake Address
S103094,False,13,Document Mismatch
S103095,False,6,None
S103096,False,45,Document Mismatch
S103097,False,22,Fake Address
S103098,False,50,Document Mismatch
S103099,False,33,Document Mismatch
S103100,False,1,Fake Address
S103101,False,17,Multiple Accounts
S103102,False,42,Fake Address
S103103,True,95,None
S103104,False,73,Fake Address
S103105,False,27,None
S103106,True,98,None
S103107,False,45,Document Mismatch
S103108,False,80,Multiple Accounts
S103109,False,39,Fake Address
S103110,True,100,Fake Address
S103111,False,12,Multiple Accounts
S103112,True,96,None
S103113,False,37,Document Mismatch
S103114,False,36,None
S103115,False,11,Fake Address
S103116,False,64,None
S103117,False,14,Multiple Accounts
S103118,False,40,None
S103119,False,45,Multiple Accounts
S103120,False,19,Multiple Accounts
S103121,False,31,None
S103122,False,85,Document Mismatch
S103123,True,100,Fake Address
S103124,False,20,None
S103125,False,44,Document Mismatch
S103126,False,43,Fake Address
S103127,False,10,None
S103128,False,15,None
S103129,False,13,None
S103130,False,81,None
S103131,False,20,Document Mismatch
S103132,False,46,Document Mismatch
S103133,False,5,None
S103134,False,57,Multiple Accounts
S103135,False,30,None
S103136,False,48,Fake Address
S103137,False,33,None
S103138,False,40,Fake Address
S103139,False,67,Multiple Accounts
S103140,False,53,Fake Address
S103141,False,36,Document Mismatch
S103142,False,18,Multiple Accounts
S103143,True,96,None
S103144,False,70,Fake Address
S103145,False,8,Document Mismatch
S103146,False,57,Document Mismatch
S103147,True,87,None
S103148,False,26,Multiple Accounts
S103149,True,89,Fake Address
S103150,False,74,Multiple Accounts
S103151,False,12,Document Mismatch
S103152,False,48,Fake Address
S103153,False,12,None
S103154,True,100,Fake Address
S103155,False,70,None
S103156,False,81,Fake Address
S103157,False,77,Document Mismatch
S103158,False,41,None
S103159,True,97,Fake Address
S103160,False,54,Multiple Accounts
S103161,False,45,Document Mismatch
S103162,False,8,Document Mismatch
S103163,True,98,Multiple Accounts
S103164,False,73,Fake Address
S103165,False,10,Document Mismatch
S103166,False,58,Document Mismatch
S103167,False,25,None
S103168,False,46,Multiple Accounts
S103169,False,48,Fake Address
S103170,False,39,Multiple Accounts
S103171,False,11,Fake Address
S103172,False,32,Multiple Accounts
S103173,False,26,Fake Address
S103174,False,40,Document Mismatch
S103175,False,60,None
S103176,False,36,Fake Address
S103177,False,3,None
S103178,True,97,Multiple Accounts
S103179,False,38,Multiple Accounts
S103180,True,88,Fake Address
S103181,False,79,Document Mismatch
S103182,False,20,Fake Address
S103183,True,93,None
S103184,False,24,None
S103185,False,54,Fake Address
S103186,False,46,None
S103187,False,77,Fake Address
S103188,False,71,Multiple Accounts
S103189,False,82,Fake Address
S103190,False,20,Fake Address
S103191,False,79,Document Mismatch
S103192,False,75,Fake Address
S103193,False,18,Multiple Accounts
S103194,False,6,Document Mismatch
S103195,False,65,Multiple Accounts
S103196,False,62,Multiple Accounts
S103197,False,85,Fake Address
S103198,False,77,Multiple Accounts
S103199,False,13,Fake Address
S103200,False,70,Document Mismatch
S103201,False,60,Fake Address
S103202,False,36,Document Mismatch
S103203,False,82,None
S103204,False,39,Fake Address
S103205,False,19,Document Mismatch
S103206,False,44,None
S103207,False,85,Multiple Accounts
S103208,False,38,Document Mismatch
S103209,False,45,Multiple Accounts
S103210,False,3,None
S103211,False,13,Multiple Accounts
S103212,False,84,Fake Address
S103213,False,16,Document Mismatch
S103214,False,46,Multiple Accounts
S103215,False,68,Fake Address
S103216,True,98,None
S103217,False,4,Document Mismatch
S103218,False,71,Document Mismatch
S103219,True,97,Fake Address
S103220,False,59,Fake Address
S103221,False,79,Fake Address
S103222,False,26,Multiple Accounts
S103223,False,5,Multiple Accounts
S103224,False,25,Multiple Accounts
S103225,False,23,Fake Address
S103226,False,41,Multiple Accounts
S103227,False,19,Document Mismatch
S103228,False,71,None
S103229,True,89,Fake Address
S103230,True,89,Fake Address
S103231,False,59,Multiple Accounts
S103232,False,41,Multiple Accounts
S103233,False,26,Fake Address
S103234,False,70,None
S103235,False,8,None
S103236,True,93,Document Mismatch
S103237,False,79,Multiple Accounts
S103238,False,8,None
S103239,False,75,Fake Address
S103240,False,67,Document Mismatch
S103241,False,47,Multiple Accounts
S103242,False,48,Multiple Accounts
S103243,False,77,Multiple Accounts
S103244,False,47,Multiple Accounts
S103245,False,34,Fake Address
S103246,False,80,Multiple Accounts
S103247,False,25,Multiple Accounts
S103248,False,73,None
S103249,False,20,Document Mismatch
S103250,False,27,Fake Address
S103251,False,80,None
S103252,True,89,Fake Address
S103253,False,74,Multiple Accounts
S103254,False,30,Fake Address
S103255,False,64,Document Mismatch
S103256,False,77,Fake Address
S103257,False,75,None
S103258,False,20,None
S103259,False,4,Multiple Accounts
S103260,False,9,Multiple Accounts
S103261,False,43,None
S103262,False,59,Document Mismatch
S103263,True,100,Document Mismatch
S103264,False,57,None
S103265,False,38,Document Mismatch
S103266,False,84,Fake Address
S103267,False,83,None
S103268,False,51,Document Mismatch
S103269,False,38,Document Mismatch
S103270,False,11,None
S103271,False,21,None
S103272,False,24,Multiple Accounts
S103273,False,75,None
S103274,False,72,None
S103275,False,75,None
S103276,False,28,Multiple Accounts
S103277,False,78,Fake Address
S103278,True,92,None
S103279,False,2,None
S103280,False,41,Multiple Accounts
S103281,False,22,Fake Address
S103282,False,33,None
S103283,False,43,Fake Address
S103284,True,86,Fake Address
S103285,False,19,Multiple Accounts
S103286,False,2,Fake Address
S103287,False,74,Multiple Accounts
S103288,False,20,Multiple Accounts
S103289,False,73,Document Mismatch
S103290,False,73,Fake Address
S103291,False,13,Fake Address
S103292,True,86,Document Mismatch
S103293,True,91,None
S103294,False,82,Fake Address
S103295,False,48,Multiple Accounts
S103296,True,92,Fake Address
S103297,False,9,None
S103298,False,61,Document Mismatch
S103299,False,84,Multiple Accounts
S103300,False,26,Document Mismatch
S103301,False,79,Multiple Accounts
S103302,False,9,Document Mismatch
S103303,True,93,Fake Address
S103304,False,75,Multiple Accounts
S103305,True,98,None
S103306,True,87,Multiple Accounts
S103307,False,84,Multiple Accounts
S103308,False,67,None
S103309,True,94,Multiple Accounts
S103310,False,67,Document Mismatch
S103311,False,16,Document Mismatch
S103312,False,70,None
S103313,False,68,Multiple Accounts
S103314,False,24,Fake Address
S103315,False,77,Document Mismatch
S103316,True,91,Document Mismatch
S103317,False,55,Document Mismatch
S103318,True,96,Document Mismatch
S103319,False,60,Document Mismatch
S103320,False,55,Multiple Accounts
S103321,False,48,Fake Address
S103322,False,55,None
S103323,False,5,Document Mismatch
S103324,True,86,Fake Address
S103325,False,69,Document Mismatch
S103326,False,85,Document Mismatch
S103327,False,36,None
S103328,False,11,Fake Address
S103329,False,2,Multiple Accounts
S103330,False,74,None
S103331,False,32,Multiple Accounts
S103332,False,17,Multiple Accounts
S103333,True,97,Fake Address
S103334,False,72,Document Mismatch
S103335,True,97,Fake Address
S103336,False,56,Fake Address
S103337,False,61,None
S103338,False,67,Document Mismatch
S103339,True,99,Multiple Accounts
S103340,False,79,Fake Address
S103341,False,81,None
S103342,False,84,None
S103343,False,63,Fake Address
S103344,False,16,Fake Address
S103345,False,1,Fake Address
S103346,True,94,Fake Address
S103347,False,46,Document Mismatch
S103348,False,23,Document Mismatch
S103349,False,56,Multiple Accounts
S103350,False,48,Multiple Accounts
S103351,True,99,Fake Address
S103352,False,7,None
S103353,False,76,Document Mismatch
S103354,False,69,Document Mismatch
S103355,False,80,Document Mismatch
S103356,True,88,None
S103357,False,83,Document Mismatch
S103358,False,29,Fake Address
S103359,False,42,Fake Address
S103360,False,53,None
S103361,False,65,Document Mismatch
S103362,False,75,Fake Address
S103363,False,24,Document Mismatch
S103364,False,27,Document Mismatch
S103365,False,58,None
S103366,False,11,Multiple Accounts
S103367,False,56,Document Mismatch
S103368,False,85,None
S103369,False,77,Fake Address
S103370,False,44,Multiple Accounts
S103371,False,49,None
S103372,False,25,Document Mismatch
S103373,False,3,None
S103374,False,61,Document Mismatch
S103375,True,97,None
S103376,True,97,None
S103377,False,57,Fake Address
S103378,False,80,None
S103379,True,100,Fake Address
S103380,False,23,Fake Address
S103381,False,8,Multiple Accounts
S103382,False,73,Fake Address
S103383,False,37,Multiple Accounts
S103384,True,87,Fake Address
S103385,False,73,Multiple Accounts
S103386,False,83,Multiple Accounts
S103387,False,34,Multiple Accounts
S103388,False,53,None
S103389,False,66,Multiple Accounts
S103390,False,45,Document Mismatch
S103391,False,33,None
S103392,False,76,Document Mismatch
S103393,False,76,Multiple Accounts
S103394,False,40,Document Mismatch
S103395,False,53,Multiple Accounts
S103396,False,35,Fake Address
S103397,False,43,Multiple Accounts
S103398,True,97,Multiple Accounts
S103399,True,99,Fake Address
S103400,False,48,None
S103401,False,19,Multiple Accounts
S103402,False,17,Fake Address
S103403,False,14,Document Mismatch
S103404,False,79,None
S103405,False,7,Multiple Accounts
S103406,False,31,Document Mismatch
S103407,False,39,None
S103408,False,61,None
S103409,False,71,Multiple Accounts
S103410,False,52,Document Mismatch
S103411,False,40,None
S103412,False,74,Fake Address
S103413,False,67,Fake Address
S103414,False,1,None
S103415,False,33,Multiple Accounts
S103416,False,21,Multiple Accounts
S103417,False,26,None
S103418,False,37,Document Mismatch
S103419,False,80,Fake Address
S103420,False,43,Multiple Accounts
S103421,False,4,None
S103422,False,14,Fake Address
S103423,False,62,None
S103424,False,60,Multiple Accounts
S103425,False,19,Multiple Accounts
S103426,False,52,Multiple Accounts
S103427,False,8,Fake Address
S103428,False,54,Multiple Accounts
S103429,True,87,Multiple Accounts
S103430,True,91,None
S103431,False,68,Multiple Accounts
S103432,True,87,Document Mismatch
S103433,False,38,Multiple Accounts
S103434,True,98,Fake Address
S103435,False,11,None
S103436,False,49,Fake Address
S103437,False,40,None
S103438,False,22,Document Mismatch
S103439,False,59,Multiple Accounts
S103440,True,94,None
S103441,False,71,Document Mismatch
S103442,False,24,Document Mismatch
S103443,False,1,None
S103444,False,68,Document Mismatch
S103445,False,17,Multiple Accounts
S103446,False,16,Fake Address
S103447,False,71,Fake Address
S103448,False,85,Document Mismatch
S103449,False,40,Multiple Accounts
S103450,False,28,Fake Address
S103451,False,13,None
S103452,True,86,Fake Address
S103453,False,14,Fake Address
S103454,False,61,None
S103455,False,7,None
S103456,False,61,Multiple Accounts
S103457,False,71,Multiple Accounts
S103458,False,32,Multiple Accounts
S103459,False,51,None
S103460,False,22,Document Mismatch
S103461,False,49,None
S103462,False,3,Fake Address
S103463,False,6,None
S103464,True,100,None
S103465,True,90,None
S103466,False,49,None
S103467,False,22,Document Mismatch
S103468,False,72,Document Mismatch
S103469,False,44,Document Mismatch
S103470,True,99,Document Mismatch
S103471,False,41,Multiple Accounts
S103472,False,1,Multiple Accounts
S103473,False,52,None
S103474,False,73,Fake Address
S103475,False,66,Document Mismatch
S103476,False,40,Multiple Accounts
S103477,True,88,Document Mismatch
S103478,False,24,None
S103479,False,56,Document Mismatch
S103480,False,3,Fake Address
S103481,True,94,Multiple Accounts
S103482,True,99,Fake Address
S103483,False,24,Document Mismatch
S103484,False,56,Multiple Accounts
S103485,False,55,None
S103486,False,47,Multiple Accounts
S103487,False,32,Document Mismatch
S103488,True,89,None
S103489,False,65,Document Mismatch
S103490,False,32,Document Mismatch
S103491,False,83,Fake Address
S103492,False,62,None
S103493,False,7,None
S103494,False,41,None
S103495,False,28,Document Mismatch
S103496,False,27,None
S103497,False,57,None
S103498,False,73,Multiple Accounts
S103499,False,57,Multiple Accounts
S103500,False,13,Multiple Accounts
S103501,True,87,None
S103502,False,33,Fake Address
S103503,False,7,Document Mismatch
S103504,False,66,Document Mismatch
S103505,False,6,None
S103506,False,49,Fake Address
S103507,False,2,Fake Address
S103508,False,25,None
S103509,False,80,None
S103510,False,73,Fake Address
S103511,False,24,Multiple Accounts
S103512,True,91,Document Mismatch
S103513,True,98,Fake Address
S103514,False,62,None
S103515,True,92,None
S103516,False,44,None
S103517,False,65,Multiple Accounts
S103518,False,38,Document Mismatch
S103519,False,70,Multiple Accounts
S103520,True,97,Fake Address
S103521,False,14,Multiple Accounts
S103522,True,98,Fake Address
S103523,False,58,Fake Address
S103524,False,42,Fake Address
S103525,False,47,Multiple Accounts
S103526,False,57,None
S103527,False,61,Fake Address
S103528,False,40,Fake Address
S103529,False,16,Fake Address
S103530,False,3,Fake Address
S103531,False,41,Multiple Accounts
S103532,False,13,Document Mismatch
S103533,True,100,Document Mismatch
S103534,False,69,None
S103535,False,80,Multiple Accounts
S103536,False,37,Fake Address
S103537,False,42,None
S103538,False,73,Multiple Accounts
S103539,False,50,None
S103540,False,61,Multiple Accounts
S103541,True,100,Fake Address
S103542,False,2,Document Mismatch
S103543,False,42,Document Mismatch
S103544,False,28,Fake Address
S103545,True,90,Fake Address
S103546,False,29,Multiple Accounts
S103547,False,65,Document Mismatch
S103548,False,54,Fake Address
S103549,False,15,Fake Address
S103550,False,79,Document Mismatch
S103551,False,71,Document Mismatch
S103552,False,43,Fake Address
S103553,False,70,Document Mismatch
S103554,False,56,Document Mismatch
S103555,False,52,Multiple Accounts
S103556,False,63,Multiple Accounts
S103557,False,32,None
S103558,False,27,Document Mismatch
S103559,False,55,Multiple Accounts
S103560,False,83,Document Mismatch
S103561,True,86,Multiple Accounts
S103562,False,79,None
S103563,False,9,None
S103564,True,90,Document Mismatch
S103565,False,10,Document Mismatch
S103566,False,66,Document Mismatch
S103567,False,16,Multiple Accounts
S103568,False,55,Document Mismatch
S103569,False,61,None
S103570,True,92,None
S103571,False,10,None
S103572,False,23,Multiple Accounts
S103573,False,41,Multiple Accounts
S103574,False,4,Multiple Accounts
S103575,False,70,Fake Address
S103576,False,20,Multiple Accounts
S103577,False,15,None
S103578,False,58,Fake Address
S103579,False,75,Document Mismatch
S103580,False,60,Document Mismatch
S103581,False,47,Document Mismatch
S103582,False,40,Document Mismatch
S103583,True,91,Fake Address
S103584,False,58,Document Mismatch
S103585,False,80,Multiple Accounts
S103586,False,27,Multiple Accounts
S103587,False,67,Document Mismatch
S103588,False,42,Document Mismatch
S103589,False,65,Document Mismatch
S103590,False,7,Document Mismatch
S103591,False,28,Fake Address
S103592,False,68,Multiple Accounts
S103593,True,97,None
S103594,False,1,Document Mismatch
S103595,False,26,Multiple Accounts
S103596,True,98,Fake Address
S103597,False,73,Fake Address
S103598,False,30,Multiple Accounts
S103599,False,76,Multiple Accounts
S103600,False,80,Fake Address
S103601,False,73,None
S103602,False,69,Document Mismatch
S103603,False,45,None
S103604,False,77,Multiple Accounts
S103605,False,23,Document Mismatch
S103606,False,32,Fake Address
S103607,False,70,Fake Address
S103608,False,21,Document Mismatch
S103609,False,10,Document Mismatch
S103610,False,47,None
S103611,False,58,Multiple Accounts
S103612,False,60,Document Mismatch
S103613,False,9,None
S103614,False,2,Fake Address
S103615,False,77,Fake Address
S103616,False,33,Multiple Accounts
S103617,False,34,Multiple Accounts
S103618,False,3,Fake Address
S103619,False,35,Document Mismatch
S103620,False,34,None
S103621,True,86,Document Mismatch
S103622,False,18,Document Mismatch
S103623,False,52,Fake Address
S103624,False,78,Fake Address
S103625,False,66,Multiple Accounts
S103626,True,96,None
S103627,False,14,Document Mismatch
S103628,False,27,Multiple Accounts
S103629,False,50,Multiple Accounts
S103630,False,36,Multiple Accounts
S103631,True,89,None
S103632,True,97,None
S103633,False,71,Fake Address
S103634,False,84,Multiple Accounts
S103635,False,6,Document Mismatch
S103636,True,94,None
S103637,False,6,None
S103638,False,54,Document Mismatch
S103639,True,98,None
S103640,False,83,Document Mismatch
S103641,False,51,Multiple Accounts
S103642,False,49,None
S103643,False,59,Fake Address
S103644,False,65,Fake Address
S103645,False,78,Document Mismatch
S103646,False,19,None
S103647,False,37,None
S103648,False,73,Multiple Accounts
S103649,False,83,Fake Address
S103650,False,55,Document Mismatch
S103651,False,77,Multiple Accounts
S103652,True,89,Document Mismatch
S103653,False,53,None
S103654,False,75,None
S103655,False,39,Document Mismatch
S103656,False,54,None
S103657,False,24,Fake Address
S103658,False,53,Document Mismatch
S103659,False,39,Multiple Accounts
S103660,False,37,None
S103661,False,31,Fake Address
S103662,False,82,None
S103663,False,33,None
S103664,False,31,Fake Address
S103665,False,61,Fake Address
S103666,False,3,Multiple Accounts
S103667,True,94,None
S103668,False,24,Document Mismatch
S103669,False,75,None
S103670,False,34,Fake Address
S103671,False,18,Fake Address
S103672,False,5,None
S103673,False,7,Fake Address
S103674,False,70,Multiple Accounts
S103675,False,21,Document Mismatch
S103676,False,20,Multiple Accounts
S103677,True,100,Multiple Accounts
S103678,False,25,Document Mismatch
S103679,True,98,Document Mismatch
S103680,False,71,Fake Address
S103681,False,85,Multiple Accounts
S103682,False,37,None
S103683,False,40,Document Mismatch
S103684,False,17,Multiple Accounts
S103685,True,87,Document Mismatch
S103686,False,27,Multiple Accounts
S103687,False,68,None
S103688,False,54,None
S103689,False,62,Document Mismatch
S103690,True,89,Document Mismatch
S103691,False,75,Document Mismatch
S103692,False,38,None
S103693,False,76,Document Mismatch
S103694,False,76,Document Mismatch
S103695,True,86,Fake Address
S103696,True,97,Multiple Accounts
S103697,False,7,None
S103698,False,19,Multiple Accounts
S103699,False,15,Document Mismatch
S103700,False,76,Fake Address
S103701,False,14,Fake Address
S103702,False,35,None
S103703,False,7,Fake Address
S103704,False,3,Multiple Accounts
S103705,False,15,Multiple Accounts
S103706,True,88,Document Mismatch
S103707,False,21,None
S103708,False,53,None
S103709,False,56,Multiple Accounts
S103710,True,99,None
S103711,False,14,Multiple Accounts
S103712,False,74,Document Mismatch
S103713,False,40,Document Mismatch
S103714,False,57,Fake Address
S103715,False,52,Multiple Accounts
S103716,False,67,Multiple Accounts
S103717,False,28,Document Mismatch
S103718,False,37,Multiple Accounts
S103719,False,82,Fake Address
S103720,False,59,None
S103721,False,20,Multiple Accounts
S103722,False,44,None
S103723,False,83,None
S103724,False,81,Multiple Accounts
S103725,False,32,Multiple Accounts
S103726,False,43,Multiple Accounts
S103727,True,95,Document Mismatch
S103728,False,22,Fake Address
S103729,False,79,Document Mismatch
S103730,False,40,Fake Address
S103731,True,86,None
S103732,False,22,Fake Address
S103733,False,6,Document Mismatch
S103734,False,70,Multiple Accounts
S103735,False,84,Fake Address
S103736,False,13,Multiple Accounts
S103737,False,82,None
S103738,False,60,Document Mismatch
S103739,False,25,Document Mismatch
S103740,True,91,Multiple Accounts
S103741,True,100,Document Mismatch
S103742,False,17,Fake Address
S103743,False,75,Fake Address
S103744,False,25,None
S103745,True,89,Document Mismatch
S103746,False,69,Fake Address
S103747,False,75,Fake Address
S103748,False,17,Fake Address
S103749,False,15,Document Mismatch
S103750,False,71,Multiple Accounts
S103751,False,35,Document Mismatch
S103752,False,67,Fake Address
S103753,False,63,Fake Address
S103754,False,1,None
S103755,False,6,Multiple Accounts
S103756,False,74,None
S103757,False,53,Document Mismatch
S103758,False,16,Document Mismatch
S103759,False,51,Fake Address
S103760,False,59,Fake Address
S103761,True,95,None
S103762,False,23,Multiple Accounts
S103763,True,96,Document Mismatch
S103764,False,72,None
S103765,False,14,Fake Address
S103766,False,4,Multiple Accounts
S103767,False,8,None
S103768,False,14,Fake Address
S103769,False,54,Multiple Accounts
S103770,False,32,Fake Address
S103771,False,27,Document Mismatch
S103772,False,44,Multiple Accounts
S103773,False,27,Document Mismatch
S103774,False,29,Document Mismatch
S103775,False,48,Multiple Accounts
S103776,False,54,Fake Address
S103777,False,24,Document Mismatch
S103778,False,8,Multiple Accounts
S103779,True,95,Document Mismatch
S103780,True,87,Multiple Accounts
S103781,False,9,Multiple Accounts
S103782,False,47,None
S103783,False,64,None
S103784,False,54,Document Mismatch
S103785,False,8,Document Mismatch
S103786,False,42,None
S103787,False,78,None
S103788,False,20,None
S103789,False,17,None
S103790,False,24,Document Mismatch
S103791,True,87,Document Mismatch
S103792,False,14,Fake Address
S103793,False,30,Multiple Accounts
S103794,True,93,Document Mismatch
S103795,False,1,Fake Address
S103796,False,30,Document Mismatch
S103797,False,65,Document Mismatch
S103798,False,40,None
S103799,False,49,None
S103800,False,39,Multiple Accounts
S103801,False,26,None
S103802,False,40,Document Mismatch
S103803,False,77,None
S103804,False,61,Multiple Accounts
S103805,False,61,Multiple Accounts
S103806,False,5,Document Mismatch
S103807,False,10,Multiple Accounts
S103808,False,75,Fake Address
S103809,False,2,Fake Address
S103810,False,9,Fake Address
S103811,False,82,Multiple Accounts
S103812,False,31,Multiple Accounts
S103813,False,24,Fake Address
S103814,False,16,Multiple Accounts
S103815,False,51,Fake Address
S103816,False,7,Fake Address
S103817,False,65,None
S103818,False,16,Document Mismatch
S103819,False,36,Multiple Accounts
S103820,False,71,Fake Address
S103821,False,47,Document Mismatch
S103822,False,48,Document Mismatch
S103823,False,32,None
S103824,True,94,Multiple Accounts
S103825,False,46,None
S103826,False,32,None
S103827,False,14,Multiple Accounts
S103828,False,65,Multiple Accounts
S103829,False,73,Multiple Accounts
S103830,False,3,Fake Address
S103831,True,100,None
S103832,False,50,Document Mismatch
S103833,True,86,Fake Address
S103834,False,68,Fake Address
S103835,False,22,None
S103836,False,11,None
S103837,False,85,None
S103838,False,84,Fake Address
S103839,False,18,Fake Address
S103840,False,49,None
S103841,False,36,None
S103842,False,63,Fake Address
S103843,False,81,Multiple Accounts
S103844,False,71,Fake Address
S103845,False,80,None
S103846,False,41,None
S103847,False,35,None
S103848,False,43,Multiple Accounts
S103849,False,6,Document Mismatch
S103850,False,49,Fake Address
S103851,False,77,None
S103852,True,90,Fake Address
S103853,False,76,Multiple Accounts
S103854,False,11,Multiple Accounts
S103855,False,7,Fake Address
S103856,False,47,Document Mismatch
S103857,False,83,Document Mismatch
S103858,False,82,Fake Address
S103859,False,14,None
S103860,False,28,Fake Address
S103861,False,18,None
S103862,True,92,Multiple Accounts
S103863,False,74,Document Mismatch
S103864,False,62,Multiple Accounts
S103865,False,82,Fake Address
S103866,False,55,None
S103867,True,98,Multiple Accounts
S103868,False,73,Fake Address
S103869,False,4,Multiple Accounts
S103870,False,68,Multiple Accounts
S103871,False,14,Fake Address
S103872,False,38,Document Mismatch
S103873,False,65,Fake Address
S103874,False,26,Multiple Accounts
S103875,False,82,None
S103876,False,42,None
S103877,False,42,Multiple Accounts
S103878,False,42,None
S103879,False,64,Multiple Accounts
S103880,False,82,None
S103881,False,72,Fake Address
S103882,False,2,Fake Address
S103883,False,11,Fake Address
S103884,False,73,Document Mismatch
S103885,False,68,None
S103886,False,52,Multiple Accounts
S103887,False,1,Fake Address
S103888,False,51,Fake Address
S103889,False,14,None
S103890,False,31,Fake Address
S103891,False,17,Fake Address
S103892,False,5,Fake Address
S103893,False,44,Fake Address
S103894,False,35,None
S103895,False,24,Multiple Accounts
S103896,False,80,Multiple Accounts
S103897,False,81,Multiple Accounts
S103898,False,82,Document Mismatch
S103899,False,31,None
S103900,False,83,Fake Address
S103901,False,23,None
S103902,False,84,Fake Address
S103903,False,21,Document Mismatch
S103904,False,2,None
S103905,False,43,Fake Address
S103906,False,27,Fake Address
S103907,False,9,Multiple Accounts
S103908,False,9,Multiple Accounts
S103909,False,74,None
S103910,True,99,Document Mismatch
S103911,False,70,None
S103912,False,56,Multiple Accounts
S103913,False,27,Fake Address
S103914,False,27,None
S103915,False,27,None
S103916,True,86,None
S103917,False,49,Document Mismatch
S103918,False,48,Multiple Accounts
S103919,False,53,None
S103920,False,59,Document Mismatch
S103921,True,93,Multiple Accounts
S103922,False,61,Multiple Accounts
S103923,False,32,Fake Address
S103924,False,40,Fake Address
S103925,True,99,Multiple Accounts
S103926,False,68,Multiple Accounts
S103927,True,91,None
S103928,False,44,Fake Address
S103929,True,96,Fake Address
S103930,False,28,Fake Address
S103931,False,49,Fake Address
S103932,True,95,Fake Address
S103933,True,100,None
S103934,False,27,Document Mismatch
S103935,False,30,Document Mismatch
S103936,False,58,Document Mismatch
S103937,True,93,Document Mismatch
S103938,False,29,Fake Address
S103939,False,71,Fake Address
S103940,False,20,Multiple Accounts
S103941,False,66,Document Mismatch
S103942,False,49,Document Mismatch
S103943,True,87,None
S103944,False,61,Fake Address
S103945,False,57,Document Mismatch
S103946,False,80,Multiple Accounts
S103947,True,100,Multiple Accounts
S103948,False,29,Document Mismatch
S103949,False,79,Fake Address
S103950,False,70,Document Mismatch
S103951,False,19,Fake Address
S103952,False,37,Fake Address
S103953,False,28,Multiple Accounts
S103954,False,14,Document Mismatch
S103955,False,42,None
S103956,False,4,Multiple Accounts
S103957,True,87,Multiple Accounts
S103958,False,16,None
S103959,False,23,Multiple Accounts
S103960,True,98,Multiple Accounts
S103961,False,51,None
S103962,False,60,None
S103963,False,20,Document Mismatch
S103964,False,63,None
S103965,False,41,Fake Address
S103966,False,24,Multiple Accounts
S103967,False,71,Multiple Accounts
S103968,False,67,Document Mismatch
S103969,False,21,Fake Address
S103970,False,83,None
S103971,False,72,Document Mismatch
S103972,False,51,Document Mismatch
S103973,False,38,Fake Address
S103974,False,74,None
S103975,False,62,None
S103976,False,10,Document Mismatch
S103977,False,2,Multiple Accounts
S103978,False,53,Document Mismatch
S103979,False,51,None
S103980,False,71,None
S103981,False,48,Document Mismatch
S103982,False,62,Fake Address
S103983,False,35,Document Mismatch
S103984,False,64,Multiple Accounts
S103985,False,54,Document Mismatch
S103986,False,46,Document Mismatch
S103987,False,56,Multiple Accounts
S103988,False,24,Fake Address
S103989,False,81,None
S103990,True,100,None
S103991,False,36,None
S103992,False,82,None
S103993,True,98,Document Mismatch
S103994,False,65,Document Mismatch
S103995,False,84,Fake Address
S103996,False,74,Document Mismatch
S103997,False,37,Fake Address
S103998,False,53,None
S103999,False,5,Multiple Accounts
S104000,True,93,Fake Address
S104001,False,50,Fake Address
S104002,False,8,None
S104003,False,73,Fake Address
S104004,False,8,None
S104005,False,51,Multiple Accounts
S104006,False,12,Multiple Accounts
S104007,True,95,Document Mismatch
S104008,False,68,Multiple Accounts
S104009,False,68,Document Mismatch
S104010,False,6,Multiple Accounts
S104011,False,68,Multiple Accounts
S104012,False,32,Fake Address
S104013,False,58,Document Mismatch
S104014,False,71,Document Mismatch
S104015,False,20,Fake Address
S104016,False,48,Document Mismatch
S104017,False,35,Document Mismatch
S104018,False,77,None
S104019,False,6,Fake Address
S104020,False,53,None
S104021,True,88,None
S104022,False,41,Multiple Accounts
S104023,True,100,None
S104024,False,74,Document Mismatch
S104025,False,20,None
S104026,True,91,None
S104027,False,45,Document Mismatch
S104028,False,15,None
S104029,False,9,Multiple Accounts
S104030,False,52,Multiple Accounts
S104031,False,43,Fake Address
S104032,False,82,Multiple Accounts
S104033,True,86,Fake Address
S104034,False,73,None
S104035,False,25,Fake Address
S104036,False,44,Document Mismatch
S104037,False,74,Fake Address
S104038,False,43,Multiple Accounts
S104039,False,47,Fake Address
S104040,False,21,Fake Address
S104041,False,74,Multiple Accounts
S104042,False,66,Fake Address
S104043,False,46,Fake Address
S104044,False,82,None
S104045,False,64,Fake Address
S104046,False,69,Multiple Accounts
S104047,False,11,Document Mismatch
S104048,True,90,None
S104049,False,56,None
S104050,False,38,Fake Address
S104051,False,75,Multiple Accounts
S104052,False,13,None
S104053,False,61,None
S104054,False,13,Document Mismatch
S104055,False,71,None
S104056,False,29,Multiple Accounts
S104057,False,48,None
S104058,False,10,None
S104059,False,37,Multiple Accounts
S104060,False,71,Multiple Accounts
S104061,False,75,Multiple Accounts
S104062,True,99,Document Mismatch
S104063,False,63,Multiple Accounts
S104064,False,14,Multiple Accounts
S104065,True,96,Fake Address
S104066,False,3,Fake Address
S104067,False,75,Multiple Accounts
S104068,False,17,Fake Address
S104069,False,36,Document Mismatch
S104070,True,92,Fake Address
S104071,True,93,Document Mismatch
S104072,False,23,Multiple Accounts
S104073,False,31,Fake Address
S104074,False,53,Multiple Accounts
S104075,False,13,Document Mismatch
S104076,False,59,Multiple Accounts
S104077,False,84,Multiple Accounts
S104078,False,42,Fake Address
S104079,False,41,Multiple Accounts
S104080,True,90,Fake Address
S104081,False,20,None
S104082,False,49,Document Mismatch
S104083,False,60,Document Mismatch
S104084,False,49,Document Mismatch
S104085,False,29,Multiple Accounts
S104086,False,26,None
S104087,False,37,Fake Address
S104088,False,44,Document Mismatch
S104089,False,29,Multiple Accounts
S104090,False,75,Fake Address
S104091,False,77,None
S104092,False,2,Multiple Accounts
S104093,False,35,None
S104094,False,64,Document Mismatch
S104095,True,96,None
S104096,False,85,Fake Address
S104097,False,3,Multiple Accounts
S104098,True,97,None
S104099,False,78,Fake Address
S104100,False,32,None
S104101,False,76,Multiple Accounts
S104102,False,48,Multiple Accounts
S104103,True,100,None
S104104,False,8,None
S104105,False,45,Multiple Accounts
S104106,False,56,Fake Address
S104107,True,88,None
S104108,False,69,Multiple Accounts
S104109,False,34,Document Mismatch
S104110,False,23,Multiple Accounts
S104111,False,3,Document Mismatch
S104112,False,4,Document Mismatch
S104113,False,53,Multiple Accounts
S104114,False,39,Fake Address
S104115,False,68,Document Mismatch
S104116,True,91,Document Mismatch
S104117,False,77,Document Mismatch
S104118,False,78,Document Mismatch
S104119,False,65,Document Mismatch
S104120,False,20,Fake Address
S104121,False,58,None
S104122,False,11,Multiple Accounts
S104123,False,21,Multiple Accounts
S104124,False,27,Multiple Accounts
S104125,False,20,Fake Address
S104126,True,99,Multiple Accounts
S104127,False,44,Fake Address
S104128,False,50,Fake Address
S104129,False,14,Multiple Accounts
S104130,False,71,Fake Address
S104131,False,55,Fake Address
S104132,False,50,Fake Address
S104133,False,58,Fake Address
S104134,False,79,Multiple Accounts
S104135,False,36,None
S104136,False,7,Fake Address
S104137,False,78,Multiple Accounts
S104138,True,98,Document Mismatch
S104139,True,100,Fake Address
S104140,False,7,Fake Address
S104141,False,7,None
S104142,False,14,Multiple Accounts
S104143,False,15,None
S104144,False,36,Multiple Accounts
S104145,False,4,None
S104146,False,36,Fake Address
S104147,False,73,Multiple Accounts
S104148,False,81,None
S104149,False,29,Document Mismatch
S104150,False,40,Multiple Accounts
S104151,False,20,Fake Address
S104152,False,61,Fake Address
S104153,True,94,Document Mismatch
S104154,False,6,None
S104155,False,42,None
S104156,False,59,None
S104157,False,43,Multiple Accounts
S104158,False,58,None
S104159,False,57,None
S104160,False,56,Document Mismatch
S104161,False,50,None
S104162,False,6,Document Mismatch
S104163,True,95,Document Mismatch
S104164,False,36,Fake Address
S104165,False,78,Multiple Accounts
S104166,False,16,Multiple Accounts
S104167,True,90,Document Mismatch
S104168,False,45,None
S104169,True,93,Multiple Accounts
S104170,False,43,Multiple Accounts
S104171,False,15,Fake Address
S104172,False,30,Fake Address
S104173,False,32,Fake Address
S104174,False,23,Fake Address
S104175,False,1,Multiple Accounts
S104176,False,55,Multiple Accounts
S104177,False,15,Multiple Accounts
S104178,False,53,Multiple Accounts
S104179,True,91,None
S104180,False,7,Multiple Accounts
S104181,False,69,Multiple Accounts
S104182,False,34,None
S104183,False,59,None
S104184,False,55,Multiple Accounts
S104185,False,41,Fake Address
S104186,True,92,Document Mismatch
S104187,False,21,Multiple Accounts
S104188,False,31,Document Mismatch
S104189,False,18,Multiple Accounts
S104190,True,94,Document Mismatch
S104191,False,52,Multiple Accounts
S104192,False,7,Document Mismatch
S104193,False,22,Fake Address
S104194,False,33,Fake Address
S104195,True,95,None
S104196,False,64,Document Mismatch
S104197,False,35,None
S104198,False,55,Document Mismatch
S104199,False,16,Document Mismatch
S104200,False,42,Fake Address
S104201,False,3,None
S104202,False,75,None
S104203,False,14,Multiple Accounts
S104204,False,29,Fake Address
S104205,False,2,Multiple Accounts
S104206,False,55,Document Mismatch
S104207,False,66,Fake Address
S104208,False,77,Fake Address
S104209,True,90,None
S104210,False,63,Multiple Accounts
S104211,False,55,None
S104212,False,66,Multiple Accounts
S104213,False,76,Document Mismatch
S104214,False,21,None
S104215,False,3,Document Mismatch
S104216,True,96,None
S104217,True,95,Document Mismatch
S104218,False,20,Document Mismatch
S104219,False,11,Document Mismatch
S104220,False,2,None
S104221,False,15,None
S104222,False,67,Fake Address
S104223,False,57,Multiple Accounts
S104224,False,8,Multiple Accounts
S104225,False,74,Multiple Accounts
S104226,True,97,Document Mismatch
S104227,False,43,Document Mismatch
S104228,False,82,Multiple Accounts
S104229,False,12,Fake Address
S104230,False,66,Document Mismatch
S104231,False,13,None
S104232,False,10,None
S104233,False,54,Multiple Accounts
S104234,False,17,Fake Address
S104235,False,70,None
S104236,False,52,Document Mismatch
S104237,True,94,Document Mismatch
S104238,False,43,Fake Address
S104239,False,15,Fake Address
S104240,False,63,Document Mismatch
S104241,False,4,Document Mismatch
S104242,False,22,Document Mismatch
S104243,False,51,Document Mismatch
S104244,False,41,Fake Address
S104245,False,19,None
S104246,False,1,None
S104247,False,34,None
S104248,False,17,Document Mismatch
S104249,False,71,Multiple Accounts
S104250,False,46,Multiple Accounts
S104251,False,8,None
S104252,False,35,Document Mismatch
S104253,False,83,None
S104254,False,76,Fake Address
S104255,False,39,None
S104256,True,97,Fake Address
S104257,True,95,Document Mismatch
S104258,False,27,Multiple Accounts
S104259,False,61,Multiple Accounts
S104260,False,32,Multiple Accounts
S104261,False,6,Multiple Accounts
S104262,True,99,None
S104263,False,44,Fake Address
S104264,False,67,None
S104265,False,26,None
S104266,False,6,Fake Address
S104267,False,35,Fake Address
S104268,False,65,Document Mismatch
S104269,False,69,Fake Address
S104270,False,34,Document Mismatch
S104271,True,87,None
S104272,False,53,Document Mismatch
S104273,False,40,Document Mismatch
S104274,False,61,Multiple Accounts
S104275,False,54,Multiple Accounts
S104276,False,36,Document Mismatch
S104277,True,87,Document Mismatch
S104278,False,42,Multiple Accounts
S104279,False,82,None
S104280,True,92,Multiple Accounts
S104281,False,75,Document Mismatch
S104282,False,42,Fake Address
S104283,False,18,Document Mismatch
S104284,False,7,Multiple Accounts
S104285,True,98,None
S104286,False,81,Document Mismatch
S104287,False,16,None
S104288,False,74,None
S104289,False,28,None
S104290,False,55,None
S104291,False,24,Multiple Accounts
S104292,True,90,Document Mismatch
S104293,False,82,Multiple Accounts
S104294,False,18,Fake Address
S104295,False,34,Document Mismatch
S104296,False,48,Multiple Accounts
S104297,False,52,None
S104298,False,45,None
S104299,True,89,Multiple Accounts
S104300,False,58,Document Mismatch
S104301,False,83,Fake Address
S104302,False,70,Multiple Accounts
S104303,False,47,Fake Address
S104304,False,81,Fake Address
S104305,False,32,Fake Address
S104306,False,33,Fake Address
S104307,False,35,Multiple Accounts
S104308,False,24,Document Mismatch
S104309,False,83,Multiple Accounts
S104310,False,53,Multiple Accounts
S104311,False,33,Document Mismatch
S104312,False,43,Document Mismatch
S104313,False,6,Multiple Accounts
S104314,False,74,Document Mismatch
S104315,True,97,Fake Address
S104316,False,55,Document Mismatch
S104317,False,4,None
S104318,False,66,None
S104319,False,15,None
S104320,True,97,Multiple Accounts
S104321,False,55,Multiple Accounts
S104322,True,88,Fake Address
S104323,False,53,Fake Address
S104324,False,21,Fake Address
S104325,True,93,Fake Address
S104326,False,13,Document Mismatch
S104327,False,62,None
S104328,False,63,None
S104329,True,97,Fake Address
S104330,False,74,None
S104331,False,77,Multiple Accounts
S104332,False,36,Fake Address
S104333,True,99,Fake Address
S104334,False,63,None
S104335,False,6,Multiple Accounts
S104336,False,51,None
S104337,False,56,Fake Address
S104338,False,76,Fake Address
S104339,False,9,Multiple Accounts
S104340,False,11,Fake Address
S104341,False,69,Document Mismatch
S104342,False,69,None
S104343,False,37,Multiple Accounts
S104344,False,56,Fake Address
S104345,False,36,None
S104346,False,69,Multiple Accounts
S104347,False,84,None
S104348,False,3,Multiple Accounts
S104349,True,88,None
S104350,True,99,Multiple Accounts
S104351,False,57,Document Mismatch
S104352,False,81,Multiple Accounts
S104353,False,14,Document Mismatch
S104354,False,32,Document Mismatch
S104355,False,84,None
S104356,False,30,Multiple Accounts
S104357,False,51,Multiple Accounts
S104358,False,73,Fake Address
S104359,True,97,Multiple Accounts
S104360,False,26,Multiple Accounts
S104361,True,89,Document Mismatch
S104362,False,58,Multiple Accounts
S104363,False,63,Fake Address
S104364,False,41,Fake Address
S104365,False,15,Document Mismatch
S104366,True,87,Fake Address
S104367,False,78,None
S104368,False,29,Fake Address
S104369,False,41,None
S104370,True,95,Multiple Accounts
S104371,False,28,Fake Address
S104372,False,73,Document Mismatch
S104373,False,16,Multiple Accounts
S104374,False,25,Document Mismatch
S104375,False,44,Multiple Accounts
S104376,True,89,None
S104377,False,71,Multiple Accounts
S104378,True,86,Multiple Accounts
S104379,True,87,Multiple Accounts
S104380,False,74,Fake Address
S104381,True,86,Fake Address
S104382,False,22,None
S104383,False,17,Fake Address
S104384,False,30,None
S104385,False,13,Document Mismatch
S104386,False,18,Fake Address
S104387,False,35,Fake Address
S104388,False,31,Multiple Accounts
S104389,False,15,Document Mismatch
S104390,False,85,Multiple Accounts
S104391,False,31,Document Mismatch
S104392,False,20,Document Mismatch
S104393,False,61,Fake Address
S104394,False,9,Fake Address
S104395,True,87,Document Mismatch
S104396,False,58,Document Mismatch
S104397,False,12,None
S104398,True,97,Fake Address
S104399,False,12,Fake Address
S104400,False,70,Document Mismatch
S104401,False,77,Multiple Accounts
S104402,False,25,None
S104403,False,51,Document Mismatch
S104404,True,100,Fake Address
S104405,True,98,None
S104406,False,19,None
S104407,False,30,Fake Address
S104408,False,2,Multiple Accounts
S104409,False,25,Fake Address
S104410,False,34,None
S104411,True,87,Document Mismatch
S104412,False,83,Fake Address
S104413,False,18,Document Mismatch
S104414,False,83,Fake Address
S104415,False,37,Document Mismatch
S104416,False,27,Multiple Accounts
S104417,False,25,Document Mismatch
S104418,False,59,Fake Address
S104419,False,30,Multiple Accounts
S104420,False,70,None
S104421,False,55,None
S104422,True,90,Fake Address
S104423,False,3,Multiple Accounts
S104424,False,59,None
S104425,False,40,Fake Address
S104426,False,39,Fake Address
S104427,True,97,Multiple Accounts
S104428,False,10,Fake Address
S104429,True,97,Multiple Accounts
S104430,True,94,Fake Address
S104431,False,22,Document Mismatch
S104432,True,92,Document Mismatch
S104433,False,49,Multiple Accounts
S104434,False,84,Document Mismatch
S104435,False,10,Document Mismatch
S104436,False,65,Multiple Accounts
S104437,True,90,Fake Address
S104438,True,91,Document Mismatch
S104439,False,75,Document Mismatch
S104440,True,90,Multiple Accounts
S104441,False,73,None
S104442,False,30,Fake Address
S104443,False,22,Multiple Accounts
S104444,False,77,Fake Address
S104445,True,91,Multiple Accounts
S104446,True,100,None
S104447,False,48,Multiple Accounts
S104448,False,49,Document Mismatch
S104449,False,72,Multiple Accounts
S104450,False,57,Multiple Accounts
S104451,False,11,Fake Address
S104452,False,63,Document Mismatch
S104453,True,93,Multiple Accounts
S104454,False,70,None
S104455,False,72,Document Mismatch
S104456,False,7,None
S104457,True,92,Fake Address
S104458,True,98,Multiple Accounts
S104459,True,86,Fake Address
S104460,False,53,Fake Address
S104461,False,44,Fake Address
S104462,True,97,Document Mismatch
S104463,True,95,Multiple Accounts
S104464,False,37,Fake Address
S104465,True,89,Multiple Accounts
S104466,False,42,Document Mismatch
S104467,False,1,None
S104468,False,16,Fake Address
S104469,False,65,Fake Address
S104470,False,7,Fake Address
S104471,False,19,None
S104472,False,35,None
S104473,False,7,Document Mismatch
S104474,False,32,Document Mismatch
S104475,True,94,Document Mismatch
S104476,False,57,Document Mismatch
S104477,False,61,Document Mismatch
S104478,False,81,Document Mismatch
S104479,False,67,Multiple Accounts
S104480,False,20,None
S104481,False,81,Multiple Accounts
S104482,False,46,Multiple Accounts
S104483,False,21,Multiple Accounts
S104484,False,21,Document Mismatch
S104485,False,73,None
S104486,True,98,Fake Address
S104487,False,75,Document Mismatch
S104488,False,81,Multiple Accounts
S104489,False,73,Document Mismatch
S104490,False,58,None
S104491,False,43,None
S104492,False,74,Document Mismatch
S104493,True,89,Fake Address
S104494,False,6,Multiple Accounts
S104495,False,54,None
S104496,False,62,Multiple Accounts
S104497,False,6,None
S104498,False,49,Multiple Accounts
S104499,False,1,None
S104500,False,73,None
S104501,False,38,None
S104502,False,62,Fake Address
S104503,False,61,Fake Address
S104504,False,71,Document Mismatch
S104505,False,31,Multiple Accounts
S104506,False,48,Multiple Accounts
S104507,False,47,Multiple Accounts
S104508,False,44,None
S104509,False,12,None
S104510,True,95,Multiple Accounts
S104511,False,75,Fake Address
S104512,False,30,Fake Address
S104513,False,40,Multiple Accounts
S104514,False,22,Multiple Accounts
S104515,False,83,Document Mismatch
S104516,False,3,Multiple Accounts
S104517,False,17,Document Mismatch
S104518,False,4,Fake Address
S104519,False,70,Multiple Accounts
S104520,False,26,Multiple Accounts
S104521,False,13,None
S104522,False,4,Multiple Accounts
S104523,False,3,Multiple Accounts
S104524,False,57,Document Mismatch
S104525,False,62,Fake Address
S104526,False,41,Multiple Accounts
S104527,False,24,None
S104528,True,86,Multiple Accounts
S104529,False,13,Fake Address
S104530,False,5,None
S104531,False,11,Multiple Accounts
S104532,False,2,Fake Address
S104533,True,97,None
S104534,False,62,None
S104535,False,16,Document Mismatch
S104536,False,49,Document Mismatch
S104537,False,20,None
S104538,False,5,None
S104539,False,49,None
S104540,True,95,Document Mismatch
S104541,False,71,Document Mismatch
S104542,False,14,Fake Address
S104543,False,78,Multiple Accounts
S104544,False,72,Multiple Accounts
S104545,False,79,Multiple Accounts
S104546,False,10,Document Mismatch
S104547,False,8,Multiple Accounts
S104548,False,56,None
S104549,True,90,Multiple Accounts
S104550,False,15,Document Mismatch
S104551,False,48,Multiple Accounts
S104552,False,75,None
S104553,False,37,Document Mismatch
S104554,False,36,None
S104555,False,54,None
S104556,False,72,Document Mismatch
S104557,False,10,Document Mismatch
S104558,True,96,Fake Address
S104559,False,32,Document Mismatch
S104560,False,12,Fake Address
S104561,False,17,None
S104562,False,78,Multiple Accounts
S104563,False,8,Document Mismatch
S104564,False,17,Multiple Accounts
S104565,True,95,Fake Address
S104566,False,80,Fake Address
S104567,False,14,Document Mismatch
S104568,False,62,Fake Address
S104569,False,39,Fake Address
S104570,False,76,Document Mismatch
S104571,False,82,None
S104572,False,53,None
S104573,False,48,Fake Address
S104574,False,2,None
S104575,False,74,None
S104576,True,88,Fake Address
S104577,True,87,Multiple Accounts
S104578,True,88,Multiple Accounts
S104579,False,14,Document Mismatch
S104580,False,53,None
S104581,False,81,None
S104582,False,11,Fake Address
S104583,False,70,None
S104584,False,76,Multiple Accounts
S104585,False,69,Multiple Accounts
S104586,False,43,Document Mismatch
S104587,False,28,Document Mismatch
S104588,False,23,Fake Address
S104589,False,52,Fake Address
S104590,True,98,Fake Address
S104591,True,95,Fake Address
S104592,True,98,None
S104593,False,52,Fake Address
S104594,False,49,Document Mismatch
S104595,False,17,None
S104596,False,37,Multiple Accounts
S104597,False,83,Fake Address
S104598,False,80,None
S104599,False,7,Multiple Accounts
S104600,False,53,Document Mismatch
S104601,False,67,None
S104602,False,78,Fake Address
S104603,False,57,Multiple Accounts
S104604,False,26,Multiple Accounts
S104605,False,46,Multiple Accounts
S104606,False,53,Document Mismatch
S104607,True,91,Document Mismatch
S104608,False,45,Multiple Accounts
S104609,False,23,Document Mismatch
S104610,False,54,None
S104611,True,87,None
S104612,False,14,Multiple Accounts
S104613,False,71,Multiple Accounts
S104614,False,6,None
S104615,False,5,Document Mismatch
S104616,False,22,Document Mismatch
S104617,True,100,Document Mismatch
S104618,False,45,Document Mismatch
S104619,False,45,None
S104620,False,17,Multiple Accounts
S104621,False,33,Document Mismatch
S104622,False,9,Multiple Accounts
S104623,False,26,Multiple Accounts
S104624,False,53,Fake Address
S104625,False,34,Multiple Accounts
S104626,False,62,None
S104627,False,66,None
S104628,False,44,Document Mismatch
S104629,False,78,Document Mismatch
S104630,False,43,Fake Address
S104631,False,82,Document Mismatch
S104632,False,28,Fake Address
S104633,False,15,Document Mismatch
S104634,False,63,None
S104635,False,27,None
S104636,False,75,Fake Address
S104637,False,21,Fake Address
S104638,True,99,None
S104639,False,45,None
S104640,False,1,Multiple Accounts
S104641,False,80,Fake Address
S104642,False,69,Document Mismatch
S104643,False,59,Document Mismatch
S104644,False,10,Fake Address
S104645,False,63,Multiple Accounts
S104646,False,73,Multiple Accounts
S104647,False,9,Document Mismatch
S104648,False,70,Multiple Accounts
S104649,False,59,None
S104650,False,18,None
S104651,False,56,None
S104652,False,20,Document Mismatch
S104653,False,26,Document Mismatch
S104654,True,88,None
S104655,False,29,Document Mismatch
S104656,False,1,Document Mismatch
S104657,False,70,Fake Address
S104658,False,61,None
S104659,False,28,None
S104660,False,2,None
S104661,True,87,Document Mismatch
S104662,False,42,Fake Address
S104663,False,17,Multiple Accounts
S104664,True,95,Fake Address
S104665,False,6,None
S104666,False,33,Multiple Accounts
S104667,False,61,None
S104668,False,7,Multiple Accounts
S104669,False,31,Fake Address
S104670,False,29,Document Mismatch
S104671,False,46,Document Mismatch
S104672,False,61,Fake Address
S104673,True,100,Multiple Accounts
S104674,False,70,Fake Address
S104675,True,90,Document Mismatch
S104676,False,56,Multiple Accounts
S104677,False,69,None
S104678,False,30,Document Mismatch
S104679,False,25,None
S104680,False,49,None
S104681,False,67,Fake Address
S104682,True,91,Fake Address
S104683,False,50,Multiple Accounts
S104684,False,82,Multiple Accounts
S104685,False,85,Fake Address
S104686,False,57,None
S104687,False,70,None
S104688,False,24,Fake Address
S104689,True,99,Fake Address
S104690,False,31,Document Mismatch
S104691,True,99,None
S104692,False,63,Multiple Accounts
S104693,False,78,Document Mismatch
S104694,True,91,Multiple Accounts
S104695,False,24,None
S104696,False,67,Fake Address
S104697,False,63,Fake Address
S104698,False,83,None
S104699,False,82,None
S104700,False,46,Fake Address
S104701,False,62,Multiple Accounts
S104702,False,13,None
S104703,False,8,Document Mismatch
S104704,False,51,None
S104705,False,25,Multiple Accounts
S104706,False,7,Multiple Accounts
S104707,False,75,Fake Address
S104708,True,90,None
S104709,False,69,None
S104710,True,88,Document Mismatch
S104711,False,21,Document Mismatch
S104712,False,30,Fake Address
S104713,False,33,None
S104714,False,16,Document Mismatch
S104715,False,40,Document Mismatch
S104716,False,13,Document Mismatch
S104717,True,100,Multiple Accounts
S104718,False,1,Fake Address
S104719,False,1,Fake Address
S104720,False,22,None
S104721,True,99,Document Mismatch
S104722,True,90,None
S104723,False,64,Document Mismatch
S104724,False,45,None
S104725,True,87,None
S104726,False,22,Fake Address
S104727,True,90,Document Mismatch
S104728,False,78,Document Mismatch
S104729,False,66,Fake Address
S104730,True,95,Fake Address
S104731,True,87,Multiple Accounts
S104732,True,86,Fake Address
S104733,False,7,None
S104734,False,47,None
S104735,False,11,Document Mismatch
S104736,False,2,Fake Address
S104737,True,94,None
S104738,False,50,None
S104739,False,50,Fake Address
S104740,False,73,Fake Address
S104741,True,98,Multiple Accounts
S104742,True,90,Multiple Accounts
S104743,False,27,None
S104744,False,60,None
S104745,False,75,None
S104746,False,33,Multiple Accounts
S104747,True,92,Fake Address
S104748,False,76,Document Mismatch
S104749,False,21,Document Mismatch
S104750,False,55,Document Mismatch
S104751,False,38,None
S104752,False,2,Multiple Accounts
S104753,False,84,Document Mismatch
S104754,False,28,Fake Address
S104755,False,8,Multiple Accounts
S104756,False,77,Multiple Accounts
S104757,False,42,Multiple Accounts
S104758,False,24,Document Mismatch
S104759,False,52,None
S104760,False,22,Multiple Accounts
S104761,False,65,Multiple Accounts
S104762,False,36,Fake Address
S104763,False,30,Fake Address
S104764,True,87,Document Mismatch
S104765,False,47,None
S104766,False,33,None
S104767,False,15,Multiple Accounts
S104768,False,26,Fake Address
S104769,False,31,Multiple Accounts
S104770,False,52,Multiple Accounts
S104771,True,88,Fake Address
S104772,False,22,Document Mismatch
S104773,False,27,Fake Address
S104774,False,17,Multiple Accounts
S104775,False,9,None
S104776,False,51,None
S104777,False,76,Document Mismatch
S104778,False,60,Multiple Accounts
S104779,False,74,Fake Address
S104780,True,90,Multiple Accounts
S104781,False,37,Multiple Accounts
S104782,False,24,None
S104783,False,70,Multiple Accounts
S104784,False,81,Document Mismatch
S104785,False,34,Document Mismatch
S104786,False,36,Fake Address
S104787,False,10,Multiple Accounts
S104788,False,10,Multiple Accounts
S104789,False,43,Fake Address
S104790,False,39,Document Mismatch
S104791,False,31,Document Mismatch
S104792,False,3,Document Mismatch
S104793,True,87,Multiple Accounts
S104794,False,39,None
S104795,False,63,Multiple Accounts
S104796,False,61,Multiple Accounts
S104797,False,1,None
S104798,False,64,Multiple Accounts
S104799,False,31,Fake Address
S104800,True,93,Document Mismatch
S104801,True,95,None
S104802,True,92,None
S104803,False,74,Document Mismatch
S104804,False,19,Multiple Accounts
S104805,False,25,None
S104806,False,3,None
S104807,False,1,Document Mismatch
S104808,False,56,Document Mismatch
S104809,False,85,Multiple Accounts
S104810,False,71,Fake Address
S104811,False,62,Multiple Accounts
S104812,False,42,Document Mismatch
S104813,False,79,Document Mismatch
S104814,False,20,Fake Address
S104815,False,37,Fake Address
S104816,False,63,Document Mismatch
S104817,False,82,Document Mismatch
S104818,True,90,Fake Address
S104819,False,54,Document Mismatch
S104820,False,83,Document Mismatch
S104821,False,80,Document Mismatch
S104822,True,87,Document Mismatch
S104823,True,93,Fake Address
S104824,False,42,Document Mismatch
S104825,True,89,None
S104826,False,49,Document Mismatch
S104827,False,69,None
S104828,False,23,Document Mismatch
S104829,False,16,Multiple Accounts
S104830,False,64,Fake Address
S104831,False,8,Document Mismatch
S104832,False,6,None
S104833,False,44,Document Mismatch
S104834,False,30,Multiple Accounts
S104835,False,65,Fake Address
S104836,False,38,Fake Address
S104837,False,56,Fake Address
S104838,True,99,None
S104839,False,6,Fake Address
S104840,False,75,Multiple Accounts
S104841,False,73,Fake Address
S104842,False,18,Document Mismatch
S104843,False,46,Document Mismatch
S104844,False,65,None
S104845,False,84,Multiple Accounts
S104846,False,51,Document Mismatch
S104847,False,82,Multiple Accounts
S104848,False,78,Document Mismatch
S104849,True,97,Multiple Accounts
S104850,False,66,Fake Address
S104851,False,63,Fake Address
S104852,True,89,None
S104853,False,62,Multiple Accounts
S104854,False,22,Document Mismatch
S104855,True,86,None
S104856,False,7,Document Mismatch
S104857,False,77,Fake Address
S104858,False,46,None
S104859,False,34,Document Mismatch
S104860,False,52,Fake Address
S104861,False,50,Multiple Accounts
S104862,False,60,Document Mismatch
S104863,False,48,Fake Address
S104864,True,100,Document Mismatch
S104865,False,41,Multiple Accounts
S104866,True,90,Document Mismatch
S104867,False,6,Document Mismatch
S104868,False,84,Multiple Accounts
S104869,False,28,Document Mismatch
S104870,False,77,Multiple Accounts
S104871,False,25,None
S104872,False,51,Multiple Accounts
S104873,False,65,None
S104874,False,7,Fake Address
S104875,False,5,Multiple Accounts
S104876,False,79,None
S104877,False,68,None
S104878,False,38,Document Mismatch
S104879,False,38,Multiple Accounts
S104880,False,69,Multiple Accounts
S104881,False,69,Document Mismatch
S104882,True,98,Multiple Accounts
S104883,False,3,Fake Address
S104884,False,15,Multiple Accounts
S104885,False,11,Fake Address
S104886,False,12,Multiple Accounts
S104887,False,7,None
S104888,False,11,Multiple Accounts
S104889,False,1,Multiple Accounts
S104890,False,75,None
S104891,False,53,None
S104892,False,7,Fake Address
S104893,False,75,Multiple Accounts
S104894,True,99,Multiple Accounts
S104895,False,28,Document Mismatch
S104896,False,85,Multiple Accounts
S104897,False,41,Fake Address
S104898,False,83,Fake Address
S104899,False,39,Document Mismatch
S104900,False,32,Fake Address
S104901,False,45,None
S104902,False,25,Multiple Accounts
S104903,False,21,Document Mismatch
S104904,True,94,Multiple Accounts
S104905,False,35,Document Mismatch
S104906,False,23,Document Mismatch
S104907,False,46,Multiple Accounts
S104908,False,82,Fake Address
S104909,True,95,Multiple Accounts
S104910,False,69,Multiple Accounts
S104911,False,70,Multiple Accounts
S104912,False,19,None
S104913,True,100,Fake Address
S104914,False,60,Fake Address
S104915,False,83,Document Mismatch
S104916,True,100,Multiple Accounts
S104917,False,47,Document Mismatch
S104918,True,100,Multiple Accounts
S104919,False,14,None
S104920,False,43,None
S104921,False,40,None
S104922,False,52,Fake Address
S104923,False,19,Fake Address
S104924,False,44,Multiple Accounts
S104925,False,61,Multiple Accounts
S104926,True,96,None
S104927,False,43,Multiple Accounts
S104928,False,16,Multiple Accounts
S104929,False,48,None
S104930,False,62,Multiple Accounts
S104931,False,47,Multiple Accounts
S104932,True,95,Fake Address
S104933,False,15,Fake Address
S104934,False,53,Multiple Accounts
S104935,False,64,Multiple Accounts
S104936,False,11,None
S104937,False,49,Fake Address
S104938,False,1,None
S104939,False,61,Document Mismatch
S104940,False,56,Multiple Accounts
S104941,False,14,Fake Address
S104942,False,41,Document Mismatch
S104943,False,45,Multiple Accounts
S104944,False,50,Fake Address
S104945,False,31,Document Mismatch
S104946,False,13,Multiple Accounts
S104947,False,74,None
S104948,False,31,Multiple Accounts
S104949,False,71,Fake Address
S104950,True,96,None
S104951,False,19,Document Mismatch
S104952,False,39,Document Mismatch
S104953,False,32,None
S104954,False,72,Document Mismatch
S104955,False,51,Multiple Accounts
S104956,False,43,Document Mismatch
S104957,False,30,Document Mismatch
S104958,False,38,Document Mismatch
S104959,True,96,Multiple Accounts
S104960,False,15,Document Mismatch
S104961,False,2,Multiple Accounts
S104962,False,19,Fake Address
S104963,False,43,Multiple Accounts
S104964,False,65,Multiple Accounts
S104965,False,57,None
S104966,False,24,Fake Address
S104967,False,73,Document Mismatch
S104968,False,7,Document Mismatch
S104969,False,42,Document Mismatch
S104970,False,81,None
S104971,True,93,Fake Address
S104972,False,20,Fake Address
S104973,False,42,Document Mismatch
S104974,False,28,None
S104975,False,20,Multiple Accounts
S104976,True,93,Multiple Accounts
S104977,False,16,Fake Address
S104978,True,98,Fake Address
S104979,False,49,None
S104980,False,64,Fake Address
S104981,True,98,Document Mismatch
S104982,False,29,None
S104983,False,58,Fake Address
S104984,False,49,Multiple Accounts
S104985,False,40,Document Mismatch
S104986,False,24,Multiple Accounts
S104987,True,96,Multiple Accounts
S104988,False,69,Document Mismatch
S104989,False,81,Multiple Accounts
S104990,False,7,Fake Address
S104991,False,56,Document Mismatch
S104992,False,80,Multiple Accounts
S104993,False,73,Multiple Accounts
S104994,True,91,None
S104995,False,6,None
S104996,False,26,None
S104997,False,34,Multiple Accounts
S104998,False,57,None
S104999,False,19,Multiple Accounts
S105000,False,76,Document Mismatch
S105001,False,72,Document Mismatch
S105002,False,81,Fake Address
S105003,False,4,Document Mismatch
S105004,False,8,None
S105005,False,31,Document Mismatch
S105006,False,65,None
S105007,False,31,Multiple Accounts
S105008,False,53,None
S105009,False,62,None
S105010,False,21,Multiple Accounts
S105011,False,5,Fake Address
S105012,False,68,Multiple Accounts
S105013,False,52,None
S105014,False,8,None
S105015,True,100,Multiple Accounts
S105016,False,63,Document Mismatch
S105017,False,84,Multiple Accounts
S105018,True,94,None
S105019,False,32,Fake Address
S105020,False,20,Multiple Accounts
S105021,True,97,None
S105022,False,65,Fake Address
S105023,False,72,None
S105024,False,59,None
S105025,True,92,Document Mismatch
S105026,False,40,Multiple Accounts
S105027,True,86,Multiple Accounts
S105028,False,68,Fake Address
S105029,False,73,Document Mismatch
S105030,True,90,Multiple Accounts
S105031,False,19,None
S105032,False,44,Document Mismatch
S105033,False,21,Document Mismatch
S105034,False,28,Fake Address
S105035,False,36,Document Mismatch
S105036,False,57,None
S105037,True,92,Multiple Accounts
S105038,True,98,Multiple Accounts
S105039,False,13,Fake Address
S105040,False,2,None
S105041,False,14,Document Mismatch
S105042,False,63,Multiple Accounts
S105043,False,6,Document Mismatch
S105044,False,8,Document Mismatch
S105045,False,50,Fake Address
S105046,False,43,Document Mismatch
S105047,False,37,Multiple Accounts
S105048,True,98,Fake Address
S105049,False,82,Multiple Accounts
S105050,False,69,Multiple Accounts
S105051,False,66,None
S105052,False,18,None
S105053,False,64,Multiple Accounts
S105054,False,74,Fake Address
S105055,True,93,Document Mismatch
S105056,True,91,Document Mismatch
S105057,False,1,None
S105058,True,98,Multiple Accounts
S105059,False,41,Document Mismatch
S105060,False,10,Multiple Accounts
S105061,False,24,Fake Address
S105062,False,59,Fake Address
S105063,False,40,Document Mismatch
S105064,False,33,Document Mismatch
S105065,False,1,Document Mismatch
S105066,False,49,Multiple Accounts
S105067,False,85,Fake Address
S105068,False,22,Multiple Accounts
S105069,False,68,Fake Address
S105070,True,89,Multiple Accounts
S105071,False,40,Fake Address
S105072,False,34,Multiple Accounts
S105073,True,97,Multiple Accounts
S105074,False,34,None
S105075,False,72,None
S105076,False,27,Fake Address
S105077,False,28,Multiple Accounts
S105078,False,34,Document Mismatch
S105079,False,24,Document Mismatch
S105080,True,94,Fake Address
S105081,False,33,None
S105082,False,24,Fake Address
S105083,False,2,Document Mismatch
S105084,False,85,Fake Address
S105085,False,56,Document Mismatch
S105086,False,34,None
S105087,False,51,Multiple Accounts
S105088,False,4,Multiple Accounts
S105089,False,58,None
S105090,False,12,Fake Address
S105091,False,52,Multiple Accounts
S105092,False,29,Document Mismatch
S105093,False,33,Multiple Accounts
S105094,False,36,Fake Address
S105095,False,7,Fake Address
S105096,False,32,None
S105097,False,4,Document Mismatch
S105098,False,8,Document Mismatch
S105099,False,4,None
S105100,False,33,Fake Address
S105101,False,77,None
S105102,True,89,Multiple Accounts
S105103,False,4,Document Mismatch
S105104,False,57,None
S105105,False,56,Fake Address
S105106,False,30,Multiple Accounts
S105107,False,58,Multiple Accounts
S105108,False,47,Multiple Accounts
S105109,False,45,Document Mismatch
S105110,False,74,Document Mismatch
S105111,False,65,Fake Address
S105112,False,5,Fake Address
S105113,True,92,Fake Address
S105114,True,98,None
S105115,False,21,None
S105116,False,82,Multiple Accounts
S105117,False,79,None
S105118,False,13,Multiple Accounts
S105119,False,69,None
S105120,False,72,Fake Address
S105121,False,9,Fake Address
S105122,False,64,None
S105123,False,8,None
S105124,True,91,Document Mismatch
S105125,False,54,Multiple Accounts
S105126,False,43,Multiple Accounts
S105127,True,86,Multiple Accounts
S105128,False,20,Document Mismatch
S105129,False,23,Document Mismatch
S105130,False,30,None
S105131,False,35,Fake Address
S105132,False,44,Fake Address
S105133,False,80,None
S105134,False,58,Document Mismatch
S105135,False,27,Multiple Accounts
S105136,False,14,Document Mismatch
S105137,False,31,Fake Address
S105138,False,28,Fake Address
S105139,False,22,Fake Address
S105140,False,77,Document Mismatch
S105141,False,12,Fake Address
S105142,False,76,Fake Address
S105143,False,9,Fake Address
S105144,False,67,Document Mismatch
S105145,False,84,None
S105146,True,98,Fake Address
S105147,False,84,Multiple Accounts
S105148,False,53,Fake Address
S105149,False,10,Multiple Accounts
S105150,True,96,None
S105151,False,35,Document Mismatch
S105152,False,1,Fake Address
S105153,False,73,None
S105154,True,93,None
S105155,False,19,Fake Address
S105156,False,22,Document Mismatch
S105157,False,1,Multiple Accounts
S105158,False,17,Document Mismatch
S105159,False,47,Fake Address
S105160,False,77,Multiple Accounts
S105161,False,78,Fake Address
S105162,False,54,Document Mismatch
S105163,False,58,Fake Address
S105164,False,39,Fake Address
S105165,False,37,None
S105166,True,92,Fake Address
S105167,False,11,None
S105168,False,43,Fake Address
S105169,False,74,Fake Address
S105170,False,76,None
S105171,False,53,None
S105172,False,61,Fake Address
S105173,False,30,Document Mismatch
S105174,False,35,Document Mismatch
S105175,False,31,None
S105176,False,52,Multiple Accounts
S105177,False,77,Multiple Accounts
S105178,False,20,None
S105179,False,63,Fake Address
S105180,False,84,Document Mismatch
S105181,True,92,Multiple Accounts
S105182,False,59,Fake Address
S105183,True,98,Document Mismatch
S105184,False,56,None
S105185,False,84,None
S105186,False,71,Fake Address
S105187,True,100,Fake Address
S105188,False,74,Document Mismatch
S105189,False,56,Fake Address
S105190,False,71,None
S105191,True,88,Document Mismatch
S105192,True,86,Multiple Accounts
S105193,False,68,Multiple Accounts
S105194,True,88,None
S105195,False,19,Multiple Accounts
S105196,False,55,Multiple Accounts
S105197,False,20,None
S105198,False,52,None
S105199,False,39,Multiple Accounts
S105200,False,5,Multiple Accounts
S105201,False,47,Fake Address
S105202,False,18,None
S105203,False,68,Document Mismatch
S105204,False,70,Fake Address
S105205,False,6,None
S105206,False,14,Multiple Accounts
S105207,False,1,Document Mismatch
S105208,False,64,Fake Address
S105209,False,28,Document Mismatch
S105210,False,59,None
S105211,False,44,None
S105212,True,95,Document Mismatch
S105213,False,39,None
S105214,False,76,Fake Address
S105215,True,89,Fake Address
S105216,False,83,Document Mismatch
S105217,False,7,Fake Address
S105218,False,20,Fake Address
S105219,False,9,None
S105220,False,34,Multiple Accounts
S105221,False,73,Multiple Accounts
S105222,False,76,Document Mismatch
S105223,False,84,None
S105224,False,27,None
S105225,False,55,Multiple Accounts
S105226,False,27,Document Mismatch
S105227,False,32,Multiple Accounts
S105228,False,79,Multiple Accounts
S105229,False,2,None
S105230,False,61,Fake Address
S105231,False,14,Fake Address
S105232,False,55,Multiple Accounts
S105233,True,98,Multiple Accounts
S105234,False,69,None
S105235,False,60,None
S105236,False,5,Document Mismatch
S105237,False,7,Fake Address
S105238,False,73,None
S105239,False,3,Document Mismatch
S105240,False,38,Fake Address
S105241,True,88,Multiple Accounts
S105242,False,15,Multiple Accounts
S105243,False,17,Document Mismatch
S105244,False,71,Document Mismatch
S105245,False,65,Fake Address
S105246,False,81,Fake Address
S105247,False,21,Fake Address
S105248,False,28,Document Mismatch
S105249,False,65,Document Mismatch
S105250,False,43,None
S105251,False,85,None
S105252,False,43,None
S105253,False,77,Fake Address
S105254,False,46,Document Mismatch
S105255,False,14,Multiple Accounts
S105256,True,99,Multiple Accounts
S105257,False,46,Fake Address
S105258,False,17,None
S105259,False,60,Multiple Accounts
S105260,True,99,Fake Address
S105261,False,47,None
S105262,False,62,Fake Address
S105263,False,16,None
S105264,False,5,Multiple Accounts
S105265,False,33,Fake Address
S105266,False,75,Fake Address
S105267,True,97,Document Mismatch
S105268,False,60,Multiple Accounts
S105269,True,95,Multiple Accounts
S105270,False,45,Multiple Accounts
S105271,False,84,Multiple Accounts
S105272,False,19,None
S105273,True,87,Fake Address
S105274,False,74,Fake Address
S105275,False,75,Document Mismatch
S105276,False,50,None
S105277,False,64,None
S105278,False,21,None
S105279,False,75,None
S105280,False,68,Document Mismatch
S105281,False,55,None
S105282,False,52,None
S105283,False,67,Document Mismatch
S105284,False,39,Fake Address
S105285,False,43,Fake Address
S105286,False,85,None
S105287,False,74,Document Mismatch
S105288,False,44,Fake Address
S105289,False,19,Multiple Accounts
S105290,False,30,Fake Address
S105291,False,45,Document Mismatch
S105292,False,40,Multiple Accounts
S105293,False,25,Fake Address
S105294,False,4,Multiple Accounts
S105295,False,63,Fake Address
S105296,False,37,Multiple Accounts
S105297,False,3,Multiple Accounts
S105298,False,54,None
S105299,False,24,None
S105300,False,41,Fake Address
S105301,False,63,Multiple Accounts
S105302,False,74,Fake Address
S105303,False,51,Fake Address
S105304,False,73,Document Mismatch
S105305,True,90,Multiple Accounts
S105306,True,96,Multiple Accounts
S105307,False,40,Fake Address
S105308,False,74,Fake Address
S105309,False,81,Multiple Accounts
S105310,False,44,Fake Address
S105311,False,6,Multiple Accounts
S105312,False,9,Multiple Accounts
S105313,False,25,Fake Address
S105314,True,89,Document Mismatch
S105315,False,77,Document Mismatch
S105316,False,9,Fake Address
S105317,False,15,Fake Address
S105318,False,75,Multiple Accounts
S105319,False,5,Fake Address
S105320,False,16,Document Mismatch
S105321,False,39,Fake Address
S105322,False,59,Fake Address
S105323,False,50,Document Mismatch
S105324,False,25,Document Mismatch
S105325,False,80,None
S105326,False,63,None
S105327,False,43,Fake Address
S105328,False,17,None
S105329,False,69,Fake Address
S105330,False,48,Multiple Accounts
S105331,False,84,Document Mismatch
S105332,False,85,Document Mismatch
S105333,False,40,Document Mismatch
S105334,False,25,Fake Address
S105335,False,81,Document Mismatch
S105336,True,91,Multiple Accounts
S105337,False,11,Fake Address
S105338,False,82,Multiple Accounts
S105339,False,8,Multiple Accounts
S105340,False,51,Document Mismatch
S105341,False,70,Document Mismatch
S105342,False,72,Multiple Accounts
S105343,False,69,Multiple Accounts
S105344,False,77,Document Mismatch
S105345,False,51,Document Mismatch
S105346,True,87,Fake Address
S105347,False,70,None
S105348,False,14,Document Mismatch
S105349,False,83,None
S105350,False,54,Multiple Accounts
S105351,False,51,None
S105352,False,66,Multiple Accounts
S105353,False,36,Fake Address
S105354,False,54,Document Mismatch
S105355,False,40,Multiple Accounts
S105356,False,59,Multiple Accounts
S105357,False,36,Multiple Accounts
S105358,True,98,Multiple Accounts
S105359,False,9,Fake Address
S105360,True,99,None
S105361,False,37,Multiple Accounts
S105362,False,52,None
S105363,False,51,Multiple Accounts
S105364,True,86,Fake Address
S105365,False,32,Fake Address
S105366,False,30,Multiple Accounts
S105367,True,92,Multiple Accounts
S105368,False,84,None
S105369,True,87,Multiple Accounts
S105370,False,55,None
S105371,True,95,Document Mismatch
S105372,False,25,Fake Address
S105373,False,76,Fake Address
S105374,True,97,Document Mismatch
S105375,True,91,None
S105376,False,68,None
S105377,False,46,None
S105378,False,83,Document Mismatch
S105379,False,50,None
S105380,True,88,None
S105381,False,35,Document Mismatch
S105382,False,78,None
S105383,False,74,None
S105384,False,72,Document Mismatch
S105385,False,12,Fake Address
S105386,False,32,Multiple Accounts
S105387,False,2,Document Mismatch
S105388,False,66,Multiple Accounts
S105389,False,1,Fake Address
S105390,False,36,Fake Address
S105391,False,62,Document Mismatch
S105392,False,8,Document Mismatch
S105393,False,62,Fake Address
S105394,False,74,None
S105395,False,33,Document Mismatch
S105396,False,21,Document Mismatch
S105397,False,24,Document Mismatch
S105398,False,79,Multiple Accounts
S105399,False,41,Document Mismatch
S105400,False,72,Fake Address
S105401,False,23,Document Mismatch
S105402,False,80,Multiple Accounts
S105403,False,27,Document Mismatch
S105404,False,39,None
S105405,False,55,Document Mismatch
S105406,False,30,None
S105407,False,17,Multiple Accounts
S105408,False,4,Fake Address
S105409,False,6,Multiple Accounts
S105410,True,94,Document Mismatch
S105411,False,69,Document Mismatch
S105412,True,95,None
S105413,False,61,None
S105414,False,30,Multiple Accounts
S105415,True,88,Document Mismatch
S105416,False,30,None
S105417,False,38,Fake Address
S105418,False,49,None
S105419,False,80,None
S105420,False,23,Multiple Accounts
S105421,False,6,None
S105422,False,5,Fake Address
S105423,False,10,None
S105424,False,19,None
S105425,False,69,Multiple Accounts
S105426,True,96,Fake Address
S105427,False,21,Document Mismatch
S105428,False,29,Fake Address
S105429,False,9,Fake Address
S105430,True,97,Fake Address
S105431,False,30,Fake Address
S105432,False,29,Document Mismatch
S105433,False,60,Multiple Accounts
S105434,False,62,None
S105435,True,96,Multiple Accounts
S105436,False,35,Document Mismatch
S105437,False,54,Document Mismatch
S105438,False,31,Multiple Accounts
S105439,True,88,None
S105440,False,28,None
S105441,False,66,Fake Address
S105442,False,37,Document Mismatch
S105443,False,22,None
S105444,False,78,Multiple Accounts
S105445,True,91,Document Mismatch
S105446,False,33,Fake Address
S105447,False,78,Multiple Accounts
S105448,False,9,Fake Address
S105449,False,1,Document Mismatch
S105450,False,81,Document Mismatch
S105451,False,45,Fake Address
S105452,False,35,None
S105453,False,69,Multiple Accounts
S105454,False,72,Document Mismatch
S105455,False,84,Fake Address
S105456,False,55,Document Mismatch
S105457,False,46,Fake Address
S105458,False,6,Document Mismatch
S105459,False,44,Fake Address
S105460,False,70,Document Mismatch
S105461,False,33,None
S105462,True,100,Multiple Accounts
S105463,False,19,None
S105464,False,70,Multiple Accounts
S105465,False,60,Fake Address
S105466,False,41,None
S105467,False,10,None
S105468,False,26,Multiple Accounts
S105469,False,67,Document Mismatch
S105470,False,12,Fake Address
S105471,False,3,Document Mismatch
S105472,False,15,Fake Address
S105473,False,4,Fake Address
S105474,False,20,Fake Address
S105475,False,83,Fake Address
S105476,False,42,Document Mismatch
S105477,False,21,None
S105478,False,55,None
S105479,True,87,None
S105480,False,79,None
S105481,False,53,Multiple Accounts
S105482,False,79,Fake Address
S105483,False,72,Fake Address
S105484,False,45,Multiple Accounts
S105485,False,20,None
S105486,True,94,None
S105487,False,6,None
S105488,False,49,Document Mismatch
S105489,False,2,Multiple Accounts
S105490,False,20,Fake Address
S105491,False,74,Fake Address
S105492,False,65,Multiple Accounts
S105493,False,83,Multiple Accounts
S105494,False,59,Multiple Accounts
S105495,False,17,Document Mismatch
S105496,False,51,Multiple Accounts
S105497,False,11,Document Mismatch
S105498,True,87,None
S105499,True,87,Fake Address
S105500,False,17,Multiple Accounts
S105501,False,19,Multiple Accounts
S105502,False,76,None
S105503,True,94,None
S105504,False,6,Multiple Accounts
S105505,False,43,Fake Address
S105506,False,27,Multiple Accounts
S105507,False,21,None
S105508,False,61,Fake Address
S105509,False,63,None
S105510,False,78,Fake Address
S105511,True,92,Fake Address
S105512,False,27,Multiple Accounts
S105513,False,70,Multiple Accounts
S105514,False,25,Multiple Accounts
S105515,False,79,Document Mismatch
S105516,True,87,Multiple Accounts
S105517,False,23,Multiple Accounts
S105518,False,17,Fake Address
S105519,True,91,Document Mismatch
S105520,False,74,Fake Address
S105521,False,24,Multiple Accounts
S105522,False,54,Fake Address
S105523,False,25,Fake Address
S105524,False,50,Fake Address
S105525,False,44,Fake Address
S105526,False,50,None
S105527,False,27,Multiple Accounts
S105528,True,98,Multiple Accounts
S105529,False,8,Fake Address
S105530,False,54,Multiple Accounts
S105531,False,13,None
S105532,True,93,Fake Address
S105533,False,19,None
S105534,False,55,Fake Address
S105535,False,27,None
S105536,False,74,Multiple Accounts
S105537,False,13,None
S105538,False,27,None
S105539,False,1,Document Mismatch
S105540,False,81,Multiple Accounts
S105541,False,51,Document Mismatch
S105542,False,80,None
S105543,False,61,Document Mismatch
S105544,False,13,Multiple Accounts
S105545,False,73,Document Mismatch
S105546,False,65,Fake Address
S105547,False,23,None
S105548,False,58,Fake Address
S105549,False,64,Fake Address
S105550,False,65,Fake Address
S105551,False,80,None
S105552,False,34,Document Mismatch
S105553,False,14,Multiple Accounts
S105554,False,30,Fake Address
S105555,False,4,Multiple Accounts
S105556,False,14,None
S105557,True,87,Fake Address
S105558,False,59,Document Mismatch
S105559,False,29,None
S105560,False,31,Multiple Accounts
S105561,True,93,Document Mismatch
S105562,False,60,Fake Address
S105563,False,60,Fake Address
S105564,False,52,Document Mismatch
S105565,False,14,Document Mismatch
S105566,False,18,Multiple Accounts
S105567,False,31,None
S105568,False,17,Fake Address
S105569,False,17,Document Mismatch
S105570,False,62,Document Mismatch
S105571,True,100,Multiple Accounts
S105572,False,8,Document Mismatch
S105573,False,27,None
S105574,False,22,Multiple Accounts
S105575,False,85,Multiple Accounts
S105576,False,53,Fake Address
S105577,False,72,Multiple Accounts
S105578,False,27,Multiple Accounts
S105579,False,58,None
S105580,False,46,Multiple Accounts
S105581,False,29,Document Mismatch
S105582,False,24,None
S105583,False,38,None
S105584,False,62,Multiple Accounts
S105585,False,38,Multiple Accounts
S105586,False,69,Document Mismatch
S105587,False,81,Fake Address
S105588,False,77,Multiple Accounts
S105589,False,1,None
S105590,False,55,None
S105591,False,78,None
S105592,True,87,None
S105593,False,81,Document Mismatch
S105594,False,56,None
S105595,False,21,Multiple Accounts
S105596,False,51,Fake Address
S105597,False,17,None
S105598,False,4,Document Mismatch
S105599,True,93,Document Mismatch
S105600,False,26,Fake Address
S105601,True,97,Multiple Accounts
S105602,False,82,Fake Address
S105603,False,63,Multiple Accounts
S105604,False,16,Document Mismatch
S105605,False,19,None
S105606,False,62,Document Mismatch
S105607,False,8,Multiple Accounts
S105608,False,71,None
S105609,False,65,Document Mismatch
S105610,False,82,None
S105611,False,34,Fake Address
S105612,True,98,None
S105613,False,28,Document Mismatch
S105614,True,93,Multiple Accounts
S105615,False,32,Multiple Accounts
S105616,False,81,Multiple Accounts
S105617,False,54,Multiple Accounts
S105618,False,13,Multiple Accounts
S105619,True,95,Fake Address
S105620,False,72,Multiple Accounts
S105621,True,87,None
S105622,False,30,Multiple Accounts
S105623,True,95,None
S105624,False,83,Document Mismatch
S105625,False,82,None
S105626,False,21,Multiple Accounts
S105627,False,32,Multiple Accounts
S105628,False,35,Fake Address
S105629,False,20,Document Mismatch
S105630,False,9,Fake Address
S105631,False,45,Multiple Accounts
S105632,True,89,Multiple Accounts
S105633,True,96,Document Mismatch
S105634,False,1,Multiple Accounts
S105635,False,17,None
S105636,False,79,None
S105637,False,44,Multiple Accounts
S105638,False,44,Document Mismatch
S105639,False,21,Fake Address
S105640,True,94,Fake Address
S105641,False,64,Multiple Accounts
S105642,False,7,Multiple Accounts
S105643,False,45,Multiple Accounts
S105644,False,50,Document Mismatch
S105645,False,80,None
S105646,False,10,Fake Address
S105647,False,54,None
S105648,False,76,Document Mismatch
S105649,False,83,Document Mismatch
S105650,False,9,Fake Address
S105651,False,34,None
S105652,False,81,None
S105653,False,30,Document Mismatch
S105654,False,22,Multiple Accounts
S105655,False,10,Multiple Accounts
S105656,False,20,Multiple Accounts
S105657,False,42,Document Mismatch
S105658,False,41,Document Mismatch
S105659,False,50,Multiple Accounts
S105660,False,60,Document Mismatch
S105661,False,6,None
S105662,False,64,Document Mismatch
S105663,False,61,Multiple Accounts
S105664,False,61,None
S105665,True,93,Document Mismatch
S105666,True,92,Fake Address
S105667,False,16,Multiple Accounts
S105668,False,72,Fake Address
S105669,False,72,Document Mismatch
S105670,False,61,Multiple Accounts
S105671,False,13,Document Mismatch
S105672,False,72,Fake Address
S105673,False,54,None
S105674,False,42,Multiple Accounts
S105675,False,71,Fake Address
S105676,False,22,Fake Address
S105677,False,53,None
S105678,True,93,Multiple Accounts
S105679,False,17,None
S105680,True,87,Fake Address
S105681,False,21,Fake Address
S105682,True,97,Fake Address
S105683,False,8,Fake Address
S105684,False,76,Multiple Accounts
S105685,False,61,None
S105686,False,76,Fake Address
S105687,False,63,Fake Address
S105688,False,32,Fake Address
S105689,False,14,Multiple Accounts
S105690,False,21,None
S105691,False,48,Fake Address
S105692,False,54,Multiple Accounts
S105693,False,27,Multiple Accounts
S105694,False,30,Fake Address
S105695,False,83,None
S105696,False,52,Document Mismatch
S105697,True,91,Fake Address
S105698,True,99,Fake Address
S105699,False,60,Fake Address
S105700,False,22,Fake Address
S105701,True,94,None
S105702,False,68,Document Mismatch
S105703,False,9,Multiple Accounts
S105704,False,11,None
S105705,False,71,Document Mismatch
S105706,False,40,Multiple Accounts
S105707,False,67,Multiple Accounts
S105708,False,81,Document Mismatch
S105709,False,79,None
S105710,False,75,None
S105711,False,33,Fake Address
S105712,False,82,Multiple Accounts
S105713,False,16,None
S105714,False,67,Fake Address
S105715,False,61,Multiple Accounts
S105716,False,11,Document Mismatch
S105717,False,75,None
S105718,False,17,Multiple Accounts
S105719,False,57,None
S105720,False,18,Multiple Accounts
S105721,False,69,Document Mismatch
S105722,False,41,None
S105723,False,84,None
S105724,False,38,None
S105725,False,30,Document Mismatch
S105726,False,70,Fake Address
S105727,False,75,Document Mismatch
S105728,False,57,Multiple Accounts
S105729,False,73,Fake Address
S105730,False,42,None
S105731,False,14,Fake Address
S105732,False,39,Document Mismatch
S105733,False,78,None
S105734,False,45,Document Mismatch
S105735,False,13,Fake Address
S105736,False,45,Fake Address
S105737,False,84,None
S105738,False,11,Document Mismatch
S105739,False,58,Document Mismatch
S105740,False,16,Multiple Accounts
S105741,True,91,Multiple Accounts
S105742,False,53,Multiple Accounts
S105743,False,5,Fake Address
S105744,True,95,None
S105745,True,89,Multiple Accounts
S105746,False,35,Fake Address
S105747,False,19,Document Mismatch
S105748,False,50,Fake Address
S105749,True,91,Multiple Accounts
S105750,False,67,None
S105751,False,59,None
S105752,False,17,Fake Address
S105753,False,26,Fake Address
S105754,False,52,Fake Address
S105755,False,22,None
S105756,False,43,Fake Address
S105757,False,5,None
S105758,False,44,Multiple Accounts
S105759,False,85,None
S105760,False,69,Fake Address
S105761,False,26,None
S105762,False,70,Document Mismatch
S105763,False,64,Fake Address
S105764,True,86,Fake Address
S105765,False,2,Fake Address
S105766,True,94,Fake Address
S105767,True,86,Multiple Accounts
S105768,False,24,Fake Address
S105769,False,6,Document Mismatch
S105770,False,58,None
S105771,False,54,None
S105772,False,74,Multiple Accounts
S105773,False,1,Multiple Accounts
S105774,False,8,Document Mismatch
S105775,False,73,None
S105776,True,100,Document Mismatch
S105777,False,39,Multiple Accounts
S105778,False,67,None
S105779,False,30,None
S105780,False,40,None
S105781,True,86,Multiple Accounts
S105782,False,11,None
S105783,False,25,Multiple Accounts
S105784,False,36,Document Mismatch
S105785,False,4,Fake Address
S105786,False,24,Fake Address
S105787,False,78,Fake Address
S105788,False,76,None
S105789,False,7,Multiple Accounts
S105790,False,71,Multiple Accounts
S105791,True,98,Multiple Accounts
S105792,False,13,Document Mismatch
S105793,False,9,Document Mismatch
S105794,False,44,Multiple Accounts
S105795,False,60,Document Mismatch
S105796,False,50,None
S105797,False,83,None
S105798,False,73,None
S105799,False,81,None
S105800,False,20,Document Mismatch
S105801,False,83,Document Mismatch
S105802,False,84,Document Mismatch
S105803,False,79,None
S105804,False,13,Fake Address
S105805,False,1,Document Mismatch
S105806,False,78,Document Mismatch
S105807,True,93,Document Mismatch
S105808,True,98,None
S105809,False,43,None
S105810,False,32,None
S105811,False,39,None
S105812,False,77,Multiple Accounts
S105813,True,94,Document Mismatch
S105814,False,4,None
S105815,True,94,None
S105816,False,85,Fake Address
S105817,False,35,Multiple Accounts
S105818,False,16,None
S105819,False,40,Fake Address
S105820,False,74,Document Mismatch
S105821,False,37,Multiple Accounts
S105822,False,16,Document Mismatch
S105823,False,36,Document Mismatch
S105824,True,98,None
S105825,True,97,Multiple Accounts
S105826,True,100,Document Mismatch
S105827,False,15,Document Mismatch
S105828,False,79,Multiple Accounts
S105829,False,80,Document Mismatch
S105830,False,35,None
S105831,False,44,Document Mismatch
S105832,False,80,Fake Address
S105833,False,51,Multiple Accounts
S105834,False,47,Fake Address
S105835,True,89,None
S105836,False,40,Document Mismatch
S105837,False,22,Document Mismatch
S105838,True,98,Fake Address
S105839,False,55,Document Mismatch
S105840,False,2,Multiple Accounts
S105841,False,67,None
S105842,True,94,Fake Address
S105843,False,9,None
S105844,False,62,Fake Address
S105845,True,93,Multiple Accounts
S105846,False,73,Document Mismatch
S105847,False,73,Document Mismatch
S105848,False,17,None
S105849,False,37,Fake Address
S105850,True,96,Fake Address
S105851,True,91,Document Mismatch
S105852,False,57,None
S105853,False,4,Document Mismatch
S105854,False,70,Document Mismatch
S105855,False,18,Multiple Accounts
S105856,False,38,Fake Address
S105857,False,78,None
S105858,False,81,Multiple Accounts
S105859,False,6,Multiple Accounts
S105860,False,76,Document Mismatch
S105861,False,82,Document Mismatch
S105862,False,53,None
S105863,False,18,None
S105864,False,20,Multiple Accounts
S105865,False,84,Document Mismatch
S105866,False,11,Multiple Accounts
S105867,False,67,None
S105868,False,33,Fake Address
S105869,True,98,Fake Address
S105870,False,23,Fake Address
S105871,False,36,Fake Address
S105872,False,43,Fake Address
S105873,False,32,None
S105874,False,81,Document Mismatch
S105875,True,87,Multiple Accounts
S105876,True,97,Document Mismatch
S105877,True,100,Fake Address
S105878,False,74,Multiple Accounts
S105879,False,5,Multiple Accounts
S105880,False,17,Document Mismatch
S105881,True,93,Fake Address
S105882,False,3,Multiple Accounts
S105883,False,73,None
S105884,False,19,None
S105885,False,44,Multiple Accounts
S105886,True,89,Document Mismatch
S105887,True,99,None
S105888,False,81,Document Mismatch
S105889,False,64,None
S105890,False,33,Document Mismatch
S105891,True,90,Fake Address
S105892,False,77,Multiple Accounts
S105893,False,78,Fake Address
S105894,False,73,None
S105895,True,98,None
S105896,False,46,Multiple Accounts
S105897,False,6,Multiple Accounts
S105898,False,75,Document Mismatch
S105899,False,15,Document Mismatch
S105900,False,73,Multiple Accounts
S105901,False,75,Fake Address
S105902,False,15,Document Mismatch
S105903,False,43,Document Mismatch
S105904,False,66,None
S105905,False,19,Multiple Accounts
S105906,False,17,Multiple Accounts
S105907,False,19,Document Mismatch
S105908,False,80,Multiple Accounts
S105909,False,64,Multiple Accounts
S105910,True,96,Fake Address
S105911,False,49,Multiple Accounts
S105912,False,26,Fake Address
S105913,False,29,Multiple Accounts
S105914,False,57,Document Mismatch
S105915,False,30,Fake Address
S105916,False,63,Multiple Accounts
S105917,False,11,None
S105918,False,38,Fake Address
S105919,False,7,None
S105920,False,23,Fake Address
S105921,False,19,Document Mismatch
S105922,False,70,None
S105923,False,2,Document Mismatch
S105924,False,42,Document Mismatch
S105925,True,98,Fake Address
S105926,False,62,None
S105927,False,68,Multiple Accounts
S105928,False,33,None
S105929,False,2,Document Mismatch
S105930,False,3,Document Mismatch
S105931,True,92,Fake Address
S105932,False,61,Document Mismatch
S105933,False,60,Document Mismatch
S105934,False,63,None
S105935,True,97,Fake Address
S105936,False,12,Multiple Accounts
S105937,False,61,None
S105938,True,88,Document Mismatch
S105939,False,14,Multiple Accounts
S105940,False,3,Fake Address
S105941,True,89,Fake Address
S105942,False,15,None
S105943,False,54,None
S105944,True,92,Multiple Accounts
S105945,False,77,Fake Address
S105946,True,95,Fake Address
S105947,False,77,Fake Address
S105948,True,97,Fake Address
S105949,True,91,None
S105950,False,43,Document Mismatch
S105951,False,77,None
S105952,False,61,Multiple Accounts
S105953,False,42,Multiple Accounts
S105954,False,15,None
S105955,False,24,None
S105956,False,12,None
S105957,False,32,Multiple Accounts
S105958,False,5,None
S105959,False,30,Document Mismatch
S105960,False,76,Fake Address
S105961,True,93,Multiple Accounts
S105962,False,37,Document Mismatch
S105963,False,74,None
S105964,False,43,Document Mismatch
S105965,False,60,Document Mismatch
S105966,False,32,Multiple Accounts
S105967,False,53,Document Mismatch
S105968,False,54,None
S105969,False,1,Fake Address
S105970,False,49,Multiple Accounts
S105971,True,90,Multiple Accounts
S105972,False,82,Fake Address
S105973,False,47,Fake Address
S105974,False,21,None
S105975,False,62,None
S105976,False,11,Multiple Accounts
S105977,False,67,Multiple Accounts
S105978,False,8,None
S105979,False,20,Document Mismatch
S105980,False,76,Fake Address
S105981,False,40,Fake Address
S105982,False,84,Document Mismatch
S105983,False,72,None
S105984,True,96,None
S105985,False,26,Multiple Accounts
S105986,False,44,Fake Address
S105987,False,69,Document Mismatch
S105988,True,89,Multiple Accounts
S105989,True,95,None
S105990,False,83,None
S105991,False,73,Fake Address
S105992,False,43,None
S105993,True,92,None
S105994,False,32,None
S105995,False,13,Multiple Accounts
S105996,False,50,Multiple Accounts
S105997,False,22,Multiple Accounts
S105998,False,25,None
S105999,False,37,None
S106000,False,50,Document Mismatch
S106001,False,39,None
S106002,False,62,None
S106003,False,22,None
S106004,False,6,Fake Address
S106005,True,91,Fake Address
S106006,False,70,Multiple Accounts
S106007,False,51,Document Mismatch
S106008,False,39,Document Mismatch
S106009,True,91,Multiple Accounts
S106010,False,44,Document Mismatch
S106011,False,36,Fake Address
S106012,False,35,Fake Address
S106013,False,24,None
S106014,False,8,Document Mismatch
S106015,False,16,Multiple Accounts
S106016,False,63,Multiple Accounts
S106017,True,91,Document Mismatch
S106018,False,23,Multiple Accounts
S106019,False,10,Fake Address
S106020,False,42,Fake Address
S106021,False,3,None
S106022,False,62,Fake Address
S106023,False,44,Document Mismatch
S106024,False,57,Multiple Accounts
S106025,False,50,Multiple Accounts
S106026,True,94,Fake Address
S106027,False,57,Multiple Accounts
S106028,False,22,None
S106029,False,40,Fake Address
S106030,True,98,Multiple Accounts
S106031,False,60,Multiple Accounts
S106032,False,51,None
S106033,True,99,Fake Address
S106034,True,93,Document Mismatch
S106035,False,51,Fake Address
S106036,False,47,Fake Address
S106037,False,8,Fake Address
S106038,False,24,Fake Address
S106039,True,93,Multiple Accounts
S106040,False,23,Multiple Accounts
S106041,False,28,Multiple Accounts
S106042,False,10,None
S106043,False,83,Fake Address
S106044,False,30,Fake Address
S106045,False,16,Multiple Accounts
S106046,False,32,Document Mismatch
S106047,False,82,Fake Address
S106048,False,3,Multiple Accounts
S106049,False,79,None
S106050,False,79,Document Mismatch
S106051,False,14,Fake Address
S106052,False,76,None
S106053,False,22,Multiple Accounts
S106054,False,59,Fake Address
S106055,False,81,Document Mismatch
S106056,False,12,Document Mismatch
S106057,False,81,Document Mismatch
S106058,False,81,None
S106059,False,20,Multiple Accounts
S106060,False,62,None
S106061,False,40,Document Mismatch
S106062,True,86,Fake Address
S106063,False,83,Document Mismatch
S106064,True,100,Document Mismatch
S106065,False,1,Fake Address
S106066,False,73,None
S106067,False,46,Document Mismatch
S106068,False,27,Document Mismatch
S106069,False,58,Fake Address
S106070,False,7,Fake Address
S106071,False,55,Fake Address
S106072,False,63,Fake Address
S106073,True,96,None
S106074,False,62,Document Mismatch
S106075,False,58,Multiple Accounts
S106076,False,51,Multiple Accounts
S106077,True,94,Multiple Accounts
S106078,False,41,None
S106079,False,29,Document Mismatch
S106080,False,20,Multiple Accounts
S106081,True,92,Multiple Accounts
S106082,False,53,Fake Address
S106083,False,66,Document Mismatch
S106084,False,12,Document Mismatch
S106085,False,69,None
S106086,False,68,None
S106087,False,38,Multiple Accounts
S106088,False,34,None
S106089,False,79,Fake Address
S106090,False,58,Document Mismatch
S106091,False,47,Fake Address
S106092,False,62,Multiple Accounts
S106093,False,47,Document Mismatch
S106094,False,2,Document Mismatch
S106095,False,26,Document Mismatch
S106096,False,23,Fake Address
S106097,False,12,None
S106098,True,92,Document Mismatch
S106099,False,14,Document Mismatch
S106100,False,64,None
S106101,False,26,Multiple Accounts
S106102,False,1,Multiple Accounts
S106103,False,16,Document Mismatch
S106104,False,46,Document Mismatch
S106105,False,58,Multiple Accounts
S106106,False,27,None
S106107,True,99,Multiple Accounts
S106108,False,46,None
S106109,False,9,None
S106110,False,21,Multiple Accounts
S106111,True,88,Document Mismatch
S106112,False,63,None
S106113,False,8,Fake Address
S106114,False,20,None
S106115,False,52,Fake Address
S106116,False,75,Fake Address
S106117,False,69,Document Mismatch
S106118,False,76,None
S106119,True,86,Document Mismatch
S106120,False,59,Multiple Accounts
S106121,False,16,Multiple Accounts
S106122,False,81,Fake Address
S106123,False,3,Fake Address
S106124,False,16,Fake Address
S106125,False,68,Document Mismatch
S106126,False,55,None
S106127,False,66,None
S106128,False,60,Multiple Accounts
S106129,False,4,Multiple Accounts
S106130,False,63,None
S106131,False,55,Multiple Accounts
S106132,True,99,Multiple Accounts
S106133,False,30,Document Mismatch
S106134,False,35,Multiple Accounts
S106135,False,48,Multiple Accounts
S106136,False,33,Multiple Accounts
S106137,False,53,Multiple Accounts
S106138,False,27,Fake Address
S106139,True,97,None
S106140,True,98,Multiple Accounts
S106141,True,100,None
S106142,True,93,Document Mismatch
S106143,False,2,Multiple Accounts
S106144,False,75,None
S106145,False,3,Multiple Accounts
S106146,False,10,Document Mismatch
S106147,False,3,Fake Address
S106148,False,81,None
S106149,False,66,Fake Address
S106150,True,100,None
S106151,False,26,None
S106152,True,88,Document Mismatch
S106153,True,94,Document Mismatch
S106154,False,66,None
S106155,False,17,Fake Address
S106156,False,18,Multiple Accounts
S106157,False,1,Document Mismatch
S106158,False,84,Multiple Accounts
S106159,False,10,Document Mismatch
S106160,False,29,Fake Address
S106161,False,49,None
S106162,False,61,None
S106163,False,83,None
S106164,True,89,Fake Address
S106165,False,61,None
S106166,False,68,Fake Address
S106167,False,68,Document Mismatch
S106168,False,12,Fake Address
S106169,False,12,Document Mismatch
S106170,False,25,None
S106171,False,82,Fake Address
S106172,False,46,Fake Address
S106173,False,72,Fake Address
S106174,False,74,Fake Address
S106175,True,92,Multiple Accounts
S106176,False,49,None
S106177,False,24,Multiple Accounts
S106178,False,71,Multiple Accounts
S106179,False,6,Multiple Accounts
S106180,False,6,Document Mismatch
S106181,False,54,Document Mismatch
S106182,True,95,Multiple Accounts
S106183,False,85,Multiple Accounts
S106184,True,88,None
S106185,False,44,None
S106186,False,68,Multiple Accounts
S106187,False,24,Multiple Accounts
S106188,False,76,Multiple Accounts
S106189,False,43,Multiple Accounts
S106190,False,65,Multiple Accounts
S106191,False,29,Document Mismatch
S106192,True,94,Multiple Accounts
S106193,False,23,Fake Address
S106194,False,58,None
S106195,False,63,None
S106196,True,96,Fake Address
S106197,False,31,Document Mismatch
S106198,False,84,None
S106199,False,2,None
S106200,False,10,Multiple Accounts
S106201,False,57,Multiple Accounts
S106202,False,42,Document Mismatch
S106203,True,90,Fake Address
S106204,False,68,Multiple Accounts
S106205,False,34,Document Mismatch
S106206,True,89,Fake Address
S106207,False,63,Fake Address
S106208,False,65,Multiple Accounts
S106209,False,22,Multiple Accounts
S106210,False,10,Document Mismatch
S106211,False,30,None
S106212,True,96,Fake Address
S106213,True,86,Multiple Accounts
S106214,False,75,Multiple Accounts
S106215,True,94,None
S106216,False,14,Document Mismatch
S106217,False,78,None
S106218,False,60,Multiple Accounts
S106219,False,15,Fake Address
S106220,False,26,Multiple Accounts
S106221,False,63,Multiple Accounts
S106222,False,33,Document Mismatch
S106223,False,34,Document Mismatch
S106224,False,6,None
S106225,False,78,Multiple Accounts
S106226,False,44,Multiple Accounts
S106227,False,65,Fake Address
S106228,False,64,Fake Address
S106229,True,89,Document Mismatch
S106230,False,6,Multiple Accounts
S106231,False,73,Fake Address
S106232,True,96,Fake Address
S106233,False,79,Document Mismatch
S106234,True,86,None
S106235,True,98,Fake Address
S106236,False,74,Document Mismatch
S106237,False,82,None
S106238,False,67,Fake Address
S106239,True,100,Document Mismatch
S106240,False,57,None
S106241,False,34,None
S106242,False,55,None
S106243,False,54,None
S106244,True,100,None
S106245,False,62,Multiple Accounts
S106246,False,12,Fake Address
S106247,False,37,Multiple Accounts
S106248,True,95,None
S106249,True,90,Fake Address
S106250,False,26,Multiple Accounts
S106251,False,57,Document Mismatch
S106252,False,65,Multiple Accounts
S106253,False,5,Document Mismatch
S106254,True,90,None
S106255,False,42,Fake Address
S106256,True,91,Fake Address
S106257,False,8,None
S106258,False,40,Multiple Accounts
S106259,True,98,Fake Address
S106260,False,21,None
S106261,False,24,Document Mismatch
S106262,False,44,Document Mismatch
S106263,True,91,Document Mismatch
S106264,False,78,Document Mismatch
S106265,True,98,Multiple Accounts
S106266,False,65,Fake Address
S106267,False,30,Fake Address
S106268,False,15,Document Mismatch
S106269,False,13,Multiple Accounts
S106270,True,95,Document Mismatch
S106271,False,75,None
S106272,True,88,Multiple Accounts
S106273,True,100,None
S106274,False,33,Multiple Accounts
S106275,False,79,Document Mismatch
S106276,False,68,Document Mismatch
S106277,False,74,Fake Address
S106278,False,32,Multiple Accounts
S106279,False,54,Multiple Accounts
S106280,False,41,None
S106281,True,87,None
S106282,False,2,Multiple Accounts
S106283,False,36,None
S106284,False,47,Multiple Accounts
S106285,False,70,Fake Address
S106286,False,77,Fake Address
S106287,False,45,Multiple Accounts
S106288,False,59,Multiple Accounts
S106289,False,18,None
S106290,False,66,Fake Address
S106291,False,79,Document Mismatch
S106292,False,42,Fake Address
S106293,False,8,Document Mismatch
S106294,False,34,Fake Address
S106295,False,23,Fake Address
S106296,False,4,Multiple Accounts
S106297,False,18,None
S106298,False,73,Document Mismatch
S106299,False,15,Multiple Accounts
S106300,False,66,None
S106301,False,73,Multiple Accounts
S106302,False,76,None
S106303,False,60,Fake Address
S106304,False,80,Fake Address
S106305,False,50,Document Mismatch
S106306,False,80,None
S106307,False,42,Fake Address
S106308,False,68,Document Mismatch
S106309,True,97,Multiple Accounts
S106310,False,35,Multiple Accounts
S106311,False,66,Multiple Accounts
S106312,True,97,Document Mismatch
S106313,False,24,Fake Address
S106314,False,76,None
S106315,False,61,Document Mismatch
S106316,False,65,Document Mismatch
S106317,True,88,Fake Address
S106318,True,94,None
S106319,False,49,None
S106320,False,71,Multiple Accounts
S106321,False,2,None
S106322,True,89,Fake Address
S106323,False,61,Fake Address
S106324,False,58,Fake Address
S106325,False,42,Multiple Accounts
S106326,True,93,None
S106327,False,73,Multiple Accounts
S106328,False,5,Fake Address
S106329,False,34,Fake Address
S106330,False,41,Document Mismatch
S106331,False,67,Fake Address
S106332,False,75,Document Mismatch
S106333,False,3,Fake Address
S106334,False,47,None
S106335,True,95,Multiple Accounts
S106336,False,46,Multiple Accounts
S106337,False,19,Multiple Accounts
S106338,False,13,Document Mismatch
S106339,False,60,Fake Address
S106340,False,57,Fake Address
S106341,False,14,Document Mismatch
S106342,False,57,Document Mismatch
S106343,True,100,Multiple Accounts
S106344,True,95,Fake Address
S106345,False,48,Multiple Accounts
S106346,False,13,Multiple Accounts
S106347,False,53,Document Mismatch
S106348,True,95,Document Mismatch
S106349,False,10,Document Mismatch
S106350,False,49,Multiple Accounts
S106351,False,83,Multiple Accounts
S106352,False,34,None
S106353,False,14,Fake Address
S106354,False,35,None
S106355,True,87,Multiple Accounts
S106356,False,16,None
S106357,False,9,Fake Address
S106358,False,47,Fake Address
S106359,False,1,Fake Address
S106360,False,75,None
S106361,False,49,Multiple Accounts
S106362,True,87,None
S106363,False,28,Document Mismatch
S106364,True,90,None
S106365,False,28,Fake Address
S106366,False,1,Multiple Accounts
S106367,False,54,Fake Address
S106368,False,52,Fake Address
S106369,False,64,Document Mismatch
S106370,False,53,None
S106371,False,69,Document Mismatch
S106372,False,10,None
S106373,True,89,Document Mismatch
S106374,False,6,Document Mismatch
S106375,False,39,Document Mismatch
S106376,False,9,Fake Address
S106377,False,48,Fake Address
S106378,False,36,None
S106379,False,59,Multiple Accounts
S106380,False,13,None
S106381,False,47,Document Mismatch
S106382,True,90,None
S106383,False,46,Fake Address
S106384,False,29,Document Mismatch
S106385,True,97,None
S106386,False,32,None
S106387,False,32,Document Mismatch
S106388,False,72,None
S106389,True,100,Multiple Accounts
S106390,False,1,Document Mismatch
S106391,False,78,None
S106392,False,24,Document Mismatch
S106393,False,76,Multiple Accounts
S106394,False,28,Multiple Accounts
S106395,False,45,Document Mismatch
S106396,False,1,Fake Address
S106397,True,93,Document Mismatch
S106398,False,77,None
S106399,False,79,Document Mismatch
S106400,False,14,Document Mismatch
S106401,False,31,Document Mismatch
S106402,False,8,Document Mismatch
S106403,False,47,Multiple Accounts
S106404,False,65,Fake Address
S106405,False,28,Multiple Accounts
S106406,False,52,Document Mismatch
S106407,False,70,Multiple Accounts
S106408,False,71,Document Mismatch
S106409,False,25,Multiple Accounts
S106410,True,88,Multiple Accounts
S106411,False,21,Document Mismatch
S106412,False,20,Document Mismatch
S106413,False,8,Multiple Accounts
S106414,False,78,Multiple Accounts
S106415,False,40,Multiple Accounts
S106416,True,93,None
S106417,False,73,None
S106418,False,68,Multiple Accounts
S106419,False,68,Fake Address
S106420,False,45,Fake Address
S106421,False,49,None
S106422,False,19,None
S106423,True,93,None
S106424,False,85,Document Mismatch
S106425,False,1,None
S106426,False,56,Document Mismatch
S106427,False,23,None
S106428,False,75,Multiple Accounts
S106429,False,49,None
S106430,False,51,Document Mismatch
S106431,False,72,None
S106432,True,95,Multiple Accounts
S106433,False,14,Document Mismatch
S106434,False,23,Document Mismatch
S106435,False,14,Document Mismatch
S106436,False,54,Fake Address
S106437,True,95,Fake Address
S106438,False,45,Multiple Accounts
S106439,False,45,None
S106440,False,67,Multiple Accounts
S106441,False,4,Multiple Accounts
S106442,False,61,Fake Address
S106443,False,57,None
S106444,False,69,Multiple Accounts
S106445,False,78,None
S106446,True,88,Document Mismatch
S106447,False,58,Fake Address
S106448,False,60,Fake Address
S106449,False,22,None
S106450,True,88,Multiple Accounts
S106451,False,30,Document Mismatch
S106452,True,87,Multiple Accounts
S106453,False,83,Multiple Accounts
S106454,False,56,Multiple Accounts
S106455,False,60,Multiple Accounts
S106456,False,9,Document Mismatch
S106457,False,85,Fake Address
S106458,False,56,Multiple Accounts
S106459,False,15,Fake Address
S106460,False,70,None
S106461,False,77,None
S106462,False,53,Fake Address
S106463,False,21,Multiple Accounts
S106464,False,74,Fake Address
S106465,False,73,Multiple Accounts
S106466,False,21,Document Mismatch
S106467,False,1,Fake Address
S106468,False,63,Document Mismatch
S106469,False,81,Multiple Accounts
S106470,False,54,Fake Address
S106471,True,100,None
S106472,False,84,Fake Address
S106473,False,37,Document Mismatch
S106474,True,93,Document Mismatch
S106475,False,47,Fake Address
S106476,False,60,Multiple Accounts
S106477,False,44,Document Mismatch
S106478,False,36,None
S106479,False,48,Multiple Accounts
S106480,False,67,Document Mismatch
S106481,False,68,None
S106482,False,19,Fake Address
S106483,False,80,None
S106484,False,35,Document Mismatch
S106485,False,13,Document Mismatch
S106486,False,6,None
S106487,False,74,Fake Address
S106488,False,21,Multiple Accounts
S106489,False,71,Fake Address
S106490,False,15,Document Mismatch
S106491,False,59,Fake Address
S106492,False,68,None
S106493,True,88,None
S106494,False,62,Multiple Accounts
S106495,False,41,None
S106496,False,41,Document Mismatch
S106497,True,98,Multiple Accounts
S106498,True,98,Fake Address
S106499,True,99,Fake Address
S106500,False,58,Multiple Accounts
S106501,False,33,Document Mismatch
S106502,False,74,None
S106503,False,75,Document Mismatch
S106504,False,19,Fake Address
S106505,False,18,None
S106506,False,79,Document Mismatch
S106507,False,17,Document Mismatch
S106508,True,88,Multiple Accounts
S106509,False,26,Multiple Accounts
S106510,False,45,Multiple Accounts
S106511,False,25,Document Mismatch
S106512,True,93,Multiple Accounts
S106513,False,48,Document Mismatch
S106514,False,9,None
S106515,False,47,Fake Address
S106516,False,34,Multiple Accounts
S106517,False,51,Fake Address
S106518,False,36,None
S106519,False,9,Multiple Accounts
S106520,False,41,Fake Address
S106521,False,8,Document Mismatch
S106522,True,89,Document Mismatch
S106523,False,14,Fake Address
S106524,False,52,Fake Address
S106525,False,35,Fake Address
S106526,False,62,None
S106527,False,19,None
S106528,False,14,Multiple Accounts
S106529,False,42,Fake Address
S106530,True,98,Document Mismatch
S106531,False,20,Multiple Accounts
S106532,False,53,Multiple Accounts
S106533,True,92,Document Mismatch
S106534,False,62,Fake Address
S106535,False,75,Document Mismatch
S106536,False,70,Document Mismatch
S106537,False,73,None
S106538,False,80,Document Mismatch
S106539,False,1,Document Mismatch
S106540,False,59,None
S106541,False,30,None
S106542,True,89,Multiple Accounts
S106543,False,38,Document Mismatch
S106544,False,51,Document Mismatch
S106545,False,14,Fake Address
S106546,False,8,Multiple Accounts
S106547,True,91,Document Mismatch
S106548,False,56,Fake Address
S106549,True,94,Multiple Accounts
S106550,False,81,Multiple Accounts
S106551,True,99,None
S106552,False,6,Multiple Accounts
S106553,False,61,Fake Address
S106554,False,22,Multiple Accounts
S106555,False,77,Document Mismatch
S106556,False,17,Document Mismatch
S106557,False,23,Multiple Accounts
S106558,False,16,Fake Address
S106559,False,11,None
S106560,False,45,Fake Address
S106561,False,52,Document Mismatch
S106562,False,31,Fake Address
S106563,False,14,None
S106564,False,57,Fake Address
S106565,False,11,None
S106566,False,17,None
S106567,False,56,None
S106568,False,85,Document Mismatch
S106569,False,42,Fake Address
S106570,False,47,Fake Address
S106571,False,39,Multiple Accounts
S106572,False,79,None
S106573,False,20,Multiple Accounts
S106574,False,34,Fake Address
S106575,False,14,Fake Address
S106576,True,95,Document Mismatch
S106577,False,57,Multiple Accounts
S106578,False,82,Multiple Accounts
S106579,False,6,None
S106580,False,49,Fake Address
S106581,False,59,Fake Address
S106582,True,90,Document Mismatch
S106583,False,38,Document Mismatch
S106584,False,48,Multiple Accounts
S106585,False,57,Fake Address
S106586,False,38,Fake Address
S106587,True,96,Multiple Accounts
S106588,False,55,Multiple Accounts
S106589,False,80,Multiple Accounts
S106590,False,39,Multiple Accounts
S106591,False,51,Fake Address
S106592,False,21,Multiple Accounts
S106593,False,80,Multiple Accounts
S106594,True,95,Multiple Accounts
S106595,False,6,Multiple Accounts
S106596,False,10,Document Mismatch
S106597,False,18,Fake Address
S106598,False,81,None
S106599,False,49,Fake Address
S106600,False,27,Document Mismatch
S106601,False,57,Multiple Accounts
S106602,False,65,Document Mismatch
S106603,False,10,Multiple Accounts
S106604,False,50,Multiple Accounts
S106605,False,72,None
S106606,False,84,Fake Address
S106607,False,47,None
S106608,False,27,Multiple Accounts
S106609,False,30,None
S106610,False,70,Fake Address
S106611,False,55,Document Mismatch
S106612,False,40,Document Mismatch
S106613,False,53,Document Mismatch
S106614,False,2,Fake Address
S106615,False,60,Multiple Accounts
S106616,False,37,Document Mismatch
S106617,False,30,Fake Address
S106618,False,45,Multiple Accounts
S106619,False,32,Multiple Accounts
S106620,False,58,Fake Address
S106621,False,49,Document Mismatch
S106622,False,79,Multiple Accounts
S106623,False,74,Document Mismatch
S106624,False,56,Multiple Accounts
S106625,False,68,Document Mismatch
S106626,False,78,Multiple Accounts
S106627,False,42,Fake Address
S106628,False,52,None
S106629,False,77,None
S106630,False,43,Document Mismatch
S106631,False,50,Fake Address
S106632,False,44,Document Mismatch
S106633,False,39,Document Mismatch
S106634,False,59,Document Mismatch
S106635,True,94,None
S106636,False,74,Document Mismatch
S106637,True,99,Fake Address
S106638,False,43,Fake Address
S106639,False,17,Multiple Accounts
S106640,False,24,Fake Address
S106641,True,94,Multiple Accounts
S106642,False,74,Multiple Accounts
S106643,False,66,Fake Address
S106644,False,75,Document Mismatch
S106645,False,63,Document Mismatch
S106646,False,24,Fake Address
S106647,False,76,None
S106648,False,77,Fake Address
S106649,False,46,Document Mismatch
S106650,False,27,Multiple Accounts
S106651,False,78,Multiple Accounts
S106652,False,33,Multiple Accounts
S106653,False,60,Fake Address
S106654,False,11,Document Mismatch
S106655,False,72,Multiple Accounts
S106656,False,23,None
S106657,False,12,None
S106658,True,94,Document Mismatch
S106659,False,84,None
S106660,False,67,Fake Address
S106661,False,70,Fake Address
S106662,False,72,Multiple Accounts
S106663,False,42,Fake Address
S106664,False,74,Fake Address
S106665,False,65,None
S106666,True,98,Fake Address
S106667,True,96,Document Mismatch
S106668,False,10,Fake Address
S106669,False,7,None
S106670,False,50,None
S106671,True,95,None
S106672,False,27,Multiple Accounts
S106673,True,87,None
S106674,False,67,Document Mismatch
S106675,False,44,None
S106676,False,13,Multiple Accounts
S106677,True,87,Multiple Accounts
S106678,False,85,Multiple Accounts
S106679,False,82,Fake Address
S106680,False,18,None
S106681,False,18,Fake Address
S106682,False,54,Multiple Accounts
S106683,False,84,Multiple Accounts
S106684,False,74,None
S106685,False,56,Document Mismatch
S106686,False,68,Fake Address
S106687,False,21,Fake Address
S106688,False,35,Fake Address
S106689,False,50,Document Mismatch
S106690,False,47,Multiple Accounts
S106691,False,2,Document Mismatch
S106692,False,62,Document Mismatch
S106693,False,35,Fake Address
S106694,False,17,Multiple Accounts
S106695,False,43,Fake Address
S106696,False,55,Multiple Accounts
S106697,False,69,Document Mismatch
S106698,False,24,Document Mismatch
S106699,False,76,Fake Address
S106700,False,68,Fake Address
S106701,False,54,None
S106702,True,93,Multiple Accounts
S106703,False,39,Fake Address
S106704,False,62,Multiple Accounts
S106705,False,64,Multiple Accounts
S106706,False,46,Document Mismatch
S106707,False,3,Fake Address
S106708,False,67,None
S106709,False,45,Document Mismatch
S106710,False,37,None
S106711,True,89,Multiple Accounts
S106712,True,98,Fake Address
S106713,False,47,Fake Address
S106714,False,24,Fake Address
S106715,False,62,None
S106716,False,37,Multiple Accounts
S106717,False,62,Fake Address
S106718,False,76,Fake Address
S106719,False,44,Fake Address
S106720,True,96,Multiple Accounts
S106721,False,15,Document Mismatch
S106722,False,48,None
S106723,False,63,Multiple Accounts
S106724,False,7,Document Mismatch
S106725,False,77,None
S106726,False,60,None
S106727,False,79,Multiple Accounts
S106728,False,27,Multiple Accounts
S106729,False,78,Multiple Accounts
S106730,False,14,Multiple Accounts
S106731,False,82,None
S106732,False,78,Document Mismatch
S106733,False,6,Fake Address
S106734,False,9,None
S106735,True,88,Document Mismatch
S106736,False,60,None
S106737,False,27,Fake Address
S106738,False,2,None
S106739,False,73,Fake Address
S106740,False,29,Document Mismatch
S106741,False,9,Multiple Accounts
S106742,True,87,Multiple Accounts
S106743,False,42,Fake Address
S106744,False,50,None
S106745,False,12,Document Mismatch
S106746,False,30,Multiple Accounts
S106747,False,7,Multiple Accounts
S106748,False,27,None
S106749,False,63,Document Mismatch
S106750,False,20,None
S106751,False,27,Multiple Accounts
S106752,False,69,Multiple Accounts
S106753,False,31,None
S106754,False,50,Fake Address
S106755,False,28,None
S106756,False,71,Multiple Accounts
S106757,False,20,Fake Address
S106758,False,76,Document Mismatch
S106759,False,84,Document Mismatch
S106760,False,29,Fake Address
S106761,False,78,Document Mismatch
S106762,True,97,Multiple Accounts
S106763,False,15,Fake Address
S106764,False,7,Document Mismatch
S106765,False,5,Document Mismatch
S106766,False,70,Multiple Accounts
S106767,False,28,Multiple Accounts
S106768,False,60,Fake Address
S106769,False,72,Document Mismatch
S106770,False,77,Fake Address
S106771,False,51,Multiple Accounts
S106772,False,68,Multiple Accounts
S106773,True,98,Fake Address
S106774,False,27,None
S106775,False,9,Fake Address
S106776,False,53,None
S106777,False,51,Document Mismatch
S106778,False,39,Document Mismatch
S106779,False,20,Fake Address
S106780,False,80,Fake Address
S106781,False,14,Multiple Accounts
S106782,False,79,Document Mismatch
S106783,False,76,Fake Address
S106784,True,95,Multiple Accounts
S106785,False,2,Document Mismatch
S106786,True,90,None
S106787,True,90,None
S106788,False,85,Document Mismatch
S106789,False,59,None
S106790,False,27,Document Mismatch
S106791,False,37,Fake Address
S106792,False,58,Fake Address
S106793,True,96,Fake Address
S106794,False,30,Document Mismatch
S106795,False,31,None
S106796,False,78,Fake Address
S106797,False,37,Multiple Accounts
S106798,False,17,Multiple Accounts
S106799,False,71,Multiple Accounts
S106800,False,37,Fake Address
S106801,False,77,Multiple Accounts
S106802,False,60,Multiple Accounts
S106803,False,22,Multiple Accounts
S106804,True,96,Multiple Accounts
S106805,False,26,Document Mismatch
S106806,False,12,Multiple Accounts
S106807,True,95,Multiple Accounts
S106808,False,14,Fake Address
S106809,False,60,None
S106810,False,9,None
S106811,False,82,Document Mismatch
S106812,False,46,Multiple Accounts
S106813,False,34,Multiple Accounts
S106814,False,80,Document Mismatch
S106815,False,80,Fake Address
S106816,True,91,Fake Address
S106817,False,25,Multiple Accounts
S106818,False,69,None
S106819,True,93,Multiple Accounts
S106820,False,9,Document Mismatch
S106821,False,4,Fake Address
S106822,True,88,Multiple Accounts
S106823,False,61,Multiple Accounts
S106824,False,62,Multiple Accounts
S106825,False,73,None
S106826,False,1,None
S106827,False,29,Document Mismatch
S106828,False,25,Document Mismatch
S106829,False,53,None
S106830,False,57,Fake Address
S106831,False,77,Multiple Accounts
S106832,False,8,None
S106833,True,92,Document Mismatch
S106834,False,67,Fake Address
S106835,False,17,None
S106836,False,6,Document Mismatch
S106837,False,30,Document Mismatch
S106838,True,97,Multiple Accounts
S106839,False,57,None
S106840,False,47,Document Mismatch
S106841,False,24,Fake Address
S106842,False,72,None
S106843,False,35,Fake Address
S106844,False,20,Document Mismatch
S106845,True,96,Fake Address
S106846,False,14,None
S106847,False,59,Multiple Accounts
S106848,False,66,Multiple Accounts
S106849,False,46,Document Mismatch
S106850,False,60,None
S106851,False,5,Fake Address
S106852,False,71,Document Mismatch
S106853,False,78,None
S106854,False,45,Document Mismatch
S106855,True,92,Fake Address
S106856,False,59,Multiple Accounts
S106857,False,27,Document Mismatch
S106858,False,26,Multiple Accounts
S106859,False,84,None
S106860,False,27,Document Mismatch
S106861,False,48,Multiple Accounts
S106862,False,37,Multiple Accounts
S106863,False,78,Document Mismatch
S106864,False,2,None
S106865,False,61,Document Mismatch
S106866,False,81,Multiple Accounts
S106867,False,77,None
S106868,False,38,Fake Address
S106869,False,26,Document Mismatch
S106870,False,29,Multiple Accounts
S106871,True,92,Fake Address
S106872,False,45,None
S106873,True,86,Document Mismatch
S106874,False,75,None
S106875,False,84,Multiple Accounts
S106876,False,68,Multiple Accounts
S106877,False,70,Document Mismatch
S106878,False,19,Multiple Accounts
S106879,True,90,None
S106880,False,77,Document Mismatch
S106881,False,59,Document Mismatch
S106882,False,76,Multiple Accounts
S106883,False,77,Fake Address
S106884,False,36,Multiple Accounts
S106885,False,7,Fake Address
S106886,False,75,Fake Address
S106887,False,3,Fake Address
S106888,False,29,Fake Address
S106889,False,25,Document Mismatch
S106890,False,4,None
S106891,False,53,Document Mismatch
S106892,True,94,Multiple Accounts
S106893,True,94,None
S106894,False,31,Multiple Accounts
S106895,False,81,None
S106896,False,74,Document Mismatch
S106897,False,17,None
S106898,False,11,Document Mismatch
S106899,False,37,None
S106900,False,4,None
S106901,False,59,Document Mismatch
S106902,False,29,Fake Address
S106903,False,59,Multiple Accounts
S106904,False,48,Fake Address
S106905,False,36,None
S106906,False,16,Fake Address
S106907,False,27,Document Mismatch
S106908,False,45,None
S106909,False,65,Multiple Accounts
S106910,True,86,Fake Address
S106911,False,31,Document Mismatch
S106912,False,36,Fake Address
S106913,False,59,None
S106914,False,6,None
S106915,False,80,Fake Address
S106916,False,65,None
S106917,False,4,Fake Address
S106918,False,52,None
S106919,False,37,None
S106920,False,21,Multiple Accounts
S106921,False,71,Document Mismatch
S106922,True,93,Document Mismatch
S106923,False,85,Document Mismatch
S106924,True,92,Fake Address
S106925,False,34,Multiple Accounts
S106926,True,98,None
S106927,False,85,Fake Address
S106928,False,33,None
S106929,True,100,Document Mismatch
S106930,False,70,None
S106931,False,50,Document Mismatch
S106932,False,80,Multiple Accounts
S106933,False,50,Fake Address
S106934,False,80,None
S106935,False,57,Document Mismatch
S106936,False,24,Document Mismatch
S106937,False,65,Document Mismatch
S106938,False,50,Fake Address
S106939,True,98,Fake Address
S106940,False,24,Multiple Accounts
S106941,False,27,Document Mismatch
S106942,False,26,Multiple Accounts
S106943,False,71,Document Mismatch
S106944,False,19,Document Mismatch
S106945,False,49,Fake Address
S106946,False,40,Multiple Accounts
S106947,True,87,Fake Address
S106948,True,94,Fake Address
S106949,False,82,None
S106950,False,73,Multiple Accounts
S106951,False,82,None
S106952,False,40,Document Mismatch
S106953,False,22,Multiple Accounts
S106954,False,44,Fake Address
S106955,False,54,Multiple Accounts
S106956,False,10,Document Mismatch
S106957,False,61,Multiple Accounts
S106958,False,30,None
S106959,True,87,Document Mismatch
S106960,False,9,None
S106961,False,21,None
S106962,False,19,Document Mismatch
S106963,False,67,Document Mismatch
S106964,False,18,Multiple Accounts
S106965,True,89,Fake Address
S106966,False,63,Fake Address
S106967,False,49,None
S106968,False,26,Fake Address
S106969,False,18,Multiple Accounts
S106970,False,83,None
S106971,True,90,Document Mismatch
S106972,True,93,Document Mismatch
S106973,False,31,None
S106974,True,88,Document Mismatch
S106975,False,37,None
S106976,True,98,Fake Address
S106977,False,34,Fake Address
S106978,False,46,Document Mismatch
S106979,False,69,None
S106980,True,89,Multiple Accounts
S106981,True,89,None
S106982,False,67,Multiple Accounts
S106983,False,44,None
S106984,False,45,Document Mismatch
S106985,False,30,Multiple Accounts
S106986,False,15,Multiple Accounts
S106987,False,48,Fake Address
S106988,False,73,None
S106989,False,63,Fake Address
S106990,False,35,Document Mismatch
S106991,True,98,Document Mismatch
S106992,True,99,Document Mismatch
S106993,False,1,Document Mismatch
S106994,False,36,None
S106995,False,37,Document Mismatch
S106996,False,11,Multiple Accounts
S106997,False,46,Document Mismatch
S106998,False,66,Fake Address
S106999,False,26,Multiple Accounts
S107000,False,7,None
S107001,False,36,Multiple Accounts
S107002,False,58,Fake Address
S107003,False,35,Document Mismatch
S107004,True,97,Fake Address
S107005,False,13,Document Mismatch
S107006,False,76,Fake Address
S107007,False,36,None
S107008,False,83,Document Mismatch
S107009,False,12,Document Mismatch
S107010,False,67,None
S107011,False,25,Fake Address
S107012,False,67,Document Mismatch
S107013,True,91,Document Mismatch
S107014,False,35,Fake Address
S107015,False,40,Document Mismatch
S107016,False,42,None
S107017,False,66,Multiple Accounts
S107018,False,72,Multiple Accounts
S107019,False,11,Document Mismatch
S107020,False,21,Document Mismatch
S107021,True,92,Fake Address
S107022,False,22,Multiple Accounts
S107023,False,20,None
S107024,False,37,Document Mismatch
S107025,False,44,None
S107026,False,23,Fake Address
S107027,False,8,Fake Address
S107028,False,17,None
S107029,False,6,None
S107030,False,75,Fake Address
S107031,False,64,None
S107032,False,49,None
S107033,False,54,Document Mismatch
S107034,False,82,Fake Address
S107035,False,13,Multiple Accounts
S107036,False,67,None
S107037,False,44,Fake Address
S107038,False,23,None
S107039,False,56,Multiple Accounts
S107040,True,91,Fake Address
S107041,False,17,Multiple Accounts
S107042,False,59,Multiple Accounts
S107043,False,6,Multiple Accounts
S107044,True,97,Multiple Accounts
S107045,False,38,None
S107046,True,98,Multiple Accounts
S107047,False,13,Fake Address
S107048,False,10,Fake Address
S107049,True,97,Document Mismatch
S107050,False,49,Fake Address
S107051,False,58,Fake Address
S107052,False,31,Fake Address
S107053,False,24,Document Mismatch
S107054,False,59,None
S107055,False,23,Document Mismatch
S107056,False,61,Multiple Accounts
S107057,False,6,Multiple Accounts
S107058,False,28,Fake Address
S107059,False,73,Document Mismatch
S107060,False,69,Fake Address
S107061,False,81,Multiple Accounts
S107062,False,53,None
S107063,True,94,Multiple Accounts
S107064,True,91,Multiple Accounts
S107065,True,88,Fake Address
S107066,False,4,Document Mismatch
S107067,False,29,Multiple Accounts
S107068,False,57,Multiple Accounts
S107069,False,18,None
S107070,False,2,Fake Address
S107071,False,69,None
S107072,False,34,None
S107073,False,70,Document Mismatch
S107074,True,99,Document Mismatch
S107075,True,100,Document Mismatch
S107076,True,89,Fake Address
S107077,False,13,Document Mismatch
S107078,False,43,Multiple Accounts
S107079,False,1,None
S107080,False,69,None
S107081,False,30,Document Mismatch
S107082,False,42,Fake Address
S107083,False,70,Document Mismatch
S107084,False,41,Multiple Accounts
S107085,True,88,None
S107086,True,98,None
S107087,False,30,None
S107088,True,98,Document Mismatch
S107089,False,29,None
S107090,False,29,None
S107091,True,89,None
S107092,False,43,Fake Address
S107093,True,89,None
S107094,False,33,None
S107095,False,13,Document Mismatch
S107096,False,83,None
S107097,True,97,None
S107098,False,33,None
S107099,True,98,Multiple Accounts
S107100,True,98,Document Mismatch
S107101,False,74,None
S107102,False,56,Multiple Accounts
S107103,False,4,Multiple Accounts
S107104,False,43,Fake Address
S107105,False,67,None
S107106,False,48,None
S107107,False,73,Document Mismatch
S107108,False,34,Multiple Accounts
S107109,False,77,Document Mismatch
S107110,False,65,Document Mismatch
S107111,True,95,Fake Address
S107112,False,78,Fake Address
S107113,False,11,Fake Address
S107114,False,7,Document Mismatch
S107115,False,73,Document Mismatch
S107116,False,32,Multiple Accounts
S107117,False,28,None
S107118,False,24,Multiple Accounts
S107119,False,36,Multiple Accounts
S107120,False,73,None
S107121,False,53,None
S107122,False,21,None
S107123,True,99,Document Mismatch
S107124,False,72,Fake Address
S107125,False,5,Multiple Accounts
S107126,False,5,None
S107127,False,18,None
S107128,False,22,None
S107129,False,4,Multiple Accounts
S107130,False,24,Fake Address
S107131,True,100,Fake Address
S107132,False,67,Fake Address
S107133,False,64,Document Mismatch
S107134,False,46,Fake Address
S107135,True,91,Fake Address
S107136,False,57,Document Mismatch
S107137,False,69,Document Mismatch
S107138,False,1,Document Mismatch
S107139,True,97,Multiple Accounts
S107140,True,92,None
S107141,False,39,Document Mismatch
S107142,True,98,Fake Address
S107143,False,41,Document Mismatch
S107144,False,1,Document Mismatch
S107145,True,94,Multiple Accounts
S107146,False,33,None
S107147,False,23,Fake Address
S107148,True,100,Fake Address
S107149,False,53,None
S107150,False,64,None
S107151,False,10,Fake Address
S107152,False,73,None
S107153,False,66,Multiple Accounts
S107154,False,77,Fake Address
S107155,False,62,Document Mismatch
S107156,True,89,None
S107157,True,96,None
S107158,False,13,Document Mismatch
S107159,False,59,None
S107160,False,4,Fake Address
S107161,False,21,None
S107162,False,31,None
S107163,False,20,Document Mismatch
S107164,False,76,Fake Address
S107165,False,5,Document Mismatch
S107166,False,54,Document Mismatch
S107167,False,67,None
S107168,False,39,Document Mismatch
S107169,False,26,Multiple Accounts
S107170,False,14,Fake Address
S107171,False,74,Document Mismatch
S107172,False,78,Document Mismatch
S107173,False,48,Document Mismatch
S107174,False,14,None
S107175,False,42,Fake Address
S107176,False,16,Multiple Accounts
S107177,False,20,Multiple Accounts
S107178,False,84,None
S107179,False,1,Document Mismatch
S107180,False,24,None
S107181,False,58,Document Mismatch
S107182,False,60,Fake Address
S107183,False,43,None
S107184,False,76,Fake Address
S107185,True,97,None
S107186,False,49,None
S107187,True,96,Fake Address
S107188,False,77,None
S107189,False,70,Multiple Accounts
S107190,False,82,Multiple Accounts
S107191,False,59,Fake Address
S107192,False,34,Document Mismatch
S107193,False,3,Multiple Accounts
S107194,False,64,Fake Address
S107195,False,57,Document Mismatch
S107196,False,10,Multiple Accounts
S107197,False,52,Document Mismatch
S107198,False,5,Multiple Accounts
S107199,False,57,Document Mismatch
S107200,True,96,Document Mismatch
S107201,False,37,Document Mismatch
S107202,True,97,Multiple Accounts
S107203,False,2,Fake Address
S107204,False,81,Document Mismatch
S107205,True,87,Document Mismatch
S107206,False,85,Fake Address
S107207,False,54,Fake Address
S107208,True,93,None
S107209,False,7,None
S107210,False,11,Document Mismatch
S107211,True,89,Fake Address
S107212,False,37,None
S107213,False,30,Multiple Accounts
S107214,False,22,Document Mismatch
S107215,True,86,Multiple Accounts
S107216,False,61,Document Mismatch
S107217,False,56,Document Mismatch
S107218,False,61,Document Mismatch
S107219,False,38,Document Mismatch
S107220,False,12,Fake Address
S107221,False,31,Multiple Accounts
S107222,False,82,Fake Address
S107223,False,7,Fake Address
S107224,False,45,Fake Address
S107225,False,36,Fake Address
S107226,False,35,None
S107227,False,49,Document Mismatch
S107228,False,43,Multiple Accounts
S107229,False,74,Fake Address
S107230,False,24,None
S107231,False,45,Fake Address
S107232,False,14,Multiple Accounts
S107233,False,26,Multiple Accounts
S107234,True,100,Document Mismatch
S107235,False,34,None
S107236,False,33,None
S107237,False,47,Document Mismatch
S107238,True,87,Multiple Accounts
S107239,False,59,Document Mismatch
S107240,False,66,Document Mismatch
S107241,True,97,None
S107242,False,43,Fake Address
S107243,False,70,Fake Address
S107244,True,87,Fake Address
S107245,True,100,Multiple Accounts
S107246,False,22,Document Mismatch
S107247,False,69,Fake Address
S107248,False,31,None
S107249,False,69,Document Mismatch
S107250,False,56,Multiple Accounts
S107251,False,39,Document Mismatch
S107252,False,84,None
S107253,False,22,Fake Address
S107254,False,64,Multiple Accounts
S107255,True,97,None
S107256,False,22,None
S107257,False,54,None
S107258,False,3,Fake Address
S107259,False,9,Fake Address
S107260,False,24,None
S107261,False,43,Document Mismatch
S107262,False,24,None
S107263,False,59,Multiple Accounts
S107264,False,15,Document Mismatch
S107265,False,80,Document Mismatch
S107266,False,65,Fake Address
S107267,False,73,None
S107268,False,73,None
S107269,False,66,None
S107270,False,39,Fake Address
S107271,False,53,Multiple Accounts
S107272,False,18,None
S107273,False,72,Multiple Accounts
S107274,False,41,Fake Address
S107275,False,72,Document Mismatch
S107276,False,30,Multiple Accounts
S107277,False,46,Multiple Accounts
S107278,False,73,Multiple Accounts
S107279,False,32,None
S107280,False,73,Document Mismatch
S107281,False,5,Fake Address
S107282,False,72,Multiple Accounts
S107283,True,86,Document Mismatch
S107284,False,84,None
S107285,False,84,Multiple Accounts
S107286,False,30,Multiple Accounts
S107287,True,93,None
S107288,False,16,None
S107289,False,55,None
S107290,False,74,Fake Address
S107291,False,17,Document Mismatch
S107292,False,8,Multiple Accounts
S107293,True,99,Fake Address
S107294,False,47,None
S107295,False,36,Multiple Accounts
S107296,False,37,Fake Address
S107297,False,22,Multiple Accounts
S107298,False,18,Fake Address
S107299,False,55,Multiple Accounts
S107300,True,91,None
S107301,False,82,Fake Address
S107302,False,51,Multiple Accounts
S107303,False,28,Multiple Accounts
S107304,False,32,None
S107305,False,41,Document Mismatch
S107306,False,46,Document Mismatch
S107307,False,78,Multiple Accounts
S107308,False,34,Multiple Accounts
S107309,True,100,Fake Address
S107310,True,89,Fake Address
S107311,False,28,None
S107312,False,62,Fake Address
S107313,False,74,Multiple Accounts
S107314,False,56,Fake Address
S107315,False,62,Document Mismatch
S107316,False,33,Document Mismatch
S107317,False,3,Multiple Accounts
S107318,False,79,Fake Address
S107319,False,34,Multiple Accounts
S107320,False,69,Document Mismatch
S107321,False,33,Multiple Accounts
S107322,False,5,Fake Address
S107323,False,78,Document Mismatch
S107324,True,95,None
S107325,False,23,None
S107326,False,71,Multiple Accounts
S107327,False,82,Multiple Accounts
S107328,False,11,Multiple Accounts
S107329,False,70,Fake Address
S107330,False,51,None
S107331,False,60,Fake Address
S107332,True,87,Multiple Accounts
S107333,True,91,Fake Address
S107334,False,85,Multiple Accounts
S107335,False,51,Document Mismatch
S107336,False,29,Document Mismatch
S107337,False,47,None
S107338,False,59,None
S107339,False,14,Fake Address
S107340,False,83,Multiple Accounts
S107341,False,80,Fake Address
S107342,False,22,Fake Address
S107343,False,67,Multiple Accounts
S107344,True,92,Multiple Accounts
S107345,True,94,Document Mismatch
S107346,False,61,Document Mismatch
S107347,False,46,None
S107348,False,55,None
S107349,False,71,Fake Address
S107350,False,78,None
S107351,False,56,Document Mismatch
S107352,True,94,Fake Address
S107353,False,37,Multiple Accounts
S107354,False,22,Document Mismatch
S107355,True,99,Fake Address
S107356,False,74,Multiple Accounts
S107357,False,81,None
S107358,False,58,None
S107359,False,44,None
S107360,False,32,Document Mismatch
S107361,False,29,Document Mismatch
S107362,False,14,Fake Address
S107363,False,54,Fake Address
S107364,False,50,Fake Address
S107365,True,87,Document Mismatch
S107366,False,74,None
S107367,False,51,Multiple Accounts
S107368,False,7,None
S107369,False,42,Multiple Accounts
S107370,False,46,None
S107371,False,83,Document Mismatch
S107372,False,80,Multiple Accounts
S107373,False,30,Multiple Accounts
S107374,True,97,Document Mismatch
S107375,False,6,Multiple Accounts
S107376,False,75,Multiple Accounts
S107377,False,29,Document Mismatch
S107378,False,77,None
S107379,False,16,None
S107380,False,29,None
S107381,False,27,Multiple Accounts
S107382,False,55,Fake Address
S107383,False,39,Multiple Accounts
S107384,False,79,None
S107385,False,23,Document Mismatch
S107386,False,13,Document Mismatch
S107387,False,30,Fake Address
S107388,False,63,Multiple Accounts
S107389,False,44,Multiple Accounts
S107390,False,2,None
S107391,False,79,None
S107392,False,39,Document Mismatch
S107393,False,27,Fake Address
S107394,False,74,Document Mismatch
S107395,False,30,Fake Address
S107396,False,17,None
S107397,False,52,None
S107398,False,56,Document Mismatch
S107399,False,45,None
S107400,False,4,Fake Address
S107401,False,30,None
S107402,False,64,None
S107403,False,75,None
S107404,False,30,None
S107405,False,16,Fake Address
S107406,False,41,None
S107407,False,44,Multiple Accounts
S107408,False,69,Fake Address
S107409,False,30,None
S107410,True,90,Fake Address
S107411,False,76,Multiple Accounts
S107412,False,85,Multiple Accounts
S107413,False,46,None
S107414,True,91,Multiple Accounts
S107415,False,32,Multiple Accounts
S107416,False,47,Document Mismatch
S107417,False,82,None
S107418,False,11,Multiple Accounts
S107419,False,37,Document Mismatch
S107420,False,11,Fake Address
S107421,False,14,Document Mismatch
S107422,False,16,Multiple Accounts
S107423,False,13,Fake Address
S107424,False,6,Fake Address
S107425,False,58,Fake Address
S107426,False,57,None
S107427,False,17,Document Mismatch
S107428,False,39,Multiple Accounts
S107429,False,73,Fake Address
S107430,False,83,Fake Address
S107431,False,9,Multiple Accounts
S107432,False,5,Document Mismatch
S107433,True,95,None
S107434,False,17,Multiple Accounts
S107435,False,28,Document Mismatch
S107436,False,30,Multiple Accounts
S107437,False,66,Document Mismatch
S107438,False,29,None
S107439,False,66,Multiple Accounts
S107440,False,52,Document Mismatch
S107441,False,76,None
S107442,False,81,Document Mismatch
S107443,False,34,Document Mismatch
S107444,False,24,Document Mismatch
S107445,True,91,Multiple Accounts
S107446,False,11,None
S107447,False,11,Document Mismatch
S107448,False,41,None
S107449,True,87,Fake Address
S107450,False,8,Multiple Accounts
S107451,False,65,Multiple Accounts
S107452,False,24,Multiple Accounts
S107453,False,36,Document Mismatch
S107454,True,100,None
S107455,True,97,None
S107456,False,76,None
S107457,False,47,None
S107458,False,30,None
S107459,True,95,Document Mismatch
S107460,True,93,None
S107461,False,77,Multiple Accounts
S107462,True,98,Fake Address
S107463,False,79,Fake Address
S107464,True,90,Fake Address
S107465,True,94,Document Mismatch
S107466,False,28,None
S107467,False,12,Document Mismatch
S107468,False,47,None
S107469,False,48,Multiple Accounts
S107470,False,83,Multiple Accounts
S107471,False,37,Multiple Accounts
S107472,True,86,Document Mismatch
S107473,False,14,Fake Address
S107474,False,4,Multiple Accounts
S107475,False,51,None
S107476,False,44,None
S107477,False,57,Fake Address
S107478,False,57,Multiple Accounts
S107479,False,15,Multiple Accounts
S107480,False,73,Document Mismatch
S107481,True,98,Document Mismatch
S107482,False,50,None
S107483,False,34,None
S107484,False,25,Multiple Accounts
S107485,False,27,None
S107486,False,51,Fake Address
S107487,False,34,Multiple Accounts
S107488,False,3,Fake Address
S107489,False,69,None
S107490,False,67,Document Mismatch
S107491,False,17,Document Mismatch
S107492,False,29,Document Mismatch
S107493,True,97,None
S107494,True,97,None
S107495,False,2,Document Mismatch
S107496,False,39,Fake Address
S107497,False,10,Fake Address
S107498,False,65,None
S107499,False,1,Multiple Accounts
S107500,False,15,Fake Address
S107501,False,38,None
S107502,False,72,Multiple Accounts
S107503,True,91,Document Mismatch
S107504,False,73,Multiple Accounts
S107505,False,16,None
S107506,False,51,Document Mismatch
S107507,False,1,None
S107508,False,80,Multiple Accounts
S107509,False,85,Document Mismatch
S107510,False,58,Multiple Accounts
S107511,False,39,Multiple Accounts
S107512,False,13,Document Mismatch
S107513,False,12,Multiple Accounts
S107514,True,87,Multiple Accounts
S107515,False,66,Multiple Accounts
S107516,False,54,Multiple Accounts
S107517,False,30,Document Mismatch
S107518,False,75,Multiple Accounts
S107519,False,63,Fake Address
S107520,False,61,Multiple Accounts
S107521,False,38,Multiple Accounts
S107522,False,37,Fake Address
S107523,False,78,Fake Address
S107524,False,69,None
S107525,False,54,Multiple Accounts
S107526,True,88,None
S107527,False,25,None
S107528,False,56,None
S107529,False,35,Multiple Accounts
S107530,False,54,Document Mismatch
S107531,False,61,Multiple Accounts
S107532,False,13,Fake Address
S107533,False,4,None
S107534,True,92,Multiple Accounts
S107535,False,82,None
S107536,False,57,Multiple Accounts
S107537,False,20,Fake Address
S107538,False,73,Multiple Accounts
S107539,False,11,Fake Address
S107540,False,85,Fake Address
S107541,False,56,Fake Address
S107542,True,94,None
S107543,False,77,Fake Address
S107544,False,12,Multiple Accounts
S107545,False,38,Document Mismatch
S107546,False,25,None
S107547,True,100,Document Mismatch
S107548,False,29,Multiple Accounts
S107549,False,57,Multiple Accounts
S107550,False,34,None
S107551,False,16,Multiple Accounts
S107552,False,11,Document Mismatch
S107553,False,45,None
S107554,False,38,Fake Address
S107555,False,33,None
S107556,False,22,None
S107557,False,1,Fake Address
S107558,True,89,Fake Address
S107559,False,21,Multiple Accounts
S107560,False,65,Fake Address
S107561,False,79,Multiple Accounts
S107562,False,11,Multiple Accounts
S107563,False,67,Document Mismatch
S107564,False,14,Fake Address
S107565,False,85,Document Mismatch
S107566,False,79,Multiple Accounts
S107567,False,42,Fake Address
S107568,True,94,None
S107569,False,27,Multiple Accounts
S107570,False,16,Document Mismatch
S107571,False,81,Document Mismatch
S107572,False,48,None
S107573,False,53,Multiple Accounts
S107574,False,12,None
S107575,False,5,None
S107576,False,65,Multiple Accounts
S107577,False,34,None
S107578,True,87,Fake Address
S107579,True,100,Document Mismatch
S107580,False,85,Fake Address
S107581,False,80,None
S107582,False,82,Fake Address
S107583,False,65,Document Mismatch
S107584,False,52,Document Mismatch
S107585,False,19,Fake Address
S107586,False,21,Multiple Accounts
S107587,False,61,Fake Address
S107588,False,78,None
S107589,False,78,Document Mismatch
S107590,False,81,None
S107591,False,57,Multiple Accounts
S107592,False,50,None
S107593,False,46,Multiple Accounts
S107594,False,16,Document Mismatch
S107595,False,20,Document Mismatch
S107596,False,21,Document Mismatch
S107597,False,48,Multiple Accounts
S107598,False,11,Multiple Accounts
S107599,False,58,None
S107600,True,100,Multiple Accounts
S107601,False,43,Fake Address
S107602,False,52,Multiple Accounts
S107603,True,97,Document Mismatch
S107604,True,94,Document Mismatch
S107605,False,30,Document Mismatch
S107606,False,1,Document Mismatch
S107607,False,55,Document Mismatch
S107608,False,52,None
S107609,True,100,Multiple Accounts
S107610,False,59,Fake Address
S107611,True,95,Document Mismatch
S107612,False,45,Document Mismatch
S107613,False,4,Fake Address
S107614,False,49,Multiple Accounts
S107615,False,19,Document Mismatch
S107616,False,51,None
S107617,False,73,None
S107618,False,37,None
S107619,False,72,Document Mismatch
S107620,True,90,Document Mismatch
S107621,False,32,Document Mismatch
S107622,False,24,None
S107623,False,36,Fake Address
S107624,False,15,Document Mismatch
S107625,False,76,None
S107626,False,56,Fake Address
S107627,False,61,None
S107628,False,9,Fake Address
S107629,False,69,Document Mismatch
S107630,False,77,Document Mismatch
S107631,False,64,None
S107632,False,20,None
S107633,False,38,Fake Address
S107634,False,45,Fake Address
S107635,False,52,Multiple Accounts
S107636,False,38,Fake Address
S107637,False,40,None
S107638,False,27,Fake Address
S107639,True,100,Document Mismatch
S107640,False,2,Fake Address
S107641,True,92,None
S107642,False,63,Fake Address
S107643,False,85,Fake Address
S107644,True,92,Document Mismatch
S107645,True,90,Multiple Accounts
S107646,False,1,Multiple Accounts
S107647,False,11,Fake Address
S107648,False,33,Document Mismatch
S107649,False,18,Document Mismatch
S107650,False,65,Document Mismatch
S107651,False,6,Fake Address
S107652,False,30,None
S107653,False,21,Fake Address
S107654,False,51,Fake Address
S107655,False,79,None
S107656,False,39,None
S107657,False,22,Multiple Accounts
S107658,False,30,None
S107659,False,18,Fake Address
S107660,False,61,None
S107661,False,20,None
S107662,False,72,Multiple Accounts
S107663,False,51,None
S107664,False,76,Fake Address
S107665,False,40,Document Mismatch
S107666,False,29,Multiple Accounts
S107667,False,10,Document Mismatch
S107668,True,95,Document Mismatch
S107669,True,94,Fake Address
S107670,False,2,Fake Address
S107671,False,23,Multiple Accounts
S107672,False,41,Multiple Accounts
S107673,False,44,Multiple Accounts
S107674,False,65,Multiple Accounts
S107675,False,57,Fake Address
S107676,False,52,Document Mismatch
S107677,False,14,Multiple Accounts
S107678,False,50,None
S107679,False,50,Multiple Accounts
S107680,False,23,None
S107681,False,60,None
S107682,False,70,Document Mismatch
S107683,False,13,Multiple Accounts
S107684,False,80,Multiple Accounts
S107685,False,1,None
S107686,False,54,None
S107687,False,6,Fake Address
S107688,False,66,Fake Address
S107689,False,49,Fake Address
S107690,False,83,Document Mismatch
S107691,False,83,Multiple Accounts
S107692,False,77,Fake Address
S107693,False,18,Document Mismatch
S107694,False,26,Multiple Accounts
S107695,False,44,None
S107696,True,96,Fake Address
S107697,False,55,Document Mismatch
S107698,False,66,None
S107699,False,52,Multiple Accounts
S107700,True,90,None
S107701,False,15,None
S107702,False,35,Fake Address
S107703,False,4,Document Mismatch
S107704,False,80,Multiple Accounts
S107705,False,42,None
S107706,False,17,Fake Address
S107707,False,24,Document Mismatch
S107708,False,9,Fake Address
S107709,False,74,None
S107710,True,98,None
S107711,False,45,Document Mismatch
S107712,False,37,None
S107713,False,35,Fake Address
S107714,False,70,Multiple Accounts
S107715,False,48,None
S107716,False,7,Fake Address
S107717,False,69,Multiple Accounts
S107718,False,18,None
S107719,False,20,None
S107720,False,41,Fake Address
S107721,True,94,Fake Address
S107722,False,66,None
S107723,False,50,Document Mismatch
S107724,False,11,None
S107725,False,8,Fake Address
S107726,False,39,Fake Address
S107727,False,26,Document Mismatch
S107728,False,25,Fake Address
S107729,False,66,None
S107730,False,29,Document Mismatch
S107731,False,42,Multiple Accounts
S107732,False,40,None
S107733,False,50,Fake Address
S107734,True,89,Multiple Accounts
S107735,True,93,Fake Address
S107736,False,71,None
S107737,False,80,Multiple Accounts
S107738,False,31,Fake Address
S107739,True,94,Document Mismatch
S107740,False,55,None
S107741,False,1,None
S107742,False,5,Multiple Accounts
S107743,False,85,Fake Address
S107744,False,82,None
S107745,False,60,Multiple Accounts
S107746,False,40,Multiple Accounts
S107747,True,95,Multiple Accounts
S107748,False,5,Document Mismatch
S107749,False,41,Fake Address
S107750,True,95,Multiple Accounts
S107751,False,70,Document Mismatch
S107752,False,63,None
S107753,False,39,Document Mismatch
S107754,False,72,None
S107755,False,78,None
S107756,False,44,Multiple Accounts
S107757,False,70,Document Mismatch
S107758,False,69,Multiple Accounts
S107759,False,80,Document Mismatch
S107760,False,85,Fake Address
S107761,False,8,None
S107762,False,63,Fake Address
S107763,False,35,Fake Address
S107764,False,72,Multiple Accounts
S107765,False,66,Document Mismatch
S107766,False,46,Fake Address
S107767,False,20,Fake Address
S107768,True,100,Multiple Accounts
S107769,False,2,Fake Address
S107770,False,46,None
S107771,True,98,Document Mismatch
S107772,False,40,None
S107773,False,2,Document Mismatch
S107774,False,16,None
S107775,True,90,None
S107776,False,46,Multiple Accounts
S107777,False,48,Fake Address
S107778,True,100,None
S107779,False,72,None
S107780,False,66,Multiple Accounts
S107781,True,91,Multiple Accounts
S107782,False,32,Multiple Accounts
S107783,False,28,Document Mismatch
S107784,False,57,None
S107785,True,90,Document Mismatch
S107786,False,25,Multiple Accounts
S107787,False,31,Fake Address
S107788,False,51,None
S107789,False,25,None
S107790,False,38,Multiple Accounts
S107791,False,3,Document Mismatch
S107792,False,32,Fake Address
S107793,False,7,Fake Address
S107794,False,29,Fake Address
S107795,False,29,Document Mismatch
S107796,False,85,Multiple Accounts
S107797,False,49,Fake Address
S107798,False,81,Fake Address
S107799,False,22,None
S107800,True,98,Document Mismatch
S107801,True,97,Fake Address
S107802,False,39,Document Mismatch
S107803,False,26,Document Mismatch
S107804,True,86,Document Mismatch
S107805,True,96,Fake Address
S107806,False,62,None
S107807,False,83,None
S107808,True,96,Fake Address
S107809,False,43,Document Mismatch
S107810,True,96,Fake Address
S107811,False,22,None
S107812,False,39,None
S107813,False,6,Fake Address
S107814,False,29,Multiple Accounts
S107815,False,37,Fake Address
S107816,False,27,Document Mismatch
S107817,True,92,None
S107818,False,49,Multiple Accounts
S107819,False,75,None
S107820,False,43,Fake Address
S107821,False,39,Multiple Accounts
S107822,False,65,Document Mismatch
S107823,False,51,None
S107824,False,69,Fake Address
S107825,False,57,Document Mismatch
S107826,False,47,Multiple Accounts
S107827,False,24,Multiple Accounts
S107828,False,40,Fake Address
S107829,False,44,None
S107830,False,20,None
S107831,False,12,None
S107832,False,17,Multiple Accounts
S107833,False,38,Multiple Accounts
S107834,False,61,None
S107835,False,75,Fake Address
S107836,False,59,Document Mismatch
S107837,True,86,Document Mismatch
S107838,False,20,Multiple Accounts
S107839,True,86,Multiple Accounts
S107840,False,19,Fake Address
S107841,False,18,Multiple Accounts
S107842,False,85,None
S107843,False,8,None
S107844,True,96,Document Mismatch
S107845,False,51,Fake Address
S107846,True,92,None
S107847,False,83,Document Mismatch
S107848,False,63,Fake Address
S107849,False,15,None
S107850,False,12,Multiple Accounts
S107851,False,9,None
S107852,False,42,Document Mismatch
S107853,False,9,Document Mismatch
S107854,False,32,Multiple Accounts
S107855,False,23,Multiple Accounts
S107856,False,60,Multiple Accounts
S107857,False,52,Multiple Accounts
S107858,False,13,None
S107859,False,21,Fake Address
S107860,False,44,Fake Address
S107861,False,50,Document Mismatch
S107862,True,87,None
S107863,False,69,Fake Address
S107864,False,67,None
S107865,True,88,None
S107866,False,59,Document Mismatch
S107867,True,96,Fake Address
S107868,False,64,None
S107869,True,99,Multiple Accounts
S107870,False,12,Fake Address
S107871,True,88,Multiple Accounts
S107872,False,32,Multiple Accounts
S107873,False,59,None
S107874,False,42,Document Mismatch
S107875,False,30,Multiple Accounts
S107876,False,46,Document Mismatch
S107877,False,53,None
S107878,False,18,Document Mismatch
S107879,False,38,None
S107880,False,46,Multiple Accounts
S107881,True,99,Multiple Accounts
S107882,False,37,Multiple Accounts
S107883,False,27,Multiple Accounts
S107884,False,21,Document Mismatch
S107885,False,61,None
S107886,False,33,Multiple Accounts
S107887,False,54,Fake Address
S107888,False,1,Fake Address
S107889,False,33,Document Mismatch
S107890,False,22,Fake Address
S107891,True,90,Document Mismatch
S107892,False,35,Multiple Accounts
S107893,False,51,Multiple Accounts
S107894,False,12,Document Mismatch
S107895,False,43,None
S107896,False,81,Fake Address
S107897,False,24,None
S107898,False,57,Fake Address
S107899,False,10,None
S107900,True,93,None
S107901,False,46,Multiple Accounts
S107902,True,93,Multiple Accounts
S107903,False,53,Multiple Accounts
S107904,False,11,Document Mismatch
S107905,False,32,Fake Address
S107906,False,53,Fake Address
S107907,False,85,None
S107908,False,73,Fake Address
S107909,True,99,Fake Address
S107910,False,75,Multiple Accounts
S107911,False,54,Multiple Accounts
S107912,False,59,None
S107913,False,31,Document Mismatch
S107914,False,53,Fake Address
S107915,False,71,Document Mismatch
S107916,False,28,Multiple Accounts
S107917,False,37,Document Mismatch
S107918,False,46,Multiple Accounts
S107919,False,43,Multiple Accounts
S107920,False,35,None
S107921,False,2,Fake Address
S107922,False,80,Multiple Accounts
S107923,False,12,Document Mismatch
S107924,False,79,Multiple Accounts
S107925,True,86,None
S107926,False,32,Fake Address
S107927,False,14,Multiple Accounts
S107928,False,2,Fake Address
S107929,False,51,Fake Address
S107930,False,76,None
S107931,False,68,Document Mismatch
S107932,False,62,Document Mismatch
S107933,True,89,Fake Address
S107934,False,60,Document Mismatch
S107935,False,16,Fake Address
S107936,True,88,Document Mismatch
S107937,True,87,Fake Address
S107938,False,45,Document Mismatch
S107939,False,2,Multiple Accounts
S107940,False,76,Document Mismatch
S107941,False,58,None
S107942,False,58,Multiple Accounts
S107943,False,36,None
S107944,False,84,Fake Address
S107945,False,53,Document Mismatch
S107946,False,20,None
S107947,False,46,Multiple Accounts
S107948,False,19,Fake Address
S107949,False,37,Document Mismatch
S107950,False,28,Document Mismatch
S107951,False,30,Multiple Accounts
S107952,False,46,Fake Address
S107953,False,33,Fake Address
S107954,False,37,Document Mismatch
S107955,False,49,Fake Address
S107956,False,5,Fake Address
S107957,False,67,None
S107958,False,65,Multiple Accounts
S107959,True,97,Document Mismatch
S107960,False,60,None
S107961,True,88,Document Mismatch
S107962,False,42,Document Mismatch
S107963,False,58,Multiple Accounts
S107964,False,12,Multiple Accounts
S107965,False,52,Fake Address
S107966,False,12,Fake Address
S107967,False,81,Document Mismatch
S107968,True,89,Fake Address
S107969,False,3,None
S107970,False,68,Multiple Accounts
S107971,False,68,Multiple Accounts
S107972,False,39,Multiple Accounts
S107973,False,10,Document Mismatch
S107974,False,1,Document Mismatch
S107975,False,77,Fake Address
S107976,False,7,Document Mismatch
S107977,False,22,Fake Address
S107978,False,23,Fake Address
S107979,False,55,None
S107980,True,98,None
S107981,True,97,Document Mismatch
S107982,False,16,Document Mismatch
S107983,False,13,None
S107984,False,40,Fake Address
S107985,True,96,Multiple Accounts
S107986,True,97,Document Mismatch
S107987,False,75,Fake Address
S107988,True,94,None
S107989,False,62,Document Mismatch
S107990,False,48,Fake Address
S107991,False,8,Document Mismatch
S107992,True,88,None
S107993,False,6,Fake Address
S107994,True,99,Fake Address
S107995,False,48,Multiple Accounts
S107996,True,96,Fake Address
S107997,False,59,Fake Address
S107998,False,12,None
S107999,False,76,Multiple Accounts
S108000,False,46,Fake Address
S108001,False,85,Multiple Accounts
S108002,False,4,Document Mismatch
S108003,True,94,Document Mismatch
S108004,False,10,Fake Address
S108005,False,40,Fake Address
S108006,False,62,None
S108007,False,54,Fake Address
S108008,False,53,None
S108009,False,39,Document Mismatch
S108010,False,6,Fake Address
S108011,False,46,Multiple Accounts
S108012,False,79,Document Mismatch
S108013,False,23,Multiple Accounts
S108014,False,84,Multiple Accounts
S108015,False,69,None
S108016,False,3,None
S108017,False,68,None
S108018,False,30,Multiple Accounts
S108019,False,44,Fake Address
S108020,True,87,Fake Address
S108021,True,86,Document Mismatch
S108022,True,95,Document Mismatch
S108023,False,65,Fake Address
S108024,False,2,Document Mismatch
S108025,False,73,Fake Address
S108026,True,91,Multiple Accounts
S108027,False,74,Multiple Accounts
S108028,False,81,Multiple Accounts
S108029,False,57,None
S108030,False,43,Document Mismatch
S108031,True,86,Fake Address
S108032,False,47,Multiple Accounts
S108033,True,91,None
S108034,False,83,Multiple Accounts
S108035,False,73,None
S108036,False,79,Document Mismatch
S108037,False,31,Multiple Accounts
S108038,False,9,None
S108039,False,83,Document Mismatch
S108040,True,99,Multiple Accounts
S108041,False,23,Fake Address
S108042,True,96,Document Mismatch
S108043,True,97,Document Mismatch
S108044,True,94,Multiple Accounts
S108045,False,61,Document Mismatch
S108046,False,35,Fake Address
S108047,False,20,Fake Address
S108048,False,32,None
S108049,False,53,Document Mismatch
S108050,False,38,Multiple Accounts
S108051,False,42,Multiple Accounts
S108052,False,32,Fake Address
S108053,True,88,Fake Address
S108054,False,50,Multiple Accounts
S108055,False,45,None
S108056,False,29,Fake Address
S108057,False,83,Document Mismatch
S108058,False,5,None
S108059,True,86,Multiple Accounts
S108060,True,88,Multiple Accounts
S108061,False,33,Multiple Accounts
S108062,True,96,Multiple Accounts
S108063,True,86,None
S108064,False,50,Fake Address
S108065,False,79,Fake Address
S108066,False,1,Fake Address
S108067,False,75,Multiple Accounts
S108068,False,6,Document Mismatch
S108069,False,10,None
S108070,True,91,None
S108071,False,47,Multiple Accounts
S108072,False,69,Multiple Accounts
S108073,False,51,Fake Address
S108074,False,74,Fake Address
S108075,False,78,Fake Address
S108076,False,40,Multiple Accounts
S108077,False,20,Multiple Accounts
S108078,True,93,Fake Address
S108079,False,58,Fake Address
S108080,False,29,Fake Address
S108081,False,59,Multiple Accounts
S108082,True,94,Document Mismatch
S108083,False,81,Multiple Accounts
S108084,False,42,Fake Address
S108085,False,75,None
S108086,True,90,Fake Address
S108087,False,77,Fake Address
S108088,False,38,None
S108089,True,87,None
S108090,False,57,None
S108091,False,42,Multiple Accounts
S108092,False,47,Document Mismatch
S108093,False,73,Multiple Accounts
S108094,False,66,Fake Address
S108095,False,46,None
S108096,False,38,Document Mismatch
S108097,False,66,Document Mismatch
S108098,False,85,None
S108099,True,86,Document Mismatch
S108100,False,39,Fake Address
S108101,False,21,Fake Address
S108102,True,95,Document Mismatch
S108103,False,10,Document Mismatch
S108104,True,95,None
S108105,False,10,None
S108106,False,75,Multiple Accounts
S108107,False,62,Fake Address
S108108,False,10,None
S108109,False,59,Fake Address
S108110,False,23,Document Mismatch
S108111,False,49,None
S108112,False,18,None
S108113,False,61,Fake Address
S108114,False,73,None
S108115,False,37,Document Mismatch
S108116,True,97,Fake Address
S108117,False,74,Document Mismatch
S108118,False,32,Fake Address
S108119,False,39,Multiple Accounts
S108120,True,87,Document Mismatch
S108121,False,5,Fake Address
S108122,True,96,Fake Address
S108123,True,86,None
S108124,False,38,None
S108125,False,62,Fake Address
S108126,True,98,Multiple Accounts
S108127,False,29,Fake Address
S108128,False,30,Fake Address
S108129,False,28,None
S108130,False,7,Fake Address
S108131,False,73,Multiple Accounts
S108132,False,2,None
S108133,True,98,Multiple Accounts
S108134,False,64,None
S108135,False,57,Document Mismatch
S108136,True,99,Fake Address
S108137,True,99,Document Mismatch
S108138,False,43,Document Mismatch
S108139,False,77,Multiple Accounts
S108140,False,75,Multiple Accounts
S108141,True,92,Fake Address
S108142,False,46,Multiple Accounts
S108143,False,62,None
S108144,False,80,Multiple Accounts
S108145,False,15,None
S108146,False,32,Fake Address
S108147,False,69,Document Mismatch
S108148,False,42,Fake Address
S108149,False,74,Document Mismatch
S108150,False,61,Fake Address
S108151,False,44,None
S108152,False,58,None
S108153,False,62,Fake Address
S108154,False,23,Fake Address
S108155,False,43,Fake Address
S108156,False,73,Multiple Accounts
S108157,False,51,Multiple Accounts
S108158,False,45,Fake Address
S108159,False,72,Fake Address
S108160,False,67,Document Mismatch
S108161,False,57,Document Mismatch
S108162,False,11,Multiple Accounts
S108163,True,86,Multiple Accounts
S108164,True,91,Multiple Accounts
S108165,False,64,Fake Address
S108166,True,94,None
S108167,False,83,Multiple Accounts
S108168,False,77,Document Mismatch
S108169,False,48,Document Mismatch
S108170,True,87,Fake Address
S108171,False,1,Multiple Accounts
S108172,False,85,Multiple Accounts
S108173,False,77,Multiple Accounts
S108174,False,41,Multiple Accounts
S108175,True,91,Fake Address
S108176,True,98,Multiple Accounts
S108177,False,63,Document Mismatch
S108178,True,90,None
S108179,False,22,Multiple Accounts
S108180,False,7,None
S108181,False,84,Fake Address
S108182,False,48,Multiple Accounts
S108183,True,90,None
S108184,False,34,Fake Address
S108185,False,38,Document Mismatch
S108186,False,45,Fake Address
S108187,False,56,Fake Address
S108188,False,40,None
S108189,False,49,Document Mismatch
S108190,False,66,Fake Address
S108191,False,39,None
S108192,False,77,Multiple Accounts
S108193,False,39,Multiple Accounts
S108194,True,90,Multiple Accounts
S108195,True,95,Document Mismatch
S108196,False,63,Multiple Accounts
S108197,True,87,Document Mismatch
S108198,True,96,Document Mismatch
S108199,False,67,Document Mismatch
S108200,False,52,None
S108201,False,51,Document Mismatch
S108202,False,52,Multiple Accounts
S108203,False,3,Document Mismatch
S108204,True,97,Document Mismatch
S108205,False,81,Multiple Accounts
S108206,False,37,Multiple Accounts
S108207,False,23,Document Mismatch
S108208,False,24,Fake Address
S108209,False,14,Fake Address
S108210,False,70,None
S108211,False,54,Fake Address
S108212,False,29,Document Mismatch
S108213,False,51,Fake Address
S108214,False,35,Document Mismatch
S108215,False,72,None
S108216,False,7,Document Mismatch
S108217,False,21,Fake Address
S108218,False,8,None
S108219,False,66,Document Mismatch
S108220,False,52,None
S108221,False,57,Document Mismatch
S108222,False,8,None
S108223,False,20,Fake Address
S108224,False,68,None
S108225,False,50,Document Mismatch
S108226,False,83,Multiple Accounts
S108227,False,78,None
S108228,False,40,Document Mismatch
S108229,False,63,Document Mismatch
S108230,False,48,Multiple Accounts
S108231,False,1,Document Mismatch
S108232,False,40,Document Mismatch
S108233,False,47,Multiple Accounts
S108234,False,78,Multiple Accounts
S108235,False,68,None
S108236,False,60,Fake Address
S108237,False,9,Document Mismatch
S108238,False,19,Multiple Accounts
S108239,False,1,Multiple Accounts
S108240,False,30,Document Mismatch
S108241,False,78,Document Mismatch
S108242,False,35,Multiple Accounts
S108243,False,16,None
S108244,False,68,Fake Address
S108245,False,47,Document Mismatch
S108246,False,69,Fake Address
S108247,False,29,Fake Address
S108248,False,30,Document Mismatch
S108249,True,91,None
S108250,False,75,Document Mismatch
S108251,True,95,Fake Address
S108252,False,21,Multiple Accounts
S108253,True,99,None
S108254,True,92,Fake Address
S108255,False,85,Multiple Accounts
S108256,False,20,Multiple Accounts
S108257,False,83,Fake Address
S108258,False,5,Multiple Accounts
S108259,False,7,None
S108260,False,26,Multiple Accounts
S108261,False,54,Fake Address
S108262,True,96,Multiple Accounts
S108263,False,6,Document Mismatch
S108264,False,30,None
S108265,False,51,Multiple Accounts
S108266,False,76,Multiple Accounts
S108267,False,83,Multiple Accounts
S108268,True,91,None
S108269,False,58,Fake Address
S108270,False,66,None
S108271,False,72,None
S108272,False,75,Document Mismatch
S108273,False,24,Document Mismatch
S108274,True,88,Multiple Accounts
S108275,False,17,Document Mismatch
S108276,False,16,Multiple Accounts
S108277,False,15,Fake Address
S108278,False,39,Document Mismatch
S108279,False,61,None
S108280,False,84,None
S108281,True,99,None
S108282,False,11,None
S108283,True,91,Fake Address
S108284,False,21,Multiple Accounts
S108285,True,91,Multiple Accounts
S108286,False,50,Document Mismatch
S108287,False,19,Fake Address
S108288,False,3,Multiple Accounts
S108289,False,23,None
S108290,False,66,Multiple Accounts
S108291,False,4,None
S108292,False,31,Fake Address
S108293,False,40,Multiple Accounts
S108294,False,7,Multiple Accounts
S108295,False,18,Multiple Accounts
S108296,False,16,Document Mismatch
S108297,False,44,None
S108298,False,70,None
S108299,False,69,None
S108300,False,19,Fake Address
S108301,False,2,Document Mismatch
S108302,False,83,None
S108303,False,12,Document Mismatch
S108304,True,88,Document Mismatch
S108305,True,89,Fake Address
S108306,False,77,Document Mismatch
S108307,False,50,Multiple Accounts
S108308,False,3,Multiple Accounts
S108309,False,28,Multiple Accounts
S108310,False,41,Fake Address
S108311,False,68,Multiple Accounts
S108312,False,32,Fake Address
S108313,False,1,None
S108314,False,59,Document Mismatch
S108315,False,46,Multiple Accounts
S108316,False,80,Document Mismatch
S108317,False,35,Multiple Accounts
S108318,False,2,Multiple Accounts
S108319,False,53,Multiple Accounts
S108320,True,95,Document Mismatch
S108321,True,92,Multiple Accounts
S108322,False,61,Document Mismatch
S108323,False,6,Document Mismatch
S108324,False,62,None
S108325,False,16,None
S108326,False,7,None
S108327,False,68,None
S108328,False,78,Multiple Accounts
S108329,False,55,None
S108330,True,93,Fake Address
S108331,False,60,Fake Address
S108332,False,30,Fake Address
S108333,False,69,Document Mismatch
S108334,False,69,Fake Address
S108335,True,99,Fake Address
S108336,False,14,None
S108337,False,74,Document Mismatch
S108338,False,72,None
S108339,False,3,Multiple Accounts
S108340,False,66,Multiple Accounts
S108341,False,51,Document Mismatch
S108342,False,34,None
S108343,False,78,None
S108344,False,31,Multiple Accounts
S108345,False,42,None
S108346,False,69,Fake Address
S108347,False,56,Multiple Accounts
S108348,False,61,Fake Address
S108349,True,88,Multiple Accounts
S108350,False,81,Fake Address
S108351,False,61,Document Mismatch
S108352,False,50,Document Mismatch
S108353,False,24,Document Mismatch
S108354,False,36,Fake Address
S108355,True,86,Document Mismatch
S108356,False,38,Fake Address
S108357,False,85,Fake Address
S108358,False,9,Document Mismatch
S108359,False,73,Fake Address
S108360,False,59,None
S108361,False,78,None
S108362,True,97,Multiple Accounts
S108363,False,18,Fake Address
S108364,False,80,Fake Address
S108365,False,26,None
S108366,False,4,Document Mismatch
S108367,False,56,Multiple Accounts
S108368,False,45,Document Mismatch
S108369,False,40,None
S108370,False,72,Document Mismatch
S108371,False,53,Multiple Accounts
S108372,False,5,Multiple Accounts
S108373,False,80,Multiple Accounts
S108374,False,2,None
S108375,False,53,Fake Address
S108376,True,100,Multiple Accounts
S108377,False,74,None
S108378,False,62,Fake Address
S108379,False,47,None
S108380,False,45,Document Mismatch
S108381,False,9,None
S108382,True,96,Multiple Accounts
S108383,False,6,Document Mismatch
S108384,False,21,Fake Address
S108385,False,31,Multiple Accounts
S108386,False,31,Multiple Accounts
S108387,False,85,Multiple Accounts
S108388,False,18,Document Mismatch
S108389,False,79,Multiple Accounts
S108390,False,31,Fake Address
S108391,False,27,Document Mismatch
S108392,False,40,Multiple Accounts
S108393,False,61,Fake Address
S108394,True,96,Multiple Accounts
S108395,False,15,Fake Address
S108396,False,37,Fake Address
S108397,False,16,Document Mismatch
S108398,False,35,Fake Address
S108399,False,58,None
S108400,False,17,None
S108401,False,76,Fake Address
S108402,False,29,Fake Address
S108403,False,50,None
S108404,False,18,Document Mismatch
S108405,False,64,Multiple Accounts
S108406,False,3,Document Mismatch
S108407,False,81,None
S108408,False,25,None
S108409,False,62,Document Mismatch
S108410,False,35,Fake Address
S108411,True,97,Fake Address
S108412,False,27,None
S108413,False,78,Multiple Accounts
S108414,False,68,None
S108415,False,13,Multiple Accounts
S108416,False,45,Multiple Accounts
S108417,False,32,Document Mismatch
S108418,True,100,Document Mismatch
S108419,False,46,Document Mismatch
S108420,False,15,None
S108421,False,6,Multiple Accounts
S108422,False,23,Multiple Accounts
S108423,False,7,Fake Address
S108424,False,79,None
S108425,False,2,Multiple Accounts
S108426,False,24,Document Mismatch
S108427,False,38,None
S108428,False,70,None
S108429,False,71,Multiple Accounts
S108430,False,79,Multiple Accounts
S108431,False,19,None
S108432,False,40,Multiple Accounts
S108433,False,28,Fake Address
S108434,False,55,None
S108435,False,56,Document Mismatch
S108436,False,75,Multiple Accounts
S108437,False,64,Document Mismatch
S108438,False,45,None
S108439,True,98,Fake Address
S108440,False,3,Fake Address
S108441,False,61,None
S108442,False,32,Multiple Accounts
S108443,False,23,Document Mismatch
S108444,False,46,Document Mismatch
S108445,False,40,Document Mismatch
S108446,True,95,Document Mismatch
S108447,False,17,Multiple Accounts
S108448,False,1,Fake Address
S108449,False,78,None
S108450,False,59,None
S108451,False,76,Document Mismatch
S108452,False,78,Multiple Accounts
S108453,False,43,Fake Address
S108454,True,97,Fake Address
S108455,False,42,Fake Address
S108456,False,84,None
S108457,False,80,Multiple Accounts
S108458,False,28,Multiple Accounts
S108459,False,54,Fake Address
S108460,False,26,Multiple Accounts
S108461,False,51,Fake Address
S108462,True,98,Document Mismatch
S108463,False,16,Multiple Accounts
S108464,False,43,Multiple Accounts
S108465,False,55,Fake Address
S108466,False,49,Fake Address
S108467,False,51,Multiple Accounts
S108468,True,99,Fake Address
S108469,False,81,Multiple Accounts
S108470,False,29,Multiple Accounts
S108471,False,17,None
S108472,False,6,None
S108473,True,92,None
S108474,False,45,Document Mismatch
S108475,False,64,Multiple Accounts
S108476,False,62,Document Mismatch
S108477,False,2,None
S108478,False,81,None
S108479,False,28,None
S108480,False,12,None
S108481,False,68,Multiple Accounts
S108482,False,82,None
S108483,False,72,Fake Address
S108484,False,6,Document Mismatch
S108485,False,42,Document Mismatch
S108486,False,17,None
S108487,False,50,Document Mismatch
S108488,False,75,None
S108489,False,7,Document Mismatch
S108490,False,12,Fake Address
S108491,False,84,Fake Address
S108492,False,17,Multiple Accounts
S108493,False,83,Document Mismatch
S108494,False,6,Document Mismatch
S108495,False,75,Document Mismatch
S108496,False,68,Fake Address
S108497,False,2,Multiple Accounts
S108498,False,21,Multiple Accounts
S108499,False,50,Multiple Accounts
S108500,False,32,Document Mismatch
S108501,True,90,Multiple Accounts
S108502,False,68,Fake Address
S108503,False,26,Document Mismatch
S108504,False,74,Multiple Accounts
S108505,False,41,None
S108506,False,72,Multiple Accounts
S108507,False,5,Fake Address
S108508,False,46,None
S108509,False,53,Fake Address
S108510,False,17,Fake Address
S108511,True,89,Fake Address
S108512,False,34,Fake Address
S108513,False,56,Document Mismatch
S108514,True,88,None
S108515,True,86,Document Mismatch
S108516,False,36,Document Mismatch
S108517,True,86,Document Mismatch
S108518,False,34,Multiple Accounts
S108519,False,31,None
S108520,False,76,Document Mismatch
S108521,False,84,None
S108522,False,43,Document Mismatch
S108523,False,34,Document Mismatch
S108524,False,38,Fake Address
S108525,False,13,Document Mismatch
S108526,False,79,Document Mismatch
S108527,False,19,Multiple Accounts
S108528,False,72,None
S108529,False,62,Document Mismatch
S108530,False,51,Fake Address
S108531,False,19,Fake Address
S108532,True,90,Document Mismatch
S108533,True,96,Document Mismatch
S108534,True,87,Document Mismatch
S108535,False,72,Fake Address
S108536,False,66,Document Mismatch
S108537,False,8,Multiple Accounts
S108538,False,52,Multiple Accounts
S108539,False,59,None
S108540,False,20,Document Mismatch
S108541,False,29,Document Mismatch
S108542,False,5,None
S108543,False,68,None
S108544,False,24,None
S108545,False,69,Multiple Accounts
S108546,False,72,Fake Address
S108547,False,30,Document Mismatch
S108548,False,12,None
S108549,False,80,Multiple Accounts
S108550,False,14,Document Mismatch
S108551,True,94,Document Mismatch
S108552,False,10,Multiple Accounts
S108553,False,60,Fake Address
S108554,True,86,Fake Address
S108555,False,39,Document Mismatch
S108556,False,73,Fake Address
S108557,False,47,Fake Address
S108558,False,60,Document Mismatch
S108559,True,86,Document Mismatch
S108560,False,80,Document Mismatch
S108561,False,15,Fake Address
S108562,False,40,Multiple Accounts
S108563,False,17,Multiple Accounts
S108564,False,2,None
S108565,False,77,Fake Address
S108566,True,100,Document Mismatch
S108567,False,70,None
S108568,True,98,Multiple Accounts
S108569,False,37,Multiple Accounts
S108570,False,41,Document Mismatch
S108571,False,54,Fake Address
S108572,True,90,Fake Address
S108573,False,29,None
S108574,False,6,Fake Address
S108575,False,9,Multiple Accounts
S108576,True,92,Fake Address
S108577,False,39,Fake Address
S108578,True,90,Multiple Accounts
S108579,True,98,Fake Address
S108580,True,99,Document Mismatch
S108581,False,63,Fake Address
S108582,False,71,Multiple Accounts
S108583,False,76,Fake Address
S108584,True,88,Fake Address
S108585,False,6,Document Mismatch
S108586,False,47,Document Mismatch
S108587,False,40,None
S108588,False,8,None
S108589,False,10,Fake Address
S108590,True,92,None
S108591,False,52,None
S108592,False,6,Document Mismatch
S108593,False,15,None
S108594,False,40,Document Mismatch
S108595,False,43,Multiple Accounts
S108596,False,40,Multiple Accounts
S108597,True,99,Document Mismatch
S108598,False,25,Fake Address
S108599,False,51,Document Mismatch
S108600,False,47,Document Mismatch
S108601,False,81,Multiple Accounts
S108602,False,47,Multiple Accounts
S108603,True,91,Fake Address
S108604,False,55,None
S108605,False,35,Document Mismatch
S108606,False,44,Multiple Accounts
S108607,False,35,Multiple Accounts
S108608,False,13,None
S108609,False,47,Multiple Accounts
S108610,False,25,Document Mismatch
S108611,True,91,Fake Address
S108612,False,45,Fake Address
S108613,False,13,Multiple Accounts
S108614,False,57,Document Mismatch
S108615,True,93,Multiple Accounts
S108616,False,64,Multiple Accounts
S108617,False,43,Fake Address
S108618,False,81,Document Mismatch
S108619,False,8,Multiple Accounts
S108620,False,40,None
S108621,False,15,Multiple Accounts
S108622,False,65,Fake Address
S108623,False,45,None
S108624,False,20,Multiple Accounts
S108625,False,59,None
S108626,False,44,Fake Address
S108627,False,12,None
S108628,False,2,Multiple Accounts
S108629,False,9,Multiple Accounts
S108630,True,95,None
S108631,False,48,Document Mismatch
S108632,False,52,None
S108633,False,9,Multiple Accounts
S108634,False,16,None
S108635,False,54,None
S108636,False,85,Multiple Accounts
S108637,False,45,Fake Address
S108638,False,51,Multiple Accounts
S108639,False,35,Multiple Accounts
S108640,True,94,None
S108641,False,34,Fake Address
S108642,False,64,Fake Address
S108643,False,21,Fake Address
S108644,False,61,Multiple Accounts
S108645,False,63,Document Mismatch
S108646,True,86,None
S108647,False,12,Document Mismatch
S108648,False,35,None
S108649,False,35,Fake Address
S108650,False,55,Multiple Accounts
S108651,False,30,Multiple Accounts
S108652,False,64,None
S108653,True,89,Fake Address
S108654,False,32,Document Mismatch
S108655,True,97,Multiple Accounts
S108656,False,61,Multiple Accounts
S108657,False,26,Multiple Accounts
S108658,False,45,None
S108659,False,60,Document Mismatch
S108660,False,27,Fake Address
S108661,False,84,None
S108662,False,13,Document Mismatch
S108663,False,44,Multiple Accounts
S108664,False,18,None
S108665,False,6,None
S108666,False,64,Document Mismatch
S108667,True,90,Multiple Accounts
S108668,False,60,Multiple Accounts
S108669,False,60,None
S108670,True,87,Document Mismatch
S108671,False,63,Document Mismatch
S108672,False,10,None
S108673,False,51,None
S108674,True,86,None
S108675,False,44,Fake Address
S108676,False,23,Multiple Accounts
S108677,False,65,Document Mismatch
S108678,True,98,Document Mismatch
S108679,False,25,Document Mismatch
S108680,False,49,Multiple Accounts
S108681,False,55,Fake Address
S108682,False,41,Multiple Accounts
S108683,False,45,Document Mismatch
S108684,False,53,Fake Address
S108685,False,25,Multiple Accounts
S108686,True,86,Fake Address
S108687,False,29,None
S108688,False,17,Document Mismatch
S108689,False,20,Multiple Accounts
S108690,False,75,Multiple Accounts
S108691,False,32,Fake Address
S108692,False,4,Fake Address
S108693,False,36,Multiple Accounts
S108694,False,38,None
S108695,False,42,Fake Address
S108696,False,11,Fake Address
S108697,False,2,None
S108698,False,35,Multiple Accounts
S108699,False,21,None
S108700,False,24,None
S108701,False,43,None
S108702,False,51,Multiple Accounts
S108703,False,32,Multiple Accounts
S108704,False,58,Fake Address
S108705,False,4,Fake Address
S108706,False,71,Multiple Accounts
S108707,False,6,Fake Address
S108708,False,27,Multiple Accounts
S108709,False,7,Fake Address
S108710,False,17,None
S108711,False,72,None
S108712,True,89,Multiple Accounts
S108713,False,55,Multiple Accounts
S108714,False,81,Fake Address
S108715,False,14,Multiple Accounts
S108716,False,9,Document Mismatch
S108717,False,12,Multiple Accounts
S108718,True,98,Multiple Accounts
S108719,False,17,Fake Address
S108720,False,26,Fake Address
S108721,False,54,Fake Address
S108722,False,72,Fake Address
S108723,False,69,Multiple Accounts
S108724,False,60,Multiple Accounts
S108725,False,26,None
S108726,False,77,Multiple Accounts
S108727,False,48,Document Mismatch
S108728,False,69,None
S108729,False,67,None
S108730,True,96,Document Mismatch
S108731,False,65,None
S108732,False,22,Multiple Accounts
S108733,False,13,Fake Address
S108734,False,56,None
S108735,True,100,Document Mismatch
S108736,False,74,Fake Address
S108737,False,58,None
S108738,False,66,Multiple Accounts
S108739,False,22,Document Mismatch
S108740,False,32,Multiple Accounts
S108741,False,17,Fake Address
S108742,False,68,Document Mismatch
S108743,False,43,Fake Address
S108744,False,49,Fake Address
S108745,False,31,Fake Address
S108746,False,69,Multiple Accounts
S108747,False,82,Fake Address
S108748,False,11,None
S108749,False,18,Document Mismatch
S108750,False,5,Document Mismatch
S108751,False,48,None
S108752,False,36,Fake Address
S108753,False,22,Fake Address
S108754,True,86,None
S108755,False,28,None
S108756,True,88,Document Mismatch
S108757,True,97,Multiple Accounts
S108758,False,47,Multiple Accounts
S108759,True,91,Multiple Accounts
S108760,False,10,Fake Address
S108761,False,82,Document Mismatch
S108762,False,44,Multiple Accounts
S108763,False,3,Document Mismatch
S108764,False,45,None
S108765,False,72,Fake Address
S108766,False,8,None
S108767,False,26,Multiple Accounts
S108768,False,44,Document Mismatch
S108769,False,81,None
S108770,False,5,Document Mismatch
S108771,True,99,Multiple Accounts
S108772,False,65,None
S108773,False,30,Document Mismatch
S108774,False,55,Document Mismatch
S108775,False,32,Fake Address
S108776,False,2,Multiple Accounts
S108777,False,37,None
S108778,False,79,None
S108779,False,45,Fake Address
S108780,False,34,Multiple Accounts
S108781,True,93,Multiple Accounts
S108782,False,36,None
S108783,False,56,Document Mismatch
S108784,False,31,Document Mismatch
S108785,False,14,None
S108786,False,5,Multiple Accounts
S108787,False,28,Multiple Accounts
S108788,False,76,Document Mismatch
S108789,False,57,Multiple Accounts
S108790,True,87,Fake Address
S108791,False,7,Fake Address
S108792,False,69,Document Mismatch
S108793,False,64,None
S108794,False,45,None
S108795,False,64,Multiple Accounts
S108796,False,85,Multiple Accounts
S108797,False,62,Multiple Accounts
S108798,False,14,Document Mismatch
S108799,False,80,Document Mismatch
S108800,False,39,Fake Address
S108801,True,100,Multiple Accounts
S108802,False,84,None
S108803,False,39,None
S108804,False,77,Document Mismatch
S108805,False,84,Multiple Accounts
S108806,False,68,None
S108807,False,49,None
S108808,False,4,Multiple Accounts
S108809,False,5,None
S108810,False,23,None
S108811,False,19,None
S108812,True,89,None
S108813,False,40,Document Mismatch
S108814,True,99,Fake Address
S108815,False,65,Document Mismatch
S108816,False,56,Document Mismatch
S108817,False,20,Document Mismatch
S108818,True,90,Multiple Accounts
S108819,False,36,Fake Address
S108820,False,46,Document Mismatch
S108821,False,22,None
S108822,False,3,Document Mismatch
S108823,False,70,Fake Address
S108824,False,77,None
S108825,True,96,Fake Address
S108826,True,92,None
S108827,False,85,Document Mismatch
S108828,False,33,Document Mismatch
S108829,False,69,Fake Address
S108830,False,37,Multiple Accounts
S108831,False,4,None
S108832,False,65,None
S108833,False,49,Multiple Accounts
S108834,False,68,Fake Address
S108835,False,65,None
S108836,False,30,Fake Address
S108837,False,75,Document Mismatch
S108838,False,71,Fake Address
S108839,False,67,Fake Address
S108840,False,21,Fake Address
S108841,False,64,Document Mismatch
S108842,False,79,Multiple Accounts
S108843,True,89,Multiple Accounts
S108844,False,26,Document Mismatch
S108845,False,61,Multiple Accounts
S108846,False,79,None
S108847,False,5,None
S108848,False,36,None
S108849,False,27,Document Mismatch
S108850,False,33,None
S108851,True,96,None
S108852,False,83,None
S108853,False,83,Document Mismatch
S108854,False,9,None
S108855,False,55,Document Mismatch
S108856,False,46,Multiple Accounts
S108857,False,9,Multiple Accounts
S108858,False,58,None
S108859,False,32,Multiple Accounts
S108860,False,37,Fake Address
S108861,False,40,Fake Address
S108862,False,4,None
S108863,False,65,Fake Address
S108864,False,41,None
S108865,False,45,None
S108866,False,84,Document Mismatch
S108867,False,4,Fake Address
S108868,True,88,None
S108869,False,71,Fake Address
S108870,False,60,Fake Address
S108871,False,19,None
S108872,False,47,Fake Address
S108873,False,8,None
S108874,False,20,None
S108875,False,20,None
S108876,False,34,Fake Address
S108877,False,40,Fake Address
S108878,False,27,None
S108879,False,53,Multiple Accounts
S108880,False,25,None
S108881,False,18,Fake Address
S108882,False,20,Fake Address
S108883,False,64,None
S108884,False,15,Fake Address
S108885,True,97,Fake Address
S108886,False,76,Document Mismatch
S108887,True,100,None
S108888,False,36,Multiple Accounts
S108889,False,54,None
S108890,False,38,Fake Address
S108891,False,11,None
S108892,True,86,None
S108893,False,61,Fake Address
S108894,False,1,None
S108895,False,59,Multiple Accounts
S108896,False,18,Document Mismatch
S108897,False,75,None
S108898,False,68,Fake Address
S108899,True,100,Document Mismatch
S108900,False,73,Multiple Accounts
S108901,False,1,Fake Address
S108902,False,64,Fake Address
S108903,False,56,Fake Address
S108904,False,85,None
S108905,False,72,Document Mismatch
S108906,True,88,Document Mismatch
S108907,False,67,Multiple Accounts
S108908,True,98,Document Mismatch
S108909,False,35,Document Mismatch
S108910,False,71,Multiple Accounts
S108911,False,3,Document Mismatch
S108912,True,91,Document Mismatch
S108913,False,43,Fake Address
S108914,True,90,None
S108915,False,28,Document Mismatch
S108916,True,88,Document Mismatch
S108917,False,33,Multiple Accounts
S108918,True,92,Document Mismatch
S108919,False,48,Multiple Accounts
S108920,False,50,Document Mismatch
S108921,False,22,Fake Address
S108922,False,55,Document Mismatch
S108923,False,1,Fake Address
S108924,False,69,Multiple Accounts
S108925,True,92,Document Mismatch
S108926,False,35,Multiple Accounts
S108927,True,98,None
S108928,False,18,Fake Address
S108929,False,34,Document Mismatch
S108930,False,69,Fake Address
S108931,False,52,None
S108932,False,81,None
S108933,False,45,Multiple Accounts
S108934,False,40,Multiple Accounts
S108935,False,76,Document Mismatch
S108936,False,62,Fake Address
S108937,False,41,Document Mismatch
S108938,False,12,None
S108939,False,30,Document Mismatch
S108940,True,91,None
S108941,False,18,Fake Address
S108942,True,99,Document Mismatch
S108943,False,75,Document Mismatch
S108944,True,86,Multiple Accounts
S108945,False,26,Fake Address
S108946,False,24,Multiple Accounts
S108947,False,30,None
S108948,False,36,Multiple Accounts
S108949,False,68,None
S108950,False,13,Document Mismatch
S108951,False,46,Fake Address
S108952,True,86,Fake Address
S108953,False,78,Document Mismatch
S108954,False,77,Multiple Accounts
S108955,False,6,Fake Address
S108956,True,96,Document Mismatch
S108957,False,51,None
S108958,True,92,Multiple Accounts
S108959,False,28,Multiple Accounts
S108960,False,74,Fake Address
S108961,True,90,Multiple Accounts
S108962,False,11,None
S108963,False,36,Fake Address
S108964,False,55,Multiple Accounts
S108965,False,59,None
S108966,False,69,Multiple Accounts
S108967,False,53,Multiple Accounts
S108968,False,66,Fake Address
S108969,False,56,None
S108970,False,81,Fake Address
S108971,False,81,Fake Address
S108972,False,76,Document Mismatch
S108973,False,75,Multiple Accounts
S108974,False,53,Document Mismatch
S108975,False,67,Multiple Accounts
S108976,True,86,Multiple Accounts
S108977,False,10,None
S108978,False,67,Document Mismatch
S108979,False,37,Fake Address
S108980,False,58,Fake Address
S108981,False,53,Document Mismatch
S108982,True,89,Multiple Accounts
S108983,False,14,Document Mismatch
S108984,True,97,Multiple Accounts
S108985,True,91,Fake Address
S108986,False,69,Fake Address
S108987,False,46,None
S108988,False,83,Fake Address
S108989,False,28,Multiple Accounts
S108990,False,11,Multiple Accounts
S108991,False,40,Fake Address
S108992,False,72,Document Mismatch
S108993,False,27,Fake Address
S108994,False,6,Fake Address
S108995,False,36,Document Mismatch
S108996,False,68,None
S108997,True,88,Document Mismatch
S108998,False,82,Fake Address
S108999,False,61,None
S109000,True,99,Fake Address
S109001,False,80,Document Mismatch
S109002,False,20,Fake Address
S109003,True,99,None
S109004,False,80,Document Mismatch
S109005,False,44,Multiple Accounts
S109006,False,1,Fake Address
S109007,False,17,Multiple Accounts
S109008,True,93,Multiple Accounts
S109009,False,77,Document Mismatch
S109010,False,21,Fake Address
S109011,False,29,None
S109012,True,96,Document Mismatch
S109013,False,79,Multiple Accounts
S109014,False,83,Document Mismatch
S109015,False,52,Multiple Accounts
S109016,True,94,None
S109017,True,95,Fake Address
S109018,True,90,Document Mismatch
S109019,False,49,None
S109020,False,62,Fake Address
S109021,False,27,Fake Address
S109022,False,64,None
S109023,False,9,None
S109024,False,41,Fake Address
S109025,False,1,Fake Address
S109026,False,45,Multiple Accounts
S109027,False,76,Fake Address
S109028,False,10,Document Mismatch
S109029,True,92,Document Mismatch
S109030,False,63,None
S109031,False,45,Fake Address
S109032,False,20,Fake Address
S109033,False,20,Multiple Accounts
S109034,False,25,Multiple Accounts
S109035,False,71,Fake Address
S109036,False,76,Document Mismatch
S109037,False,71,None
S109038,False,60,Multiple Accounts
S109039,False,9,Multiple Accounts
S109040,False,77,Fake Address
S109041,False,46,Multiple Accounts
S109042,False,85,Multiple Accounts
S109043,False,16,Fake Address
S109044,True,95,Fake Address
S109045,False,29,Document Mismatch
S109046,False,41,Multiple Accounts
S109047,False,79,Fake Address
S109048,False,19,None
S109049,False,9,Multiple Accounts
S109050,False,48,Document Mismatch
S109051,False,34,Document Mismatch
S109052,True,90,Fake Address
S109053,True,100,Document Mismatch
S109054,False,45,Document Mismatch
S109055,False,16,Document Mismatch
S109056,False,68,Multiple Accounts
S109057,False,17,Fake Address
S109058,False,66,Multiple Accounts
S109059,False,71,Fake Address
S109060,False,4,Multiple Accounts
S109061,False,20,Multiple Accounts
S109062,False,68,None
S109063,False,52,Multiple Accounts
S109064,False,16,None
S109065,False,62,None
S109066,False,56,None
S109067,False,37,Multiple Accounts
S109068,False,20,None
S109069,False,52,Document Mismatch
S109070,False,83,Multiple Accounts
S109071,False,40,Fake Address
S109072,True,90,Multiple Accounts
S109073,False,33,Fake Address
S109074,False,26,Document Mismatch
S109075,False,42,Fake Address
S109076,False,29,Document Mismatch
S109077,False,29,Document Mismatch
S109078,False,13,Multiple Accounts
S109079,False,56,Fake Address
S109080,False,40,None
S109081,False,7,Document Mismatch
S109082,False,76,Document Mismatch
S109083,False,15,Fake Address
S109084,False,39,Document Mismatch
S109085,True,97,Fake Address
S109086,False,77,Fake Address
S109087,False,58,None
S109088,False,33,Multiple Accounts
S109089,False,42,Fake Address
S109090,False,17,Multiple Accounts
S109091,False,27,Fake Address
S109092,False,15,Document Mismatch
S109093,False,39,None
S109094,False,21,Multiple Accounts
S109095,False,78,Document Mismatch
S109096,False,66,Document Mismatch
S109097,False,13,None
S109098,True,99,Multiple Accounts
S109099,False,25,None
S109100,False,8,Multiple Accounts
S109101,False,81,Document Mismatch
S109102,False,26,Document Mismatch
S109103,False,21,Document Mismatch
S109104,False,78,Multiple Accounts
S109105,False,17,None
S109106,False,21,Multiple Accounts
S109107,False,25,Multiple Accounts
S109108,False,61,Document Mismatch
S109109,False,17,Multiple Accounts
S109110,False,85,Fake Address
S109111,False,36,None
S109112,False,63,Multiple Accounts
S109113,False,36,None
S109114,False,50,Fake Address
S109115,False,17,Document Mismatch
S109116,False,44,Document Mismatch
S109117,False,32,Fake Address
S109118,False,68,Document Mismatch
S109119,False,8,Document Mismatch
S109120,False,6,None
S109121,False,49,None
S109122,False,35,None
S109123,False,69,Fake Address
S109124,False,47,Document Mismatch
S109125,True,91,Fake Address
S109126,True,100,None
S109127,False,51,Document Mismatch
S109128,True,91,None
S109129,False,8,Multiple Accounts
S109130,False,12,Document Mismatch
S109131,False,57,Fake Address
S109132,False,38,Document Mismatch
S109133,False,1,Multiple Accounts
S109134,False,52,Document Mismatch
S109135,True,91,Document Mismatch
S109136,False,71,None
S109137,False,24,Multiple Accounts
S109138,False,75,Document Mismatch
S109139,False,18,Fake Address
S109140,False,41,None
S109141,True,99,None
S109142,False,42,Document Mismatch
S109143,False,23,Fake Address
S109144,False,55,None
S109145,False,48,Document Mismatch
S109146,False,79,None
S109147,False,46,Fake Address
S109148,False,77,Multiple Accounts
S109149,False,46,Document Mismatch
S109150,False,28,Multiple Accounts
S109151,False,70,Multiple Accounts
S109152,True,87,Multiple Accounts
S109153,False,56,Document Mismatch
S109154,True,87,Multiple Accounts
S109155,False,64,Fake Address
S109156,False,73,Document Mismatch
S109157,False,40,Multiple Accounts
S109158,False,69,Multiple Accounts
S109159,True,96,Multiple Accounts
S109160,False,81,Fake Address
S109161,True,88,Multiple Accounts
S109162,False,60,Fake Address
S109163,False,51,Document Mismatch
S109164,True,96,Fake Address
S109165,False,58,Fake Address
S109166,False,51,Document Mismatch
S109167,True,98,Fake Address
S109168,False,46,None
S109169,False,28,Fake Address
S109170,False,9,Fake Address
S109171,False,80,Multiple Accounts
S109172,False,2,Fake Address
S109173,False,50,Document Mismatch
S109174,False,47,None
S109175,False,12,None
S109176,False,84,Fake Address
S109177,True,92,Document Mismatch
S109178,False,49,Document Mismatch
S109179,False,28,Multiple Accounts
S109180,False,79,Multiple Accounts
S109181,False,15,Multiple Accounts
S109182,False,18,None
S109183,False,67,None
S109184,False,82,Fake Address
S109185,False,61,None
S109186,False,30,Fake Address
S109187,False,3,None
S109188,False,4,Multiple Accounts
S109189,False,83,Fake Address
S109190,True,94,None
S109191,False,3,Document Mismatch
S109192,False,35,Document Mismatch
S109193,False,57,None
S109194,False,63,Document Mismatch
S109195,False,52,Multiple Accounts
S109196,True,100,None
S109197,False,58,Multiple Accounts
S109198,False,59,Fake Address
S109199,False,27,Multiple Accounts
S109200,False,59,Multiple Accounts
S109201,False,44,Multiple Accounts
S109202,True,96,Fake Address
S109203,False,4,Fake Address
S109204,False,31,Multiple Accounts
S109205,False,28,None
S109206,False,56,Fake Address
S109207,False,29,Fake Address
S109208,False,80,Document Mismatch
S109209,False,57,Document Mismatch
S109210,False,53,None
S109211,False,52,Document Mismatch
S109212,False,7,None
S109213,False,23,None
S109214,False,66,Fake Address
S109215,False,33,Multiple Accounts
S109216,False,16,Document Mismatch
S109217,False,36,Fake Address
S109218,False,65,Document Mismatch
S109219,True,99,Fake Address
S109220,False,72,None
S109221,False,12,None
S109222,False,7,Document Mismatch
S109223,False,46,None
S109224,False,52,Fake Address
S109225,False,57,Multiple Accounts
S109226,False,19,Multiple Accounts
S109227,True,90,None
S109228,False,69,None
S109229,False,41,Fake Address
S109230,False,43,Multiple Accounts
S109231,False,10,Document Mismatch
S109232,False,80,None
S109233,False,50,Fake Address
S109234,False,10,Multiple Accounts
S109235,False,1,Fake Address
S109236,False,53,None
S109237,False,5,Multiple Accounts
S109238,False,53,None
S109239,False,16,Document Mismatch
S109240,False,68,None
S109241,False,57,Fake Address
S109242,False,45,Multiple Accounts
S109243,False,33,None
S109244,False,69,None
S109245,False,85,None
S109246,False,56,None
S109247,True,91,Document Mismatch
S109248,False,50,Fake Address
S109249,False,70,Document Mismatch
S109250,False,45,None
S109251,False,52,Fake Address
S109252,False,65,Multiple Accounts
S109253,False,3,Multiple Accounts
S109254,True,90,Multiple Accounts
S109255,False,3,Document Mismatch
S109256,False,46,None
S109257,False,80,Multiple Accounts
S109258,True,96,None
S109259,False,59,Document Mismatch
S109260,True,98,Document Mismatch
S109261,False,80,Document Mismatch
S109262,False,28,Multiple Accounts
S109263,False,59,Document Mismatch
S109264,False,7,Fake Address
S109265,False,35,Multiple Accounts
S109266,False,30,Document Mismatch
S109267,False,80,Document Mismatch
S109268,False,64,Fake Address
S109269,False,49,Document Mismatch
S109270,False,28,Document Mismatch
S109271,False,13,Document Mismatch
S109272,False,34,Multiple Accounts
S109273,False,85,Fake Address
S109274,False,64,Document Mismatch
S109275,False,75,Document Mismatch
S109276,False,54,None
S109277,False,42,Fake Address
S109278,True,86,Multiple Accounts
S109279,False,73,Fake Address
S109280,False,72,None
S109281,False,56,Multiple Accounts
S109282,True,87,None
S109283,False,76,Document Mismatch
S109284,False,29,Document Mismatch
S109285,False,47,Document Mismatch
S109286,False,61,None
S109287,False,8,Multiple Accounts
S109288,True,94,None
S109289,False,17,None
S109290,False,41,Document Mismatch
S109291,False,1,Document Mismatch
S109292,False,83,Document Mismatch
S109293,False,44,Multiple Accounts
S109294,False,39,Document Mismatch
S109295,False,26,Document Mismatch
S109296,True,97,Document Mismatch
S109297,False,51,Multiple Accounts
S109298,False,1,None
S109299,False,62,None
S109300,True,100,None
S109301,False,50,None
S109302,True,91,None
S109303,False,80,Fake Address
S109304,False,78,None
S109305,True,96,Fake Address
S109306,False,82,Multiple Accounts
S109307,False,23,Fake Address
S109308,False,33,Multiple Accounts
S109309,False,47,None
S109310,False,62,Document Mismatch
S109311,False,28,None
S109312,False,1,Fake Address
S109313,False,2,None
S109314,False,24,Fake Address
S109315,False,7,Multiple Accounts
S109316,False,21,Document Mismatch
S109317,False,38,Multiple Accounts
S109318,True,88,None
S109319,False,4,Fake Address
S109320,False,22,None
S109321,False,30,Fake Address
S109322,False,25,Multiple Accounts
S109323,False,62,Document Mismatch
S109324,False,83,Document Mismatch
S109325,False,59,Fake Address
S109326,False,18,None
S109327,False,40,Document Mismatch
S109328,True,100,Fake Address
S109329,False,64,Fake Address
S109330,False,64,None
S109331,False,55,Document Mismatch
S109332,False,42,None
S109333,False,11,Fake Address
S109334,False,28,Multiple Accounts
S109335,False,39,Document Mismatch
S109336,False,39,Fake Address
S109337,True,88,Fake Address
S109338,False,11,Document Mismatch
S109339,False,84,Multiple Accounts
S109340,False,17,None
S109341,True,95,Fake Address
S109342,False,11,Document Mismatch
S109343,False,67,Fake Address
S109344,False,43,Fake Address
S109345,False,25,Fake Address
S109346,False,26,Multiple Accounts
S109347,False,82,Fake Address
S109348,False,34,Fake Address
S109349,False,70,None
S109350,False,14,Document Mismatch
S109351,False,34,Multiple Accounts
S109352,False,39,None
S109353,True,87,Document Mismatch
S109354,True,98,Document Mismatch
S109355,True,88,Multiple Accounts
S109356,True,87,None
S109357,False,51,Document Mismatch
S109358,False,44,Fake Address
S109359,True,100,Multiple Accounts
S109360,False,34,Document Mismatch
S109361,False,72,Fake Address
S109362,False,16,Fake Address
S109363,False,60,None
S109364,False,48,None
S109365,True,94,Document Mismatch
S109366,False,30,Document Mismatch
S109367,True,88,Document Mismatch
S109368,False,64,Multiple Accounts
S109369,True,90,Multiple Accounts
S109370,False,55,Fake Address
S109371,False,33,Multiple Accounts
S109372,False,6,None
S109373,False,24,Document Mismatch
S109374,False,57,Document Mismatch
S109375,False,61,Multiple Accounts
S109376,True,90,Document Mismatch
S109377,False,80,Fake Address
S109378,False,30,Multiple Accounts
S109379,False,80,Multiple Accounts
S109380,True,90,Document Mismatch
S109381,False,82,Fake Address
S109382,False,40,Multiple Accounts
S109383,False,13,Multiple Accounts
S109384,False,38,Document Mismatch
S109385,False,42,None
S109386,False,3,Document Mismatch
S109387,True,96,Fake Address
S109388,True,97,Multiple Accounts
S109389,False,65,Document Mismatch
S109390,False,64,Multiple Accounts
S109391,False,41,Fake Address
S109392,False,53,Fake Address
S109393,False,73,Document Mismatch
S109394,False,77,Document Mismatch
S109395,False,71,Multiple Accounts
S109396,True,86,Fake Address
S109397,False,26,Fake Address
S109398,False,33,Document Mismatch
S109399,False,45,Document Mismatch
S109400,False,63,Multiple Accounts
S109401,False,18,Multiple Accounts
S109402,True,94,Multiple Accounts
S109403,False,20,Fake Address
S109404,False,69,Multiple Accounts
S109405,False,31,Document Mismatch
S109406,False,7,None
S109407,False,68,Fake Address
S109408,False,18,Multiple Accounts
S109409,False,47,None
S109410,False,46,Fake Address
S109411,True,86,Multiple Accounts
S109412,False,36,Multiple Accounts
S109413,False,49,Fake Address
S109414,False,46,Multiple Accounts
S109415,False,66,Multiple Accounts
S109416,True,96,Document Mismatch
S109417,False,30,None
S109418,False,30,Multiple Accounts
S109419,False,31,Multiple Accounts
S109420,False,52,Fake Address
S109421,True,89,Multiple Accounts
S109422,False,80,Fake Address
S109423,False,76,Document Mismatch
S109424,False,32,None
S109425,False,41,Document Mismatch
S109426,False,7,Document Mismatch
S109427,False,52,Multiple Accounts
S109428,False,72,Fake Address
S109429,False,40,None
S109430,False,68,None
S109431,True,96,Fake Address
S109432,True,87,Fake Address
S109433,False,46,Multiple Accounts
S109434,False,48,None
S109435,False,64,Fake Address
S109436,False,33,Multiple Accounts
S109437,False,31,None
S109438,False,19,Fake Address
S109439,False,61,None
S109440,False,30,Document Mismatch
S109441,False,63,Fake Address
S109442,False,22,Multiple Accounts
S109443,False,65,Document Mismatch
S109444,False,16,Document Mismatch
S109445,False,56,Document Mismatch
S109446,False,65,Multiple Accounts
S109447,False,65,Document Mismatch
S109448,False,32,Fake Address
S109449,False,54,None
S109450,False,40,Multiple Accounts
S109451,False,57,Multiple Accounts
S109452,False,22,Multiple Accounts
S109453,False,13,None
S109454,True,96,Fake Address
S109455,False,27,Multiple Accounts
S109456,False,71,Document Mismatch
S109457,False,76,Fake Address
S109458,False,10,Document Mismatch
S109459,False,81,Multiple Accounts
S109460,False,47,Document Mismatch
S109461,False,57,Multiple Accounts
S109462,False,67,Multiple Accounts
S109463,False,5,None
S109464,False,83,Multiple Accounts
S109465,False,14,None
S109466,False,25,Fake Address
S109467,False,58,Document Mismatch
S109468,True,91,Multiple Accounts
S109469,False,48,Document Mismatch
S109470,False,12,Fake Address
S109471,False,43,Multiple Accounts
S109472,False,67,Document Mismatch
S109473,False,22,Fake Address
S109474,False,22,None
S109475,True,100,Fake Address
S109476,False,25,Fake Address
S109477,False,33,Document Mismatch
S109478,True,99,None
S109479,False,25,Fake Address
S109480,False,44,None
S109481,False,60,None
S109482,True,93,Fake Address
S109483,False,63,Document Mismatch
S109484,False,14,Document Mismatch
S109485,False,49,Document Mismatch
S109486,False,4,None
S109487,False,58,Document Mismatch
S109488,False,44,Multiple Accounts
S109489,False,61,Document Mismatch
S109490,False,53,Fake Address
S109491,False,11,Fake Address
S109492,True,87,None
S109493,False,24,Fake Address
S109494,True,90,None
S109495,False,57,Multiple Accounts
S109496,False,18,Fake Address
S109497,True,89,Multiple Accounts
S109498,False,45,Fake Address
S109499,True,88,Multiple Accounts
S109500,False,78,None
S109501,False,57,None
S109502,False,11,Document Mismatch
S109503,False,32,Document Mismatch
S109504,False,44,Fake Address
S109505,False,25,Fake Address
S109506,False,38,Document Mismatch
S109507,False,15,None
S109508,True,96,Multiple Accounts
S109509,True,100,Fake Address
S109510,False,29,Fake Address
S109511,False,62,Document Mismatch
S109512,False,38,None
S109513,True,94,Document Mismatch
S109514,False,10,Fake Address
S109515,False,12,Multiple Accounts
S109516,False,43,Fake Address
S109517,False,68,None
S109518,False,14,Document Mismatch
S109519,False,27,Fake Address
S109520,False,3,None
S109521,False,48,None
S109522,False,25,Multiple Accounts
S109523,False,27,Multiple Accounts
S109524,False,6,Fake Address
S109525,False,15,Multiple Accounts
S109526,False,25,None
S109527,False,30,Fake Address
S109528,False,1,Multiple Accounts
S109529,False,22,Fake Address
S109530,False,43,Document Mismatch
S109531,False,61,Fake Address
S109532,False,80,Multiple Accounts
S109533,False,29,None
S109534,False,7,None
S109535,False,66,Fake Address
S109536,False,22,Document Mismatch
S109537,False,15,Multiple Accounts
S109538,True,92,Document Mismatch
S109539,False,29,Fake Address
S109540,False,22,Fake Address
S109541,False,48,Multiple Accounts
S109542,False,77,Multiple Accounts
S109543,False,47,Document Mismatch
S109544,True,86,Multiple Accounts
S109545,False,66,None
S109546,False,72,None
S109547,True,89,None
S109548,False,8,Fake Address
S109549,False,84,None
S109550,True,96,None
S109551,False,71,Document Mismatch
S109552,False,52,None
S109553,False,19,None
S109554,False,34,Document Mismatch
S109555,False,16,None
S109556,False,78,Fake Address
S109557,False,50,Multiple Accounts
S109558,False,85,Multiple Accounts
S109559,False,79,Multiple Accounts
S109560,False,33,None
S109561,False,26,None
S109562,False,74,Fake Address
S109563,True,91,Document Mismatch
S109564,True,91,Document Mismatch
S109565,True,91,Document Mismatch
S109566,False,76,Fake Address
S109567,False,56,Fake Address
S109568,False,65,Fake Address
S109569,True,90,Multiple Accounts
S109570,False,37,Document Mismatch
S109571,False,2,Fake Address
S109572,False,6,None
S109573,True,86,Document Mismatch
S109574,False,50,None
S109575,False,6,None
S109576,False,16,Document Mismatch
S109577,True,86,None
S109578,True,87,Multiple Accounts
S109579,False,28,None
S109580,False,84,Multiple Accounts
S109581,False,30,None
S109582,False,6,Fake Address
S109583,False,33,Fake Address
S109584,False,54,Document Mismatch
S109585,False,43,None
S109586,False,54,Document Mismatch
S109587,False,32,Fake Address
S109588,False,53,Multiple Accounts
S109589,False,53,Fake Address
S109590,False,25,None
S109591,False,74,Document Mismatch
S109592,True,95,Document Mismatch
S109593,False,14,Multiple Accounts
S109594,True,94,Document Mismatch
S109595,False,12,Multiple Accounts
S109596,True,87,Multiple Accounts
S109597,True,93,Document Mismatch
S109598,False,6,Fake Address
S109599,False,68,Multiple Accounts
S109600,True,87,Fake Address
S109601,False,46,None
S109602,False,38,Fake Address
S109603,False,50,Multiple Accounts
S109604,False,48,None
S109605,False,63,Multiple Accounts
S109606,True,93,None
S109607,True,88,Fake Address
S109608,False,84,Fake Address
S109609,True,88,Multiple Accounts
S109610,True,100,None
S109611,False,66,None
S109612,False,18,Document Mismatch
S109613,False,72,None
S109614,False,1,Multiple Accounts
S109615,False,14,Fake Address
S109616,False,45,Fake Address
S109617,False,85,Document Mismatch
S109618,True,89,None
S109619,True,93,Multiple Accounts
S109620,False,77,Document Mismatch
S109621,False,57,None
S109622,False,70,Document Mismatch
S109623,True,91,None
S109624,False,24,Document Mismatch
S109625,False,27,Fake Address
S109626,False,82,Fake Address
S109627,False,78,None
S109628,False,7,None
S109629,False,4,Multiple Accounts
S109630,False,22,Multiple Accounts
S109631,False,35,Fake Address
S109632,False,21,None
S109633,False,58,Multiple Accounts
S109634,False,68,Document Mismatch
S109635,False,36,Document Mismatch
S109636,False,51,None
S109637,True,93,Multiple Accounts
S109638,False,16,Multiple Accounts
S109639,False,72,Document Mismatch
S109640,False,34,Fake Address
S109641,False,60,Document Mismatch
S109642,False,56,None
S109643,False,53,Fake Address
S109644,True,92,Document Mismatch
S109645,False,56,Fake Address
S109646,True,93,Fake Address
S109647,False,59,None
S109648,False,85,Fake Address
S109649,False,75,Multiple Accounts
S109650,False,55,Multiple Accounts
S109651,True,100,None
S109652,False,83,Fake Address
S109653,False,26,Fake Address
S109654,False,55,Document Mismatch
S109655,False,82,Fake Address
S109656,False,74,None
S109657,False,11,Multiple Accounts
S109658,False,49,None
S109659,True,91,Fake Address
S109660,False,80,None
S109661,False,73,Fake Address
S109662,False,21,Document Mismatch
S109663,False,63,Multiple Accounts
S109664,False,83,Multiple Accounts
S109665,False,45,None
S109666,False,49,None
S109667,True,88,Fake Address
S109668,False,52,None
S109669,False,13,Multiple Accounts
S109670,False,85,Document Mismatch
S109671,False,21,Fake Address
S109672,True,93,Document Mismatch
S109673,False,45,Fake Address
S109674,False,64,Document Mismatch
S109675,False,1,Fake Address
S109676,True,100,Multiple Accounts
S109677,False,28,Multiple Accounts
S109678,False,51,None
S109679,False,32,Fake Address
S109680,False,62,Multiple Accounts
S109681,False,11,Multiple Accounts
S109682,False,35,Fake Address
S109683,True,97,Document Mismatch
S109684,True,97,Multiple Accounts
S109685,False,9,Multiple Accounts
S109686,False,18,Fake Address
S109687,False,69,Multiple Accounts
S109688,False,41,None
S109689,False,13,Multiple Accounts
S109690,False,67,Fake Address
S109691,False,34,Document Mismatch
S109692,False,54,None
S109693,False,68,None
S109694,False,39,None
S109695,False,36,Document Mismatch
S109696,False,69,Multiple Accounts
S109697,False,19,Document Mismatch
S109698,False,68,Document Mismatch
S109699,True,87,Multiple Accounts
S109700,False,17,None
S109701,False,40,Fake Address
S109702,False,26,Multiple Accounts
S109703,False,70,Multiple Accounts
S109704,False,38,None
S109705,False,62,Document Mismatch
S109706,False,82,Document Mismatch
S109707,False,77,Multiple Accounts
S109708,True,92,Fake Address
S109709,True,94,None
S109710,False,12,Fake Address
S109711,False,34,None
S109712,False,48,Fake Address
S109713,False,8,None
S109714,False,23,Multiple Accounts
S109715,False,37,None
S109716,False,38,None
S109717,False,84,None
S109718,True,89,Document Mismatch
S109719,False,78,Multiple Accounts
S109720,False,23,Document Mismatch
S109721,False,84,None
S109722,False,69,Multiple Accounts
S109723,False,67,Document Mismatch
S109724,False,4,Multiple Accounts
S109725,False,16,None
S109726,False,80,Multiple Accounts
S109727,False,10,None
S109728,False,8,Fake Address
S109729,False,48,Fake Address
S109730,False,48,None
S109731,False,42,None
S109732,False,9,Multiple Accounts
S109733,False,5,Document Mismatch
S109734,True,98,Multiple Accounts
S109735,False,31,None
S109736,True,87,Fake Address
S109737,False,53,None
S109738,False,1,None
S109739,False,36,Multiple Accounts
S109740,False,23,Document Mismatch
S109741,False,10,None
S109742,False,44,Document Mismatch
S109743,False,35,Document Mismatch
S109744,False,84,None
S109745,True,88,Fake Address
S109746,True,87,None
S109747,False,9,Multiple Accounts
S109748,False,1,Fake Address
S109749,False,34,Multiple Accounts
S109750,False,78,Multiple Accounts
S109751,False,84,Fake Address
S109752,False,34,Multiple Accounts
S109753,False,3,Multiple Accounts
S109754,False,55,Document Mismatch
S109755,True,97,Multiple Accounts
S109756,False,48,Fake Address
S109757,False,69,Fake Address
S109758,False,65,Fake Address
S109759,False,15,Fake Address
S109760,False,12,Fake Address
S109761,True,92,Fake Address
S109762,False,54,Document Mismatch
S109763,False,70,Document Mismatch
S109764,False,76,Multiple Accounts
S109765,False,33,Document Mismatch
S109766,False,58,Document Mismatch
S109767,False,55,Document Mismatch
S109768,False,3,Fake Address
S109769,False,13,Fake Address
S109770,False,83,Document Mismatch
S109771,False,38,Fake Address
S109772,False,17,None
S109773,False,35,Document Mismatch
S109774,False,79,Fake Address
S109775,False,17,Multiple Accounts
S109776,True,94,Multiple Accounts
S109777,True,95,Fake Address
S109778,False,48,Fake Address
S109779,False,28,Multiple Accounts
S109780,True,86,Multiple Accounts
S109781,False,51,Multiple Accounts
S109782,False,18,Fake Address
S109783,False,56,Fake Address
S109784,False,73,None
S109785,True,99,Fake Address
S109786,False,68,Multiple Accounts
S109787,False,55,Fake Address
S109788,False,1,Multiple Accounts
S109789,False,39,Fake Address
S109790,False,1,Multiple Accounts
S109791,True,89,None
S109792,False,18,Document Mismatch
S109793,True,88,Document Mismatch
S109794,False,14,None
S109795,False,79,None
S109796,False,75,Fake Address
S109797,False,73,Document Mismatch
S109798,False,84,None
S109799,True,91,None
S109800,True,91,None
S109801,False,72,None
S109802,False,13,Document Mismatch
S109803,True,86,Multiple Accounts
S109804,False,19,Fake Address
S109805,False,3,None
S109806,False,38,Document Mismatch
S109807,False,69,Document Mismatch
S109808,False,2,Fake Address
S109809,False,17,None
S109810,True,99,Fake Address
S109811,False,83,Document Mismatch
S109812,True,93,Fake Address
S109813,False,55,Document Mismatch
S109814,False,4,Multiple Accounts
S109815,False,60,None
S109816,False,21,Fake Address
S109817,False,33,Multiple Accounts
S109818,False,38,None
S109819,False,55,None
S109820,True,94,Fake Address
S109821,True,93,Fake Address
S109822,False,42,Document Mismatch
S109823,False,12,None
S109824,False,69,None
S109825,False,18,Multiple Accounts
S109826,False,66,Document Mismatch
S109827,False,68,None
S109828,False,38,Document Mismatch
S109829,False,2,Multiple Accounts
S109830,False,54,Document Mismatch
S109831,False,18,Document Mismatch
S109832,False,35,Document Mismatch
S109833,False,45,Multiple Accounts
S109834,False,26,None
S109835,False,62,Fake Address
S109836,False,23,Multiple Accounts
S109837,False,24,Fake Address
S109838,False,12,Multiple Accounts
S109839,False,9,Multiple Accounts
S109840,False,2,Document Mismatch
S109841,False,3,Document Mismatch
S109842,True,100,None
S109843,False,46,Document Mismatch
S109844,True,89,Multiple Accounts
S109845,True,99,None
S109846,False,72,Multiple Accounts
S109847,False,61,Document Mismatch
S109848,False,14,None
S109849,False,14,Multiple Accounts
S109850,False,17,None
S109851,False,2,Document Mismatch
S109852,True,91,None
S109853,False,73,Document Mismatch
S109854,True,91,Fake Address
S109855,True,99,Document Mismatch
S109856,False,59,Multiple Accounts
S109857,True,99,Document Mismatch
S109858,False,67,Multiple Accounts
S109859,True,98,Multiple Accounts
S109860,False,76,Document Mismatch
S109861,False,1,None
S109862,False,62,Document Mismatch
S109863,False,43,Document Mismatch
S109864,True,92,Fake Address
S109865,False,55,Fake Address
S109866,False,4,Multiple Accounts
S109867,False,4,Document Mismatch
S109868,False,52,Multiple Accounts
S109869,False,72,Document Mismatch
S109870,False,41,Fake Address
S109871,False,13,None
S109872,False,15,Document Mismatch
S109873,False,23,Document Mismatch
S109874,False,6,Multiple Accounts
S109875,False,34,Multiple Accounts
S109876,False,3,Document Mismatch
S109877,False,17,Document Mismatch
S109878,False,1,None
S109879,False,17,Document Mismatch
S109880,True,93,None
S109881,False,17,Fake Address
S109882,False,3,None
S109883,False,72,Multiple Accounts
S109884,False,63,None
S109885,False,51,Fake Address
S109886,False,57,Fake Address
S109887,False,84,Fake Address
S109888,False,20,Document Mismatch
S109889,True,89,Document Mismatch
S109890,False,25,Multiple Accounts
S109891,True,99,Multiple Accounts
S109892,False,18,Document Mismatch
S109893,False,35,Document Mismatch
S109894,False,44,Document Mismatch
S109895,False,79,Document Mismatch
S109896,False,60,Fake Address
S109897,False,59,Fake Address
S109898,False,74,Multiple Accounts
S109899,False,2,None
S109900,False,13,Fake Address
S109901,False,50,Multiple Accounts
S109902,False,8,Fake Address
S109903,False,9,Document Mismatch
S109904,False,30,Fake Address
S109905,False,20,Document Mismatch
S109906,False,47,Fake Address
S109907,False,36,Document Mismatch
S109908,True,94,Document Mismatch
S109909,False,44,Multiple Accounts
S109910,False,38,Document Mismatch
S109911,False,19,None
S109912,False,36,None
S109913,True,94,Fake Address
S109914,False,48,Document Mismatch
S109915,False,55,Multiple Accounts
S109916,True,93,Fake Address
S109917,False,58,Fake Address
S109918,False,56,Document Mismatch
S109919,False,17,Document Mismatch
S109920,False,80,None
S109921,False,66,Multiple Accounts
S109922,False,42,Multiple Accounts
S109923,False,55,Multiple Accounts
S109924,False,69,Fake Address
S109925,False,66,Document Mismatch
S109926,False,67,None
S109927,False,46,Multiple Accounts
S109928,False,73,Multiple Accounts
S109929,False,54,Document Mismatch
S109930,False,10,Multiple Accounts
S109931,False,46,Fake Address
S109932,True,100,None
S109933,False,35,None
S109934,False,16,Fake Address
S109935,False,57,Document Mismatch
S109936,False,40,Fake Address
S109937,False,82,Multiple Accounts
S109938,False,40,Multiple Accounts
S109939,True,100,Multiple Accounts
S109940,True,86,Multiple Accounts
S109941,False,73,None
S109942,False,9,Multiple Accounts
S109943,False,3,Document Mismatch
S109944,False,43,Multiple Accounts
S109945,False,78,None
S109946,False,56,Fake Address
S109947,True,92,Fake Address
S109948,False,82,None
S109949,False,68,None
S109950,False,76,Fake Address
S109951,False,67,Multiple Accounts
S109952,True,93,Fake Address
S109953,False,2,Fake Address
S109954,False,85,Fake Address
S109955,False,69,Document Mismatch
S109956,False,9,None
S109957,False,85,Document Mismatch
S109958,False,54,Document Mismatch
S109959,True,98,Fake Address
S109960,False,22,Multiple Accounts
S109961,False,15,Multiple Accounts
S109962,False,77,Fake Address
S109963,False,45,Document Mismatch
S109964,False,1,Fake Address
S109965,False,53,Multiple Accounts
S109966,False,64,Fake Address
S109967,False,48,Fake Address
S109968,True,99,Document Mismatch
S109969,False,35,Document Mismatch
S109970,False,83,None
S109971,False,51,Fake Address
S109972,False,67,Multiple Accounts
S109973,False,49,Multiple Accounts
S109974,False,80,Fake Address
S109975,False,78,Multiple Accounts
S109976,False,67,Document Mismatch
S109977,False,78,Document Mismatch
S109978,False,19,None
S109979,False,66,Multiple Accounts
S109980,False,9,Multiple Accounts
S109981,False,81,None
S109982,True,95,None
S109983,False,46,Document Mismatch
S109984,False,8,Fake Address
S109985,False,30,Multiple Accounts
S109986,False,25,Document Mismatch
S109987,False,68,Fake Address
S109988,False,62,Document Mismatch
S109989,False,12,Fake Address
S109990,False,57,None
S109991,False,74,Document Mismatch
S109992,False,85,Fake Address
S109993,False,81,Document Mismatch
S109994,False,12,Document Mismatch
S109995,False,15,None
S109996,False,1,Document Mismatch
S109997,False,46,Fake Address
S109998,True,86,None
S109999,False,67,Document Mismatch
S110000,False,8,Multiple Accounts
