seller_id,last_login,device,failed_logins,ip_country
S100001,2023-06-16,Mobile,7,Germany
S100002,2025-10-09,Mobile,3,UK
S100003,2024-12-31,Tablet,3,Canada
S100004,2025-04-26,Tablet,0,Australia
S100005,2022-11-05,Mobile,4,Singapore
S100006,2022-05-04,Mobile,3,Singapore
S100007,2024-09-26,Tablet,4,USA
S100008,2022-01-12,Mobile,6,India
S100009,2023-06-28,Tablet,7,Canada
S100010,2025-10-06,Desktop,6,USA
S100011,2024-03-06,Mobile,4,Australia
S100012,2024-01-12,Tablet,5,Singapore
S100013,2025-11-06,Desktop,6,USA
S100014,2025-11-20,Desktop,8,USA
S100015,2025-10-11,Mobile,2,Singapore
S100016,2023-12-06,Tablet,0,Australia
S100017,2024-01-16,Mobile,2,Germany
S100018,2026-02-02,Desktop,1,UK
S100019,2023-02-19,Tablet,3,Canada
S100020,2024-08-20,Desktop,5,UK
S100021,2022-12-08,Tablet,0,Germany
S100022,2022-02-16,Mobile,7,Australia
S100023,2025-08-19,Tablet,2,UK
S100024,2024-12-29,Desktop,7,USA
S100025,2026-07-20,Mobile,0,India
S100026,2026-06-05,Tablet,5,UK
S100027,2022-05-25,Mobile,0,Canada
S100028,2022-07-25,Desktop,1,Singapore
S100029,2025-01-15,Desktop,0,Canada
S100030,2022-06-08,Desktop,8,Australia
S100031,2022-02-18,Mobile,4,Germany
S100032,2023-11-24,Mobile,2,USA
S100033,2024-05-29,Tablet,5,Germany
S100034,2023-10-25,Mobile,5,Germany
S100035,2023-11-04,Tablet,6,UK
S100036,2025-03-30,Mobile,0,India
S100037,2025-01-01,Mobile,3,Australia
S100038,2024-12-18,Mobile,3,Germany
S100039,2024-03-05,Desktop,7,Canada
S100040,2024-10-10,Mobile,8,Singapore
S100041,2024-07-25,Desktop,5,USA
S100042,2024-08-08,Tablet,4,India
S100043,2025-06-01,Tablet,7,Singapore
S100044,2025-08-27,Desktop,0,Canada
S100045,2023-03-17,Mobile,2,Singapore
S100046,2024-10-01,Mobile,4,USA
S100047,2026-07-04,Mobile,5,USA
S100048,2025-05-28,Mobile,2,Germany
S100049,2024-09-28,Tablet,5,Canada
S100050,2024-12-30,Desktop,3,Australia
S100051,2024-06-15,Desktop,6,India
S100052,2025-03-24,Mobile,6,Canada
S100053,2026-05-18,Mobile,8,India
S100054,2026-07-03,Mobile,6,Singapore
S100055,2023-05-23,Mobile,0,Germany
S100056,2026-01-06,Tablet,3,Singapore
S100057,2022-05-21,Mobile,0,Germany
S100058,2026-07-04,Desktop,8,USA
S100059,2022-01-31,Tablet,0,Canada
S100060,2025-04-20,Desktop,4,Singapore
S100061,2022-11-08,Mobile,7,Germany
S100062,2025-01-27,Tablet,1,India
S100063,2024-08-17,Desktop,7,India
S100064,2025-12-06,Tablet,2,USA
S100065,2024-12-27,Tablet,3,Canada
S100066,2022-07-31,Tablet,0,Canada
S100067,2022-05-02,Mobile,6,Singapore
S100068,2022-07-26,Tablet,0,UK
S100069,2025-12-31,Tablet,0,UK
S100070,2023-03-03,Tablet,6,Germany
S100071,2023-10-01,Desktop,7,Australia
S100072,2024-10-01,Mobile,2,India
S100073,2023-12-14,Tablet,2,Singapore
S100074,2022-11-10,Tablet,5,Germany
S100075,2022-11-23,Desktop,6,India
S100076,2022-06-11,Tablet,0,USA
S100077,2022-07-14,Desktop,8,Australia
S100078,2022-09-10,Desktop,5,UK
S100079,2026-02-28,Tablet,2,Australia
S100080,2023-03-05,Tablet,6,Australia
S100081,2023-03-22,Desktop,1,Singapore
S100082,2025-03-20,Mobile,4,USA
S100083,2023-12-12,Tablet,8,USA
S100084,2026-07-01,Tablet,4,USA
S100085,2024-10-05,Mobile,5,Germany
S100086,2023-02-20,Tablet,7,UK
S100087,2023-08-21,Desktop,6,Canada
S100088,2022-09-23,Mobile,6,USA
S100089,2023-06-09,Mobile,4,UK
S100090,2024-04-25,Mobile,1,UK
S100091,2024-05-30,Tablet,2,Canada
S100092,2024-11-09,Tablet,6,UK
S100093,2024-12-22,Mobile,3,USA
S100094,2026-01-15,Mobile,4,Australia
S100095,2025-08-29,Desktop,2,UK
S100096,2024-10-13,Mobile,1,India
S100097,2025-03-01,Tablet,3,Germany
S100098,2026-01-02,Desktop,8,Australia
S100099,2024-04-09,Mobile,0,USA
S100100,2026-01-18,Mobile,7,Singapore
S100101,2024-08-29,Desktop,6,UK
S100102,2022-01-10,Tablet,5,Canada
S100103,2025-09-08,Tablet,5,Australia
S100104,2025-06-07,Mobile,1,Canada
S100105,2022-06-19,Mobile,5,USA
S100106,2024-10-19,Desktop,1,Canada
S100107,2023-01-13,Tablet,4,USA
S100108,2024-12-22,Desktop,4,UK
S100109,2026-07-01,Mobile,2,India
S100110,2022-06-19,Mobile,4,UK
S100111,2024-04-30,Tablet,1,Singapore
S100112,2025-11-07,Mobile,2,Germany
S100113,2023-04-23,Desktop,1,Australia
S100114,2022-10-04,Mobile,5,Germany
S100115,2026-07-03,Tablet,5,USA
S100116,2023-11-25,Desktop,1,USA
S100117,2026-04-11,Mobile,0,India
S100118,2022-07-07,Desktop,7,India
S100119,2023-08-03,Tablet,7,USA
S100120,2025-07-03,Desktop,7,Australia
S100121,2024-06-11,Desktop,8,Canada
S100122,2023-04-25,Mobile,7,UK
S100123,2026-07-10,Tablet,8,Canada
S100124,2024-04-09,Mobile,2,USA
S100125,2023-05-12,Desktop,2,Singapore
S100126,2025-06-10,Tablet,3,Singapore
S100127,2024-04-23,Mobile,5,Germany
S100128,2025-10-03,Tablet,7,USA
S100129,2022-08-09,Mobile,3,Germany
S100130,2025-04-19,Desktop,4,India
S100131,2022-08-22,Desktop,7,Canada
S100132,2023-07-27,Desktop,0,Australia
S100133,2023-09-25,Mobile,7,Australia
S100134,2025-08-11,Tablet,5,Singapore
S100135,2024-01-21,Mobile,3,India
S100136,2023-03-13,Mobile,1,Canada
S100137,2022-05-16,Desktop,2,USA
S100138,2024-02-18,Mobile,2,Singapore
S100139,2022-04-12,Tablet,7,Australia
S100140,2026-06-20,Desktop,4,India
S100141,2025-07-10,Mobile,4,Canada
S100142,2026-04-03,Mobile,6,UK
S100143,2026-05-19,Mobile,7,USA
S100144,2025-07-28,Desktop,1,Germany
S100145,2026-06-02,Desktop,2,UK
S100146,2022-06-24,Tablet,8,India
S100147,2025-09-29,Desktop,8,Canada
S100148,2025-06-23,Mobile,6,Canada
S100149,2025-05-23,Tablet,1,Canada
S100150,2024-03-10,Desktop,4,USA
S100151,2022-07-06,Desktop,8,Australia
S100152,2024-07-13,Desktop,1,Singapore
S100153,2024-02-21,Mobile,7,India
S100154,2023-10-26,Tablet,0,Australia
S100155,2022-01-04,Tablet,2,Australia
S100156,2022-07-03,Desktop,0,India
S100157,2025-03-24,Desktop,8,USA
S100158,2025-06-08,Mobile,4,USA
S100159,2023-02-15,Tablet,8,Singapore
S100160,2025-06-18,Mobile,7,India
S100161,2023-06-09,Desktop,5,UK
S100162,2024-10-13,Desktop,6,Germany
S100163,2024-02-26,Desktop,8,Canada
S100164,2024-03-03,Tablet,0,India
S100165,2025-07-21,Desktop,0,Germany
S100166,2023-05-09,Mobile,6,UK
S100167,2025-04-15,Desktop,2,UK
S100168,2023-11-09,Tablet,6,Australia
S100169,2025-02-20,Tablet,8,USA
S100170,2026-04-24,Tablet,6,USA
S100171,2024-12-30,Mobile,5,Germany
S100172,2023-04-26,Desktop,3,Canada
S100173,2025-03-19,Desktop,5,Canada
S100174,2024-12-19,Desktop,2,India
S100175,2025-09-15,Desktop,4,Canada
S100176,2022-09-24,Tablet,2,UK
S100177,2022-11-10,Tablet,8,India
S100178,2026-07-20,Desktop,4,UK
S100179,2022-06-23,Desktop,8,Australia
S100180,2023-08-16,Mobile,2,India
S100181,2024-05-17,Desktop,0,UK
S100182,2025-09-16,Desktop,5,India
S100183,2026-01-18,Mobile,4,UK
S100184,2023-07-05,Tablet,6,Singapore
S100185,2023-05-11,Mobile,8,Australia
S100186,2025-04-15,Desktop,4,Australia
S100187,2023-09-28,Mobile,2,Germany
S100188,2024-10-19,Tablet,8,Canada
S100189,2023-12-11,Mobile,3,Australia
S100190,2024-12-05,Desktop,3,UK
S100191,2023-01-07,Desktop,5,USA
S100192,2022-12-27,Desktop,4,India
S100193,2024-09-24,Tablet,8,India
S100194,2022-01-24,Mobile,2,UK
S100195,2025-03-26,Desktop,4,USA
S100196,2025-09-17,Tablet,4,Germany
S100197,2025-05-13,Tablet,8,USA
S100198,2025-02-05,Tablet,6,Canada
S100199,2025-08-09,Mobile,5,Germany
S100200,2024-10-21,Tablet,7,Singapore
S100201,2023-07-02,Desktop,8,India
S100202,2022-08-15,Tablet,4,Singapore
S100203,2025-01-26,Desktop,3,Germany
S100204,2022-11-05,Tablet,3,Australia
S100205,2022-11-12,Tablet,0,India
S100206,2025-08-21,Mobile,2,India
S100207,2023-02-23,Mobile,8,Singapore
S100208,2024-10-12,Desktop,3,India
S100209,2023-02-09,Tablet,8,Singapore
S100210,2022-09-03,Mobile,7,USA
S100211,2023-06-13,Desktop,5,Australia
S100212,2025-07-30,Tablet,1,Canada
S100213,2022-04-03,Tablet,4,Singapore
S100214,2025-12-10,Mobile,8,Germany
S100215,2023-06-28,Desktop,8,Singapore
S100216,2024-06-14,Tablet,5,Singapore
S100217,2022-12-02,Desktop,8,Australia
S100218,2023-02-27,Mobile,8,Australia
S100219,2022-06-18,Tablet,2,USA
S100220,2023-01-17,Mobile,8,Canada
S100221,2022-02-24,Tablet,4,Canada
S100222,2023-07-19,Desktop,5,Germany
S100223,2022-02-17,Mobile,8,Germany
S100224,2023-06-20,Desktop,3,UK
S100225,2025-07-17,Tablet,2,Singapore
S100226,2023-05-08,Desktop,5,Canada
S100227,2024-03-18,Mobile,6,UK
S100228,2023-06-17,Desktop,1,UK
S100229,2022-06-03,Tablet,1,Canada
S100230,2023-10-27,Tablet,8,Canada
S100231,2024-06-05,Mobile,7,Germany
S100232,2024-04-03,Tablet,6,UK
S100233,2022-08-23,Desktop,6,Germany
S100234,2024-09-30,Desktop,6,Australia
S100235,2024-12-28,Desktop,3,Australia
S100236,2026-05-15,Desktop,7,Singapore
S100237,2022-09-25,Mobile,0,Australia
S100238,2025-11-07,Mobile,5,Australia
S100239,2026-03-16,Mobile,6,Singapore
S100240,2026-02-19,Mobile,2,Germany
S100241,2024-04-09,Tablet,1,Canada
S100242,2022-12-27,Desktop,5,UK
S100243,2022-12-29,Tablet,0,Canada
S100244,2024-11-10,Tablet,3,Germany
S100245,2025-04-27,Mobile,8,Australia
S100246,2023-11-25,Mobile,5,Australia
S100247,2024-01-20,Desktop,2,USA
S100248,2026-06-10,Desktop,0,Singapore
S100249,2025-07-29,Mobile,3,Germany
S100250,2022-03-11,Mobile,1,Singapore
S100251,2026-04-29,Tablet,4,Singapore
S100252,2026-07-08,Mobile,2,Singapore
S100253,2026-05-23,Tablet,0,India
S100254,2026-06-15,Mobile,3,Australia
S100255,2023-12-27,Mobile,3,Canada
S100256,2022-11-25,Tablet,5,USA
S100257,2025-12-04,Mobile,3,Canada
S100258,2022-12-19,Desktop,8,Germany
S100259,2023-01-16,Tablet,8,UK
S100260,2024-12-31,Mobile,3,UK
S100261,2025-05-21,Tablet,4,Singapore
S100262,2024-11-13,Mobile,1,USA
S100263,2023-10-09,Desktop,6,Germany
S100264,2023-07-17,Tablet,1,UK
S100265,2024-02-18,Mobile,4,India
S100266,2022-07-19,Tablet,1,Singapore
S100267,2025-10-22,Mobile,6,Canada
S100268,2024-03-31,Desktop,5,Australia
S100269,2023-02-26,Mobile,4,Australia
S100270,2025-11-21,Desktop,4,USA
S100271,2025-05-17,Tablet,7,USA
S100272,2025-06-12,Desktop,5,Germany
S100273,2024-06-22,Mobile,8,UK
S100274,2022-03-29,Desktop,7,India
S100275,2023-07-08,Desktop,7,Canada
S100276,2025-11-19,Desktop,7,USA
S100277,2026-06-27,Mobile,8,Germany
S100278,2022-10-22,Desktop,3,Australia
S100279,2025-01-22,Tablet,8,Singapore
S100280,2026-02-24,Mobile,0,Singapore
S100281,2023-09-04,Desktop,6,India
S100282,2022-02-02,Tablet,2,Singapore
S100283,2025-05-21,Tablet,8,USA
S100284,2022-05-20,Mobile,7,Germany
S100285,2025-10-23,Mobile,5,Germany
S100286,2023-07-21,Tablet,4,Australia
S100287,2024-09-17,Tablet,3,Singapore
S100288,2025-04-26,Mobile,0,Singapore
S100289,2024-03-10,Desktop,5,Germany
S100290,2026-02-01,Tablet,6,India
S100291,2024-04-21,Tablet,4,India
S100292,2023-06-20,Desktop,5,USA
S100293,2024-05-26,Mobile,0,UK
S100294,2025-06-19,Desktop,7,Canada
S100295,2025-09-17,Desktop,5,UK
S100296,2022-11-18,Mobile,1,Singapore
S100297,2024-11-02,Tablet,7,India
S100298,2023-08-20,Tablet,7,Germany
S100299,2025-11-21,Tablet,7,Canada
S100300,2022-10-12,Tablet,6,India
S100301,2023-05-06,Desktop,3,Germany
S100302,2022-06-19,Desktop,1,India
S100303,2024-08-28,Mobile,6,Australia
S100304,2022-11-13,Mobile,2,Germany
S100305,2023-12-11,Desktop,2,UK
S100306,2025-04-30,Tablet,7,India
S100307,2022-11-05,Desktop,8,UK
S100308,2024-12-19,Tablet,2,Germany
S100309,2025-05-15,Desktop,4,Germany
S100310,2023-10-06,Tablet,6,UK
S100311,2022-06-17,Desktop,2,India
S100312,2024-04-10,Mobile,3,USA
S100313,2024-04-22,Desktop,0,Canada
S100314,2023-11-17,Mobile,8,UK
S100315,2023-06-09,Desktop,3,Canada
S100316,2024-12-06,Mobile,0,USA
S100317,2022-03-31,Mobile,3,Australia
S100318,2023-02-12,Desktop,8,Australia
S100319,2025-12-27,Tablet,1,Australia
S100320,2022-09-14,Tablet,1,Singapore
S100321,2022-01-28,Mobile,4,India
S100322,2023-04-26,Desktop,4,Canada
S100323,2025-10-05,Tablet,0,India
S100324,2023-11-07,Mobile,2,Australia
S100325,2023-12-11,Tablet,6,India
S100326,2022-11-17,Desktop,7,USA
S100327,2026-07-17,Desktop,2,Singapore
S100328,2025-11-18,Desktop,7,UK
S100329,2022-02-27,Mobile,5,Germany
S100330,2023-12-02,Mobile,1,Germany
S100331,2024-10-10,Desktop,2,USA
S100332,2024-07-27,Tablet,1,Australia
S100333,2023-10-29,Mobile,8,UK
S100334,2022-08-23,Desktop,3,Australia
S100335,2025-07-23,Desktop,2,Singapore
S100336,2023-04-18,Desktop,2,Canada
S100337,2024-01-23,Tablet,2,Australia
S100338,2024-10-17,Tablet,8,Australia
S100339,2022-08-23,Tablet,1,India
S100340,2023-12-04,Mobile,1,Canada
S100341,2022-10-31,Mobile,0,Singapore
S100342,2025-04-22,Tablet,1,Germany
S100343,2022-09-09,Mobile,6,Germany
S100344,2025-03-06,Mobile,1,Germany
S100345,2023-05-16,Mobile,2,Germany
S100346,2022-10-07,Mobile,7,Australia
S100347,2026-03-01,Desktop,1,India
S100348,2022-04-14,Tablet,5,UK
S100349,2026-02-25,Desktop,3,Singapore
S100350,2026-03-02,Tablet,4,Canada
S100351,2022-02-15,Desktop,8,India
S100352,2025-05-05,Tablet,5,Germany
S100353,2024-06-22,Desktop,6,USA
S100354,2025-09-11,Mobile,1,Germany
S100355,2022-07-06,Tablet,3,India
S100356,2025-12-13,Mobile,1,Germany
S100357,2025-07-05,Mobile,4,India
S100358,2024-03-07,Mobile,1,Australia
S100359,2023-02-11,Desktop,6,Germany
S100360,2025-06-21,Tablet,7,USA
S100361,2025-10-07,Mobile,4,USA
S100362,2023-12-30,Desktop,1,USA
S100363,2025-08-24,Tablet,1,Canada
S100364,2022-02-19,Tablet,6,USA
S100365,2023-07-17,Mobile,0,Singapore
S100366,2023-07-20,Desktop,7,USA
S100367,2025-01-08,Desktop,7,Australia
S100368,2024-11-17,Desktop,7,USA
S100369,2024-06-28,Tablet,0,UK
S100370,2023-07-29,Mobile,2,Australia
S100371,2022-07-13,Desktop,1,UK
S100372,2025-06-28,Desktop,8,India
S100373,2022-02-21,Tablet,0,Australia
S100374,2025-11-17,Mobile,6,India
S100375,2024-06-04,Mobile,7,Australia
S100376,2022-01-31,Tablet,8,Singapore
S100377,2023-06-05,Desktop,3,Australia
S100378,2026-07-22,Mobile,1,India
S100379,2023-12-30,Tablet,0,USA
S100380,2024-12-17,Desktop,2,UK
S100381,2022-03-22,Desktop,5,India
S100382,2023-10-24,Tablet,1,Canada
S100383,2023-07-24,Mobile,7,Canada
S100384,2024-02-11,Mobile,0,Germany
S100385,2023-03-04,Mobile,8,Canada
S100386,2023-12-12,Tablet,2,UK
S100387,2022-09-30,Mobile,6,Canada
S100388,2024-10-11,Desktop,1,Singapore
S100389,2022-02-09,Mobile,5,UK
S100390,2023-04-23,Mobile,2,Singapore
S100391,2023-08-03,Mobile,3,UK
S100392,2023-11-14,Desktop,4,India
S100393,2022-05-02,Desktop,2,Canada
S100394,2023-02-07,Mobile,2,Singapore
S100395,2025-12-30,Desktop,3,UK
S100396,2024-01-12,Tablet,1,Canada
S100397,2024-07-05,Mobile,8,Germany
S100398,2023-04-24,Tablet,5,Australia
S100399,2022-03-31,Desktop,5,Singapore
S100400,2024-11-11,Desktop,5,UK
S100401,2023-02-08,Mobile,4,Australia
S100402,2023-12-16,Tablet,7,Germany
S100403,2022-06-18,Desktop,4,UK
S100404,2025-06-21,Mobile,8,Singapore
S100405,2023-11-17,Tablet,2,USA
S100406,2023-12-19,Tablet,5,UK
S100407,2023-02-06,Desktop,0,Canada
S100408,2025-11-06,Tablet,6,Germany
S100409,2025-05-18,Tablet,0,Singapore
S100410,2026-04-23,Desktop,2,UK
S100411,2025-02-20,Desktop,6,India
S100412,2023-10-28,Mobile,4,UK
S100413,2024-08-07,Mobile,6,UK
S100414,2023-11-25,Tablet,8,Canada
S100415,2026-06-28,Mobile,7,Singapore
S100416,2025-04-03,Mobile,8,Germany
S100417,2025-04-26,Mobile,3,UK
S100418,2025-04-16,Tablet,2,India
S100419,2025-06-12,Mobile,8,USA
S100420,2023-06-22,Tablet,0,UK
S100421,2025-11-25,Desktop,4,Canada
S100422,2023-03-02,Mobile,0,USA
S100423,2022-12-13,Tablet,0,Canada
S100424,2024-05-23,Mobile,1,Canada
S100425,2024-05-07,Desktop,6,Germany
S100426,2026-07-12,Desktop,7,Germany
S100427,2025-03-20,Desktop,5,Singapore
S100428,2023-08-16,Tablet,3,India
S100429,2024-09-28,Desktop,0,Singapore
S100430,2025-07-18,Desktop,4,Canada
S100431,2022-08-27,Desktop,4,India
S100432,2022-11-13,Tablet,8,India
S100433,2023-07-09,Tablet,5,Germany
S100434,2024-12-07,Desktop,1,Germany
S100435,2025-04-27,Mobile,2,USA
S100436,2023-05-21,Desktop,7,UK
S100437,2022-11-10,Mobile,5,Canada
S100438,2022-10-04,Tablet,2,Australia
S100439,2024-12-01,Desktop,6,Australia
S100440,2023-08-07,Tablet,2,India
S100441,2023-09-29,Desktop,3,Singapore
S100442,2024-06-07,Desktop,2,India
S100443,2023-07-21,Tablet,4,India
S100444,2024-06-06,Tablet,8,Singapore
S100445,2024-11-22,Desktop,5,USA
S100446,2022-01-19,Desktop,7,Canada
S100447,2024-02-17,Tablet,7,Singapore
S100448,2026-04-07,Desktop,0,USA
S100449,2022-12-10,Desktop,4,Singapore
S100450,2023-05-27,Tablet,5,Australia
S100451,2023-11-15,Mobile,1,Canada
S100452,2025-02-24,Desktop,2,India
S100453,2025-11-04,Tablet,6,Germany
S100454,2026-06-12,Desktop,6,USA
S100455,2025-09-25,Desktop,5,India
S100456,2023-01-20,Desktop,5,India
S100457,2024-09-20,Desktop,7,India
S100458,2024-12-14,Desktop,8,UK
S100459,2024-05-08,Tablet,7,Canada
S100460,2023-02-20,Tablet,8,Singapore
S100461,2022-10-27,Tablet,0,USA
S100462,2023-11-05,Mobile,2,Singapore
S100463,2024-03-29,Desktop,3,Australia
S100464,2026-06-27,Mobile,6,USA
S100465,2025-03-26,Tablet,6,Singapore
S100466,2023-10-24,Mobile,8,India
S100467,2024-10-16,Mobile,2,UK
S100468,2026-02-19,Mobile,1,Germany
S100469,2024-01-20,Tablet,6,USA
S100470,2026-02-10,Mobile,4,Australia
S100471,2026-01-16,Mobile,8,USA
S100472,2023-01-05,Mobile,2,UK
S100473,2025-05-20,Tablet,1,UK
S100474,2023-06-01,Desktop,0,India
S100475,2023-09-21,Desktop,8,Germany
S100476,2024-05-05,Desktop,6,Singapore
S100477,2023-09-15,Mobile,6,UK
S100478,2023-05-08,Tablet,0,UK
S100479,2024-10-04,Mobile,4,UK
S100480,2025-02-27,Tablet,2,USA
S100481,2025-10-31,Desktop,3,Germany
S100482,2025-11-24,Mobile,1,Canada
S100483,2022-03-19,Tablet,3,Germany
S100484,2022-01-08,Desktop,0,UK
S100485,2022-01-20,Desktop,0,Germany
S100486,2022-05-29,Desktop,2,Canada
S100487,2025-06-03,Mobile,1,Germany
S100488,2025-03-16,Mobile,8,Australia
S100489,2022-07-18,Mobile,8,Germany
S100490,2023-07-31,Mobile,2,India
S100491,2025-01-21,Desktop,7,USA
S100492,2022-10-06,Tablet,2,USA
S100493,2022-07-09,Mobile,6,Canada
S100494,2024-08-25,Mobile,2,USA
S100495,2026-05-22,Desktop,8,India
S100496,2022-09-28,Tablet,3,Singapore
S100497,2022-08-02,Tablet,4,UK
S100498,2023-10-08,Mobile,4,USA
S100499,2026-05-17,Mobile,8,USA
S100500,2022-09-14,Tablet,6,UK
S100501,2025-05-29,Mobile,1,Singapore
S100502,2022-01-06,Tablet,7,India
S100503,2023-09-03,Desktop,1,Germany
S100504,2025-07-26,Desktop,8,Australia
S100505,2022-08-03,Mobile,2,India
S100506,2025-12-04,Tablet,4,India
S100507,2026-07-21,Tablet,8,India
S100508,2024-11-17,Mobile,7,Canada
S100509,2024-05-21,Desktop,1,Canada
S100510,2022-03-04,Desktop,5,USA
S100511,2022-04-14,Mobile,8,USA
S100512,2024-01-24,Mobile,5,USA
S100513,2023-03-08,Mobile,5,Australia
S100514,2025-01-23,Tablet,6,Australia
S100515,2024-04-25,Tablet,2,India
S100516,2025-05-01,Desktop,1,India
S100517,2023-06-05,Desktop,7,UK
S100518,2024-08-21,Tablet,6,USA
S100519,2026-01-22,Mobile,6,Australia
S100520,2022-01-07,Tablet,2,UK
S100521,2025-03-11,Desktop,2,Canada
S100522,2022-10-30,Tablet,0,Singapore
S100523,2025-01-20,Mobile,7,UK
S100524,2023-07-26,Desktop,0,UK
S100525,2025-03-22,Desktop,5,Australia
S100526,2024-02-16,Desktop,8,Germany
S100527,2022-12-28,Mobile,7,UK
S100528,2024-01-06,Desktop,4,UK
S100529,2026-06-14,Desktop,0,Singapore
S100530,2023-07-02,Mobile,2,Singapore
S100531,2023-09-14,Desktop,7,Canada
S100532,2023-08-28,Tablet,1,Canada
S100533,2022-12-09,Tablet,5,Australia
S100534,2023-12-24,Mobile,5,USA
S100535,2025-12-12,Mobile,7,USA
S100536,2026-07-16,Tablet,2,Germany
S100537,2024-06-27,Tablet,5,Singapore
S100538,2023-08-14,Desktop,0,USA
S100539,2024-01-24,Tablet,4,Canada
S100540,2023-12-20,Mobile,7,Singapore
S100541,2022-11-28,Desktop,2,UK
S100542,2024-01-03,Desktop,7,UK
S100543,2023-03-01,Desktop,4,Australia
S100544,2022-12-06,Mobile,4,Australia
S100545,2022-10-18,Desktop,6,USA
S100546,2023-10-29,Mobile,7,Australia
S100547,2026-02-23,Desktop,5,Singapore
S100548,2022-11-30,Mobile,1,USA
S100549,2025-09-03,Tablet,1,Australia
S100550,2024-01-22,Tablet,8,Singapore
S100551,2024-04-02,Mobile,6,Germany
S100552,2023-05-31,Mobile,1,Canada
S100553,2026-03-23,Mobile,6,USA
S100554,2025-09-11,Mobile,3,USA
S100555,2024-11-12,Tablet,8,Australia
S100556,2024-03-25,Desktop,5,Canada
S100557,2023-09-19,Desktop,0,Singapore
S100558,2022-12-29,Desktop,4,USA
S100559,2023-09-27,Mobile,2,USA
S100560,2025-12-11,Tablet,1,Singapore
S100561,2024-07-23,Desktop,4,Singapore
S100562,2023-08-13,Desktop,1,UK
S100563,2026-01-25,Mobile,2,Australia
S100564,2022-10-19,Desktop,2,Australia
S100565,2023-09-03,Tablet,3,Australia
S100566,2022-01-31,Mobile,5,Canada
S100567,2025-12-27,Tablet,1,Canada
S100568,2022-07-14,Mobile,0,Singapore
S100569,2026-03-01,Mobile,7,Australia
S100570,2024-12-26,Desktop,3,UK
S100571,2024-03-02,Tablet,1,Canada
S100572,2023-11-19,Mobile,2,Singapore
S100573,2023-08-05,Tablet,7,USA
S100574,2023-03-26,Tablet,8,UK
S100575,2024-08-02,Tablet,4,USA
S100576,2026-06-16,Desktop,1,Germany
S100577,2023-05-11,Desktop,5,Canada
S100578,2025-03-25,Desktop,0,India
S100579,2024-04-22,Mobile,3,Australia
S100580,2025-01-06,Desktop,6,Germany
S100581,2025-09-17,Mobile,2,Canada
S100582,2025-06-23,Mobile,7,Germany
S100583,2024-11-12,Tablet,4,UK
S100584,2022-07-14,Desktop,0,Germany
S100585,2026-04-03,Mobile,7,India
S100586,2024-03-03,Mobile,7,Australia
S100587,2022-01-28,Desktop,4,Singapore
S100588,2022-05-12,Mobile,2,Australia
S100589,2023-09-24,Mobile,3,Australia
S100590,2025-05-23,Mobile,6,India
S100591,2025-03-26,Mobile,7,Germany
S100592,2023-11-06,Mobile,4,Canada
S100593,2023-11-10,Tablet,3,USA
S100594,2025-11-11,Tablet,0,Canada
S100595,2022-07-17,Mobile,3,USA
S100596,2022-07-14,Tablet,7,UK
S100597,2023-02-15,Mobile,7,India
S100598,2022-12-05,Desktop,6,Germany
S100599,2024-10-27,Desktop,4,Australia
S100600,2023-06-17,Desktop,4,Germany
S100601,2022-02-02,Tablet,6,Germany
S100602,2023-05-28,Mobile,1,Germany
S100603,2025-06-04,Mobile,6,Australia
S100604,2025-02-02,Mobile,0,India
S100605,2024-10-10,Mobile,8,UK
S100606,2022-01-04,Mobile,7,UK
S100607,2022-09-22,Desktop,5,Singapore
S100608,2024-06-04,Mobile,3,Singapore
S100609,2025-06-22,Tablet,5,USA
S100610,2026-03-29,Mobile,0,Canada
S100611,2022-12-09,Desktop,0,Australia
S100612,2022-04-15,Mobile,4,Australia
S100613,2024-02-28,Tablet,2,Canada
S100614,2022-12-18,Mobile,4,India
S100615,2025-11-13,Mobile,1,UK
S100616,2022-09-22,Mobile,2,India
S100617,2026-03-20,Mobile,6,Germany
S100618,2023-12-23,Desktop,8,Singapore
S100619,2025-01-28,Desktop,2,Australia
S100620,2022-12-10,Desktop,6,India
S100621,2023-12-30,Tablet,7,Germany
S100622,2025-04-19,Mobile,0,UK
S100623,2026-01-01,Tablet,5,USA
S100624,2022-11-09,Mobile,4,India
S100625,2024-08-09,Tablet,0,Canada
S100626,2026-05-14,Tablet,4,Singapore
S100627,2022-02-01,Tablet,4,USA
S100628,2026-03-14,Desktop,3,Australia
S100629,2024-09-10,Mobile,2,Singapore
S100630,2025-10-23,Tablet,3,India
S100631,2025-05-27,Mobile,3,India
S100632,2025-06-24,Tablet,2,Singapore
S100633,2022-07-26,Tablet,0,Germany
S100634,2025-02-24,Mobile,2,Australia
S100635,2024-05-29,Mobile,8,India
S100636,2025-10-21,Mobile,1,Singapore
S100637,2025-08-09,Tablet,7,Germany
S100638,2025-05-12,Tablet,0,UK
S100639,2025-12-02,Desktop,0,UK
S100640,2023-04-20,Desktop,0,UK
S100641,2022-08-01,Desktop,5,Germany
S100642,2025-05-28,Mobile,8,India
S100643,2024-03-28,Mobile,2,Germany
S100644,2024-07-08,Mobile,7,Germany
S100645,2022-04-11,Desktop,4,India
S100646,2026-01-17,Mobile,6,Australia
S100647,2024-07-16,Desktop,0,India
S100648,2024-08-24,Desktop,7,Singapore
S100649,2026-05-06,Mobile,0,Australia
S100650,2022-08-29,Tablet,7,USA
S100651,2023-07-23,Desktop,0,USA
S100652,2025-12-16,Tablet,5,Germany
S100653,2023-02-26,Desktop,7,India
S100654,2023-04-20,Mobile,6,Canada
S100655,2022-12-27,Mobile,8,India
S100656,2025-08-11,Desktop,4,India
S100657,2024-05-05,Tablet,6,Germany
S100658,2024-09-12,Desktop,0,UK
S100659,2025-07-12,Tablet,3,Singapore
S100660,2024-11-26,Desktop,2,India
S100661,2024-09-06,Mobile,1,UK
S100662,2024-02-08,Desktop,1,Singapore
S100663,2024-09-01,Mobile,5,UK
S100664,2024-05-30,Desktop,0,UK
S100665,2023-09-02,Tablet,3,Canada
S100666,2026-04-24,Mobile,7,Singapore
S100667,2022-02-18,Desktop,1,Australia
S100668,2026-03-17,Tablet,5,UK
S100669,2024-12-01,Tablet,0,Australia
S100670,2025-07-08,Tablet,8,India
S100671,2026-05-20,Mobile,5,Germany
S100672,2025-01-30,Desktop,0,USA
S100673,2023-02-02,Mobile,2,Canada
S100674,2022-03-02,Mobile,6,UK
S100675,2025-12-07,Tablet,6,UK
S100676,2026-04-14,Tablet,0,Canada
S100677,2023-06-14,Desktop,5,USA
S100678,2023-01-17,Tablet,2,UK
S100679,2024-03-20,Tablet,2,Canada
S100680,2024-11-27,Mobile,2,UK
S100681,2022-12-27,Mobile,7,UK
S100682,2023-02-26,Mobile,0,Singapore
S100683,2026-01-13,Tablet,6,India
S100684,2022-05-29,Desktop,7,UK
S100685,2022-12-06,Tablet,7,India
S100686,2022-07-06,Desktop,8,Canada
S100687,2025-04-01,Mobile,1,Canada
S100688,2022-02-24,Mobile,1,Canada
S100689,2024-06-10,Tablet,1,UK
S100690,2022-04-06,Tablet,4,Singapore
S100691,2023-05-23,Mobile,4,UK
S100692,2023-10-20,Desktop,7,Australia
S100693,2023-03-22,Tablet,2,Canada
S100694,2026-07-02,Tablet,8,Singapore
S100695,2022-09-10,Tablet,7,UK
S100696,2022-06-11,Mobile,3,India
S100697,2022-09-23,Mobile,4,USA
S100698,2025-03-20,Tablet,8,India
S100699,2026-07-09,Desktop,0,Australia
S100700,2023-10-02,Desktop,4,India
S100701,2025-07-01,Mobile,3,India
S100702,2022-04-15,Desktop,1,UK
S100703,2025-02-01,Tablet,4,Singapore
S100704,2022-12-04,Mobile,6,Singapore
S100705,2026-04-27,Tablet,0,India
S100706,2023-02-14,Desktop,3,Canada
S100707,2023-01-21,Desktop,5,Australia
S100708,2025-09-26,Desktop,4,India
S100709,2022-12-19,Desktop,7,UK
S100710,2022-08-21,Desktop,3,Singapore
S100711,2026-05-23,Tablet,2,Canada
S100712,2023-06-30,Desktop,8,Australia
S100713,2024-05-04,Mobile,2,India
S100714,2022-01-07,Tablet,5,USA
S100715,2025-07-03,Mobile,2,India
S100716,2024-04-04,Tablet,2,Singapore
S100717,2024-08-20,Mobile,3,UK
S100718,2025-02-11,Desktop,3,Australia
S100719,2023-09-09,Tablet,0,UK
S100720,2024-11-11,Mobile,4,Australia
S100721,2024-01-19,Mobile,0,Australia
S100722,2022-11-26,Mobile,7,India
S100723,2024-08-24,Tablet,6,Australia
S100724,2026-03-11,Desktop,1,UK
S100725,2024-02-11,Desktop,1,UK
S100726,2023-08-21,Mobile,6,Australia
S100727,2025-04-17,Mobile,1,UK
S100728,2026-03-13,Tablet,1,UK
S100729,2025-10-06,Desktop,4,Canada
S100730,2026-07-16,Tablet,2,Canada
S100731,2024-03-27,Tablet,7,Australia
S100732,2025-03-13,Mobile,0,India
S100733,2024-02-17,Desktop,5,UK
S100734,2023-12-06,Desktop,5,USA
S100735,2022-05-14,Desktop,1,Canada
S100736,2023-04-15,Desktop,6,UK
S100737,2023-02-12,Desktop,7,Canada
S100738,2025-01-29,Tablet,1,USA
S100739,2024-10-25,Desktop,6,Canada
S100740,2026-02-26,Desktop,4,UK
S100741,2023-08-29,Mobile,2,Singapore
S100742,2022-01-26,Tablet,8,India
S100743,2025-02-05,Mobile,6,Australia
S100744,2025-09-13,Mobile,4,UK
S100745,2025-03-04,Tablet,5,Canada
S100746,2024-12-27,Mobile,1,India
S100747,2024-09-07,Mobile,8,Germany
S100748,2022-04-05,Tablet,6,Canada
S100749,2022-04-29,Mobile,6,Australia
S100750,2024-06-14,Mobile,3,USA
S100751,2022-03-25,Mobile,6,UK
S100752,2025-04-24,Mobile,6,Canada
S100753,2026-04-17,Desktop,6,UK
S100754,2025-09-21,Desktop,7,Singapore
S100755,2023-11-19,Desktop,8,USA
S100756,2024-02-14,Desktop,5,UK
S100757,2025-03-26,Tablet,8,India
S100758,2024-02-25,Tablet,6,Singapore
S100759,2025-12-20,Tablet,6,Australia
S100760,2025-05-14,Desktop,6,Australia
S100761,2022-07-06,Tablet,0,India
S100762,2022-07-09,Mobile,1,USA
S100763,2023-11-18,Desktop,6,Germany
S100764,2025-12-27,Desktop,7,USA
S100765,2024-10-25,Mobile,5,Australia
S100766,2026-05-04,Mobile,5,UK
S100767,2025-10-03,Tablet,3,Australia
S100768,2025-07-24,Desktop,4,UK
S100769,2023-02-02,Tablet,6,UK
S100770,2026-03-17,Tablet,1,Australia
S100771,2023-10-10,Desktop,4,USA
S100772,2023-11-06,Mobile,2,India
S100773,2025-04-21,Desktop,3,UK
S100774,2023-09-17,Desktop,6,Australia
S100775,2022-06-18,Mobile,4,Australia
S100776,2023-06-17,Desktop,8,Canada
S100777,2022-12-21,Mobile,6,Australia
S100778,2025-09-04,Desktop,3,India
S100779,2026-01-16,Mobile,5,India
S100780,2025-07-28,Tablet,0,Canada
S100781,2026-02-10,Desktop,0,Australia
S100782,2024-03-27,Desktop,0,UK
S100783,2022-03-15,Desktop,2,Australia
S100784,2024-06-03,Tablet,4,USA
S100785,2023-05-19,Desktop,3,USA
S100786,2023-01-16,Mobile,5,Germany
S100787,2022-02-07,Tablet,6,Singapore
S100788,2023-12-30,Desktop,4,Singapore
S100789,2025-10-01,Desktop,4,Australia
S100790,2024-12-16,Tablet,5,UK
S100791,2024-10-03,Tablet,2,Australia
S100792,2025-09-14,Mobile,4,UK
S100793,2025-08-05,Tablet,3,Canada
S100794,2023-04-12,Desktop,3,USA
S100795,2024-03-11,Desktop,2,UK
S100796,2022-06-12,Tablet,1,Germany
S100797,2023-10-17,Mobile,4,Australia
S100798,2023-04-23,Tablet,1,Singapore
S100799,2024-04-12,Desktop,4,Canada
S100800,2022-12-28,Desktop,8,Australia
S100801,2022-11-13,Mobile,3,India
S100802,2026-07-25,Tablet,8,USA
S100803,2024-04-28,Desktop,2,UK
S100804,2024-03-05,Mobile,3,Australia
S100805,2023-05-16,Tablet,3,UK
S100806,2025-05-13,Desktop,5,Singapore
S100807,2026-01-14,Tablet,8,Germany
S100808,2025-12-19,Tablet,0,India
S100809,2023-06-11,Desktop,7,USA
S100810,2025-02-19,Tablet,7,Singapore
S100811,2024-11-15,Tablet,0,Canada
S100812,2026-02-04,Mobile,1,USA
S100813,2025-11-23,Desktop,7,Singapore
S100814,2023-07-06,Mobile,1,UK
S100815,2024-11-27,Mobile,6,India
S100816,2022-02-16,Mobile,1,Canada
S100817,2023-09-11,Mobile,1,Germany
S100818,2026-05-13,Desktop,2,Singapore
S100819,2024-02-12,Tablet,8,Germany
S100820,2025-04-07,Mobile,6,Australia
S100821,2025-11-05,Tablet,4,Canada
S100822,2022-08-19,Tablet,2,Germany
S100823,2025-07-14,Desktop,4,UK
S100824,2023-05-16,Desktop,5,Germany
S100825,2025-03-17,Tablet,4,UK
S100826,2024-08-22,Desktop,2,Canada
S100827,2025-01-19,Mobile,5,Australia
S100828,2024-11-15,Desktop,0,India
S100829,2023-07-01,Mobile,7,Germany
S100830,2022-12-03,Tablet,2,USA
S100831,2024-12-31,Desktop,3,Germany
S100832,2025-05-16,Mobile,5,India
S100833,2024-11-29,Mobile,8,India
S100834,2026-05-02,Desktop,8,UK
S100835,2025-01-12,Tablet,4,UK
S100836,2025-06-03,Desktop,3,Australia
S100837,2023-12-12,Tablet,6,USA
S100838,2022-11-19,Tablet,5,UK
S100839,2022-02-20,Mobile,7,Canada
S100840,2022-11-01,Mobile,3,Australia
S100841,2024-07-01,Desktop,5,Singapore
S100842,2023-01-18,Mobile,3,Australia
S100843,2023-08-06,Desktop,3,UK
S100844,2024-09-19,Tablet,2,UK
S100845,2024-01-31,Mobile,0,Singapore
S100846,2026-02-08,Desktop,0,USA
S100847,2022-01-05,Tablet,0,UK
S100848,2024-03-28,Tablet,0,USA
S100849,2024-12-12,Mobile,3,UK
S100850,2024-10-01,Desktop,7,UK
S100851,2023-09-18,Mobile,4,Canada
S100852,2022-06-06,Desktop,8,UK
S100853,2022-03-06,Mobile,0,Singapore
S100854,2024-04-22,Tablet,1,Canada
S100855,2024-12-22,Desktop,4,Germany
S100856,2022-09-06,Mobile,8,Singapore
S100857,2024-03-11,Desktop,5,Germany
S100858,2023-04-06,Tablet,4,UK
S100859,2022-11-11,Tablet,5,Australia
S100860,2023-07-13,Desktop,6,India
S100861,2023-06-08,Desktop,7,Canada
S100862,2022-10-27,Tablet,2,Singapore
S100863,2022-08-06,Mobile,1,Germany
S100864,2026-02-23,Desktop,1,Canada
S100865,2023-01-24,Desktop,5,Canada
S100866,2022-01-19,Mobile,7,UK
S100867,2025-03-11,Tablet,2,UK
S100868,2025-08-01,Tablet,6,Germany
S100869,2024-06-18,Desktop,4,Singapore
S100870,2025-03-30,Tablet,0,Canada
S100871,2025-12-26,Desktop,0,UK
S100872,2026-04-01,Mobile,7,Canada
S100873,2023-08-18,Tablet,1,Germany
S100874,2025-09-20,Tablet,6,Singapore
S100875,2024-09-13,Mobile,7,Canada
S100876,2022-09-04,Mobile,6,Germany
S100877,2023-06-03,Tablet,7,Germany
S100878,2026-04-23,Mobile,7,Germany
S100879,2026-06-02,Tablet,1,Australia
S100880,2023-09-22,Tablet,3,Germany
S100881,2026-03-05,Mobile,3,Germany
S100882,2023-05-18,Desktop,3,USA
S100883,2023-08-10,Desktop,8,Canada
S100884,2023-01-14,Desktop,1,UK
S100885,2026-01-29,Mobile,8,Australia
S100886,2025-05-18,Mobile,5,Canada
S100887,2024-12-12,Tablet,7,India
S100888,2022-07-11,Tablet,4,India
S100889,2022-01-02,Desktop,2,Germany
S100890,2023-10-09,Mobile,1,Singapore
S100891,2026-04-04,Tablet,8,Germany
S100892,2023-03-22,Desktop,8,UK
S100893,2024-01-28,Tablet,8,UK
S100894,2025-11-01,Mobile,5,USA
S100895,2024-11-25,Mobile,5,India
S100896,2023-11-04,Tablet,4,Singapore
S100897,2022-09-06,Tablet,5,UK
S100898,2022-05-14,Tablet,5,Australia
S100899,2022-07-22,Mobile,2,India
S100900,2022-06-14,Desktop,5,USA
S100901,2022-04-08,Tablet,0,Australia
S100902,2024-07-04,Desktop,3,India
S100903,2023-05-12,Desktop,4,Germany
S100904,2025-05-29,Desktop,6,Canada
S100905,2025-08-29,Mobile,2,India
S100906,2022-08-29,Desktop,0,USA
S100907,2024-12-27,Desktop,5,India
S100908,2022-08-21,Mobile,0,UK
S100909,2023-11-23,Tablet,6,Canada
S100910,2024-07-11,Desktop,7,Singapore
S100911,2023-08-27,Desktop,0,Germany
S100912,2024-07-18,Tablet,3,Singapore
S100913,2024-01-01,Desktop,2,Australia
S100914,2024-07-27,Mobile,1,USA
S100915,2024-10-30,Mobile,3,UK
S100916,2022-05-15,Mobile,1,Australia
S100917,2026-04-25,Mobile,0,UK
S100918,2023-12-23,Mobile,8,UK
S100919,2026-01-14,Tablet,2,Canada
S100920,2024-02-16,Desktop,8,Singapore
S100921,2023-05-10,Mobile,5,UK
S100922,2024-01-27,Mobile,3,UK
S100923,2023-12-24,Desktop,6,Singapore
S100924,2025-04-26,Tablet,7,Germany
S100925,2022-11-27,Desktop,2,Singapore
S100926,2025-11-26,Mobile,4,India
S100927,2025-01-04,Tablet,1,Canada
S100928,2026-05-10,Desktop,4,Singapore
S100929,2025-08-23,Mobile,0,India
S100930,2022-09-14,Mobile,3,Canada
S100931,2023-06-06,Tablet,6,Canada
S100932,2025-11-01,Tablet,5,Australia
S100933,2025-03-14,Mobile,0,Australia
S100934,2025-07-16,Tablet,5,USA
S100935,2024-12-25,Mobile,7,USA
S100936,2022-10-05,Mobile,2,Canada
S100937,2024-12-04,Tablet,4,India
S100938,2024-08-31,Desktop,8,India
S100939,2022-09-13,Mobile,4,Canada
S100940,2024-09-07,Tablet,6,India
S100941,2023-12-13,Desktop,7,USA
S100942,2024-02-02,Tablet,7,Germany
S100943,2023-08-30,Tablet,0,UK
S100944,2025-12-25,Desktop,6,Singapore
S100945,2025-02-21,Mobile,7,India
S100946,2023-03-21,Desktop,1,Canada
S100947,2022-07-27,Desktop,0,Canada
S100948,2025-09-21,Desktop,8,UK
S100949,2026-02-24,Tablet,5,India
S100950,2023-07-15,Tablet,3,India
S100951,2025-09-21,Tablet,1,USA
S100952,2025-11-03,Tablet,6,Canada
S100953,2022-12-05,Tablet,7,Singapore
S100954,2024-03-09,Tablet,1,UK
S100955,2024-01-23,Desktop,5,Canada
S100956,2022-04-09,Mobile,5,Singapore
S100957,2025-10-27,Desktop,4,USA
S100958,2023-07-26,Tablet,6,India
S100959,2024-09-26,Tablet,8,USA
S100960,2024-04-09,Tablet,6,India
S100961,2022-12-24,Mobile,7,Germany
S100962,2023-04-04,Mobile,6,Germany
S100963,2022-11-16,Desktop,7,UK
S100964,2024-07-26,Tablet,8,UK
S100965,2025-10-12,Desktop,2,Germany
S100966,2022-10-18,Mobile,7,India
S100967,2026-07-18,Desktop,5,Canada
S100968,2026-01-06,Tablet,0,USA
S100969,2022-01-13,Tablet,1,USA
S100970,2025-08-13,Mobile,5,UK
S100971,2026-03-31,Tablet,8,USA
S100972,2025-08-19,Tablet,5,Canada
S100973,2022-05-18,Tablet,5,Canada
S100974,2025-09-02,Tablet,6,USA
S100975,2022-04-02,Tablet,5,Germany
S100976,2026-01-03,Tablet,7,India
S100977,2023-03-11,Tablet,5,Australia
S100978,2025-08-17,Desktop,5,UK
S100979,2022-12-16,Desktop,7,India
S100980,2023-02-19,Desktop,0,Australia
S100981,2026-07-23,Tablet,5,UK
S100982,2025-01-26,Desktop,0,Australia
S100983,2023-05-11,Tablet,0,Singapore
S100984,2025-11-15,Mobile,2,Australia
S100985,2023-01-20,Desktop,6,USA
S100986,2024-01-05,Mobile,4,Singapore
S100987,2023-09-14,Desktop,3,Singapore
S100988,2024-04-04,Mobile,1,India
S100989,2022-08-01,Tablet,5,Australia
S100990,2022-06-10,Mobile,1,Canada
S100991,2026-06-18,Mobile,8,India
S100992,2022-11-14,Mobile,3,Singapore
S100993,2026-04-04,Desktop,2,Germany
S100994,2023-10-31,Tablet,5,Australia
S100995,2024-07-20,Mobile,6,Australia
S100996,2024-06-18,Tablet,3,Singapore
S100997,2024-06-22,Tablet,7,Singapore
S100998,2022-04-17,Mobile,6,Germany
S100999,2022-07-26,Desktop,8,Australia
S101000,2024-06-28,Tablet,8,Germany
S101001,2026-01-17,Tablet,4,USA
S101002,2023-03-23,Tablet,5,UK
S101003,2024-01-02,Tablet,5,UK
S101004,2026-01-07,Mobile,6,UK
S101005,2025-08-01,Desktop,4,Canada
S101006,2023-08-18,Tablet,6,Singapore
S101007,2024-12-26,Desktop,1,India
S101008,2023-06-25,Mobile,7,UK
S101009,2024-01-24,Mobile,7,India
S101010,2025-05-18,Desktop,3,USA
S101011,2024-10-23,Desktop,1,Australia
S101012,2024-12-25,Desktop,4,Singapore
S101013,2024-12-05,Tablet,4,Canada
S101014,2024-02-17,Mobile,3,Singapore
S101015,2025-07-31,Tablet,8,Canada
S101016,2024-11-28,Desktop,5,India
S101017,2023-02-22,Mobile,8,UK
S101018,2026-02-10,Tablet,5,Germany
S101019,2023-04-25,Tablet,4,UK
S101020,2023-08-23,Desktop,1,India
S101021,2024-01-16,Mobile,6,Germany
S101022,2022-11-22,Mobile,2,USA
S101023,2024-08-03,Mobile,1,Singapore
S101024,2025-07-16,Mobile,6,Australia
S101025,2023-01-06,Desktop,8,India
S101026,2025-02-27,Tablet,2,India
S101027,2025-10-08,Mobile,7,Canada
S101028,2026-04-12,Mobile,4,USA
S101029,2022-12-16,Desktop,4,Singapore
S101030,2022-12-26,Mobile,0,India
S101031,2026-07-07,Tablet,3,UK
S101032,2025-06-24,Tablet,7,Germany
S101033,2025-11-13,Tablet,3,USA
S101034,2022-10-10,Tablet,6,Singapore
S101035,2023-11-29,Desktop,0,Singapore
S101036,2023-09-24,Desktop,3,Singapore
S101037,2026-04-06,Tablet,8,Germany
S101038,2024-06-27,Tablet,5,India
S101039,2023-05-27,Tablet,0,Singapore
S101040,2023-10-26,Tablet,1,India
S101041,2023-10-14,Desktop,4,Singapore
S101042,2025-11-06,Tablet,7,Germany
S101043,2022-11-13,Mobile,4,Australia
S101044,2022-04-23,Desktop,8,USA
S101045,2025-06-17,Desktop,8,Australia
S101046,2022-12-16,Desktop,2,India
S101047,2023-08-09,Desktop,4,UK
S101048,2025-05-31,Desktop,0,USA
S101049,2026-05-22,Mobile,4,Canada
S101050,2025-07-14,Tablet,7,UK
S101051,2022-09-17,Mobile,3,Germany
S101052,2022-07-14,Mobile,6,Germany
S101053,2022-09-17,Tablet,0,Germany
S101054,2025-05-01,Mobile,8,Singapore
S101055,2023-04-19,Desktop,3,India
S101056,2025-09-12,Tablet,8,Germany
S101057,2024-12-30,Mobile,2,Australia
S101058,2024-07-02,Tablet,2,USA
S101059,2026-07-04,Desktop,3,India
S101060,2022-05-29,Mobile,2,USA
S101061,2024-08-24,Tablet,3,Canada
S101062,2023-07-17,Desktop,4,Australia
S101063,2022-12-08,Desktop,2,India
S101064,2024-05-23,Desktop,5,Singapore
S101065,2026-04-23,Mobile,2,Canada
S101066,2026-03-18,Desktop,1,Singapore
S101067,2026-06-30,Tablet,2,USA
S101068,2024-07-26,Desktop,0,Canada
S101069,2025-11-26,Desktop,5,Australia
S101070,2023-11-23,Tablet,4,UK
S101071,2025-09-28,Tablet,1,UK
S101072,2022-08-14,Desktop,7,Canada
S101073,2024-11-26,Desktop,7,UK
S101074,2022-10-01,Mobile,1,UK
S101075,2023-03-30,Tablet,3,Singapore
S101076,2023-10-17,Desktop,0,USA
S101077,2023-03-18,Mobile,6,Singapore
S101078,2024-06-11,Desktop,8,Germany
S101079,2024-01-27,Mobile,6,Australia
S101080,2023-01-02,Mobile,5,Germany
S101081,2022-05-15,Tablet,0,USA
S101082,2022-07-31,Mobile,8,Singapore
S101083,2025-10-10,Desktop,0,UK
S101084,2023-10-09,Tablet,2,Australia
S101085,2024-09-03,Tablet,3,Australia
S101086,2025-09-18,Tablet,8,USA
S101087,2022-09-07,Mobile,0,USA
S101088,2025-09-04,Mobile,4,Canada
S101089,2024-09-21,Mobile,1,Singapore
S101090,2022-06-06,Desktop,6,Australia
S101091,2024-09-29,Tablet,6,UK
S101092,2022-12-11,Tablet,4,USA
S101093,2025-12-03,Desktop,6,UK
S101094,2023-06-30,Tablet,3,UK
S101095,2026-06-28,Mobile,7,UK
S101096,2022-03-01,Desktop,3,UK
S101097,2022-12-20,Tablet,7,Singapore
S101098,2022-12-20,Tablet,2,India
S101099,2023-01-15,Desktop,6,India
S101100,2022-07-22,Desktop,3,Canada
S101101,2023-07-08,Tablet,7,Germany
S101102,2025-06-09,Tablet,0,India
S101103,2023-03-31,Tablet,7,UK
S101104,2024-07-10,Tablet,3,USA
S101105,2023-06-27,Desktop,5,USA
S101106,2025-12-08,Tablet,3,Australia
S101107,2023-07-19,Tablet,8,Germany
S101108,2023-01-14,Tablet,7,Germany
S101109,2023-01-27,Tablet,4,Germany
S101110,2026-06-05,Mobile,2,Canada
S101111,2024-01-14,Desktop,6,USA
S101112,2024-05-28,Desktop,6,Singapore
S101113,2024-12-10,Desktop,8,USA
S101114,2022-04-19,Mobile,3,USA
S101115,2022-10-29,Mobile,5,Singapore
S101116,2025-11-04,Mobile,7,Germany
S101117,2022-01-19,Mobile,6,UK
S101118,2026-05-06,Tablet,7,USA
S101119,2026-07-24,Desktop,4,Canada
S101120,2022-12-06,Tablet,1,Australia
S101121,2023-04-02,Tablet,4,India
S101122,2025-02-27,Tablet,4,USA
S101123,2025-02-17,Tablet,7,India
S101124,2022-11-19,Tablet,6,Canada
S101125,2024-04-01,Tablet,5,UK
S101126,2024-10-02,Desktop,1,Germany
S101127,2023-08-17,Tablet,1,Australia
S101128,2025-05-29,Mobile,1,UK
S101129,2025-08-02,Desktop,4,UK
S101130,2022-03-25,Desktop,8,Germany
S101131,2022-11-21,Mobile,7,UK
S101132,2023-08-27,Tablet,8,Canada
S101133,2026-06-05,Desktop,0,Germany
S101134,2022-08-19,Desktop,5,Singapore
S101135,2023-03-31,Desktop,4,India
S101136,2024-07-13,Mobile,3,Germany
S101137,2022-06-22,Mobile,8,UK
S101138,2024-01-22,Mobile,4,Germany
S101139,2023-03-14,Mobile,1,Australia
S101140,2024-09-21,Desktop,6,Australia
S101141,2024-06-19,Tablet,8,Germany
S101142,2022-03-08,Mobile,7,Singapore
S101143,2022-04-29,Mobile,0,USA
S101144,2026-05-28,Tablet,3,India
S101145,2024-05-27,Tablet,6,USA
S101146,2026-03-07,Tablet,7,UK
S101147,2025-07-08,Mobile,6,Canada
S101148,2023-12-20,Mobile,4,Singapore
S101149,2022-06-21,Tablet,1,Singapore
S101150,2025-12-15,Desktop,2,Singapore
S101151,2022-03-03,Tablet,6,India
S101152,2023-02-22,Tablet,3,USA
S101153,2023-05-18,Tablet,5,Germany
S101154,2025-09-19,Tablet,2,UK
S101155,2022-03-11,Desktop,0,USA
S101156,2025-07-09,Tablet,3,Germany
S101157,2022-11-28,Mobile,7,Canada
S101158,2026-01-28,Mobile,0,Canada
S101159,2022-02-04,Desktop,6,USA
S101160,2025-01-25,Tablet,0,India
S101161,2022-09-06,Tablet,1,USA
S101162,2024-09-14,Desktop,8,India
S101163,2024-10-01,Tablet,8,India
S101164,2025-03-21,Tablet,0,Singapore
S101165,2025-07-13,Desktop,1,UK
S101166,2022-11-06,Mobile,3,India
S101167,2024-05-12,Desktop,4,India
S101168,2025-02-19,Tablet,1,Canada
S101169,2026-07-21,Mobile,4,UK
S101170,2025-06-23,Tablet,1,Canada
S101171,2024-01-13,Mobile,4,Australia
S101172,2023-09-20,Tablet,2,Singapore
S101173,2022-07-03,Mobile,7,UK
S101174,2026-01-17,Tablet,8,UK
S101175,2022-06-14,Desktop,3,Canada
S101176,2022-02-04,Mobile,2,Australia
S101177,2024-07-06,Desktop,0,UK
S101178,2022-01-24,Tablet,1,Australia
S101179,2023-07-22,Desktop,2,USA
S101180,2024-05-18,Desktop,6,Singapore
S101181,2023-03-22,Mobile,4,Singapore
S101182,2023-05-20,Mobile,1,UK
S101183,2023-05-18,Mobile,2,USA
S101184,2022-06-03,Desktop,5,Singapore
S101185,2022-12-01,Tablet,0,Australia
S101186,2024-11-01,Tablet,2,Germany
S101187,2023-08-30,Tablet,1,India
S101188,2023-07-26,Mobile,3,Australia
S101189,2026-02-20,Desktop,4,Germany
S101190,2024-11-19,Mobile,5,India
S101191,2026-05-24,Tablet,8,UK
S101192,2023-07-27,Desktop,5,Canada
S101193,2023-07-06,Tablet,2,Singapore
S101194,2024-08-18,Mobile,8,India
S101195,2025-11-22,Mobile,1,India
S101196,2024-09-08,Tablet,1,UK
S101197,2025-04-04,Tablet,3,Canada
S101198,2024-11-26,Tablet,6,UK
S101199,2026-05-30,Mobile,6,USA
S101200,2024-05-23,Tablet,6,USA
S101201,2026-06-05,Desktop,8,UK
S101202,2023-04-26,Tablet,4,India
S101203,2022-11-06,Desktop,8,Germany
S101204,2025-08-24,Desktop,7,Germany
S101205,2023-03-12,Mobile,0,Australia
S101206,2022-09-22,Desktop,7,India
S101207,2024-10-12,Tablet,8,USA
S101208,2022-06-28,Mobile,4,UK
S101209,2023-03-02,Desktop,1,UK
S101210,2024-01-01,Desktop,2,Australia
S101211,2026-05-26,Desktop,5,Canada
S101212,2022-03-25,Tablet,1,UK
S101213,2025-01-20,Desktop,2,India
S101214,2022-10-30,Tablet,6,Canada
S101215,2024-08-18,Tablet,4,USA
S101216,2024-04-25,Desktop,0,Germany
S101217,2022-11-19,Desktop,1,Singapore
S101218,2026-06-30,Desktop,3,Australia
S101219,2024-01-04,Mobile,7,UK
S101220,2022-05-03,Tablet,1,Germany
S101221,2023-08-14,Tablet,3,Singapore
S101222,2024-04-22,Tablet,3,Canada
S101223,2026-01-26,Tablet,2,Singapore
S101224,2024-03-21,Tablet,5,Australia
S101225,2025-08-31,Desktop,3,UK
S101226,2023-05-27,Tablet,0,India
S101227,2025-01-19,Mobile,3,India
S101228,2025-08-30,Desktop,8,India
S101229,2024-08-17,Desktop,7,India
S101230,2026-05-04,Mobile,8,Singapore
S101231,2023-05-22,Mobile,0,USA
S101232,2025-06-27,Tablet,7,India
S101233,2024-05-28,Mobile,1,Singapore
S101234,2023-08-03,Tablet,4,UK
S101235,2025-08-26,Tablet,5,Singapore
S101236,2025-08-23,Tablet,5,India
S101237,2025-11-06,Mobile,6,India
S101238,2024-08-26,Desktop,5,Australia
S101239,2026-07-10,Tablet,6,Singapore
S101240,2023-06-07,Desktop,6,Singapore
S101241,2024-10-28,Tablet,2,Canada
S101242,2025-12-21,Mobile,7,India
S101243,2022-04-23,Mobile,2,Germany
S101244,2025-11-20,Desktop,5,Germany
S101245,2022-04-20,Desktop,3,India
S101246,2025-03-07,Tablet,6,UK
S101247,2024-04-04,Mobile,8,Australia
S101248,2024-11-15,Mobile,4,USA
S101249,2022-10-16,Mobile,2,UK
S101250,2026-06-14,Desktop,5,USA
S101251,2023-06-06,Tablet,6,Germany
S101252,2026-05-16,Tablet,7,Canada
S101253,2022-06-20,Desktop,8,Germany
S101254,2023-12-23,Desktop,8,India
S101255,2025-07-14,Mobile,7,Germany
S101256,2026-06-23,Tablet,5,India
S101257,2023-01-26,Desktop,2,UK
S101258,2026-05-26,Mobile,3,Canada
S101259,2026-03-13,Mobile,3,Singapore
S101260,2023-03-20,Tablet,2,India
S101261,2022-12-03,Tablet,1,Australia
S101262,2025-05-06,Tablet,8,Australia
S101263,2022-07-06,Desktop,8,UK
S101264,2022-10-06,Mobile,5,India
S101265,2026-07-08,Desktop,6,Australia
S101266,2025-11-11,Desktop,7,Singapore
S101267,2026-01-01,Mobile,4,Germany
S101268,2022-06-14,Mobile,3,USA
S101269,2022-09-16,Desktop,6,Canada
S101270,2024-01-08,Desktop,5,India
S101271,2024-04-25,Mobile,2,India
S101272,2022-09-02,Desktop,4,Canada
S101273,2025-10-18,Desktop,2,India
S101274,2022-04-30,Mobile,4,Germany
S101275,2024-02-20,Tablet,8,USA
S101276,2024-12-13,Mobile,8,India
S101277,2023-11-03,Tablet,0,Canada
S101278,2025-12-15,Desktop,3,Singapore
S101279,2026-03-29,Mobile,2,Germany
S101280,2022-05-29,Desktop,5,India
S101281,2025-04-23,Desktop,8,Canada
S101282,2024-06-15,Desktop,7,India
S101283,2023-02-20,Tablet,5,Germany
S101284,2025-12-25,Tablet,2,Germany
S101285,2023-11-12,Mobile,2,UK
S101286,2025-09-12,Desktop,1,Singapore
S101287,2026-04-26,Mobile,3,USA
S101288,2023-11-03,Mobile,0,UK
S101289,2023-02-08,Tablet,6,UK
S101290,2022-07-22,Desktop,2,USA
S101291,2024-10-25,Mobile,0,India
S101292,2023-12-30,Tablet,0,USA
S101293,2023-06-03,Desktop,4,India
S101294,2024-04-23,Mobile,7,Singapore
S101295,2026-04-11,Tablet,1,Canada
S101296,2023-10-08,Mobile,3,Canada
S101297,2025-10-27,Tablet,1,Australia
S101298,2022-05-30,Tablet,5,Singapore
S101299,2022-02-26,Mobile,4,Australia
S101300,2023-01-14,Desktop,1,UK
S101301,2022-07-08,Tablet,8,Canada
S101302,2024-05-11,Mobile,2,USA
S101303,2024-05-17,Tablet,6,USA
S101304,2022-02-04,Tablet,4,Germany
S101305,2024-03-11,Desktop,3,Canada
S101306,2025-01-06,Mobile,8,USA
S101307,2025-12-09,Mobile,0,Germany
S101308,2023-11-07,Mobile,6,India
S101309,2023-04-24,Tablet,1,Singapore
S101310,2023-01-20,Mobile,8,Singapore
S101311,2023-09-16,Desktop,2,Singapore
S101312,2024-04-09,Desktop,0,USA
S101313,2023-07-25,Desktop,2,Canada
S101314,2024-03-11,Desktop,4,Canada
S101315,2022-12-07,Tablet,1,Australia
S101316,2026-05-08,Mobile,5,USA
S101317,2025-07-01,Tablet,6,Canada
S101318,2024-03-24,Desktop,8,Australia
S101319,2024-01-19,Tablet,0,USA
S101320,2024-12-22,Tablet,7,India
S101321,2023-02-04,Desktop,7,USA
S101322,2024-05-13,Desktop,6,UK
S101323,2022-10-25,Tablet,5,Canada
S101324,2023-08-03,Mobile,6,India
S101325,2023-05-13,Desktop,1,Singapore
S101326,2023-06-18,Desktop,4,Australia
S101327,2023-08-10,Desktop,3,Germany
S101328,2025-08-09,Tablet,8,UK
S101329,2022-07-29,Tablet,2,USA
S101330,2023-08-30,Desktop,8,UK
S101331,2024-05-14,Tablet,3,Singapore
S101332,2025-10-08,Tablet,0,Australia
S101333,2026-07-08,Mobile,5,Singapore
S101334,2025-07-17,Desktop,5,India
S101335,2025-11-08,Desktop,7,Germany
S101336,2024-10-05,Mobile,5,Canada
S101337,2023-10-28,Desktop,3,USA
S101338,2024-02-09,Mobile,6,UK
S101339,2023-02-28,Tablet,4,UK
S101340,2023-01-18,Tablet,6,Australia
S101341,2025-07-14,Tablet,2,Australia
S101342,2022-06-13,Mobile,4,USA
S101343,2025-02-15,Mobile,3,India
S101344,2023-09-23,Desktop,8,Australia
S101345,2024-10-24,Mobile,1,India
S101346,2026-03-27,Tablet,7,Australia
S101347,2022-04-11,Desktop,3,Australia
S101348,2025-07-04,Desktop,2,India
S101349,2025-02-01,Mobile,3,Germany
S101350,2025-11-27,Desktop,3,India
S101351,2024-09-24,Mobile,2,Germany
S101352,2026-06-11,Desktop,2,Canada
S101353,2024-11-07,Desktop,6,Singapore
S101354,2025-07-16,Tablet,0,Germany
S101355,2023-12-26,Tablet,3,Canada
S101356,2026-07-14,Desktop,2,Germany
S101357,2023-03-02,Desktop,5,India
S101358,2025-10-12,Desktop,8,Singapore
S101359,2024-03-19,Tablet,2,Germany
S101360,2024-02-21,Desktop,3,Singapore
S101361,2025-06-12,Tablet,0,USA
S101362,2023-08-11,Tablet,8,UK
S101363,2026-06-18,Desktop,0,UK
S101364,2024-08-02,Desktop,6,UK
S101365,2024-09-12,Mobile,1,UK
S101366,2022-02-25,Desktop,7,USA
S101367,2022-12-18,Desktop,2,UK
S101368,2023-04-24,Desktop,4,UK
S101369,2025-02-21,Desktop,0,Singapore
S101370,2025-01-22,Mobile,8,UK
S101371,2024-11-16,Desktop,5,USA
S101372,2025-03-01,Mobile,7,Canada
S101373,2025-02-16,Desktop,8,UK
S101374,2024-07-18,Tablet,4,Australia
S101375,2025-04-25,Tablet,3,Australia
S101376,2024-02-19,Tablet,8,USA
S101377,2026-06-30,Mobile,6,USA
S101378,2024-05-24,Mobile,0,Singapore
S101379,2024-10-18,Mobile,4,Canada
S101380,2023-03-19,Tablet,7,Singapore
S101381,2025-11-25,Desktop,3,Singapore
S101382,2025-04-24,Desktop,2,Singapore
S101383,2024-09-07,Desktop,4,Canada
S101384,2025-12-29,Tablet,5,Singapore
S101385,2023-09-06,Tablet,5,Australia
S101386,2023-06-22,Desktop,4,Canada
S101387,2022-08-10,Desktop,6,Canada
S101388,2025-04-30,Mobile,6,Canada
S101389,2025-12-30,Desktop,0,UK
S101390,2022-01-06,Mobile,5,Singapore
S101391,2026-01-15,Mobile,8,USA
S101392,2022-08-29,Tablet,2,Canada
S101393,2022-10-14,Mobile,3,India
S101394,2022-10-24,Tablet,4,UK
S101395,2024-10-05,Tablet,4,Canada
S101396,2023-05-09,Desktop,4,Singapore
S101397,2022-11-26,Desktop,6,UK
S101398,2025-03-17,Desktop,1,UK
S101399,2025-07-11,Desktop,0,India
S101400,2022-02-03,Tablet,8,Australia
S101401,2022-06-21,Desktop,7,Germany
S101402,2024-03-02,Mobile,0,Germany
S101403,2022-08-20,Tablet,7,UK
S101404,2024-05-30,Tablet,2,Singapore
S101405,2025-04-28,Mobile,2,Singapore
S101406,2025-02-28,Desktop,1,Singapore
S101407,2024-08-28,Mobile,0,USA
S101408,2025-12-07,Tablet,0,India
S101409,2023-03-21,Tablet,4,Singapore
S101410,2025-08-05,Desktop,2,Canada
S101411,2025-12-11,Mobile,5,Singapore
S101412,2026-02-28,Desktop,7,USA
S101413,2025-08-28,Desktop,6,USA
S101414,2024-09-09,Mobile,3,UK
S101415,2023-05-07,Desktop,3,UK
S101416,2023-08-22,Mobile,4,USA
S101417,2024-10-05,Mobile,5,Australia
S101418,2025-12-23,Mobile,4,Australia
S101419,2023-02-11,Mobile,0,Germany
S101420,2025-03-18,Mobile,4,UK
S101421,2025-04-26,Tablet,5,Canada
S101422,2024-06-13,Tablet,1,India
S101423,2023-06-26,Mobile,5,India
S101424,2022-01-11,Mobile,0,India
S101425,2026-03-03,Desktop,2,USA
S101426,2024-01-29,Tablet,5,Germany
S101427,2024-05-15,Mobile,6,India
S101428,2023-01-28,Desktop,8,Germany
S101429,2024-10-01,Desktop,5,Australia
S101430,2024-04-30,Tablet,4,Australia
S101431,2024-01-27,Desktop,6,Australia
S101432,2024-07-05,Tablet,8,Singapore
S101433,2026-05-24,Desktop,4,Canada
S101434,2026-06-22,Tablet,4,Australia
S101435,2023-05-13,Mobile,8,Singapore
S101436,2025-01-11,Desktop,6,UK
S101437,2022-09-16,Tablet,0,Germany
S101438,2024-07-04,Desktop,4,UK
S101439,2026-02-19,Desktop,3,India
S101440,2022-09-20,Mobile,6,USA
S101441,2024-03-30,Desktop,8,USA
S101442,2023-12-28,Tablet,3,Australia
S101443,2025-06-20,Tablet,4,Australia
S101444,2023-06-15,Desktop,7,USA
S101445,2024-09-14,Tablet,4,Germany
S101446,2026-05-24,Tablet,4,Canada
S101447,2023-12-01,Desktop,3,India
S101448,2026-05-10,Desktop,5,India
S101449,2024-06-11,Tablet,2,Germany
S101450,2022-08-26,Mobile,3,UK
S101451,2025-05-28,Desktop,2,Singapore
S101452,2023-01-13,Mobile,7,Australia
S101453,2024-10-20,Mobile,5,Germany
S101454,2024-04-08,Tablet,3,Germany
S101455,2025-07-10,Desktop,1,Canada
S101456,2024-09-15,Desktop,8,India
S101457,2022-11-07,Tablet,6,India
S101458,2023-04-26,Tablet,5,Germany
S101459,2026-04-24,Tablet,6,UK
S101460,2022-01-18,Tablet,0,Germany
S101461,2023-04-29,Desktop,5,UK
S101462,2024-07-15,Tablet,5,India
S101463,2023-04-16,Tablet,4,UK
S101464,2026-03-02,Tablet,1,USA
S101465,2024-05-31,Desktop,0,USA
S101466,2024-01-30,Mobile,8,Australia
S101467,2024-12-09,Mobile,7,Singapore
S101468,2023-10-24,Desktop,2,Germany
S101469,2022-06-24,Tablet,5,Singapore
S101470,2022-08-22,Tablet,8,Germany
S101471,2025-12-10,Desktop,5,Singapore
S101472,2025-07-23,Tablet,7,India
S101473,2026-07-06,Tablet,4,India
S101474,2023-09-17,Mobile,4,UK
S101475,2023-05-21,Mobile,3,India
S101476,2022-09-23,Desktop,0,Singapore
S101477,2022-10-08,Desktop,1,UK
S101478,2022-08-23,Mobile,5,India
S101479,2023-05-11,Mobile,2,Australia
S101480,2023-09-15,Mobile,8,India
S101481,2022-11-05,Desktop,5,USA
S101482,2022-02-18,Mobile,1,Australia
S101483,2026-04-22,Mobile,8,UK
S101484,2022-12-29,Tablet,4,Canada
S101485,2024-09-27,Tablet,6,Singapore
S101486,2023-10-10,Mobile,5,Canada
S101487,2023-08-29,Mobile,1,USA
S101488,2023-05-26,Mobile,1,USA
S101489,2025-07-02,Tablet,1,India
S101490,2024-01-10,Mobile,7,Germany
S101491,2023-03-16,Desktop,6,UK
S101492,2026-06-27,Mobile,0,USA
S101493,2023-01-16,Tablet,6,India
S101494,2025-03-05,Tablet,0,Germany
S101495,2024-06-30,Desktop,8,Australia
S101496,2025-11-14,Tablet,6,Germany
S101497,2025-04-06,Desktop,2,Germany
S101498,2025-05-09,Tablet,2,Singapore
S101499,2024-12-13,Desktop,7,USA
S101500,2022-12-17,Desktop,8,Australia
S101501,2022-08-23,Desktop,4,Australia
S101502,2025-11-22,Tablet,8,Canada
S101503,2023-08-26,Mobile,0,UK
S101504,2023-04-10,Mobile,3,Australia
S101505,2024-05-15,Desktop,4,Australia
S101506,2024-11-17,Mobile,5,Singapore
S101507,2024-04-17,Mobile,3,Canada
S101508,2024-01-11,Desktop,8,Germany
S101509,2023-07-02,Tablet,6,UK
S101510,2023-06-26,Desktop,1,USA
S101511,2026-03-28,Desktop,7,USA
S101512,2024-06-11,Tablet,1,India
S101513,2025-10-12,Mobile,5,UK
S101514,2024-08-11,Tablet,4,USA
S101515,2022-05-19,Mobile,3,Australia
S101516,2022-03-12,Tablet,0,Germany
S101517,2024-12-11,Mobile,4,India
S101518,2026-06-20,Desktop,5,Germany
S101519,2025-12-02,Tablet,3,India
S101520,2025-07-09,Mobile,7,USA
S101521,2026-07-25,Tablet,2,Singapore
S101522,2023-09-23,Mobile,6,UK
S101523,2022-11-22,Tablet,5,USA
S101524,2024-11-02,Mobile,3,Singapore
S101525,2022-02-05,Mobile,3,Singapore
S101526,2022-06-19,Mobile,3,Australia
S101527,2026-07-25,Tablet,2,Australia
S101528,2022-08-30,Desktop,1,Canada
S101529,2025-03-18,Mobile,3,Singapore
S101530,2026-05-28,Tablet,7,Canada
S101531,2022-08-22,Mobile,7,Singapore
S101532,2023-08-12,Tablet,8,Australia
S101533,2026-07-19,Desktop,5,Australia
S101534,2025-06-19,Desktop,6,Australia
S101535,2023-02-22,Desktop,8,India
S101536,2024-02-03,Tablet,2,UK
S101537,2025-08-02,Mobile,2,USA
S101538,2023-02-11,Tablet,5,India
S101539,2026-05-01,Desktop,2,Canada
S101540,2026-05-07,Tablet,4,Singapore
S101541,2026-03-21,Tablet,3,Singapore
S101542,2023-03-31,Mobile,6,USA
S101543,2024-10-27,Mobile,7,Australia
S101544,2022-08-17,Desktop,7,Australia
S101545,2024-10-20,Tablet,2,USA
S101546,2022-11-10,Tablet,3,USA
S101547,2022-08-03,Mobile,7,Canada
S101548,2024-09-30,Mobile,6,Canada
S101549,2025-04-03,Tablet,0,USA
S101550,2026-07-22,Desktop,0,Germany
S101551,2023-07-05,Mobile,4,India
S101552,2023-08-18,Desktop,5,Singapore
S101553,2026-01-17,Desktop,7,Australia
S101554,2023-08-25,Mobile,3,Australia
S101555,2024-09-11,Desktop,0,Canada
S101556,2025-09-18,Tablet,2,Australia
S101557,2026-01-11,Desktop,1,Germany
S101558,2024-01-16,Tablet,2,Singapore
S101559,2024-02-21,Desktop,0,UK
S101560,2025-11-11,Tablet,6,Germany
S101561,2022-11-11,Tablet,3,India
S101562,2024-07-07,Desktop,3,Canada
S101563,2026-04-21,Mobile,7,Australia
S101564,2024-01-30,Tablet,4,Australia
S101565,2025-10-22,Desktop,6,India
S101566,2024-12-27,Desktop,5,USA
S101567,2025-02-06,Desktop,2,UK
S101568,2026-05-09,Desktop,8,USA
S101569,2025-07-11,Desktop,5,India
S101570,2026-06-01,Tablet,3,Australia
S101571,2022-07-30,Desktop,4,UK
S101572,2026-06-09,Desktop,3,Canada
S101573,2023-12-24,Tablet,3,India
S101574,2023-07-08,Tablet,4,India
S101575,2024-09-15,Mobile,0,Singapore
S101576,2023-02-18,Tablet,4,UK
S101577,2026-05-15,Mobile,7,USA
S101578,2022-05-20,Tablet,2,UK
S101579,2024-12-31,Tablet,8,Germany
S101580,2025-03-16,Desktop,1,Germany
S101581,2026-05-24,Desktop,4,USA
S101582,2025-01-08,Mobile,7,India
S101583,2023-12-23,Tablet,6,Canada
S101584,2024-12-29,Mobile,4,Australia
S101585,2025-01-02,Desktop,2,Singapore
S101586,2022-02-13,Mobile,3,India
S101587,2025-06-01,Tablet,8,India
S101588,2025-04-08,Tablet,3,Germany
S101589,2024-02-03,Tablet,8,Canada
S101590,2023-11-11,Mobile,2,USA
S101591,2025-09-12,Mobile,3,Singapore
S101592,2024-03-11,Desktop,8,India
S101593,2022-10-20,Tablet,4,Australia
S101594,2022-10-14,Tablet,0,USA
S101595,2024-09-24,Desktop,3,Singapore
S101596,2023-01-04,Desktop,0,USA
S101597,2025-10-01,Desktop,1,Australia
S101598,2023-02-02,Tablet,5,UK
S101599,2022-10-14,Tablet,6,UK
S101600,2026-05-15,Desktop,5,UK
S101601,2022-05-08,Tablet,7,Australia
S101602,2022-10-27,Mobile,3,Canada
S101603,2026-03-03,Tablet,4,India
S101604,2024-02-24,Tablet,7,USA
S101605,2022-03-22,Desktop,1,USA
S101606,2026-04-04,Desktop,2,USA
S101607,2025-12-14,Tablet,5,Australia
S101608,2024-10-08,Mobile,5,UK
S101609,2025-07-30,Desktop,1,Singapore
S101610,2024-01-27,Tablet,7,Canada
S101611,2023-05-03,Tablet,5,UK
S101612,2023-12-08,Desktop,8,Germany
S101613,2023-03-23,Mobile,6,Germany
S101614,2025-06-23,Mobile,4,India
S101615,2022-06-16,Desktop,3,Singapore
S101616,2025-03-26,Desktop,8,India
S101617,2025-10-31,Desktop,8,India
S101618,2023-01-16,Desktop,0,Germany
S101619,2026-07-09,Tablet,4,Singapore
S101620,2025-03-24,Desktop,2,Singapore
S101621,2026-04-02,Desktop,0,UK
S101622,2023-05-09,Tablet,5,India
S101623,2023-09-09,Tablet,8,UK
S101624,2022-12-09,Desktop,8,Canada
S101625,2022-06-10,Desktop,1,USA
S101626,2025-12-20,Tablet,2,India
S101627,2024-09-13,Tablet,0,Germany
S101628,2024-11-05,Desktop,4,Singapore
S101629,2024-09-07,Desktop,6,Singapore
S101630,2023-07-07,Mobile,2,UK
S101631,2025-10-04,Mobile,6,Canada
S101632,2023-05-04,Tablet,2,USA
S101633,2022-11-04,Tablet,0,Germany
S101634,2023-07-21,Desktop,2,Australia
S101635,2023-01-18,Mobile,6,UK
S101636,2025-12-18,Desktop,6,Canada
S101637,2022-09-01,Desktop,2,UK
S101638,2024-02-14,Tablet,7,Australia
S101639,2023-09-11,Tablet,6,Canada
S101640,2026-07-05,Tablet,4,Singapore
S101641,2023-12-06,Mobile,8,USA
S101642,2025-01-27,Mobile,7,Singapore
S101643,2022-04-20,Desktop,2,UK
S101644,2025-04-07,Desktop,6,Germany
S101645,2023-10-19,Tablet,7,USA
S101646,2022-06-09,Desktop,3,UK
S101647,2023-08-25,Tablet,2,Germany
S101648,2022-06-22,Mobile,2,USA
S101649,2026-03-05,Tablet,3,Germany
S101650,2022-07-29,Tablet,3,Germany
S101651,2025-01-17,Desktop,4,Singapore
S101652,2023-10-17,Mobile,1,USA
S101653,2023-01-31,Mobile,3,USA
S101654,2023-12-16,Tablet,7,Singapore
S101655,2025-02-26,Mobile,1,Australia
S101656,2022-12-26,Desktop,7,Australia
S101657,2024-01-17,Desktop,3,Singapore
S101658,2026-01-30,Mobile,5,USA
S101659,2025-12-27,Mobile,0,UK
S101660,2024-10-28,Desktop,2,Singapore
S101661,2024-02-09,Desktop,5,UK
S101662,2022-01-19,Tablet,7,Germany
S101663,2025-08-13,Desktop,2,Australia
S101664,2025-12-15,Tablet,4,USA
S101665,2024-09-24,Desktop,2,India
S101666,2026-04-13,Mobile,7,India
S101667,2024-04-19,Desktop,1,Germany
S101668,2025-03-05,Tablet,8,USA
S101669,2023-04-29,Tablet,6,Singapore
S101670,2022-04-06,Tablet,4,Australia
S101671,2026-01-10,Desktop,1,Germany
S101672,2025-12-23,Desktop,3,UK
S101673,2024-02-26,Mobile,5,Australia
S101674,2022-10-03,Desktop,2,Canada
S101675,2024-03-26,Tablet,1,Germany
S101676,2025-04-21,Desktop,7,USA
S101677,2024-08-15,Desktop,2,Australia
S101678,2026-06-02,Desktop,1,Australia
S101679,2023-02-17,Desktop,4,USA
S101680,2022-06-03,Tablet,1,Singapore
S101681,2022-09-17,Desktop,1,Australia
S101682,2024-10-23,Mobile,4,Germany
S101683,2025-07-22,Tablet,3,Germany
S101684,2024-01-04,Desktop,5,Australia
S101685,2025-09-12,Desktop,7,Germany
S101686,2024-08-02,Desktop,8,USA
S101687,2026-01-04,Desktop,6,Australia
S101688,2023-07-13,Desktop,7,Australia
S101689,2023-07-28,Mobile,8,Singapore
S101690,2024-04-17,Tablet,2,Australia
S101691,2025-12-22,Mobile,0,Singapore
S101692,2022-06-17,Tablet,2,Germany
S101693,2026-03-02,Tablet,8,Australia
S101694,2022-03-21,Mobile,1,USA
S101695,2023-04-09,Mobile,5,Australia
S101696,2023-12-30,Desktop,7,UK
S101697,2022-05-11,Tablet,6,Australia
S101698,2026-05-03,Desktop,4,USA
S101699,2024-02-29,Desktop,5,USA
S101700,2026-06-18,Desktop,8,USA
S101701,2022-10-27,Mobile,7,Singapore
S101702,2022-04-26,Desktop,3,Singapore
S101703,2025-09-10,Mobile,2,USA
S101704,2025-01-26,Mobile,1,Germany
S101705,2024-08-14,Desktop,8,Canada
S101706,2024-11-27,Mobile,7,Australia
S101707,2024-01-05,Mobile,2,Canada
S101708,2022-10-27,Mobile,2,India
S101709,2022-05-24,Desktop,3,India
S101710,2023-06-17,Mobile,8,Australia
S101711,2022-04-02,Mobile,2,Germany
S101712,2023-04-19,Mobile,8,India
S101713,2023-09-11,Desktop,1,India
S101714,2023-05-27,Mobile,8,USA
S101715,2023-04-27,Tablet,4,Singapore
S101716,2024-02-24,Desktop,1,Singapore
S101717,2022-09-24,Tablet,8,Singapore
S101718,2025-06-29,Desktop,6,UK
S101719,2025-11-12,Tablet,8,India
S101720,2023-01-18,Desktop,0,India
S101721,2026-06-21,Desktop,3,Canada
S101722,2025-03-11,Desktop,2,India
S101723,2024-04-09,Desktop,8,Singapore
S101724,2024-08-31,Mobile,2,USA
S101725,2023-04-10,Desktop,4,India
S101726,2024-11-15,Desktop,0,India
S101727,2025-03-25,Tablet,1,Singapore
S101728,2023-08-01,Mobile,6,Australia
S101729,2023-10-27,Mobile,8,India
S101730,2026-02-12,Tablet,7,Australia
S101731,2024-01-29,Tablet,3,Canada
S101732,2023-10-23,Tablet,1,Germany
S101733,2022-12-26,Tablet,6,India
S101734,2023-11-07,Desktop,1,Singapore
S101735,2022-10-18,Tablet,2,UK
S101736,2022-07-28,Desktop,5,UK
S101737,2025-01-26,Tablet,5,Canada
S101738,2024-09-27,Tablet,3,USA
S101739,2024-01-05,Desktop,8,Singapore
S101740,2022-01-14,Mobile,6,UK
S101741,2025-12-12,Tablet,7,UK
S101742,2022-11-10,Desktop,7,USA
S101743,2024-12-31,Mobile,1,USA
S101744,2022-09-06,Tablet,7,UK
S101745,2022-12-01,Tablet,0,Germany
S101746,2024-08-19,Tablet,7,Australia
S101747,2022-02-20,Desktop,8,India
S101748,2026-05-21,Mobile,8,Canada
S101749,2025-04-16,Mobile,3,India
S101750,2026-03-12,Desktop,8,India
S101751,2023-09-13,Tablet,6,USA
S101752,2024-03-28,Mobile,5,Canada
S101753,2025-05-22,Mobile,0,Australia
S101754,2024-08-09,Desktop,4,Germany
S101755,2024-05-01,Desktop,3,Canada
S101756,2026-02-01,Tablet,3,Germany
S101757,2023-05-27,Desktop,3,UK
S101758,2023-07-02,Desktop,8,UK
S101759,2023-09-17,Tablet,3,Canada
S101760,2025-07-03,Desktop,8,UK
S101761,2023-09-18,Tablet,2,Australia
S101762,2023-03-08,Mobile,6,Singapore
S101763,2024-01-12,Mobile,2,UK
S101764,2023-09-22,Tablet,3,UK
S101765,2026-04-07,Desktop,0,Australia
S101766,2022-01-12,Mobile,8,USA
S101767,2026-07-02,Mobile,0,UK
S101768,2025-05-14,Desktop,2,UK
S101769,2026-01-27,Tablet,8,India
S101770,2022-04-11,Mobile,0,Germany
S101771,2022-09-27,Mobile,5,Australia
S101772,2025-11-30,Desktop,4,Singapore
S101773,2026-06-02,Mobile,0,Singapore
S101774,2022-01-04,Mobile,7,Australia
S101775,2025-03-11,Tablet,1,USA
S101776,2022-06-08,Mobile,3,UK
S101777,2022-11-21,Desktop,5,India
S101778,2025-04-17,Tablet,6,USA
S101779,2025-08-27,Mobile,4,Germany
S101780,2022-10-16,Mobile,2,Germany
S101781,2024-09-12,Tablet,4,Canada
S101782,2023-07-29,Desktop,5,India
S101783,2026-03-23,Tablet,1,USA
S101784,2026-05-19,Mobile,1,Australia
S101785,2022-05-09,Tablet,1,India
S101786,2025-01-29,Mobile,8,India
S101787,2026-04-26,Tablet,6,Germany
S101788,2025-04-25,Desktop,2,Canada
S101789,2025-04-21,Desktop,3,Germany
S101790,2025-02-25,Tablet,3,Singapore
S101791,2025-08-24,Desktop,6,Singapore
S101792,2025-11-02,Desktop,3,Germany
S101793,2023-08-13,Tablet,3,Singapore
S101794,2025-07-29,Mobile,6,Canada
S101795,2023-12-22,Tablet,6,USA
S101796,2022-10-07,Tablet,0,Singapore
S101797,2024-10-24,Tablet,2,India
S101798,2026-05-21,Tablet,8,UK
S101799,2023-12-17,Mobile,4,Singapore
S101800,2024-05-27,Tablet,6,India
S101801,2023-06-06,Mobile,6,Germany
S101802,2023-01-17,Tablet,2,Canada
S101803,2022-10-20,Mobile,7,Canada
S101804,2025-06-07,Tablet,5,Singapore
S101805,2023-01-09,Mobile,8,India
S101806,2022-04-20,Desktop,1,Singapore
S101807,2023-11-29,Desktop,8,Singapore
S101808,2026-05-22,Desktop,2,Australia
S101809,2023-03-01,Mobile,6,Australia
S101810,2022-08-08,Mobile,4,India
S101811,2022-04-21,Mobile,6,Singapore
S101812,2026-06-15,Desktop,1,Singapore
S101813,2023-02-05,Tablet,1,USA
S101814,2023-09-01,Mobile,7,UK
S101815,2023-03-11,Tablet,3,Germany
S101816,2023-11-16,Tablet,2,Canada
S101817,2024-09-22,Tablet,6,India
S101818,2026-03-24,Desktop,2,Australia
S101819,2025-05-23,Mobile,0,Singapore
S101820,2026-06-26,Mobile,8,Singapore
S101821,2023-04-14,Desktop,1,UK
S101822,2023-01-14,Tablet,4,Singapore
S101823,2025-09-11,Tablet,5,UK
S101824,2023-12-23,Mobile,6,Australia
S101825,2024-02-05,Desktop,2,India
S101826,2022-07-04,Mobile,3,Singapore
S101827,2026-02-11,Desktop,3,UK
S101828,2025-06-09,Tablet,6,USA
S101829,2025-07-21,Mobile,5,Canada
S101830,2025-11-16,Tablet,1,Singapore
S101831,2022-10-12,Mobile,1,Germany
S101832,2025-09-09,Mobile,1,India
S101833,2024-08-19,Mobile,5,India
S101834,2022-03-16,Mobile,1,Australia
S101835,2025-11-16,Tablet,1,Canada
S101836,2022-03-08,Tablet,4,Canada
S101837,2026-07-01,Desktop,8,UK
S101838,2025-11-20,Mobile,0,UK
S101839,2026-04-04,Tablet,4,USA
S101840,2022-05-09,Mobile,0,Singapore
S101841,2025-01-23,Tablet,5,India
S101842,2024-11-12,Mobile,5,India
S101843,2024-04-05,Desktop,5,Singapore
S101844,2023-04-25,Desktop,0,India
S101845,2026-03-03,Tablet,3,Singapore
S101846,2022-03-10,Desktop,4,Australia
S101847,2023-10-23,Desktop,2,Singapore
S101848,2025-09-20,Mobile,4,India
S101849,2026-01-07,Mobile,2,UK
S101850,2026-01-08,Mobile,1,UK
S101851,2023-04-14,Tablet,6,UK
S101852,2024-10-02,Desktop,3,Germany
S101853,2023-12-14,Mobile,7,Germany
S101854,2024-04-01,Mobile,6,India
S101855,2026-07-16,Desktop,5,Canada
S101856,2023-09-19,Mobile,8,Singapore
S101857,2025-05-26,Tablet,3,India
S101858,2025-01-05,Mobile,6,Canada
S101859,2022-04-08,Mobile,6,UK
S101860,2024-05-18,Tablet,4,Singapore
S101861,2022-06-11,Tablet,6,India
S101862,2024-10-12,Mobile,2,Germany
S101863,2022-10-19,Desktop,7,Australia
S101864,2023-08-05,Desktop,2,Singapore
S101865,2023-05-13,Desktop,4,Australia
S101866,2025-07-16,Desktop,4,Canada
S101867,2024-07-27,Tablet,7,Canada
S101868,2022-05-23,Mobile,1,Singapore
S101869,2025-09-18,Desktop,8,Germany
S101870,2022-04-07,Mobile,8,USA
S101871,2022-07-09,Desktop,2,India
S101872,2022-03-26,Tablet,8,Australia
S101873,2022-06-30,Mobile,8,Australia
S101874,2024-01-29,Tablet,8,Canada
S101875,2025-11-03,Tablet,2,India
S101876,2024-07-08,Desktop,3,Germany
S101877,2025-07-07,Mobile,4,UK
S101878,2023-02-25,Tablet,0,India
S101879,2023-12-26,Desktop,0,USA
S101880,2025-05-11,Desktop,2,Germany
S101881,2024-01-06,Mobile,8,India
S101882,2022-08-08,Mobile,6,Canada
S101883,2022-11-04,Desktop,8,Germany
S101884,2023-05-27,Desktop,1,USA
S101885,2025-01-15,Desktop,6,Germany
S101886,2022-09-09,Mobile,3,Australia
S101887,2023-12-30,Tablet,5,USA
S101888,2025-08-12,Desktop,3,Singapore
S101889,2025-08-28,Tablet,6,Singapore
S101890,2022-11-24,Mobile,5,Australia
S101891,2025-01-13,Tablet,1,Australia
S101892,2023-08-15,Tablet,4,India
S101893,2025-02-24,Mobile,2,UK
S101894,2026-07-12,Desktop,8,Singapore
S101895,2026-04-17,Tablet,2,Germany
S101896,2025-06-26,Desktop,8,Singapore
S101897,2023-02-20,Desktop,5,USA
S101898,2024-09-23,Desktop,2,Canada
S101899,2023-03-18,Tablet,4,India
S101900,2023-07-09,Mobile,5,Singapore
S101901,2025-11-03,Mobile,0,Singapore
S101902,2023-10-19,Tablet,1,USA
S101903,2025-05-15,Desktop,3,Canada
S101904,2022-08-13,Tablet,0,Canada
S101905,2022-06-30,Tablet,7,Singapore
S101906,2025-07-02,Tablet,5,Singapore
S101907,2022-03-16,Tablet,3,India
S101908,2024-04-29,Desktop,4,Singapore
S101909,2024-10-30,Tablet,6,Australia
S101910,2026-04-17,Tablet,4,Australia
S101911,2024-07-26,Mobile,5,Singapore
S101912,2024-08-11,Desktop,5,Australia
S101913,2022-10-17,Mobile,8,USA
S101914,2025-03-25,Desktop,0,India
S101915,2024-12-07,Tablet,6,Australia
S101916,2022-06-13,Mobile,2,Germany
S101917,2025-01-17,Mobile,8,Australia
S101918,2022-11-18,Mobile,0,Germany
S101919,2022-12-23,Tablet,5,India
S101920,2025-02-16,Tablet,4,Singapore
S101921,2025-06-25,Tablet,5,Germany
S101922,2022-07-15,Tablet,7,Singapore
S101923,2025-09-24,Tablet,1,Singapore
S101924,2024-06-17,Mobile,0,Germany
S101925,2023-08-27,Tablet,8,India
S101926,2024-07-25,Desktop,0,Germany
S101927,2022-03-13,Tablet,1,USA
S101928,2026-05-07,Tablet,0,Singapore
S101929,2022-05-02,Desktop,2,Singapore
S101930,2022-01-06,Tablet,2,Canada
S101931,2023-11-15,Tablet,7,UK
S101932,2024-07-22,Desktop,3,USA
S101933,2024-01-27,Desktop,0,USA
S101934,2025-06-30,Mobile,8,Canada
S101935,2025-10-30,Mobile,2,Australia
S101936,2025-01-11,Mobile,7,USA
S101937,2023-07-04,Mobile,3,Canada
S101938,2022-08-20,Tablet,3,Canada
S101939,2024-07-03,Desktop,3,Singapore
S101940,2024-04-07,Desktop,6,Australia
S101941,2025-09-16,Desktop,1,UK
S101942,2026-03-26,Mobile,4,India
S101943,2023-04-17,Desktop,6,Canada
S101944,2026-01-28,Mobile,6,Germany
S101945,2024-01-10,Tablet,2,UK
S101946,2024-05-02,Mobile,1,Singapore
S101947,2022-03-29,Tablet,2,Singapore
S101948,2025-07-10,Desktop,2,Singapore
S101949,2022-10-16,Desktop,2,Australia
S101950,2023-11-14,Mobile,8,Germany
S101951,2024-11-01,Mobile,5,India
S101952,2023-04-13,Tablet,2,Australia
S101953,2023-08-10,Mobile,6,Singapore
S101954,2024-07-24,Desktop,6,Canada
S101955,2024-08-09,Mobile,2,India
S101956,2024-02-23,Tablet,7,Germany
S101957,2022-11-06,Mobile,5,UK
S101958,2023-06-24,Mobile,8,UK
S101959,2025-05-11,Desktop,4,Germany
S101960,2026-04-25,Mobile,8,UK
S101961,2022-10-30,Tablet,8,India
S101962,2022-12-02,Tablet,8,Canada
S101963,2024-02-05,Mobile,2,Australia
S101964,2022-07-06,Desktop,6,USA
S101965,2022-10-09,Tablet,4,Canada
S101966,2023-12-11,Tablet,1,UK
S101967,2022-05-13,Mobile,3,Germany
S101968,2025-11-01,Desktop,3,Singapore
S101969,2024-09-29,Mobile,8,UK
S101970,2023-01-29,Desktop,3,UK
S101971,2023-01-22,Mobile,0,UK
S101972,2022-03-25,Desktop,8,India
S101973,2022-05-13,Desktop,4,Australia
S101974,2023-03-18,Mobile,5,USA
S101975,2022-05-30,Desktop,5,Canada
S101976,2026-01-10,Tablet,7,Singapore
S101977,2022-04-21,Tablet,0,Canada
S101978,2024-06-06,Mobile,7,Germany
S101979,2023-05-16,Mobile,3,Singapore
S101980,2026-03-28,Mobile,2,UK
S101981,2025-10-29,Desktop,6,Germany
S101982,2022-02-16,Tablet,0,Germany
S101983,2023-06-03,Desktop,2,Germany
S101984,2023-03-24,Desktop,2,India
S101985,2024-03-04,Desktop,7,Canada
S101986,2026-03-07,Mobile,2,India
S101987,2025-10-18,Mobile,6,Canada
S101988,2023-12-26,Desktop,0,India
S101989,2025-03-29,Desktop,1,Canada
S101990,2023-05-16,Mobile,3,Singapore
S101991,2026-06-12,Mobile,7,Germany
S101992,2024-09-18,Mobile,7,USA
S101993,2025-10-18,Tablet,7,USA
S101994,2025-08-28,Tablet,4,Australia
S101995,2023-06-11,Mobile,0,Singapore
S101996,2023-08-16,Mobile,8,USA
S101997,2025-02-06,Desktop,7,USA
S101998,2024-05-26,Desktop,2,Canada
S101999,2025-03-04,Desktop,1,UK
S102000,2023-10-25,Mobile,7,UK
S102001,2025-12-03,Desktop,2,Canada
S102002,2025-01-03,Tablet,6,USA
S102003,2022-05-22,Desktop,0,Canada
S102004,2026-02-13,Desktop,0,USA
S102005,2024-08-04,Desktop,0,Singapore
S102006,2025-07-06,Tablet,5,Germany
S102007,2025-12-05,Tablet,4,USA
S102008,2026-04-17,Desktop,2,Canada
S102009,2023-06-04,Tablet,2,Singapore
S102010,2022-11-21,Tablet,2,India
S102011,2024-05-12,Tablet,2,Canada
S102012,2022-08-02,Tablet,0,UK
S102013,2022-05-10,Desktop,2,USA
S102014,2025-10-03,Tablet,1,USA
S102015,2025-08-29,Mobile,6,Australia
S102016,2025-01-20,Tablet,0,Canada
S102017,2024-08-16,Tablet,3,Australia
S102018,2026-03-02,Tablet,0,UK
S102019,2023-03-03,Tablet,2,Singapore
S102020,2025-08-01,Tablet,0,USA
S102021,2022-12-25,Mobile,4,Australia
S102022,2025-11-08,Mobile,2,Australia
S102023,2024-04-15,Mobile,3,USA
S102024,2025-11-26,Desktop,6,UK
S102025,2025-03-14,Desktop,3,Australia
S102026,2025-03-05,Tablet,1,Canada
S102027,2022-12-10,Tablet,1,Australia
S102028,2025-01-28,Desktop,7,UK
S102029,2022-07-20,Desktop,0,Australia
S102030,2022-12-15,Desktop,4,USA
S102031,2024-01-18,Tablet,4,Singapore
S102032,2024-11-13,Mobile,2,India
S102033,2023-11-24,Mobile,2,UK
S102034,2024-09-11,Desktop,8,USA
S102035,2024-09-26,Mobile,8,Germany
S102036,2022-09-17,Tablet,1,Singapore
S102037,2023-09-21,Desktop,3,Australia
S102038,2025-12-20,Tablet,8,Australia
S102039,2022-04-29,Tablet,1,Australia
S102040,2024-08-31,Mobile,3,Australia
S102041,2023-11-17,Mobile,5,Canada
S102042,2025-04-21,Mobile,7,Canada
S102043,2024-05-11,Mobile,4,Singapore
S102044,2022-08-15,Mobile,5,Germany
S102045,2022-08-04,Desktop,2,Singapore
S102046,2026-01-19,Mobile,0,Australia
S102047,2024-11-24,Mobile,7,Singapore
S102048,2022-03-25,Desktop,8,Singapore
S102049,2025-08-20,Tablet,1,Canada
S102050,2023-12-27,Desktop,3,USA
S102051,2024-03-28,Mobile,7,Canada
S102052,2022-01-08,Mobile,1,Singapore
S102053,2024-09-10,Desktop,5,India
S102054,2022-01-09,Tablet,2,Singapore
S102055,2024-12-14,Desktop,5,Germany
S102056,2023-05-24,Desktop,2,Canada
S102057,2025-07-18,Mobile,0,Singapore
S102058,2022-05-23,Tablet,2,Canada
S102059,2023-07-18,Mobile,1,Singapore
S102060,2022-10-07,Desktop,7,Singapore
S102061,2026-05-29,Mobile,2,UK
S102062,2023-07-07,Tablet,2,Australia
S102063,2022-03-02,Tablet,5,Germany
S102064,2022-02-02,Desktop,3,Germany
S102065,2023-10-25,Mobile,2,India
S102066,2022-06-16,Desktop,3,Singapore
S102067,2024-11-14,Mobile,1,Canada
S102068,2023-04-04,Mobile,8,Canada
S102069,2022-05-13,Mobile,5,Australia
S102070,2024-02-03,Tablet,1,Germany
S102071,2023-07-04,Mobile,3,Australia
S102072,2023-07-06,Tablet,7,UK
S102073,2025-03-09,Mobile,1,Australia
S102074,2024-01-01,Mobile,7,USA
S102075,2025-01-19,Mobile,4,USA
S102076,2026-06-08,Mobile,7,Singapore
S102077,2023-04-28,Desktop,2,UK
S102078,2023-04-15,Desktop,0,USA
S102079,2024-07-18,Desktop,4,Canada
S102080,2024-11-25,Mobile,1,UK
S102081,2024-05-19,Tablet,4,Germany
S102082,2025-06-08,Desktop,6,Australia
S102083,2023-05-29,Tablet,2,Germany
S102084,2025-07-08,Desktop,8,Canada
S102085,2025-08-18,Mobile,3,Canada
S102086,2025-12-16,Desktop,0,USA
S102087,2022-11-08,Tablet,8,USA
S102088,2023-06-04,Desktop,4,USA
S102089,2023-11-24,Tablet,1,Germany
S102090,2023-11-01,Desktop,2,Canada
S102091,2025-05-20,Mobile,2,Germany
S102092,2022-12-30,Desktop,6,Germany
S102093,2026-05-12,Desktop,4,Singapore
S102094,2023-06-17,Mobile,0,India
S102095,2023-08-14,Desktop,4,UK
S102096,2024-11-03,Tablet,6,UK
S102097,2024-07-19,Desktop,8,India
S102098,2024-09-02,Desktop,3,Germany
S102099,2023-07-19,Tablet,0,India
S102100,2025-12-11,Mobile,0,Singapore
S102101,2025-09-22,Tablet,6,Singapore
S102102,2025-11-17,Desktop,1,Singapore
S102103,2026-07-07,Mobile,1,India
S102104,2024-07-03,Mobile,1,Singapore
S102105,2024-02-12,Tablet,3,USA
S102106,2026-05-07,Desktop,7,USA
S102107,2023-08-17,Desktop,2,UK
S102108,2026-05-16,Desktop,6,UK
S102109,2022-10-15,Tablet,0,Singapore
S102110,2024-07-26,Desktop,6,Singapore
S102111,2023-05-09,Tablet,5,Germany
S102112,2024-05-12,Tablet,7,Australia
S102113,2024-10-22,Mobile,8,USA
S102114,2024-04-27,Desktop,0,India
S102115,2022-02-14,Mobile,1,Singapore
S102116,2024-11-10,Mobile,8,Australia
S102117,2022-03-01,Mobile,6,Canada
S102118,2024-03-12,Tablet,6,USA
S102119,2026-01-09,Desktop,1,Germany
S102120,2026-05-15,Desktop,5,Singapore
S102121,2022-07-18,Mobile,7,Germany
S102122,2023-09-15,Desktop,5,UK
S102123,2023-08-13,Mobile,6,Australia
S102124,2023-06-10,Desktop,1,Australia
S102125,2022-05-21,Mobile,3,Singapore
S102126,2022-04-05,Tablet,2,Australia
S102127,2023-02-09,Mobile,5,Australia
S102128,2022-05-16,Tablet,3,Singapore
S102129,2023-09-30,Desktop,1,India
S102130,2023-12-21,Desktop,0,India
S102131,2024-10-30,Desktop,8,Singapore
S102132,2022-01-19,Tablet,5,Canada
S102133,2022-08-15,Desktop,7,India
S102134,2022-11-13,Desktop,7,Canada
S102135,2023-10-04,Mobile,4,USA
S102136,2024-12-26,Mobile,5,Singapore
S102137,2022-12-01,Mobile,1,India
S102138,2026-07-16,Tablet,1,India
S102139,2023-04-20,Tablet,8,Canada
S102140,2022-02-10,Desktop,2,Singapore
S102141,2022-07-19,Tablet,7,Singapore
S102142,2024-09-30,Mobile,8,Singapore
S102143,2023-01-16,Tablet,3,Australia
S102144,2022-04-14,Desktop,0,Australia
S102145,2022-08-24,Tablet,2,UK
S102146,2023-01-03,Tablet,6,UK
S102147,2023-08-11,Mobile,4,India
S102148,2024-10-28,Mobile,7,Germany
S102149,2025-02-23,Desktop,2,Singapore
S102150,2022-02-25,Mobile,3,India
S102151,2023-05-29,Tablet,7,India
S102152,2023-09-15,Desktop,2,UK
S102153,2024-06-21,Tablet,8,India
S102154,2026-04-23,Mobile,0,USA
S102155,2022-09-02,Desktop,1,Australia
S102156,2026-06-21,Mobile,2,India
S102157,2025-10-10,Desktop,6,Canada
S102158,2024-02-27,Tablet,7,Singapore
S102159,2023-11-10,Desktop,4,UK
S102160,2024-06-21,Mobile,6,India
S102161,2025-07-03,Mobile,3,Australia
S102162,2022-06-21,Mobile,2,USA
S102163,2024-02-23,Tablet,1,UK
S102164,2024-04-26,Mobile,3,Canada
S102165,2025-03-21,Desktop,0,Australia
S102166,2023-04-25,Tablet,2,Canada
S102167,2025-10-23,Desktop,6,Canada
S102168,2022-09-10,Mobile,0,UK
S102169,2026-01-13,Tablet,1,Canada
S102170,2024-05-19,Desktop,8,Canada
S102171,2023-04-23,Desktop,0,USA
S102172,2026-07-20,Tablet,5,Australia
S102173,2024-07-19,Mobile,7,UK
S102174,2022-10-15,Mobile,6,USA
S102175,2026-03-11,Mobile,8,Germany
S102176,2024-07-09,Tablet,8,Singapore
S102177,2022-02-16,Desktop,2,Germany
S102178,2024-02-26,Mobile,4,UK
S102179,2023-09-21,Mobile,5,Australia
S102180,2022-10-27,Mobile,1,Singapore
S102181,2022-05-21,Tablet,3,India
S102182,2023-02-20,Mobile,1,Australia
S102183,2023-10-30,Tablet,4,USA
S102184,2025-05-24,Desktop,1,UK
S102185,2024-11-15,Tablet,0,Canada
S102186,2024-09-30,Mobile,1,India
S102187,2024-05-27,Desktop,3,UK
S102188,2024-01-04,Mobile,0,USA
S102189,2022-05-31,Mobile,1,Singapore
S102190,2023-04-09,Mobile,6,India
S102191,2022-12-18,Desktop,1,USA
S102192,2026-01-29,Tablet,4,India
S102193,2023-12-06,Mobile,4,Australia
S102194,2024-06-02,Mobile,3,USA
S102195,2023-05-24,Tablet,8,UK
S102196,2025-04-24,Tablet,5,Australia
S102197,2023-11-22,Desktop,7,Singapore
S102198,2024-12-30,Desktop,1,India
S102199,2026-02-05,Tablet,2,Australia
S102200,2022-05-11,Tablet,4,Australia
S102201,2023-12-29,Desktop,8,Germany
S102202,2024-01-12,Mobile,3,Singapore
S102203,2024-01-16,Tablet,2,India
S102204,2026-07-30,Mobile,6,Singapore
S102205,2022-10-11,Desktop,3,India
S102206,2024-05-30,Mobile,2,USA
S102207,2022-01-02,Mobile,5,Singapore
S102208,2023-09-08,Tablet,4,USA
S102209,2024-08-19,Mobile,7,Canada
S102210,2022-10-18,Tablet,8,Canada
S102211,2024-12-03,Mobile,2,Australia
S102212,2023-03-19,Mobile,5,Singapore
S102213,2026-01-14,Mobile,7,UK
S102214,2025-06-12,Mobile,1,Canada
S102215,2024-08-30,Tablet,5,Germany
S102216,2025-10-21,Tablet,1,USA
S102217,2025-04-14,Desktop,0,India
S102218,2024-06-15,Tablet,7,Singapore
S102219,2023-08-07,Tablet,0,USA
S102220,2025-02-13,Desktop,8,Singapore
S102221,2023-03-29,Mobile,5,India
S102222,2022-02-01,Tablet,3,USA
S102223,2022-10-20,Mobile,5,Singapore
S102224,2022-09-14,Desktop,2,Singapore
S102225,2026-02-09,Mobile,0,Australia
S102226,2025-08-18,Mobile,6,USA
S102227,2022-05-22,Mobile,7,UK
S102228,2023-09-04,Desktop,6,Germany
S102229,2022-05-24,Tablet,1,India
S102230,2024-10-03,Mobile,0,USA
S102231,2022-08-04,Mobile,0,Germany
S102232,2022-04-15,Tablet,0,Canada
S102233,2025-02-17,Tablet,8,Germany
S102234,2023-08-10,Desktop,5,Australia
S102235,2024-12-30,Mobile,1,Canada
S102236,2024-01-06,Mobile,8,Australia
S102237,2024-08-27,Tablet,1,Germany
S102238,2023-09-27,Mobile,1,India
S102239,2024-02-29,Desktop,2,UK
S102240,2023-01-15,Mobile,1,Germany
S102241,2025-02-12,Mobile,5,India
S102242,2023-08-15,Desktop,4,Australia
S102243,2025-05-07,Desktop,4,USA
S102244,2025-03-10,Desktop,6,Germany
S102245,2026-07-18,Tablet,3,USA
S102246,2023-07-18,Mobile,4,USA
S102247,2024-12-23,Tablet,5,Singapore
S102248,2022-01-19,Tablet,5,Canada
S102249,2024-02-25,Mobile,1,Germany
S102250,2025-06-08,Tablet,0,Canada
S102251,2023-07-31,Mobile,7,India
S102252,2022-12-04,Tablet,4,UK
S102253,2025-11-24,Mobile,1,India
S102254,2024-06-01,Desktop,5,USA
S102255,2024-04-09,Desktop,0,Germany
S102256,2025-05-11,Tablet,5,India
S102257,2023-01-08,Tablet,4,Germany
S102258,2025-01-30,Mobile,7,Singapore
S102259,2023-03-04,Mobile,0,Australia
S102260,2023-12-27,Tablet,8,India
S102261,2024-09-21,Desktop,1,USA
S102262,2022-12-22,Desktop,6,Australia
S102263,2022-01-09,Tablet,8,USA
S102264,2022-07-12,Desktop,0,Singapore
S102265,2022-05-25,Desktop,0,Canada
S102266,2024-10-15,Mobile,1,Germany
S102267,2024-07-15,Tablet,8,Germany
S102268,2023-02-10,Tablet,8,India
S102269,2022-12-28,Desktop,8,USA
S102270,2022-03-26,Desktop,6,Canada
S102271,2023-05-06,Tablet,6,Germany
S102272,2025-06-27,Desktop,2,India
S102273,2026-05-02,Desktop,5,Singapore
S102274,2025-10-02,Tablet,6,USA
S102275,2025-11-28,Tablet,7,Canada
S102276,2026-01-09,Desktop,5,USA
S102277,2025-04-23,Mobile,8,Australia
S102278,2024-07-11,Mobile,0,India
S102279,2024-07-04,Tablet,3,India
S102280,2026-01-03,Tablet,4,Germany
S102281,2026-01-03,Tablet,2,India
S102282,2024-07-25,Desktop,7,UK
S102283,2026-03-06,Mobile,6,USA
S102284,2026-01-03,Mobile,8,Australia
S102285,2024-12-04,Desktop,6,UK
S102286,2024-02-25,Desktop,5,Australia
S102287,2023-08-25,Tablet,7,Canada
S102288,2025-10-24,Desktop,3,USA
S102289,2025-05-22,Desktop,1,Australia
S102290,2025-03-17,Desktop,0,UK
S102291,2025-10-01,Desktop,6,Canada
S102292,2026-05-04,Mobile,5,UK
S102293,2023-07-12,Desktop,0,Australia
S102294,2024-05-29,Mobile,0,India
S102295,2026-05-14,Tablet,6,Canada
S102296,2024-03-15,Mobile,4,Canada
S102297,2026-03-13,Mobile,2,Singapore
S102298,2023-12-26,Mobile,7,USA
S102299,2023-04-21,Tablet,1,India
S102300,2025-05-25,Mobile,6,Singapore
S102301,2025-07-04,Tablet,4,Australia
S102302,2023-11-30,Tablet,7,Australia
S102303,2024-03-05,Desktop,5,USA
S102304,2025-04-30,Desktop,0,Singapore
S102305,2022-07-03,Tablet,3,Germany
S102306,2026-05-01,Desktop,7,Singapore
S102307,2022-11-20,Desktop,7,USA
S102308,2022-06-18,Mobile,5,Germany
S102309,2023-09-10,Desktop,5,UK
S102310,2025-03-21,Tablet,0,USA
S102311,2026-05-08,Mobile,8,USA
S102312,2022-01-07,Desktop,3,USA
S102313,2023-03-24,Mobile,3,Germany
S102314,2026-04-11,Tablet,2,Singapore
S102315,2024-12-06,Tablet,5,Australia
S102316,2023-05-02,Mobile,2,UK
S102317,2026-03-05,Tablet,4,UK
S102318,2024-01-25,Desktop,2,Singapore
S102319,2024-08-08,Tablet,4,Canada
S102320,2025-07-22,Mobile,1,Australia
S102321,2026-06-26,Tablet,1,Germany
S102322,2026-07-30,Tablet,1,Singapore
S102323,2023-04-21,Tablet,6,Germany
S102324,2023-06-18,Desktop,0,USA
S102325,2024-04-07,Tablet,0,India
S102326,2023-05-19,Desktop,5,UK
S102327,2024-11-24,Tablet,4,India
S102328,2023-08-10,Mobile,4,Canada
S102329,2022-05-21,Tablet,8,Australia
S102330,2023-09-14,Mobile,4,UK
S102331,2022-08-08,Mobile,6,Singapore
S102332,2025-06-09,Tablet,4,Canada
S102333,2023-12-13,Mobile,0,Canada
S102334,2024-09-02,Desktop,7,UK
S102335,2024-09-14,Tablet,2,Germany
S102336,2026-07-10,Desktop,3,India
S102337,2025-01-22,Mobile,4,Canada
S102338,2022-02-03,Tablet,7,Germany
S102339,2022-01-20,Tablet,5,India
S102340,2025-03-12,Desktop,6,Australia
S102341,2023-04-21,Tablet,6,Germany
S102342,2025-10-25,Tablet,3,Singapore
S102343,2026-03-02,Desktop,4,Germany
S102344,2024-11-01,Tablet,3,Australia
S102345,2025-03-13,Desktop,5,UK
S102346,2026-03-04,Mobile,2,USA
S102347,2023-12-27,Mobile,5,UK
S102348,2024-10-19,Mobile,7,Australia
S102349,2024-12-19,Mobile,8,Singapore
S102350,2024-11-15,Mobile,3,Australia
S102351,2024-02-08,Tablet,7,USA
S102352,2024-11-23,Desktop,6,Canada
S102353,2024-10-11,Mobile,6,Canada
S102354,2025-04-18,Desktop,5,UK
S102355,2022-11-05,Tablet,2,UK
S102356,2024-08-01,Mobile,3,UK
S102357,2022-07-11,Desktop,4,Germany
S102358,2024-01-30,Mobile,2,UK
S102359,2024-07-10,Desktop,0,UK
S102360,2022-08-14,Tablet,7,UK
S102361,2025-03-13,Mobile,7,USA
S102362,2026-03-02,Mobile,6,Germany
S102363,2025-02-12,Desktop,7,Canada
S102364,2022-01-08,Desktop,7,Canada
S102365,2024-09-14,Mobile,5,Germany
S102366,2023-01-21,Tablet,8,Australia
S102367,2022-01-06,Mobile,1,Germany
S102368,2023-07-18,Tablet,1,India
S102369,2025-07-23,Desktop,4,Canada
S102370,2023-09-03,Mobile,4,Australia
S102371,2025-03-08,Tablet,3,India
S102372,2024-12-25,Tablet,6,Canada
S102373,2023-05-24,Desktop,2,India
S102374,2025-06-21,Desktop,4,Germany
S102375,2025-11-19,Mobile,6,Singapore
S102376,2026-07-02,Mobile,7,UK
S102377,2024-07-24,Desktop,7,Canada
S102378,2024-04-06,Desktop,7,India
S102379,2023-12-02,Desktop,1,Canada
S102380,2024-12-25,Desktop,2,USA
S102381,2022-09-24,Mobile,7,USA
S102382,2024-05-10,Mobile,8,Germany
S102383,2025-10-15,Mobile,5,Australia
S102384,2024-01-02,Mobile,7,India
S102385,2022-03-15,Tablet,2,Germany
S102386,2023-04-07,Desktop,4,Canada
S102387,2025-07-15,Desktop,4,USA
S102388,2026-01-17,Mobile,1,Singapore
S102389,2024-02-28,Desktop,4,Australia
S102390,2023-03-31,Mobile,5,Germany
S102391,2026-06-20,Tablet,7,Singapore
S102392,2023-07-15,Mobile,3,Canada
S102393,2025-09-18,Desktop,8,Australia
S102394,2026-02-01,Desktop,3,Australia
S102395,2022-02-28,Desktop,5,Singapore
S102396,2026-04-03,Mobile,4,Germany
S102397,2023-06-29,Tablet,6,UK
S102398,2022-03-21,Desktop,2,Australia
S102399,2023-09-11,Tablet,1,Canada
S102400,2022-12-21,Desktop,3,Canada
S102401,2024-07-26,Desktop,5,Singapore
S102402,2023-06-26,Desktop,0,Australia
S102403,2023-10-06,Mobile,3,UK
S102404,2022-11-27,Mobile,2,Canada
S102405,2026-02-27,Tablet,6,UK
S102406,2022-03-21,Desktop,2,UK
S102407,2023-08-09,Tablet,7,UK
S102408,2025-11-18,Desktop,6,USA
S102409,2022-02-11,Tablet,0,Singapore
S102410,2025-01-13,Desktop,8,Germany
S102411,2024-11-03,Mobile,3,USA
S102412,2022-10-05,Desktop,5,Canada
S102413,2023-07-09,Desktop,2,India
S102414,2022-01-20,Tablet,0,Australia
S102415,2025-01-01,Desktop,3,Singapore
S102416,2024-12-18,Mobile,0,USA
S102417,2023-08-09,Desktop,6,USA
S102418,2025-08-16,Desktop,3,Singapore
S102419,2022-02-02,Mobile,3,India
S102420,2023-09-07,Desktop,0,UK
S102421,2023-08-12,Desktop,0,UK
S102422,2026-07-09,Tablet,2,Canada
S102423,2023-07-25,Tablet,7,Canada
S102424,2022-01-03,Desktop,6,Canada
S102425,2022-10-26,Desktop,0,UK
S102426,2024-02-14,Tablet,5,USA
S102427,2025-06-07,Tablet,6,Canada
S102428,2025-01-14,Desktop,0,Canada
S102429,2026-03-20,Mobile,5,Germany
S102430,2022-10-21,Tablet,1,India
S102431,2026-06-14,Desktop,4,Singapore
S102432,2024-05-12,Desktop,2,India
S102433,2026-01-08,Mobile,4,USA
S102434,2022-01-30,Tablet,8,Australia
S102435,2023-08-16,Mobile,4,India
S102436,2023-07-04,Tablet,1,USA
S102437,2022-07-22,Mobile,6,India
S102438,2025-06-26,Desktop,3,Singapore
S102439,2022-06-11,Tablet,2,UK
S102440,2026-02-08,Mobile,1,India
S102441,2022-03-21,Desktop,4,Canada
S102442,2025-06-16,Tablet,5,Singapore
S102443,2022-08-27,Tablet,1,Australia
S102444,2022-10-16,Desktop,8,USA
S102445,2022-05-19,Mobile,0,Canada
S102446,2024-09-28,Tablet,6,Singapore
S102447,2024-11-05,Desktop,3,Australia
S102448,2022-11-24,Mobile,5,USA
S102449,2024-03-10,Tablet,8,Canada
S102450,2025-05-18,Desktop,1,Singapore
S102451,2024-01-21,Tablet,4,Australia
S102452,2023-01-12,Desktop,7,Germany
S102453,2023-02-18,Desktop,6,UK
S102454,2022-07-07,Desktop,5,Germany
S102455,2024-02-05,Desktop,0,UK
S102456,2023-03-24,Mobile,2,Germany
S102457,2023-04-08,Desktop,5,Singapore
S102458,2025-01-16,Tablet,6,Australia
S102459,2025-07-23,Tablet,1,Canada
S102460,2022-04-29,Mobile,5,USA
S102461,2023-05-15,Tablet,6,Singapore
S102462,2024-01-27,Mobile,7,Germany
S102463,2024-11-25,Desktop,4,Germany
S102464,2023-08-15,Mobile,7,USA
S102465,2023-03-29,Mobile,6,USA
S102466,2023-12-02,Tablet,7,Singapore
S102467,2022-09-15,Desktop,4,UK
S102468,2026-05-07,Tablet,4,India
S102469,2025-03-29,Tablet,4,Canada
S102470,2025-08-08,Desktop,2,Germany
S102471,2025-08-06,Tablet,1,Germany
S102472,2025-08-28,Desktop,1,India
S102473,2023-04-08,Mobile,6,Canada
S102474,2026-01-27,Desktop,3,Canada
S102475,2022-02-19,Desktop,4,Canada
S102476,2025-10-26,Desktop,5,UK
S102477,2022-08-03,Desktop,8,Australia
S102478,2025-03-11,Desktop,8,USA
S102479,2022-10-10,Mobile,3,USA
S102480,2025-01-17,Desktop,8,Singapore
S102481,2024-01-17,Tablet,5,UK
S102482,2023-12-20,Tablet,1,Canada
S102483,2024-09-28,Desktop,7,Singapore
S102484,2024-09-04,Tablet,3,Canada
S102485,2023-12-03,Mobile,1,Germany
S102486,2024-05-30,Mobile,3,Australia
S102487,2022-10-11,Tablet,4,Australia
S102488,2024-07-03,Tablet,7,USA
S102489,2024-02-14,Tablet,5,UK
S102490,2025-10-05,Desktop,2,Canada
S102491,2023-09-07,Mobile,7,USA
S102492,2026-03-22,Tablet,3,Singapore
S102493,2025-03-24,Mobile,8,Australia
S102494,2022-02-21,Tablet,3,UK
S102495,2023-07-24,Tablet,0,Canada
S102496,2024-03-08,Tablet,3,Singapore
S102497,2025-11-20,Tablet,3,Germany
S102498,2025-01-30,Mobile,5,Germany
S102499,2026-07-06,Desktop,4,Singapore
S102500,2022-12-14,Desktop,5,USA
S102501,2023-05-05,Mobile,0,Canada
S102502,2026-05-31,Mobile,8,USA
S102503,2025-04-06,Desktop,8,USA
S102504,2026-06-26,Tablet,8,Australia
S102505,2023-02-27,Mobile,0,Australia
S102506,2023-12-20,Tablet,5,UK
S102507,2022-01-18,Tablet,0,USA
S102508,2026-07-31,Tablet,3,USA
S102509,2022-03-04,Tablet,2,Singapore
S102510,2024-09-20,Desktop,4,Canada
S102511,2024-05-27,Tablet,5,UK
S102512,2025-12-22,Mobile,1,USA
S102513,2025-11-12,Mobile,4,USA
S102514,2022-03-28,Tablet,1,Australia
S102515,2024-01-31,Desktop,3,Australia
S102516,2025-10-19,Desktop,4,USA
S102517,2022-08-09,Mobile,3,Canada
S102518,2026-01-30,Mobile,6,India
S102519,2025-06-14,Mobile,8,Germany
S102520,2023-02-19,Mobile,5,USA
S102521,2024-05-19,Desktop,2,Singapore
S102522,2025-07-27,Tablet,1,India
S102523,2024-04-17,Tablet,3,India
S102524,2024-09-13,Desktop,4,Australia
S102525,2024-01-27,Mobile,8,Germany
S102526,2024-06-08,Desktop,6,Singapore
S102527,2023-07-06,Tablet,4,Singapore
S102528,2025-10-26,Mobile,6,Singapore
S102529,2024-11-24,Tablet,7,Singapore
S102530,2023-08-13,Mobile,5,Germany
S102531,2024-10-08,Desktop,6,Canada
S102532,2024-06-05,Tablet,0,India
S102533,2023-07-01,Desktop,3,Singapore
S102534,2026-07-09,Tablet,7,Singapore
S102535,2023-05-28,Tablet,7,USA
S102536,2024-08-18,Tablet,1,UK
S102537,2022-04-28,Desktop,8,Australia
S102538,2022-05-05,Desktop,1,Australia
S102539,2025-03-11,Tablet,7,Germany
S102540,2025-01-15,Mobile,4,UK
S102541,2024-05-25,Mobile,6,Singapore
S102542,2026-06-11,Tablet,1,USA
S102543,2024-06-20,Desktop,7,UK
S102544,2026-02-01,Mobile,4,Singapore
S102545,2026-02-24,Mobile,1,Singapore
S102546,2023-08-12,Tablet,0,UK
S102547,2024-03-23,Tablet,6,India
S102548,2026-03-12,Mobile,5,UK
S102549,2022-08-15,Mobile,8,India
S102550,2024-01-17,Mobile,6,India
S102551,2022-05-06,Desktop,6,Canada
S102552,2024-06-17,Mobile,6,Canada
S102553,2022-10-03,Mobile,8,Canada
S102554,2026-01-23,Tablet,5,Australia
S102555,2026-01-01,Tablet,5,USA
S102556,2022-12-19,Tablet,2,Canada
S102557,2024-03-11,Desktop,3,Germany
S102558,2022-05-15,Desktop,4,USA
S102559,2026-05-12,Mobile,3,Singapore
S102560,2024-12-15,Mobile,6,UK
S102561,2025-05-12,Desktop,1,Germany
S102562,2023-02-24,Mobile,0,Singapore
S102563,2024-09-13,Tablet,4,Canada
S102564,2023-10-12,Tablet,3,Australia
S102565,2023-11-26,Tablet,8,Australia
S102566,2022-07-07,Desktop,5,UK
S102567,2022-12-31,Mobile,0,Germany
S102568,2026-04-22,Tablet,3,Singapore
S102569,2025-07-25,Desktop,1,Germany
S102570,2024-04-30,Tablet,6,UK
S102571,2026-06-07,Mobile,5,India
S102572,2023-10-14,Desktop,2,Canada
S102573,2024-12-02,Tablet,1,Singapore
S102574,2023-12-23,Mobile,4,UK
S102575,2023-07-17,Desktop,1,USA
S102576,2024-12-17,Desktop,0,UK
S102577,2022-08-25,Desktop,4,UK
S102578,2024-12-07,Desktop,8,UK
S102579,2022-10-15,Tablet,4,Germany
S102580,2022-09-20,Mobile,2,Singapore
S102581,2024-06-29,Desktop,1,India
S102582,2024-08-07,Desktop,3,UK
S102583,2025-05-01,Mobile,8,Australia
S102584,2024-05-03,Tablet,8,Germany
S102585,2022-06-26,Mobile,0,Canada
S102586,2024-03-01,Mobile,5,Singapore
S102587,2025-07-15,Tablet,0,UK
S102588,2023-06-03,Desktop,4,Canada
S102589,2023-09-22,Desktop,0,Australia
S102590,2025-10-01,Desktop,5,UK
S102591,2025-01-05,Mobile,2,UK
S102592,2026-07-10,Mobile,2,Canada
S102593,2022-11-26,Mobile,2,Germany
S102594,2026-01-15,Desktop,6,Singapore
S102595,2023-06-22,Tablet,7,Canada
S102596,2025-10-10,Mobile,6,Australia
S102597,2025-08-15,Desktop,0,Germany
S102598,2024-07-18,Mobile,6,USA
S102599,2024-09-06,Desktop,2,Singapore
S102600,2022-12-24,Mobile,0,Germany
S102601,2024-09-01,Desktop,8,USA
S102602,2023-03-22,Tablet,1,Singapore
S102603,2023-10-23,Mobile,1,Singapore
S102604,2022-11-03,Desktop,4,UK
S102605,2022-09-26,Mobile,3,India
S102606,2022-03-10,Tablet,2,Canada
S102607,2022-12-14,Tablet,5,Canada
S102608,2022-07-27,Tablet,3,India
S102609,2026-02-27,Mobile,5,India
S102610,2025-07-27,Mobile,0,Australia
S102611,2024-07-30,Desktop,1,India
S102612,2024-12-28,Mobile,3,India
S102613,2026-02-12,Mobile,7,India
S102614,2024-01-12,Tablet,2,Australia
S102615,2026-05-26,Mobile,6,India
S102616,2025-10-31,Tablet,0,Australia
S102617,2022-04-25,Desktop,2,USA
S102618,2024-10-19,Desktop,8,UK
S102619,2024-08-10,Tablet,0,USA
S102620,2025-11-01,Tablet,0,Singapore
S102621,2022-07-11,Desktop,8,Singapore
S102622,2025-05-30,Tablet,1,USA
S102623,2023-09-25,Mobile,3,Canada
S102624,2025-01-23,Tablet,8,Canada
S102625,2023-10-25,Tablet,7,Australia
S102626,2023-03-03,Mobile,8,Singapore
S102627,2022-11-21,Desktop,7,Canada
S102628,2022-04-20,Tablet,1,Australia
S102629,2024-02-28,Desktop,8,India
S102630,2024-04-19,Desktop,1,India
S102631,2022-08-18,Mobile,6,Germany
S102632,2026-03-23,Mobile,3,India
S102633,2023-11-07,Mobile,8,Australia
S102634,2026-04-02,Tablet,1,Australia
S102635,2022-06-25,Mobile,6,USA
S102636,2024-04-01,Mobile,1,Singapore
S102637,2022-06-14,Tablet,1,Germany
S102638,2024-03-08,Tablet,7,India
S102639,2026-07-08,Mobile,0,USA
S102640,2024-05-26,Mobile,0,Singapore
S102641,2024-02-11,Desktop,4,Germany
S102642,2022-01-28,Desktop,6,Singapore
S102643,2026-02-27,Tablet,6,Singapore
S102644,2024-11-23,Desktop,0,USA
S102645,2022-05-19,Tablet,4,Canada
S102646,2023-06-04,Tablet,6,Canada
S102647,2024-06-09,Mobile,6,Germany
S102648,2026-04-17,Desktop,0,UK
S102649,2022-09-29,Desktop,5,Australia
S102650,2025-01-02,Desktop,6,Australia
S102651,2026-07-19,Tablet,3,Singapore
S102652,2022-07-18,Mobile,3,Canada
S102653,2022-11-21,Desktop,7,Australia
S102654,2025-01-28,Desktop,0,UK
S102655,2023-12-31,Tablet,7,Germany
S102656,2025-02-18,Desktop,1,USA
S102657,2023-01-26,Tablet,3,USA
S102658,2024-02-09,Desktop,1,Canada
S102659,2024-05-10,Mobile,7,USA
S102660,2023-02-01,Desktop,3,UK
S102661,2022-06-04,Desktop,5,Germany
S102662,2023-02-08,Mobile,4,Germany
S102663,2023-07-15,Tablet,8,Germany
S102664,2026-04-09,Tablet,6,India
S102665,2025-08-12,Mobile,0,Singapore
S102666,2026-02-18,Desktop,0,Canada
S102667,2023-10-20,Mobile,8,Canada
S102668,2022-11-07,Tablet,8,Australia
S102669,2023-05-25,Tablet,4,Australia
S102670,2023-08-17,Tablet,8,Australia
S102671,2023-05-26,Mobile,5,Australia
S102672,2022-06-18,Tablet,5,Germany
S102673,2024-05-16,Mobile,7,Australia
S102674,2024-08-17,Mobile,4,India
S102675,2026-06-03,Mobile,2,Canada
S102676,2024-12-27,Tablet,5,Canada
S102677,2024-08-24,Tablet,0,UK
S102678,2024-09-23,Mobile,7,India
S102679,2026-06-06,Tablet,2,UK
S102680,2025-11-05,Tablet,3,UK
S102681,2023-08-09,Mobile,2,India
S102682,2022-07-09,Tablet,5,USA
S102683,2023-10-31,Mobile,8,India
S102684,2023-05-05,Desktop,0,Germany
S102685,2024-12-22,Desktop,2,India
S102686,2024-07-08,Mobile,8,UK
S102687,2023-08-08,Mobile,2,India
S102688,2024-01-26,Tablet,3,Australia
S102689,2023-10-01,Mobile,3,UK
S102690,2023-12-11,Desktop,4,Canada
S102691,2025-05-26,Tablet,6,USA
S102692,2022-01-30,Mobile,5,Germany
S102693,2025-08-12,Desktop,0,Singapore
S102694,2023-01-30,Mobile,7,Germany
S102695,2022-12-23,Tablet,4,Germany
S102696,2024-03-29,Desktop,5,Singapore
S102697,2025-04-18,Desktop,5,USA
S102698,2026-05-08,Mobile,4,UK
S102699,2024-06-12,Desktop,8,USA
S102700,2024-09-04,Desktop,8,India
S102701,2024-02-17,Mobile,5,India
S102702,2026-03-31,Desktop,2,Singapore
S102703,2024-01-01,Mobile,4,Canada
S102704,2024-09-11,Tablet,0,Germany
S102705,2023-05-07,Tablet,4,Germany
S102706,2025-07-27,Tablet,3,Canada
S102707,2025-03-25,Tablet,1,Canada
S102708,2026-05-06,Desktop,0,Canada
S102709,2022-02-26,Mobile,8,USA
S102710,2025-04-23,Desktop,7,Singapore
S102711,2023-03-07,Desktop,4,Singapore
S102712,2023-02-28,Mobile,5,Australia
S102713,2022-04-20,Desktop,5,India
S102714,2023-08-13,Tablet,6,Australia
S102715,2025-05-22,Desktop,5,USA
S102716,2024-10-23,Tablet,6,Germany
S102717,2023-12-02,Mobile,8,Australia
S102718,2022-03-02,Mobile,3,Germany
S102719,2023-12-05,Mobile,7,Germany
S102720,2026-07-09,Tablet,0,Australia
S102721,2023-03-29,Tablet,3,Singapore
S102722,2026-02-15,Desktop,4,UK
S102723,2024-03-19,Tablet,6,Australia
S102724,2023-12-17,Desktop,3,India
S102725,2022-07-09,Tablet,1,USA
S102726,2025-04-25,Desktop,8,UK
S102727,2026-05-20,Desktop,2,India
S102728,2025-02-21,Desktop,2,India
S102729,2023-05-22,Desktop,5,USA
S102730,2025-05-26,Mobile,5,India
S102731,2025-01-29,Tablet,0,Singapore
S102732,2023-07-30,Mobile,1,USA
S102733,2022-07-11,Desktop,1,Australia
S102734,2023-07-05,Desktop,6,Germany
S102735,2025-05-01,Desktop,8,Australia
S102736,2025-09-16,Mobile,5,UK
S102737,2026-02-28,Desktop,7,Canada
S102738,2026-01-26,Desktop,5,Canada
S102739,2024-09-22,Desktop,7,Canada
S102740,2022-05-18,Desktop,3,India
S102741,2022-04-07,Tablet,0,Singapore
S102742,2023-04-19,Tablet,6,USA
S102743,2026-03-18,Mobile,1,India
S102744,2023-07-24,Tablet,3,Singapore
S102745,2026-02-18,Mobile,1,Germany
S102746,2024-06-14,Mobile,5,Australia
S102747,2024-01-03,Desktop,6,USA
S102748,2025-07-31,Desktop,2,USA
S102749,2026-04-19,Tablet,7,India
S102750,2025-01-31,Mobile,6,Germany
S102751,2022-11-27,Mobile,7,India
S102752,2024-01-13,Desktop,2,USA
S102753,2023-07-30,Mobile,6,Australia
S102754,2023-02-21,Desktop,3,Canada
S102755,2023-12-11,Desktop,6,Singapore
S102756,2023-08-05,Desktop,8,India
S102757,2025-01-08,Tablet,5,Singapore
S102758,2023-02-17,Desktop,6,Canada
S102759,2026-05-16,Mobile,2,UK
S102760,2025-04-25,Tablet,3,USA
S102761,2023-04-28,Tablet,1,Singapore
S102762,2026-07-16,Mobile,8,India
S102763,2024-12-18,Desktop,5,UK
S102764,2025-12-29,Tablet,7,Australia
S102765,2025-05-14,Desktop,3,India
S102766,2022-04-01,Mobile,3,Canada
S102767,2023-12-23,Desktop,0,USA
S102768,2024-10-26,Desktop,4,India
S102769,2024-09-01,Desktop,5,Germany
S102770,2025-02-10,Desktop,0,Singapore
S102771,2022-11-12,Mobile,8,Australia
S102772,2022-01-26,Tablet,6,Singapore
S102773,2025-01-13,Tablet,3,USA
S102774,2025-10-07,Tablet,7,Australia
S102775,2024-10-21,Mobile,5,Australia
S102776,2024-08-15,Mobile,2,USA
S102777,2024-01-04,Desktop,5,Germany
S102778,2024-07-21,Mobile,6,Germany
S102779,2023-06-15,Tablet,6,India
S102780,2022-07-05,Mobile,0,Germany
S102781,2023-02-20,Desktop,3,Germany
S102782,2022-02-28,Mobile,6,India
S102783,2025-12-29,Desktop,0,Australia
S102784,2022-10-15,Desktop,7,Australia
S102785,2023-09-26,Tablet,4,Canada
S102786,2026-04-11,Tablet,7,Singapore
S102787,2025-05-02,Mobile,4,Australia
S102788,2026-04-12,Tablet,0,UK
S102789,2022-07-17,Desktop,3,India
S102790,2023-04-04,Desktop,5,Australia
S102791,2022-11-30,Mobile,1,India
S102792,2026-05-09,Tablet,4,Singapore
S102793,2025-09-17,Mobile,5,India
S102794,2023-05-06,Desktop,8,UK
S102795,2025-09-06,Tablet,2,UK
S102796,2023-07-31,Tablet,5,Germany
S102797,2023-09-14,Desktop,0,India
S102798,2023-08-23,Desktop,8,Singapore
S102799,2026-02-23,Tablet,5,Australia
S102800,2025-01-30,Mobile,1,UK
S102801,2024-06-20,Desktop,1,Singapore
S102802,2022-09-04,Desktop,1,Canada
S102803,2025-04-02,Tablet,3,India
S102804,2025-01-06,Tablet,2,Germany
S102805,2026-03-27,Mobile,2,USA
S102806,2023-03-08,Tablet,3,Australia
S102807,2022-08-29,Tablet,3,Australia
S102808,2023-10-23,Mobile,3,Singapore
S102809,2023-01-12,Mobile,6,Singapore
S102810,2025-04-15,Tablet,6,Singapore
S102811,2025-06-04,Mobile,7,UK
S102812,2026-02-23,Desktop,0,UK
S102813,2024-10-24,Desktop,0,UK
S102814,2022-09-09,Tablet,4,Germany
S102815,2025-11-22,Mobile,0,India
S102816,2022-01-11,Tablet,0,Australia
S102817,2022-09-06,Mobile,0,Singapore
S102818,2025-05-12,Desktop,5,India
S102819,2025-01-22,Mobile,2,Germany
S102820,2025-01-06,Mobile,5,India
S102821,2023-07-26,Desktop,1,UK
S102822,2025-02-21,Tablet,4,Germany
S102823,2024-10-15,Desktop,7,Australia
S102824,2025-07-22,Mobile,0,Singapore
S102825,2022-03-23,Desktop,2,India
S102826,2025-06-26,Tablet,6,UK
S102827,2023-02-07,Tablet,3,Canada
S102828,2024-06-23,Desktop,4,USA
S102829,2024-01-11,Tablet,6,USA
S102830,2024-12-22,Mobile,2,Germany
S102831,2025-02-23,Mobile,4,Australia
S102832,2024-08-23,Mobile,5,UK
S102833,2024-03-04,Mobile,8,India
S102834,2023-09-08,Mobile,1,Singapore
S102835,2024-07-06,Desktop,4,Canada
S102836,2026-07-05,Mobile,4,USA
S102837,2026-06-25,Tablet,5,Singapore
S102838,2026-03-14,Desktop,1,Australia
S102839,2026-01-01,Mobile,8,Germany
S102840,2025-05-18,Desktop,6,USA
S102841,2024-09-07,Mobile,2,Australia
S102842,2022-01-13,Mobile,2,Australia
S102843,2024-01-03,Tablet,4,UK
S102844,2022-10-31,Desktop,4,Canada
S102845,2024-09-07,Mobile,7,Australia
S102846,2022-10-03,Mobile,3,Australia
S102847,2022-11-05,Mobile,1,Canada
S102848,2025-03-16,Mobile,0,India
S102849,2025-12-08,Desktop,5,Singapore
S102850,2023-07-05,Desktop,6,Australia
S102851,2022-10-10,Mobile,3,India
S102852,2022-08-03,Mobile,8,Canada
S102853,2022-02-16,Desktop,4,India
S102854,2022-05-18,Tablet,5,Singapore
S102855,2024-02-04,Desktop,7,Canada
S102856,2024-01-07,Mobile,5,UK
S102857,2025-10-10,Tablet,0,Singapore
S102858,2025-07-12,Mobile,5,Canada
S102859,2024-12-19,Desktop,7,Singapore
S102860,2024-03-06,Desktop,0,Canada
S102861,2023-10-12,Tablet,1,India
S102862,2025-08-08,Mobile,8,India
S102863,2023-06-05,Desktop,1,UK
S102864,2023-11-22,Mobile,4,UK
S102865,2025-12-03,Mobile,0,India
S102866,2024-08-03,Desktop,2,UK
S102867,2024-08-02,Tablet,3,Canada
S102868,2026-06-12,Tablet,5,Canada
S102869,2024-08-15,Desktop,2,India
S102870,2023-03-23,Tablet,7,Germany
S102871,2023-01-26,Mobile,7,Australia
S102872,2022-03-11,Desktop,7,Canada
S102873,2024-05-21,Desktop,4,Germany
S102874,2023-01-24,Mobile,7,UK
S102875,2023-01-04,Tablet,5,India
S102876,2024-04-24,Mobile,8,Australia
S102877,2022-02-12,Mobile,6,Germany
S102878,2025-06-10,Tablet,8,India
S102879,2025-04-09,Tablet,0,Canada
S102880,2025-01-18,Mobile,5,India
S102881,2024-01-06,Mobile,3,Germany
S102882,2025-11-06,Mobile,0,India
S102883,2025-07-19,Mobile,6,Australia
S102884,2025-08-13,Mobile,8,Singapore
S102885,2023-03-11,Mobile,1,USA
S102886,2025-08-18,Mobile,3,Singapore
S102887,2023-06-13,Tablet,1,USA
S102888,2022-04-04,Tablet,8,Germany
S102889,2024-04-27,Tablet,4,Singapore
S102890,2022-06-25,Tablet,2,UK
S102891,2025-09-12,Mobile,1,UK
S102892,2022-07-05,Mobile,6,Canada
S102893,2022-05-20,Tablet,1,UK
S102894,2023-01-07,Mobile,3,Canada
S102895,2026-05-10,Tablet,4,UK
S102896,2024-11-25,Mobile,8,Singapore
S102897,2026-04-12,Tablet,6,Canada
S102898,2024-03-30,Desktop,3,India
S102899,2023-04-09,Mobile,2,USA
S102900,2022-06-01,Tablet,2,India
S102901,2023-05-16,Desktop,2,Singapore
S102902,2023-02-13,Tablet,7,India
S102903,2023-09-10,Desktop,8,Germany
S102904,2026-05-17,Mobile,4,Singapore
S102905,2024-11-22,Tablet,1,Germany
S102906,2023-03-06,Desktop,0,USA
S102907,2025-09-27,Mobile,3,Canada
S102908,2025-03-27,Mobile,5,Australia
S102909,2024-11-01,Tablet,5,UK
S102910,2022-06-18,Desktop,1,India
S102911,2022-07-15,Mobile,1,Germany
S102912,2024-11-19,Tablet,7,Australia
S102913,2024-03-07,Tablet,4,USA
S102914,2024-08-29,Desktop,1,Canada
S102915,2023-08-13,Tablet,4,Singapore
S102916,2023-10-18,Mobile,8,Canada
S102917,2025-11-12,Tablet,8,Canada
S102918,2026-07-05,Tablet,4,Germany
S102919,2025-08-22,Tablet,5,Australia
S102920,2023-06-30,Desktop,2,India
S102921,2024-10-28,Tablet,6,India
S102922,2023-06-03,Desktop,2,UK
S102923,2025-11-24,Mobile,8,USA
S102924,2025-10-20,Mobile,8,UK
S102925,2026-06-22,Tablet,0,UK
S102926,2023-07-30,Tablet,3,UK
S102927,2026-02-03,Tablet,1,UK
S102928,2022-04-24,Desktop,1,Singapore
S102929,2025-12-18,Desktop,2,Germany
S102930,2025-07-18,Tablet,2,Canada
S102931,2023-01-06,Mobile,1,USA
S102932,2023-12-25,Desktop,7,USA
S102933,2024-12-21,Desktop,3,UK
S102934,2024-10-13,Tablet,4,USA
S102935,2023-08-28,Tablet,7,Singapore
S102936,2022-07-29,Mobile,1,Germany
S102937,2026-01-21,Desktop,7,India
S102938,2023-09-07,Tablet,3,Canada
S102939,2024-08-22,Desktop,5,USA
S102940,2023-03-14,Tablet,0,UK
S102941,2024-04-08,Desktop,6,USA
S102942,2024-05-11,Mobile,5,Singapore
S102943,2023-10-10,Tablet,2,USA
S102944,2025-04-20,Tablet,1,USA
S102945,2024-06-13,Mobile,0,UK
S102946,2025-07-17,Tablet,4,UK
S102947,2024-12-11,Tablet,7,Canada
S102948,2025-03-13,Tablet,5,UK
S102949,2022-11-05,Desktop,5,Germany
S102950,2022-07-03,Tablet,0,Australia
S102951,2024-08-27,Tablet,7,USA
S102952,2023-09-27,Mobile,8,Canada
S102953,2024-12-08,Mobile,1,UK
S102954,2026-07-11,Mobile,4,Germany
S102955,2023-01-16,Mobile,0,Singapore
S102956,2024-12-28,Tablet,2,Australia
S102957,2023-01-06,Desktop,1,USA
S102958,2024-06-23,Desktop,2,Australia
S102959,2025-05-08,Mobile,7,Canada
S102960,2025-07-06,Mobile,6,India
S102961,2022-05-05,Desktop,6,UK
S102962,2024-07-02,Desktop,0,UK
S102963,2024-12-07,Desktop,2,Canada
S102964,2025-07-23,Mobile,0,Australia
S102965,2025-12-28,Desktop,1,Germany
S102966,2024-08-02,Tablet,1,Canada
S102967,2025-05-11,Mobile,1,USA
S102968,2025-03-11,Mobile,6,India
S102969,2025-11-02,Tablet,6,Germany
S102970,2023-12-15,Desktop,6,USA
S102971,2022-09-12,Desktop,8,Australia
S102972,2024-10-23,Mobile,0,UK
S102973,2026-04-04,Mobile,1,Germany
S102974,2022-04-09,Tablet,7,Canada
S102975,2022-08-10,Mobile,3,UK
S102976,2025-09-17,Mobile,6,Singapore
S102977,2022-09-25,Desktop,5,Australia
S102978,2025-04-10,Tablet,4,Canada
S102979,2025-07-07,Desktop,8,Canada
S102980,2023-07-17,Desktop,5,India
S102981,2025-08-12,Mobile,8,UK
S102982,2023-03-10,Mobile,7,Australia
S102983,2026-06-24,Mobile,6,USA
S102984,2025-01-07,Tablet,8,Germany
S102985,2022-07-10,Mobile,1,Canada
S102986,2025-09-14,Mobile,2,Australia
S102987,2026-02-27,Mobile,6,India
S102988,2026-07-02,Mobile,8,Australia
S102989,2026-01-31,Mobile,4,Singapore
S102990,2023-02-11,Desktop,0,Singapore
S102991,2023-12-06,Mobile,2,USA
S102992,2023-03-22,Desktop,6,Germany
S102993,2023-12-24,Desktop,7,Canada
S102994,2024-09-18,Desktop,5,USA
S102995,2024-04-15,Tablet,2,Singapore
S102996,2025-07-25,Tablet,0,Singapore
S102997,2024-09-22,Mobile,3,India
S102998,2023-12-21,Desktop,2,India
S102999,2024-05-28,Tablet,4,Australia
S103000,2022-10-04,Mobile,7,Canada
S103001,2026-06-13,Mobile,6,USA
S103002,2026-07-05,Mobile,4,Singapore
S103003,2024-05-12,Mobile,4,India
S103004,2023-06-06,Mobile,3,USA
S103005,2023-03-11,Tablet,7,Canada
S103006,2026-05-03,Desktop,4,Australia
S103007,2026-07-07,Mobile,7,UK
S103008,2025-04-09,Mobile,2,India
S103009,2022-10-03,Tablet,6,India
S103010,2023-08-28,Mobile,8,India
S103011,2024-01-15,Desktop,0,USA
S103012,2026-01-17,Mobile,5,UK
S103013,2025-08-15,Desktop,1,Germany
S103014,2023-07-19,Mobile,0,India
S103015,2025-09-29,Mobile,6,Australia
S103016,2023-01-09,Mobile,3,Canada
S103017,2023-01-16,Tablet,7,Canada
S103018,2024-10-01,Tablet,7,Australia
S103019,2025-03-16,Desktop,1,USA
S103020,2024-08-08,Desktop,8,USA
S103021,2026-03-13,Desktop,6,India
S103022,2023-10-17,Mobile,7,Singapore
S103023,2023-03-30,Tablet,7,Canada
S103024,2024-10-14,Tablet,6,India
S103025,2026-06-23,Mobile,0,India
S103026,2026-05-19,Tablet,1,Canada
S103027,2022-09-27,Mobile,6,India
S103028,2022-11-29,Tablet,2,Canada
S103029,2024-01-01,Mobile,5,India
S103030,2022-11-10,Desktop,6,Canada
S103031,2025-04-19,Desktop,6,Germany
S103032,2023-05-09,Mobile,1,Canada
S103033,2024-06-26,Mobile,4,UK
S103034,2025-10-29,Mobile,7,Germany
S103035,2025-09-17,Mobile,0,Canada
S103036,2023-05-08,Tablet,2,India
S103037,2026-01-15,Desktop,0,Australia
S103038,2024-07-24,Desktop,8,Singapore
S103039,2022-10-19,Mobile,3,UK
S103040,2023-12-13,Tablet,4,Australia
S103041,2024-09-21,Tablet,7,Canada
S103042,2025-12-10,Desktop,6,India
S103043,2024-11-10,Desktop,5,Germany
S103044,2022-01-23,Desktop,6,Australia
S103045,2022-11-21,Desktop,1,India
S103046,2023-06-29,Mobile,6,USA
S103047,2024-08-01,Tablet,1,Singapore
S103048,2025-10-09,Mobile,5,India
S103049,2023-11-20,Mobile,1,Germany
S103050,2022-09-06,Mobile,8,UK
S103051,2022-06-29,Desktop,3,USA
S103052,2024-09-02,Tablet,8,India
S103053,2022-07-01,Mobile,0,India
S103054,2023-08-04,Mobile,6,Australia
S103055,2023-07-02,Tablet,2,USA
S103056,2022-03-04,Desktop,7,UK
S103057,2022-10-26,Desktop,7,Germany
S103058,2024-12-13,Desktop,1,India
S103059,2025-03-06,Mobile,8,Canada
S103060,2024-03-22,Mobile,8,Australia
S103061,2024-12-02,Mobile,2,India
S103062,2022-09-19,Desktop,5,Australia
S103063,2025-08-22,Mobile,3,Germany
S103064,2026-07-28,Tablet,0,Canada
S103065,2022-03-18,Mobile,6,India
S103066,2026-06-08,Tablet,0,Canada
S103067,2025-08-02,Tablet,3,Germany
S103068,2022-01-26,Tablet,4,Germany
S103069,2023-11-23,Tablet,3,Canada
S103070,2024-08-06,Desktop,6,UK
S103071,2024-08-29,Mobile,8,Canada
S103072,2022-06-11,Mobile,0,Germany
S103073,2024-09-27,Mobile,5,USA
S103074,2024-12-15,Desktop,4,Australia
S103075,2024-08-01,Tablet,8,USA
S103076,2025-02-13,Desktop,0,UK
S103077,2025-10-10,Mobile,4,India
S103078,2022-04-29,Desktop,7,Australia
S103079,2022-09-17,Mobile,7,Australia
S103080,2025-12-12,Tablet,0,India
S103081,2026-01-28,Tablet,2,Canada
S103082,2026-06-25,Tablet,7,Singapore
S103083,2024-02-19,Desktop,6,Australia
S103084,2023-10-16,Mobile,6,USA
S103085,2023-07-30,Mobile,0,USA
S103086,2024-12-06,Mobile,2,Australia
S103087,2023-12-01,Mobile,6,UK
S103088,2022-11-25,Tablet,6,India
S103089,2024-08-11,Tablet,1,USA
S103090,2022-12-07,Tablet,7,Germany
S103091,2025-12-19,Mobile,7,Germany
S103092,2025-05-06,Desktop,1,Singapore
S103093,2023-06-10,Mobile,6,India
S103094,2023-07-23,Mobile,0,Canada
S103095,2026-03-08,Mobile,4,Australia
S103096,2024-03-12,Mobile,3,Australia
S103097,2026-02-17,Tablet,6,Australia
S103098,2025-07-21,Tablet,6,UK
S103099,2022-07-21,Tablet,6,Australia
S103100,2023-03-18,Tablet,1,Canada
S103101,2024-09-03,Desktop,0,India
S103102,2023-03-11,Tablet,6,India
S103103,2023-05-03,Mobile,4,UK
S103104,2023-02-21,Mobile,6,Germany
S103105,2022-11-11,Mobile,8,Canada
S103106,2024-06-02,Mobile,2,USA
S103107,2025-06-26,Mobile,5,India
S103108,2025-10-23,Mobile,8,Canada
S103109,2023-10-13,Tablet,6,Canada
S103110,2026-01-09,Mobile,6,USA
S103111,2023-09-04,Tablet,1,USA
S103112,2022-05-10,Desktop,4,India
S103113,2023-06-14,Mobile,4,UK
S103114,2023-12-16,Mobile,5,Germany
S103115,2022-06-23,Mobile,0,Singapore
S103116,2024-12-08,Tablet,3,Singapore
S103117,2024-06-11,Tablet,4,Australia
S103118,2023-01-31,Mobile,2,USA
S103119,2025-02-11,Tablet,1,India
S103120,2024-04-05,Mobile,3,UK
S103121,2022-03-01,Desktop,4,Singapore
S103122,2022-07-03,Mobile,7,Germany
S103123,2023-03-22,Tablet,4,India
S103124,2025-04-02,Desktop,8,USA
S103125,2024-05-07,Tablet,8,USA
S103126,2026-05-07,Tablet,0,UK
S103127,2023-06-24,Tablet,2,Singapore
S103128,2022-01-14,Tablet,6,USA
S103129,2023-10-24,Tablet,2,India
S103130,2023-07-04,Tablet,1,India
S103131,2022-04-15,Tablet,4,USA
S103132,2025-09-22,Desktop,2,Canada
S103133,2025-11-06,Mobile,5,USA
S103134,2022-08-04,Tablet,6,Canada
S103135,2025-04-09,Mobile,7,India
S103136,2025-08-03,Tablet,5,UK
S103137,2025-02-13,Desktop,3,UK
S103138,2024-04-26,Desktop,8,India
S103139,2025-11-23,Tablet,8,India
S103140,2025-09-23,Desktop,4,USA
S103141,2023-11-12,Desktop,5,USA
S103142,2026-03-31,Desktop,4,UK
S103143,2022-12-05,Tablet,4,Germany
S103144,2026-03-18,Tablet,2,UK
S103145,2024-03-31,Tablet,2,Germany
S103146,2025-07-01,Tablet,8,Germany
S103147,2022-01-05,Desktop,0,Canada
S103148,2023-09-23,Desktop,4,Canada
S103149,2022-11-30,Desktop,3,Singapore
S103150,2025-07-20,Tablet,0,UK
S103151,2023-03-22,Mobile,2,Australia
S103152,2022-06-20,Desktop,5,Germany
S103153,2024-01-08,Desktop,6,Germany
S103154,2023-11-27,Tablet,2,Singapore
S103155,2025-10-21,Desktop,7,Singapore
S103156,2024-11-21,Tablet,3,Singapore
S103157,2023-11-24,Mobile,6,India
S103158,2026-02-11,Mobile,0,Singapore
S103159,2026-02-20,Desktop,7,Canada
S103160,2022-12-17,Mobile,1,USA
S103161,2024-05-15,Tablet,5,Australia
S103162,2022-07-09,Desktop,5,Australia
S103163,2025-07-12,Desktop,4,Australia
S103164,2026-04-02,Tablet,7,Australia
S103165,2023-08-15,Desktop,8,USA
S103166,2022-04-01,Tablet,1,India
S103167,2025-10-26,Desktop,3,Australia
S103168,2022-11-22,Mobile,1,Australia
S103169,2022-08-04,Tablet,4,Canada
S103170,2023-07-06,Tablet,2,Australia
S103171,2022-08-30,Mobile,5,UK
S103172,2025-03-21,Tablet,4,USA
S103173,2022-02-18,Tablet,5,Singapore
S103174,2022-05-29,Tablet,1,Germany
S103175,2026-04-15,Tablet,4,India
S103176,2024-04-17,Desktop,0,Germany
S103177,2023-03-20,Tablet,5,Germany
S103178,2026-04-25,Desktop,8,Germany
S103179,2022-07-06,Desktop,8,Singapore
S103180,2025-03-12,Desktop,7,Canada
S103181,2023-08-05,Desktop,1,India
S103182,2025-04-07,Desktop,5,Singapore
S103183,2025-12-24,Tablet,6,UK
S103184,2023-07-24,Desktop,2,India
S103185,2025-11-25,Tablet,4,Germany
S103186,2024-09-12,Tablet,6,Canada
S103187,2024-12-05,Mobile,1,India
S103188,2025-12-16,Mobile,0,UK
S103189,2026-06-04,Desktop,8,India
S103190,2023-06-22,Desktop,3,Germany
S103191,2024-01-07,Tablet,4,Australia
S103192,2026-04-13,Mobile,2,USA
S103193,2023-01-18,Desktop,1,Australia
S103194,2023-06-10,Tablet,3,USA
S103195,2023-08-07,Desktop,0,Germany
S103196,2023-02-19,Mobile,2,Canada
S103197,2023-07-23,Desktop,4,Singapore
S103198,2022-05-14,Mobile,3,India
S103199,2025-09-25,Mobile,8,Australia
S103200,2023-02-09,Desktop,0,USA
S103201,2022-07-26,Mobile,7,Canada
S103202,2026-03-30,Desktop,0,Singapore
S103203,2023-03-01,Tablet,6,India
S103204,2025-12-07,Tablet,2,UK
S103205,2026-03-18,Desktop,6,Germany
S103206,2022-08-31,Mobile,1,Singapore
S103207,2023-01-27,Desktop,5,Germany
S103208,2022-05-09,Desktop,7,Australia
S103209,2022-10-11,Desktop,1,UK
S103210,2024-02-29,Tablet,0,Singapore
S103211,2022-07-25,Mobile,7,UK
S103212,2025-03-10,Tablet,4,India
S103213,2024-08-10,Mobile,1,Singapore
S103214,2022-07-06,Mobile,5,Singapore
S103215,2023-08-01,Desktop,7,Germany
S103216,2024-02-17,Desktop,5,UK
S103217,2023-06-08,Tablet,3,USA
S103218,2022-01-25,Desktop,2,USA
S103219,2022-10-02,Tablet,1,Germany
S103220,2024-01-27,Desktop,7,UK
S103221,2023-01-02,Mobile,0,Germany
S103222,2022-04-07,Desktop,8,USA
S103223,2024-07-24,Mobile,0,Singapore
S103224,2025-03-30,Tablet,5,Singapore
S103225,2023-06-28,Tablet,0,India
S103226,2024-05-23,Mobile,7,Canada
S103227,2022-08-14,Desktop,2,UK
S103228,2022-02-10,Tablet,4,Singapore
S103229,2026-04-18,Mobile,6,India
S103230,2023-11-13,Mobile,4,USA
S103231,2025-04-02,Mobile,2,UK
S103232,2024-12-19,Desktop,8,Singapore
S103233,2023-11-04,Mobile,7,Canada
S103234,2023-01-02,Mobile,8,Canada
S103235,2026-05-26,Mobile,2,India
S103236,2026-07-12,Desktop,5,Canada
S103237,2025-08-08,Desktop,2,India
S103238,2023-03-27,Tablet,5,Canada
S103239,2025-05-03,Desktop,0,UK
S103240,2026-07-30,Tablet,7,Australia
S103241,2024-02-22,Mobile,2,India
S103242,2023-02-08,Mobile,7,Australia
S103243,2024-01-07,Mobile,1,Australia
S103244,2025-11-13,Mobile,2,Singapore
S103245,2023-04-18,Desktop,3,India
S103246,2022-08-29,Tablet,8,Australia
S103247,2022-03-06,Desktop,7,Germany
S103248,2022-07-26,Tablet,7,Canada
S103249,2022-09-01,Tablet,4,Germany
S103250,2024-04-25,Mobile,6,Australia
S103251,2024-05-14,Mobile,1,Singapore
S103252,2023-02-18,Tablet,0,Singapore
S103253,2026-05-24,Desktop,1,UK
S103254,2024-11-26,Tablet,1,Singapore
S103255,2023-05-29,Desktop,2,Germany
S103256,2025-08-10,Desktop,3,Germany
S103257,2024-12-05,Desktop,7,UK
S103258,2025-10-29,Mobile,0,Singapore
S103259,2024-10-27,Desktop,1,Germany
S103260,2025-06-16,Desktop,2,Germany
S103261,2024-09-27,Mobile,2,Canada
S103262,2022-12-26,Mobile,4,Canada
S103263,2024-08-04,Tablet,1,Singapore
S103264,2026-05-19,Mobile,1,Australia
S103265,2026-01-04,Desktop,6,UK
S103266,2023-12-04,Desktop,3,Singapore
S103267,2022-01-31,Mobile,7,Australia
S103268,2024-09-17,Desktop,6,Germany
S103269,2024-05-04,Desktop,5,Canada
S103270,2023-05-10,Desktop,3,India
S103271,2023-05-24,Mobile,5,USA
S103272,2024-01-08,Mobile,2,UK
S103273,2023-11-17,Mobile,5,Singapore
S103274,2022-02-02,Tablet,3,Germany
S103275,2025-06-19,Tablet,2,Germany
S103276,2025-11-29,Tablet,4,India
S103277,2025-01-26,Tablet,8,India
S103278,2022-11-15,Mobile,1,UK
S103279,2025-12-22,Desktop,3,Canada
S103280,2023-05-17,Desktop,1,India
S103281,2022-03-30,Tablet,1,UK
S103282,2026-03-09,Mobile,1,India
S103283,2023-02-28,Desktop,0,India
S103284,2022-04-28,Desktop,8,India
S103285,2024-09-09,Mobile,4,Australia
S103286,2022-10-18,Mobile,0,Australia
S103287,2024-12-21,Tablet,0,UK
S103288,2025-08-29,Tablet,1,USA
S103289,2022-03-08,Tablet,8,India
S103290,2025-04-02,Desktop,7,Germany
S103291,2024-03-20,Desktop,2,Canada
S103292,2024-01-04,Desktop,5,UK
S103293,2026-02-28,Mobile,8,India
S103294,2025-04-07,Desktop,8,Germany
S103295,2022-10-08,Desktop,3,USA
S103296,2025-04-24,Tablet,4,Germany
S103297,2026-06-19,Mobile,6,Germany
S103298,2025-09-24,Tablet,7,UK
S103299,2025-04-12,Mobile,1,UK
S103300,2023-06-02,Desktop,5,Germany
S103301,2022-09-14,Desktop,7,UK
S103302,2025-01-31,Mobile,3,Singapore
S103303,2022-05-14,Desktop,0,Australia
S103304,2024-11-21,Desktop,3,USA
S103305,2023-05-30,Tablet,3,USA
S103306,2026-02-20,Desktop,8,Australia
S103307,2026-03-10,Tablet,3,India
S103308,2024-10-05,Mobile,1,USA
S103309,2024-06-24,Tablet,4,Canada
S103310,2026-06-07,Tablet,1,India
S103311,2025-12-05,Mobile,3,UK
S103312,2022-11-30,Desktop,3,Canada
S103313,2026-02-18,Mobile,8,Germany
S103314,2022-01-12,Tablet,1,Singapore
S103315,2022-09-20,Mobile,1,Germany
S103316,2022-04-07,Desktop,3,India
S103317,2023-05-30,Tablet,8,Singapore
S103318,2026-06-22,Mobile,4,USA
S103319,2026-02-21,Tablet,1,Canada
S103320,2023-04-09,Mobile,0,Germany
S103321,2024-08-07,Desktop,5,UK
S103322,2023-06-01,Tablet,8,India
S103323,2023-09-13,Tablet,1,India
S103324,2022-03-22,Desktop,2,Canada
S103325,2025-01-15,Desktop,5,Singapore
S103326,2025-07-14,Tablet,0,USA
S103327,2025-04-18,Tablet,8,India
S103328,2023-07-04,Desktop,4,UK
S103329,2024-02-11,Desktop,8,Australia
S103330,2022-08-22,Tablet,2,Germany
S103331,2024-03-08,Desktop,4,USA
S103332,2025-10-31,Mobile,0,UK
S103333,2023-12-09,Tablet,3,UK
S103334,2023-09-26,Mobile,1,India
S103335,2022-11-19,Tablet,7,Canada
S103336,2025-03-12,Mobile,6,Germany
S103337,2023-12-12,Desktop,8,Singapore
S103338,2023-10-31,Tablet,1,Canada
S103339,2026-02-04,Desktop,2,Canada
S103340,2022-04-22,Tablet,1,Singapore
S103341,2024-06-05,Desktop,0,USA
S103342,2023-09-20,Mobile,4,Germany
S103343,2023-08-07,Tablet,2,Australia
S103344,2025-03-29,Tablet,0,USA
S103345,2023-11-13,Desktop,5,Canada
S103346,2024-06-20,Desktop,8,UK
S103347,2025-01-09,Tablet,0,USA
S103348,2025-11-11,Tablet,2,India
S103349,2024-05-03,Desktop,1,UK
S103350,2026-02-14,Tablet,7,Singapore
S103351,2023-10-16,Tablet,0,USA
S103352,2025-12-28,Desktop,0,USA
S103353,2023-06-03,Desktop,3,Canada
S103354,2026-01-02,Desktop,0,Canada
S103355,2025-08-27,Tablet,2,Germany
S103356,2023-07-14,Tablet,8,Germany
S103357,2026-01-09,Desktop,0,Singapore
S103358,2025-09-25,Mobile,8,Australia
S103359,2024-01-09,Mobile,0,Australia
S103360,2024-04-06,Tablet,4,Germany
S103361,2024-04-01,Mobile,3,India
S103362,2024-12-18,Tablet,1,Canada
S103363,2022-06-17,Desktop,6,Australia
S103364,2023-01-03,Desktop,0,Singapore
S103365,2023-06-22,Mobile,2,UK
S103366,2023-12-16,Desktop,2,UK
S103367,2023-07-07,Mobile,1,Canada
S103368,2022-03-29,Tablet,6,UK
S103369,2024-05-06,Mobile,7,UK
S103370,2023-05-17,Desktop,1,Canada
S103371,2026-02-17,Desktop,6,Canada
S103372,2022-02-13,Desktop,6,India
S103373,2023-09-11,Desktop,8,India
S103374,2024-03-12,Desktop,1,Singapore
S103375,2025-08-19,Tablet,4,Germany
S103376,2022-09-03,Desktop,7,India
S103377,2024-01-12,Mobile,2,USA
S103378,2026-01-25,Desktop,3,Singapore
S103379,2026-01-31,Mobile,4,Singapore
S103380,2025-12-10,Desktop,2,Germany
S103381,2023-12-01,Desktop,1,Singapore
S103382,2024-08-09,Desktop,7,Australia
S103383,2022-05-10,Mobile,3,Germany
S103384,2022-07-29,Mobile,8,Singapore
S103385,2024-10-20,Mobile,2,Germany
S103386,2022-02-23,Tablet,6,UK
S103387,2023-10-25,Desktop,0,Australia
S103388,2025-02-01,Mobile,5,UK
S103389,2024-09-20,Tablet,1,UK
S103390,2026-07-23,Desktop,5,Singapore
S103391,2022-11-04,Mobile,4,Canada
S103392,2023-04-25,Tablet,3,India
S103393,2024-03-20,Mobile,1,Germany
S103394,2025-09-28,Mobile,1,Singapore
S103395,2023-07-17,Tablet,2,UK
S103396,2024-04-23,Mobile,7,India
S103397,2022-10-15,Desktop,2,USA
S103398,2025-07-19,Desktop,6,Germany
S103399,2022-12-28,Desktop,1,Germany
S103400,2025-03-12,Desktop,8,India
S103401,2025-05-31,Desktop,3,Australia
S103402,2023-05-22,Mobile,1,Germany
S103403,2024-10-21,Tablet,7,Germany
S103404,2022-11-10,Mobile,4,Canada
S103405,2022-09-29,Desktop,8,Singapore
S103406,2026-07-25,Tablet,3,India
S103407,2023-08-28,Desktop,1,Germany
S103408,2024-12-04,Mobile,2,India
S103409,2024-05-22,Mobile,1,Australia
S103410,2026-04-28,Tablet,2,Germany
S103411,2025-02-12,Desktop,1,USA
S103412,2024-09-21,Mobile,7,USA
S103413,2022-08-29,Tablet,7,Australia
S103414,2025-04-29,Desktop,3,UK
S103415,2026-05-11,Tablet,5,India
S103416,2023-02-03,Tablet,7,UK
S103417,2023-06-02,Mobile,6,Canada
S103418,2023-11-05,Tablet,0,India
S103419,2023-07-30,Tablet,4,UK
S103420,2023-01-02,Desktop,6,Germany
S103421,2022-08-05,Desktop,2,USA
S103422,2022-09-14,Mobile,8,Australia
S103423,2024-10-16,Tablet,6,Australia
S103424,2022-09-25,Desktop,0,Germany
S103425,2022-09-03,Mobile,1,USA
S103426,2022-07-02,Mobile,4,USA
S103427,2022-12-03,Desktop,6,Singapore
S103428,2025-06-20,Desktop,7,India
S103429,2022-08-26,Desktop,6,USA
S103430,2022-04-05,Mobile,0,Germany
S103431,2025-05-24,Mobile,3,Canada
S103432,2023-10-31,Tablet,3,Canada
S103433,2025-06-01,Tablet,3,USA
S103434,2023-02-28,Mobile,1,Australia
S103435,2025-02-15,Mobile,5,India
S103436,2023-08-08,Desktop,5,Singapore
S103437,2024-08-30,Desktop,4,India
S103438,2022-09-03,Mobile,3,India
S103439,2022-03-04,Mobile,3,India
S103440,2023-07-13,Desktop,4,Germany
S103441,2025-05-22,Desktop,2,UK
S103442,2023-08-25,Tablet,0,India
S103443,2024-03-12,Tablet,7,UK
S103444,2026-04-04,Desktop,2,USA
S103445,2023-07-08,Tablet,8,Germany
S103446,2023-07-27,Desktop,3,Canada
S103447,2023-06-17,Desktop,5,India
S103448,2024-08-26,Mobile,3,USA
S103449,2022-04-20,Mobile,7,Germany
S103450,2023-02-02,Mobile,5,UK
S103451,2024-08-12,Desktop,8,Germany
S103452,2023-08-07,Desktop,1,Germany
S103453,2026-04-23,Mobile,0,India
S103454,2023-12-14,Tablet,6,Canada
S103455,2025-04-20,Mobile,6,Australia
S103456,2024-10-01,Desktop,4,Canada
S103457,2025-02-15,Desktop,6,Singapore
S103458,2023-02-02,Tablet,3,Germany
S103459,2025-03-29,Mobile,4,UK
S103460,2024-04-07,Tablet,4,Singapore
S103461,2022-05-28,Desktop,1,USA
S103462,2023-05-16,Tablet,7,India
S103463,2026-05-30,Tablet,8,Australia
S103464,2024-11-21,Mobile,0,USA
S103465,2023-08-26,Mobile,8,Australia
S103466,2023-03-02,Mobile,1,India
S103467,2026-04-23,Tablet,6,Singapore
S103468,2025-06-11,Mobile,4,India
S103469,2023-01-22,Tablet,2,Singapore
S103470,2024-06-25,Tablet,3,India
S103471,2025-05-22,Desktop,3,Germany
S103472,2022-06-03,Desktop,4,Germany
S103473,2025-06-02,Tablet,4,Australia
S103474,2023-11-22,Tablet,5,UK
S103475,2025-10-12,Tablet,4,India
S103476,2024-11-11,Mobile,1,Canada
S103477,2022-06-22,Desktop,7,India
S103478,2025-10-22,Desktop,1,USA
S103479,2022-08-18,Desktop,6,India
S103480,2024-09-02,Desktop,4,UK
S103481,2026-02-11,Tablet,3,India
S103482,2025-11-25,Tablet,2,India
S103483,2022-07-03,Mobile,6,Singapore
S103484,2024-11-27,Mobile,8,USA
S103485,2025-02-16,Mobile,0,Canada
S103486,2026-04-04,Desktop,5,Canada
S103487,2026-02-09,Desktop,6,India
S103488,2024-05-29,Desktop,6,India
S103489,2024-06-28,Mobile,7,USA
S103490,2025-11-24,Tablet,4,Canada
S103491,2022-12-15,Tablet,2,India
S103492,2025-07-09,Mobile,6,Australia
S103493,2025-10-05,Mobile,0,UK
S103494,2023-12-13,Mobile,4,UK
S103495,2022-04-04,Tablet,4,Canada
S103496,2023-12-27,Mobile,7,Australia
S103497,2025-07-31,Tablet,2,Australia
S103498,2024-04-09,Desktop,5,USA
S103499,2022-07-03,Mobile,2,Australia
S103500,2023-07-26,Desktop,7,USA
S103501,2025-09-07,Mobile,6,Singapore
S103502,2022-03-20,Mobile,5,Canada
S103503,2024-10-09,Desktop,8,Canada
S103504,2024-11-02,Tablet,5,Singapore
S103505,2025-05-06,Mobile,3,Canada
S103506,2024-04-29,Tablet,3,UK
S103507,2024-01-03,Tablet,4,Canada
S103508,2022-12-14,Mobile,2,India
S103509,2022-11-25,Mobile,2,Germany
S103510,2024-08-15,Desktop,0,USA
S103511,2026-05-17,Tablet,8,India
S103512,2022-03-26,Desktop,6,Australia
S103513,2022-11-12,Desktop,5,Australia
S103514,2023-02-07,Mobile,3,India
S103515,2023-03-23,Mobile,4,UK
S103516,2025-07-26,Mobile,4,Canada
S103517,2023-08-10,Tablet,2,Singapore
S103518,2023-08-16,Desktop,2,UK
S103519,2025-01-15,Tablet,7,Singapore
S103520,2022-09-22,Desktop,6,Singapore
S103521,2023-10-11,Mobile,0,Singapore
S103522,2026-06-15,Tablet,6,India
S103523,2025-01-15,Mobile,2,UK
S103524,2022-08-27,Mobile,8,Canada
S103525,2025-02-06,Desktop,6,Singapore
S103526,2022-11-01,Desktop,8,Singapore
S103527,2023-08-26,Tablet,3,India
S103528,2023-02-19,Desktop,1,Germany
S103529,2022-03-22,Tablet,2,Germany
S103530,2024-01-10,Tablet,6,Singapore
S103531,2025-12-30,Tablet,1,Singapore
S103532,2023-03-03,Mobile,1,Canada
S103533,2026-05-16,Desktop,6,Canada
S103534,2023-04-26,Desktop,7,Germany
S103535,2024-11-01,Tablet,0,Australia
S103536,2023-12-21,Mobile,0,India
S103537,2022-09-19,Tablet,7,India
S103538,2024-11-05,Tablet,1,Germany
S103539,2026-07-10,Tablet,6,UK
S103540,2022-05-25,Tablet,2,India
S103541,2025-01-22,Mobile,1,UK
S103542,2026-02-26,Desktop,7,Singapore
S103543,2026-06-07,Desktop,1,UK
S103544,2025-08-03,Desktop,2,Singapore
S103545,2024-11-15,Tablet,3,UK
S103546,2026-01-01,Mobile,1,India
S103547,2022-01-22,Desktop,7,Canada
S103548,2024-09-06,Desktop,2,Australia
S103549,2024-07-19,Desktop,8,Canada
S103550,2025-05-02,Tablet,7,Singapore
S103551,2026-04-19,Desktop,5,Australia
S103552,2022-08-28,Tablet,7,Germany
S103553,2023-07-09,Mobile,3,Germany
S103554,2025-03-15,Desktop,4,Canada
S103555,2022-10-02,Desktop,2,Singapore
S103556,2024-08-28,Desktop,2,USA
S103557,2026-03-02,Tablet,2,USA
S103558,2025-04-24,Mobile,6,Australia
S103559,2023-05-12,Tablet,0,Singapore
S103560,2026-03-05,Tablet,3,Canada
S103561,2025-08-22,Mobile,1,UK
S103562,2026-03-04,Desktop,0,India
S103563,2025-01-23,Tablet,1,Australia
S103564,2024-04-02,Mobile,7,Canada
S103565,2024-02-13,Desktop,4,UK
S103566,2024-01-02,Desktop,5,USA
S103567,2022-01-28,Desktop,4,USA
S103568,2022-12-10,Mobile,2,Singapore
S103569,2025-04-11,Mobile,8,India
S103570,2024-08-08,Mobile,7,Singapore
S103571,2023-09-11,Mobile,5,USA
S103572,2024-12-06,Desktop,3,Canada
S103573,2022-01-03,Tablet,8,Germany
S103574,2026-03-13,Tablet,7,Australia
S103575,2023-02-09,Desktop,4,India
S103576,2023-01-16,Mobile,0,UK
S103577,2022-09-26,Mobile,7,UK
S103578,2023-05-08,Tablet,0,Germany
S103579,2024-08-31,Tablet,0,Canada
S103580,2025-12-01,Mobile,1,UK
S103581,2024-01-21,Tablet,4,Singapore
S103582,2023-04-17,Tablet,3,Canada
S103583,2023-10-04,Tablet,0,India
S103584,2025-02-08,Mobile,1,India
S103585,2025-12-30,Mobile,1,Germany
S103586,2023-08-19,Mobile,2,India
S103587,2024-11-09,Desktop,5,Canada
S103588,2025-07-18,Desktop,8,Singapore
S103589,2024-09-22,Tablet,8,UK
S103590,2025-10-02,Tablet,0,USA
S103591,2022-05-27,Desktop,0,Canada
S103592,2022-03-27,Tablet,3,Canada
S103593,2022-10-03,Desktop,4,Germany
S103594,2023-02-16,Mobile,0,India
S103595,2025-12-04,Desktop,6,India
S103596,2025-04-22,Mobile,3,Germany
S103597,2023-02-21,Tablet,2,UK
S103598,2022-09-17,Tablet,0,Canada
S103599,2023-07-13,Tablet,8,USA
S103600,2023-02-02,Mobile,3,UK
S103601,2025-09-10,Desktop,7,Germany
S103602,2024-04-14,Desktop,7,India
S103603,2025-08-27,Mobile,6,Germany
S103604,2024-08-24,Tablet,4,USA
S103605,2024-06-12,Tablet,4,Canada
S103606,2024-10-15,Desktop,4,Canada
S103607,2024-08-03,Desktop,3,UK
S103608,2026-03-26,Tablet,8,Singapore
S103609,2026-04-30,Mobile,2,USA
S103610,2023-07-19,Desktop,4,India
S103611,2025-09-10,Desktop,1,USA
S103612,2023-09-09,Mobile,3,Australia
S103613,2024-11-29,Tablet,8,Australia
S103614,2025-05-09,Tablet,0,UK
S103615,2025-07-25,Mobile,3,Australia
S103616,2023-04-29,Mobile,7,Germany
S103617,2024-09-13,Mobile,7,Germany
S103618,2024-07-27,Desktop,7,USA
S103619,2023-12-10,Desktop,0,Germany
S103620,2022-07-08,Tablet,8,Singapore
S103621,2023-06-26,Desktop,5,USA
S103622,2023-10-18,Mobile,0,Australia
S103623,2026-06-02,Desktop,4,UK
S103624,2024-11-04,Mobile,1,Australia
S103625,2023-09-25,Tablet,6,UK
S103626,2026-03-05,Desktop,1,USA
S103627,2022-06-06,Tablet,1,Australia
S103628,2026-04-13,Mobile,8,UK
S103629,2025-08-30,Mobile,3,USA
S103630,2023-06-02,Tablet,2,Singapore
S103631,2024-09-23,Tablet,6,Canada
S103632,2026-03-06,Desktop,6,USA
S103633,2023-01-20,Mobile,5,UK
S103634,2026-02-09,Tablet,2,Germany
S103635,2025-02-15,Tablet,3,USA
S103636,2024-07-02,Mobile,7,USA
S103637,2022-06-14,Tablet,3,India
S103638,2024-04-25,Mobile,3,Germany
S103639,2022-05-07,Tablet,3,Australia
S103640,2022-05-07,Tablet,7,Germany
S103641,2024-01-28,Tablet,2,Australia
S103642,2024-05-07,Mobile,5,Singapore
S103643,2024-04-13,Desktop,0,India
S103644,2023-12-05,Tablet,2,Germany
S103645,2023-06-07,Mobile,5,India
S103646,2023-08-13,Tablet,8,Singapore
S103647,2025-03-24,Tablet,5,India
S103648,2022-11-27,Tablet,3,UK
S103649,2025-02-11,Tablet,5,India
S103650,2026-07-10,Mobile,0,UK
S103651,2023-07-29,Desktop,8,Canada
S103652,2024-05-25,Desktop,2,India
S103653,2024-10-11,Tablet,6,Australia
S103654,2022-01-27,Desktop,1,Canada
S103655,2023-02-19,Desktop,3,Australia
S103656,2023-06-10,Mobile,7,USA
S103657,2022-07-23,Mobile,0,Germany
S103658,2023-08-08,Desktop,8,India
S103659,2025-04-30,Desktop,6,Singapore
S103660,2025-07-25,Tablet,5,Canada
S103661,2024-10-17,Desktop,5,Germany
S103662,2023-06-08,Mobile,6,Germany
S103663,2022-09-23,Tablet,6,Canada
S103664,2022-02-25,Desktop,4,Singapore
S103665,2022-01-13,Tablet,6,UK
S103666,2023-12-16,Desktop,8,Singapore
S103667,2024-12-21,Desktop,1,Singapore
S103668,2022-11-12,Mobile,2,Canada
S103669,2025-01-18,Mobile,5,USA
S103670,2024-03-14,Desktop,2,Canada
S103671,2025-06-12,Mobile,7,Singapore
S103672,2024-03-15,Mobile,8,Singapore
S103673,2023-06-09,Tablet,1,Australia
S103674,2025-05-29,Desktop,6,Singapore
S103675,2022-04-18,Desktop,2,Canada
S103676,2025-03-28,Mobile,1,USA
S103677,2025-05-20,Mobile,1,USA
S103678,2026-07-22,Desktop,1,Germany
S103679,2025-11-04,Mobile,2,Canada
S103680,2025-07-22,Desktop,8,India
S103681,2022-08-13,Mobile,4,Germany
S103682,2023-05-07,Tablet,4,Canada
S103683,2023-03-23,Desktop,2,Germany
S103684,2025-06-04,Desktop,3,India
S103685,2024-01-20,Desktop,4,Australia
S103686,2022-03-18,Mobile,4,Canada
S103687,2024-11-24,Mobile,8,Australia
S103688,2022-05-25,Mobile,1,UK
S103689,2023-08-15,Mobile,4,Singapore
S103690,2022-02-10,Mobile,7,Australia
S103691,2023-07-09,Mobile,7,Canada
S103692,2022-12-28,Desktop,2,India
S103693,2022-08-17,Desktop,2,Germany
S103694,2022-01-02,Tablet,2,Canada
S103695,2023-08-18,Mobile,2,Germany
S103696,2024-05-31,Desktop,0,Germany
S103697,2024-05-22,Tablet,7,UK
S103698,2026-07-30,Tablet,8,India
S103699,2023-11-22,Mobile,5,UK
S103700,2026-02-07,Tablet,0,USA
S103701,2024-06-16,Mobile,3,Canada
S103702,2022-11-26,Mobile,5,India
S103703,2025-03-10,Tablet,7,USA
S103704,2023-01-15,Mobile,4,USA
S103705,2022-10-01,Mobile,1,Canada
S103706,2024-02-04,Tablet,3,Australia
S103707,2024-04-06,Desktop,4,Singapore
S103708,2023-07-02,Mobile,6,Germany
S103709,2022-08-11,Tablet,2,India
S103710,2024-06-14,Desktop,0,Germany
S103711,2023-09-23,Tablet,6,Australia
S103712,2025-06-16,Mobile,0,USA
S103713,2025-09-01,Mobile,7,Australia
S103714,2022-12-24,Desktop,5,Germany
S103715,2022-03-15,Tablet,0,Germany
S103716,2025-11-14,Desktop,0,Canada
S103717,2023-09-13,Mobile,7,Canada
S103718,2026-05-08,Tablet,0,UK
S103719,2022-04-04,Mobile,4,Australia
S103720,2022-02-20,Tablet,6,Germany
S103721,2025-09-21,Mobile,6,Canada
S103722,2024-08-31,Tablet,3,Germany
S103723,2023-08-22,Tablet,0,Singapore
S103724,2025-03-24,Mobile,1,UK
S103725,2024-11-27,Tablet,3,Australia
S103726,2024-10-31,Desktop,8,USA
S103727,2022-10-14,Mobile,7,USA
S103728,2024-07-24,Mobile,8,USA
S103729,2025-09-28,Desktop,7,Germany
S103730,2024-05-13,Mobile,6,Germany
S103731,2026-05-28,Mobile,7,Canada
S103732,2022-11-29,Desktop,2,Canada
S103733,2023-12-06,Desktop,2,UK
S103734,2025-02-12,Desktop,3,Australia
S103735,2025-03-05,Mobile,4,Australia
S103736,2022-02-12,Desktop,0,Germany
S103737,2022-02-09,Mobile,0,Singapore
S103738,2026-05-14,Mobile,1,Germany
S103739,2024-08-22,Desktop,0,India
S103740,2025-12-08,Tablet,2,Germany
S103741,2025-01-08,Tablet,5,India
S103742,2024-12-31,Mobile,7,Canada
S103743,2022-12-20,Desktop,7,India
S103744,2022-12-05,Desktop,3,India
S103745,2022-12-22,Tablet,3,USA
S103746,2023-07-08,Tablet,8,India
S103747,2026-01-21,Mobile,7,Germany
S103748,2024-01-13,Tablet,7,UK
S103749,2022-05-12,Tablet,1,USA
S103750,2023-03-03,Desktop,4,Germany
S103751,2025-09-15,Mobile,8,Germany
S103752,2024-06-12,Mobile,6,Australia
S103753,2026-05-17,Tablet,3,Singapore
S103754,2023-01-08,Tablet,5,Singapore
S103755,2023-06-02,Desktop,6,Canada
S103756,2022-09-26,Tablet,3,India
S103757,2026-05-29,Mobile,1,UK
S103758,2022-06-11,Mobile,2,UK
S103759,2023-10-14,Tablet,3,Canada
S103760,2022-03-02,Desktop,7,Canada
S103761,2023-06-04,Tablet,2,India
S103762,2026-05-17,Mobile,3,India
S103763,2024-03-18,Mobile,4,Singapore
S103764,2025-03-08,Desktop,5,USA
S103765,2022-06-06,Mobile,5,India
S103766,2024-11-15,Desktop,2,Canada
S103767,2025-07-08,Mobile,6,Germany
S103768,2022-10-17,Tablet,3,Germany
S103769,2023-06-24,Desktop,0,Germany
S103770,2023-09-13,Desktop,7,Australia
S103771,2024-10-24,Tablet,0,Singapore
S103772,2024-03-14,Mobile,8,Singapore
S103773,2022-03-30,Desktop,4,USA
S103774,2023-06-29,Desktop,8,India
S103775,2023-05-09,Tablet,6,India
S103776,2024-06-10,Tablet,7,Canada
S103777,2024-08-29,Desktop,0,India
S103778,2024-05-12,Tablet,0,Singapore
S103779,2024-05-18,Tablet,5,UK
S103780,2026-07-23,Tablet,8,Singapore
S103781,2024-04-15,Mobile,1,USA
S103782,2025-09-13,Mobile,7,Canada
S103783,2022-12-09,Mobile,0,UK
S103784,2023-04-13,Tablet,7,Singapore
S103785,2022-07-26,Mobile,2,USA
S103786,2026-07-28,Mobile,7,Singapore
S103787,2023-05-01,Desktop,0,India
S103788,2023-05-04,Tablet,8,USA
S103789,2025-08-02,Mobile,2,UK
S103790,2022-12-08,Desktop,8,Germany
S103791,2025-11-12,Desktop,2,Singapore
S103792,2025-06-13,Mobile,7,India
S103793,2024-02-14,Mobile,5,Canada
S103794,2022-03-19,Desktop,6,Canada
S103795,2024-09-30,Tablet,5,Singapore
S103796,2025-07-26,Mobile,0,Canada
S103797,2023-12-28,Desktop,7,USA
S103798,2025-01-12,Desktop,2,UK
S103799,2025-04-11,Tablet,4,USA
S103800,2025-11-02,Mobile,3,USA
S103801,2025-01-14,Mobile,3,Canada
S103802,2023-08-25,Mobile,0,Singapore
S103803,2022-09-05,Tablet,2,Germany
S103804,2025-04-06,Desktop,0,Singapore
S103805,2023-12-19,Mobile,5,India
S103806,2022-12-22,Desktop,6,India
S103807,2023-07-07,Mobile,7,USA
S103808,2023-11-02,Mobile,5,Germany
S103809,2022-07-05,Mobile,3,Canada
S103810,2025-04-20,Mobile,5,Canada
S103811,2022-10-18,Tablet,1,USA
S103812,2025-03-29,Desktop,6,USA
S103813,2022-01-25,Mobile,2,Singapore
S103814,2022-09-20,Tablet,0,Singapore
S103815,2025-10-09,Mobile,6,Canada
S103816,2022-10-25,Desktop,3,India
S103817,2026-01-03,Desktop,3,UK
S103818,2023-08-14,Mobile,5,India
S103819,2022-09-20,Desktop,0,India
S103820,2024-04-09,Mobile,1,Singapore
S103821,2022-08-10,Tablet,1,India
S103822,2022-02-12,Desktop,3,Singapore
S103823,2024-12-03,Tablet,8,USA
S103824,2025-01-08,Desktop,2,Singapore
S103825,2023-02-14,Tablet,7,UK
S103826,2026-03-21,Tablet,3,USA
S103827,2023-09-01,Desktop,1,USA
S103828,2025-10-15,Desktop,1,Germany
S103829,2022-09-27,Tablet,3,Germany
S103830,2025-08-11,Desktop,4,UK
S103831,2025-06-25,Tablet,0,Australia
S103832,2022-08-12,Desktop,2,Germany
S103833,2026-02-11,Desktop,4,Australia
S103834,2022-06-04,Mobile,4,Germany
S103835,2025-11-23,Mobile,1,Germany
S103836,2022-08-05,Tablet,2,Germany
S103837,2025-10-29,Tablet,5,Germany
S103838,2023-03-12,Desktop,4,Canada
S103839,2025-01-21,Mobile,8,UK
S103840,2023-12-04,Tablet,3,Australia
S103841,2025-01-01,Desktop,2,Singapore
S103842,2025-11-23,Tablet,0,UK
S103843,2025-07-17,Tablet,0,Australia
S103844,2025-12-02,Tablet,0,Germany
S103845,2023-09-03,Desktop,0,Singapore
S103846,2022-10-13,Tablet,0,Canada
S103847,2024-03-02,Desktop,3,India
S103848,2022-03-15,Tablet,8,India
S103849,2022-01-24,Desktop,6,USA
S103850,2025-10-10,Mobile,5,Canada
S103851,2025-12-11,Desktop,4,Singapore
S103852,2023-09-15,Tablet,2,UK
S103853,2025-01-05,Desktop,3,USA
S103854,2023-11-05,Tablet,5,UK
S103855,2024-02-19,Tablet,2,UK
S103856,2023-09-25,Desktop,7,UK
S103857,2024-11-06,Tablet,4,UK
S103858,2024-10-17,Tablet,2,India
S103859,2025-09-26,Desktop,7,India
S103860,2023-04-15,Tablet,2,India
S103861,2022-12-19,Tablet,4,Australia
S103862,2025-02-24,Desktop,1,India
S103863,2025-06-13,Desktop,6,India
S103864,2026-01-26,Tablet,0,UK
S103865,2024-08-20,Tablet,0,Singapore
S103866,2023-07-04,Tablet,6,USA
S103867,2024-05-09,Tablet,4,India
S103868,2023-12-11,Desktop,1,Australia
S103869,2023-10-07,Desktop,4,Germany
S103870,2025-02-13,Tablet,8,USA
S103871,2026-05-25,Tablet,7,Germany
S103872,2023-10-17,Tablet,3,UK
S103873,2023-09-26,Mobile,3,Singapore
S103874,2024-02-20,Desktop,1,Canada
S103875,2026-05-04,Desktop,5,USA
S103876,2024-08-04,Mobile,7,USA
S103877,2024-12-17,Tablet,7,Canada
S103878,2026-01-02,Desktop,6,UK
S103879,2024-06-17,Tablet,2,Germany
S103880,2025-07-20,Desktop,1,India
S103881,2023-09-16,Tablet,3,Germany
S103882,2023-09-05,Tablet,7,Germany
S103883,2025-03-12,Mobile,6,Germany
S103884,2023-05-07,Tablet,5,Singapore
S103885,2026-06-16,Mobile,1,Australia
S103886,2022-11-08,Tablet,5,Canada
S103887,2026-04-19,Desktop,1,USA
S103888,2024-10-19,Tablet,3,UK
S103889,2025-11-29,Desktop,8,Singapore
S103890,2022-06-01,Mobile,2,UK
S103891,2022-03-10,Mobile,3,India
S103892,2026-05-30,Tablet,0,Singapore
S103893,2025-03-22,Tablet,7,UK
S103894,2024-12-16,Desktop,3,Singapore
S103895,2024-04-24,Mobile,1,Australia
S103896,2026-07-04,Desktop,6,UK
S103897,2022-08-06,Mobile,5,Australia
S103898,2023-10-07,Desktop,2,India
S103899,2023-01-03,Desktop,6,Canada
S103900,2025-10-10,Desktop,4,UK
S103901,2023-12-28,Mobile,4,Canada
S103902,2024-05-01,Mobile,7,USA
S103903,2023-05-22,Tablet,6,Australia
S103904,2025-09-25,Tablet,6,USA
S103905,2025-11-23,Mobile,4,UK
S103906,2025-08-20,Desktop,2,Canada
S103907,2025-06-11,Tablet,7,India
S103908,2022-05-30,Desktop,8,Australia
S103909,2025-07-04,Tablet,5,Singapore
S103910,2023-10-20,Tablet,8,Canada
S103911,2026-03-05,Desktop,8,Germany
S103912,2022-07-26,Tablet,2,Australia
S103913,2024-07-19,Mobile,2,USA
S103914,2023-04-18,Tablet,7,Canada
S103915,2025-03-19,Mobile,0,Canada
S103916,2025-06-27,Tablet,8,Singapore
S103917,2026-05-11,Desktop,3,UK
S103918,2022-10-13,Mobile,8,India
S103919,2023-05-31,Tablet,0,India
S103920,2025-05-01,Desktop,8,Germany
S103921,2025-07-05,Tablet,4,Australia
S103922,2026-02-01,Mobile,6,USA
S103923,2025-02-12,Tablet,5,Canada
S103924,2025-01-21,Desktop,4,Singapore
S103925,2022-04-03,Desktop,3,USA
S103926,2026-06-03,Mobile,0,Germany
S103927,2024-06-28,Desktop,6,USA
S103928,2025-05-16,Mobile,3,Germany
S103929,2026-03-18,Mobile,8,USA
S103930,2025-10-31,Desktop,7,Australia
S103931,2025-10-22,Mobile,4,Germany
S103932,2023-04-18,Desktop,7,UK
S103933,2022-11-12,Tablet,4,USA
S103934,2022-12-12,Tablet,5,Germany
S103935,2024-08-09,Tablet,5,Singapore
S103936,2025-06-03,Desktop,2,USA
S103937,2023-06-15,Desktop,3,Australia
S103938,2025-05-06,Tablet,4,Singapore
S103939,2022-10-06,Mobile,1,Singapore
S103940,2023-11-29,Desktop,1,UK
S103941,2022-02-19,Mobile,3,India
S103942,2022-01-05,Desktop,5,India
S103943,2026-04-20,Mobile,3,Australia
S103944,2023-10-07,Desktop,0,India
S103945,2026-04-30,Desktop,3,Australia
S103946,2025-11-16,Mobile,7,Canada
S103947,2023-11-25,Mobile,8,Canada
S103948,2026-03-05,Mobile,2,Canada
S103949,2024-05-06,Tablet,2,Australia
S103950,2023-01-13,Desktop,3,Singapore
S103951,2023-12-14,Tablet,0,Singapore
S103952,2023-09-13,Desktop,0,UK
S103953,2025-04-04,Desktop,2,USA
S103954,2024-03-21,Tablet,7,Singapore
S103955,2022-07-07,Mobile,7,Singapore
S103956,2026-01-03,Desktop,0,Canada
S103957,2022-07-01,Desktop,5,Canada
S103958,2026-06-15,Tablet,6,UK
S103959,2026-04-23,Desktop,8,Canada
S103960,2022-12-17,Tablet,3,Australia
S103961,2024-08-21,Tablet,3,Germany
S103962,2025-06-30,Tablet,3,Canada
S103963,2024-09-13,Mobile,1,India
S103964,2024-06-20,Tablet,3,Singapore
S103965,2026-05-01,Tablet,0,Germany
S103966,2022-10-28,Desktop,4,Germany
S103967,2024-05-16,Desktop,5,USA
S103968,2024-03-11,Desktop,3,USA
S103969,2023-12-24,Desktop,1,Canada
S103970,2026-05-06,Desktop,7,Singapore
S103971,2024-12-04,Tablet,0,UK
S103972,2025-08-22,Mobile,2,Germany
S103973,2022-04-05,Mobile,1,Australia
S103974,2026-02-19,Desktop,2,Singapore
S103975,2022-11-25,Tablet,0,Australia
S103976,2023-06-01,Desktop,0,Germany
S103977,2022-05-27,Tablet,4,Canada
S103978,2024-04-08,Desktop,5,Canada
S103979,2025-06-02,Mobile,3,Germany
S103980,2022-02-14,Mobile,6,USA
S103981,2023-01-09,Tablet,2,Canada
S103982,2026-04-27,Mobile,1,Singapore
S103983,2022-01-09,Mobile,2,Germany
S103984,2022-04-17,Mobile,1,India
S103985,2023-09-07,Mobile,2,Germany
S103986,2025-02-06,Mobile,3,UK
S103987,2022-09-07,Desktop,3,USA
S103988,2024-09-25,Mobile,0,Australia
S103989,2023-12-23,Tablet,6,Germany
S103990,2025-09-12,Desktop,7,Germany
S103991,2026-05-17,Tablet,1,UK
S103992,2024-12-11,Mobile,5,UK
S103993,2026-03-06,Desktop,8,Australia
S103994,2022-06-20,Mobile,6,Germany
S103995,2025-11-29,Desktop,3,Germany
S103996,2025-09-04,Mobile,3,India
S103997,2025-03-06,Mobile,3,India
S103998,2024-07-11,Tablet,6,Canada
S103999,2023-04-25,Tablet,2,Australia
S104000,2022-08-24,Mobile,4,India
S104001,2024-02-13,Tablet,4,Canada
S104002,2022-06-10,Tablet,5,Canada
S104003,2024-11-06,Tablet,0,Australia
S104004,2024-03-22,Tablet,4,Canada
S104005,2024-09-30,Desktop,6,India
S104006,2023-08-30,Tablet,0,Australia
S104007,2025-01-28,Tablet,3,India
S104008,2024-02-01,Desktop,3,India
S104009,2026-02-25,Tablet,7,Canada
S104010,2023-04-17,Mobile,6,Australia
S104011,2025-03-26,Mobile,6,Canada
S104012,2026-04-09,Mobile,5,Singapore
S104013,2026-01-27,Desktop,1,Germany
S104014,2026-07-21,Desktop,6,Australia
S104015,2024-03-09,Tablet,8,Singapore
S104016,2024-10-03,Desktop,6,USA
S104017,2025-04-24,Desktop,6,Singapore
S104018,2025-12-19,Desktop,8,Germany
S104019,2026-01-01,Mobile,7,USA
S104020,2024-05-16,Mobile,0,UK
S104021,2024-08-29,Mobile,8,India
S104022,2024-05-28,Mobile,3,Singapore
S104023,2022-09-03,Tablet,0,Australia
S104024,2025-03-19,Desktop,3,Singapore
S104025,2022-12-19,Desktop,7,Australia
S104026,2023-08-27,Tablet,3,USA
S104027,2026-07-12,Tablet,7,Australia
S104028,2022-03-29,Desktop,5,Australia
S104029,2024-10-16,Desktop,2,Germany
S104030,2026-04-22,Tablet,2,Germany
S104031,2023-09-25,Tablet,0,Germany
S104032,2026-03-24,Tablet,2,UK
S104033,2026-01-13,Tablet,4,UK
S104034,2022-09-19,Desktop,6,UK
S104035,2024-01-19,Desktop,1,Singapore
S104036,2025-03-07,Desktop,2,Germany
S104037,2025-12-04,Desktop,0,UK
S104038,2026-03-22,Desktop,7,Australia
S104039,2024-08-30,Tablet,0,Australia
S104040,2023-08-26,Tablet,7,UK
S104041,2023-05-20,Tablet,7,Australia
S104042,2026-02-24,Mobile,2,Germany
S104043,2024-12-28,Tablet,5,Germany
S104044,2025-10-27,Desktop,5,Canada
S104045,2022-12-02,Tablet,5,USA
S104046,2024-06-13,Tablet,0,Singapore
S104047,2026-01-21,Desktop,0,Australia
S104048,2022-03-19,Desktop,8,UK
S104049,2025-06-02,Tablet,4,UK
S104050,2023-12-01,Tablet,2,USA
S104051,2026-04-20,Mobile,1,UK
S104052,2026-07-30,Desktop,5,UK
S104053,2025-07-20,Desktop,5,UK
S104054,2024-05-13,Desktop,7,Singapore
S104055,2026-07-27,Tablet,8,Canada
S104056,2023-09-02,Mobile,2,India
S104057,2025-10-09,Desktop,3,Singapore
S104058,2025-07-27,Desktop,4,India
S104059,2025-01-20,Tablet,4,Germany
S104060,2023-07-25,Desktop,1,India
S104061,2022-03-04,Desktop,6,Australia
S104062,2024-11-21,Desktop,8,India
S104063,2025-07-28,Tablet,1,UK
S104064,2026-02-03,Desktop,3,Germany
S104065,2025-11-18,Mobile,3,USA
S104066,2022-11-22,Desktop,3,India
S104067,2025-01-25,Tablet,7,Singapore
S104068,2022-10-06,Mobile,7,USA
S104069,2022-08-28,Mobile,5,Singapore
S104070,2022-04-19,Mobile,1,Germany
S104071,2025-10-13,Mobile,7,Canada
S104072,2024-02-14,Mobile,3,USA
S104073,2025-01-29,Tablet,0,Canada
S104074,2024-12-06,Tablet,2,Canada
S104075,2023-03-04,Desktop,0,USA
S104076,2024-04-20,Mobile,1,Singapore
S104077,2023-05-15,Tablet,6,Singapore
S104078,2025-04-09,Tablet,8,Singapore
S104079,2023-01-08,Tablet,7,Canada
S104080,2023-05-22,Mobile,5,Canada
S104081,2025-08-12,Tablet,3,Australia
S104082,2024-09-11,Tablet,0,Canada
S104083,2023-04-02,Desktop,3,UK
S104084,2022-11-20,Desktop,0,UK
S104085,2022-02-20,Tablet,4,Singapore
S104086,2024-05-28,Desktop,1,Australia
S104087,2024-08-06,Mobile,2,Germany
S104088,2026-04-03,Mobile,6,UK
S104089,2025-12-06,Mobile,0,Australia
S104090,2023-01-11,Mobile,3,India
S104091,2022-03-05,Desktop,2,USA
S104092,2022-11-12,Desktop,4,UK
S104093,2023-01-31,Desktop,8,Australia
S104094,2024-01-07,Mobile,0,Canada
S104095,2023-09-23,Tablet,3,UK
S104096,2024-06-18,Desktop,7,Germany
S104097,2024-03-31,Desktop,4,Germany
S104098,2022-07-16,Mobile,6,Australia
S104099,2025-12-16,Tablet,0,Australia
S104100,2023-03-18,Desktop,4,USA
S104101,2024-05-20,Desktop,7,Singapore
S104102,2026-02-10,Desktop,5,Canada
S104103,2023-05-26,Tablet,4,India
S104104,2024-06-10,Desktop,5,UK
S104105,2022-12-09,Mobile,0,Canada
S104106,2022-12-10,Mobile,4,Australia
S104107,2023-05-26,Desktop,0,Germany
S104108,2025-11-07,Desktop,7,India
S104109,2024-12-28,Desktop,8,UK
S104110,2022-01-30,Mobile,8,India
S104111,2022-10-15,Desktop,8,India
S104112,2024-02-07,Tablet,1,UK
S104113,2024-10-08,Desktop,2,UK
S104114,2026-07-19,Mobile,4,Singapore
S104115,2025-12-30,Tablet,1,Singapore
S104116,2024-12-26,Desktop,3,Singapore
S104117,2024-08-11,Tablet,6,Canada
S104118,2025-08-05,Mobile,6,Germany
S104119,2024-11-15,Mobile,5,India
S104120,2024-12-14,Mobile,1,Australia
S104121,2026-05-09,Tablet,1,Germany
S104122,2025-09-23,Desktop,6,USA
S104123,2026-07-01,Tablet,4,India
S104124,2023-10-13,Desktop,3,Singapore
S104125,2025-07-04,Tablet,8,Germany
S104126,2026-03-23,Mobile,7,UK
S104127,2025-01-08,Tablet,7,UK
S104128,2024-04-09,Desktop,1,USA
S104129,2024-05-17,Mobile,0,India
S104130,2024-02-09,Desktop,6,USA
S104131,2024-01-31,Desktop,2,India
S104132,2026-04-09,Mobile,4,Canada
S104133,2025-09-03,Mobile,1,India
S104134,2025-04-19,Desktop,0,India
S104135,2023-05-30,Mobile,1,Germany
S104136,2023-11-27,Mobile,8,India
S104137,2024-04-10,Desktop,1,UK
S104138,2022-01-10,Desktop,8,UK
S104139,2024-11-09,Mobile,6,Canada
S104140,2023-06-21,Tablet,3,Canada
S104141,2026-05-04,Desktop,1,Singapore
S104142,2026-04-18,Desktop,0,UK
S104143,2023-03-15,Mobile,1,Singapore
S104144,2022-08-11,Desktop,6,Singapore
S104145,2023-12-19,Mobile,6,Germany
S104146,2023-12-08,Tablet,8,Germany
S104147,2024-10-05,Tablet,5,Canada
S104148,2024-12-22,Mobile,3,India
S104149,2025-03-12,Mobile,2,Australia
S104150,2022-04-13,Tablet,7,USA
S104151,2022-12-14,Mobile,0,Canada
S104152,2023-08-04,Desktop,0,UK
S104153,2022-11-20,Mobile,0,UK
S104154,2025-11-26,Tablet,3,Canada
S104155,2022-01-09,Mobile,1,Canada
S104156,2022-08-01,Mobile,3,Australia
S104157,2026-05-09,Mobile,3,India
S104158,2022-10-22,Mobile,8,Canada
S104159,2024-03-22,Tablet,3,Singapore
S104160,2023-04-03,Desktop,6,Germany
S104161,2023-05-01,Mobile,0,Canada
S104162,2025-12-19,Tablet,7,USA
S104163,2026-06-19,Tablet,5,Canada
S104164,2023-01-04,Mobile,4,UK
S104165,2022-11-12,Mobile,0,Canada
S104166,2024-04-17,Tablet,8,Canada
S104167,2024-04-26,Tablet,8,Australia
S104168,2025-04-18,Desktop,2,USA
S104169,2024-10-13,Desktop,1,USA
S104170,2024-10-16,Tablet,1,Singapore
S104171,2024-01-17,Mobile,6,USA
S104172,2025-05-09,Desktop,4,Singapore
S104173,2025-06-09,Desktop,1,Australia
S104174,2025-04-18,Desktop,6,India
S104175,2023-02-22,Tablet,8,USA
S104176,2024-04-25,Desktop,6,UK
S104177,2022-03-09,Mobile,5,USA
S104178,2024-04-16,Desktop,8,Singapore
S104179,2022-12-04,Desktop,8,Germany
S104180,2023-03-23,Mobile,8,UK
S104181,2023-04-25,Mobile,4,Canada
S104182,2024-07-06,Mobile,2,Singapore
S104183,2024-03-31,Desktop,4,Germany
S104184,2025-05-14,Tablet,1,Australia
S104185,2024-10-17,Tablet,0,Australia
S104186,2025-06-24,Tablet,4,India
S104187,2023-09-08,Mobile,2,Germany
S104188,2025-10-29,Desktop,7,USA
S104189,2026-06-18,Desktop,1,Germany
S104190,2022-10-14,Desktop,8,Germany
S104191,2025-01-04,Tablet,3,USA
S104192,2026-03-10,Desktop,7,UK
S104193,2025-10-15,Desktop,1,Canada
S104194,2023-05-17,Mobile,8,Germany
S104195,2024-10-06,Desktop,3,USA
S104196,2025-10-21,Desktop,6,UK
S104197,2024-06-01,Tablet,1,India
S104198,2022-11-23,Mobile,4,India
S104199,2024-02-08,Desktop,5,Canada
S104200,2023-06-03,Mobile,1,Canada
S104201,2023-12-25,Tablet,7,Australia
S104202,2026-05-13,Mobile,5,USA
S104203,2023-06-29,Mobile,7,Singapore
S104204,2024-08-06,Tablet,4,India
S104205,2022-07-15,Mobile,3,Germany
S104206,2026-05-03,Mobile,8,India
S104207,2024-02-04,Desktop,3,Germany
S104208,2023-11-17,Mobile,0,UK
S104209,2025-09-03,Desktop,3,Australia
S104210,2024-07-28,Tablet,6,Canada
S104211,2026-03-04,Tablet,5,Canada
S104212,2024-11-04,Tablet,4,Canada
S104213,2022-01-07,Desktop,3,India
S104214,2022-07-06,Desktop,1,Singapore
S104215,2024-07-10,Mobile,0,USA
S104216,2023-12-19,Desktop,1,India
S104217,2026-07-15,Desktop,2,UK
S104218,2025-09-11,Desktop,0,India
S104219,2023-07-20,Tablet,7,UK
S104220,2024-01-30,Mobile,3,Germany
S104221,2023-12-06,Desktop,3,Australia
S104222,2026-01-01,Tablet,8,Australia
S104223,2025-03-18,Tablet,8,Australia
S104224,2023-09-04,Tablet,3,Singapore
S104225,2025-10-31,Tablet,8,Australia
S104226,2024-08-26,Desktop,3,Canada
S104227,2023-09-28,Mobile,4,India
S104228,2023-05-10,Mobile,7,USA
S104229,2025-11-24,Mobile,0,Canada
S104230,2025-07-16,Tablet,6,India
S104231,2023-04-06,Desktop,7,UK
S104232,2024-08-11,Tablet,3,Germany
S104233,2022-03-24,Desktop,4,India
S104234,2024-01-01,Desktop,3,India
S104235,2024-01-05,Mobile,6,Canada
S104236,2023-12-05,Tablet,3,Singapore
S104237,2024-04-20,Mobile,1,USA
S104238,2023-01-27,Mobile,6,USA
S104239,2023-12-10,Tablet,2,Canada
S104240,2026-03-05,Desktop,6,UK
S104241,2023-11-29,Mobile,5,Canada
S104242,2025-03-14,Mobile,2,UK
S104243,2026-07-17,Mobile,2,India
S104244,2025-06-25,Mobile,3,USA
S104245,2025-10-24,Mobile,5,Singapore
S104246,2024-12-19,Desktop,5,India
S104247,2023-07-29,Tablet,3,UK
S104248,2026-05-10,Tablet,1,Germany
S104249,2023-02-19,Desktop,5,Singapore
S104250,2022-02-11,Desktop,8,Canada
S104251,2023-02-03,Mobile,0,Australia
S104252,2024-02-07,Tablet,0,UK
S104253,2025-08-27,Desktop,5,Germany
S104254,2023-04-14,Tablet,6,Singapore
S104255,2025-03-02,Tablet,6,Canada
S104256,2026-05-27,Mobile,2,Germany
S104257,2023-08-30,Mobile,5,Canada
S104258,2023-09-15,Tablet,7,Australia
S104259,2024-05-03,Desktop,1,USA
S104260,2025-07-09,Tablet,7,Canada
S104261,2026-05-05,Mobile,3,USA
S104262,2024-01-19,Mobile,8,Canada
S104263,2023-09-14,Mobile,0,UK
S104264,2025-05-28,Desktop,6,India
S104265,2026-02-27,Tablet,3,UK
S104266,2023-07-14,Tablet,3,Canada
S104267,2024-10-20,Desktop,7,Germany
S104268,2022-02-12,Desktop,7,Canada
S104269,2025-09-27,Tablet,3,Australia
S104270,2024-01-07,Desktop,6,UK
S104271,2022-07-07,Desktop,1,Singapore
S104272,2024-08-09,Tablet,1,Singapore
S104273,2022-06-01,Desktop,8,UK
S104274,2025-12-18,Tablet,5,Australia
S104275,2022-08-13,Mobile,6,USA
S104276,2022-11-18,Tablet,1,UK
S104277,2024-02-21,Desktop,6,USA
S104278,2022-07-10,Desktop,0,UK
S104279,2024-01-14,Tablet,7,Canada
S104280,2022-12-27,Mobile,2,Canada
S104281,2024-09-19,Mobile,8,Germany
S104282,2025-03-08,Mobile,1,Canada
S104283,2023-04-17,Desktop,5,Germany
S104284,2023-01-09,Desktop,4,Canada
S104285,2024-09-13,Mobile,7,UK
S104286,2025-04-06,Tablet,2,UK
S104287,2026-06-15,Mobile,0,Australia
S104288,2023-05-27,Mobile,5,Singapore
S104289,2022-09-05,Mobile,2,India
S104290,2024-12-25,Tablet,5,Australia
S104291,2025-03-02,Mobile,7,USA
S104292,2025-06-23,Tablet,5,USA
S104293,2024-03-07,Mobile,4,USA
S104294,2026-06-24,Desktop,4,Germany
S104295,2025-04-08,Tablet,0,USA
S104296,2024-05-19,Mobile,8,UK
S104297,2023-08-09,Tablet,4,Australia
S104298,2023-05-18,Mobile,8,Canada
S104299,2023-11-25,Tablet,8,India
S104300,2025-08-07,Mobile,1,USA
S104301,2023-03-23,Mobile,0,Singapore
S104302,2025-03-24,Tablet,5,Singapore
S104303,2024-11-08,Desktop,3,Australia
S104304,2023-05-14,Desktop,4,Canada
S104305,2025-11-16,Desktop,2,USA
S104306,2026-05-10,Tablet,0,Germany
S104307,2022-02-08,Tablet,0,Canada
S104308,2022-06-12,Tablet,6,UK
S104309,2025-03-27,Mobile,4,Germany
S104310,2026-02-13,Tablet,3,Singapore
S104311,2024-11-09,Desktop,2,India
S104312,2025-08-12,Tablet,3,Germany
S104313,2022-06-18,Desktop,8,Singapore
S104314,2025-09-17,Desktop,0,Australia
S104315,2023-08-20,Desktop,4,Singapore
S104316,2025-06-30,Tablet,0,Singapore
S104317,2024-09-11,Mobile,8,Germany
S104318,2022-03-24,Desktop,8,USA
S104319,2023-01-22,Mobile,6,India
S104320,2023-05-11,Mobile,7,Canada
S104321,2022-08-26,Mobile,0,Canada
S104322,2023-04-21,Desktop,1,UK
S104323,2023-02-25,Tablet,1,Australia
S104324,2022-01-04,Mobile,5,Singapore
S104325,2023-03-27,Tablet,5,Germany
S104326,2026-03-01,Tablet,7,UK
S104327,2025-02-20,Mobile,5,UK
S104328,2025-09-23,Tablet,5,Canada
S104329,2022-12-16,Mobile,8,Australia
S104330,2023-01-11,Desktop,7,Germany
S104331,2022-09-19,Desktop,4,Canada
S104332,2022-02-16,Desktop,0,Singapore
S104333,2023-03-16,Tablet,2,Canada
S104334,2024-11-26,Tablet,6,Australia
S104335,2022-06-23,Desktop,4,USA
S104336,2022-07-24,Mobile,5,Singapore
S104337,2024-01-07,Desktop,1,Germany
S104338,2026-02-28,Desktop,8,India
S104339,2026-02-09,Desktop,5,Germany
S104340,2024-09-09,Mobile,0,Australia
S104341,2023-09-17,Desktop,4,UK
S104342,2025-08-31,Desktop,1,Singapore
S104343,2026-05-26,Desktop,4,Germany
S104344,2025-04-16,Mobile,5,India
S104345,2023-03-19,Tablet,1,USA
S104346,2022-09-11,Desktop,0,India
S104347,2024-11-08,Desktop,0,Germany
S104348,2023-07-20,Tablet,4,India
S104349,2024-07-12,Mobile,6,USA
S104350,2022-09-12,Mobile,6,UK
S104351,2022-08-15,Mobile,4,Germany
S104352,2024-11-01,Tablet,4,Germany
S104353,2024-01-27,Desktop,7,Singapore
S104354,2024-09-03,Desktop,5,USA
S104355,2025-08-26,Desktop,5,USA
S104356,2026-01-23,Tablet,1,USA
S104357,2023-11-29,Desktop,3,USA
S104358,2025-07-09,Desktop,0,UK
S104359,2023-11-10,Desktop,6,UK
S104360,2022-09-06,Desktop,7,USA
S104361,2023-02-02,Desktop,4,Germany
S104362,2025-01-09,Tablet,0,USA
S104363,2025-09-12,Mobile,2,Canada
S104364,2022-12-17,Tablet,0,Germany
S104365,2024-01-29,Mobile,7,Australia
S104366,2025-08-03,Tablet,1,India
S104367,2026-04-29,Mobile,6,Singapore
S104368,2025-05-01,Tablet,1,UK
S104369,2023-08-22,Tablet,3,India
S104370,2024-09-16,Mobile,8,Australia
S104371,2025-06-02,Mobile,8,Australia
S104372,2023-08-14,Desktop,5,USA
S104373,2024-06-06,Mobile,0,India
S104374,2023-10-19,Tablet,5,USA
S104375,2025-05-19,Mobile,0,Australia
S104376,2023-03-03,Desktop,0,Canada
S104377,2024-06-01,Mobile,1,Australia
S104378,2024-09-12,Desktop,5,Australia
S104379,2024-07-17,Desktop,8,USA
S104380,2025-12-27,Mobile,4,Canada
S104381,2024-10-01,Tablet,6,Singapore
S104382,2023-11-29,Desktop,4,Australia
S104383,2025-12-21,Tablet,0,USA
S104384,2023-07-16,Tablet,7,USA
S104385,2024-09-01,Mobile,8,USA
S104386,2024-03-27,Tablet,3,Australia
S104387,2024-08-21,Desktop,0,Singapore
S104388,2024-01-10,Desktop,5,India
S104389,2022-05-15,Tablet,2,Singapore
S104390,2024-12-19,Tablet,0,Australia
S104391,2025-03-06,Desktop,0,UK
S104392,2024-07-26,Desktop,4,Singapore
S104393,2022-06-01,Tablet,7,Germany
S104394,2025-10-18,Tablet,4,Germany
S104395,2023-06-07,Tablet,1,India
S104396,2025-05-23,Mobile,7,India
S104397,2023-04-17,Mobile,4,Singapore
S104398,2026-04-11,Tablet,3,UK
S104399,2022-08-16,Tablet,8,Australia
S104400,2023-04-12,Mobile,7,USA
S104401,2022-02-26,Tablet,0,India
S104402,2025-10-22,Desktop,8,USA
S104403,2022-11-20,Mobile,0,UK
S104404,2022-07-18,Mobile,4,Singapore
S104405,2025-04-21,Mobile,6,Singapore
S104406,2023-08-05,Desktop,0,USA
S104407,2024-08-19,Desktop,2,UK
S104408,2023-09-14,Desktop,7,Canada
S104409,2023-11-03,Mobile,7,Australia
S104410,2022-08-19,Mobile,5,Germany
S104411,2024-12-28,Mobile,8,Australia
S104412,2024-07-06,Mobile,1,USA
S104413,2025-06-05,Mobile,1,India
S104414,2026-07-19,Mobile,8,Australia
S104415,2022-10-12,Mobile,2,Australia
S104416,2022-08-04,Desktop,2,Canada
S104417,2024-08-26,Mobile,0,UK
S104418,2025-05-30,Tablet,1,USA
S104419,2022-05-20,Mobile,3,Canada
S104420,2024-06-18,Tablet,2,Canada
S104421,2025-12-27,Mobile,4,Singapore
S104422,2024-12-05,Desktop,3,USA
S104423,2024-06-28,Tablet,7,UK
S104424,2024-09-27,Desktop,5,Germany
S104425,2022-08-29,Mobile,8,India
S104426,2024-02-25,Desktop,7,India
S104427,2022-08-10,Desktop,4,Singapore
S104428,2023-12-15,Mobile,4,Canada
S104429,2022-03-04,Mobile,3,India
S104430,2022-07-29,Desktop,4,Canada
S104431,2024-07-04,Mobile,5,Singapore
S104432,2024-09-15,Desktop,5,Singapore
S104433,2023-05-25,Mobile,6,USA
S104434,2025-12-10,Desktop,5,USA
S104435,2024-02-01,Desktop,1,Canada
S104436,2024-07-19,Desktop,6,UK
S104437,2022-01-22,Desktop,8,Australia
S104438,2023-04-25,Tablet,7,UK
S104439,2023-06-15,Desktop,0,Germany
S104440,2023-07-23,Desktop,3,India
S104441,2026-05-01,Desktop,0,Singapore
S104442,2023-02-09,Mobile,1,Canada
S104443,2025-06-20,Desktop,5,Canada
S104444,2023-11-19,Tablet,1,USA
S104445,2025-02-26,Mobile,8,Canada
S104446,2023-11-12,Tablet,7,Canada
S104447,2026-03-31,Mobile,7,India
S104448,2023-09-10,Mobile,2,Germany
S104449,2022-04-15,Mobile,5,India
S104450,2026-01-14,Mobile,8,India
S104451,2022-08-23,Tablet,5,USA
S104452,2024-12-13,Desktop,3,India
S104453,2022-07-16,Tablet,6,Singapore
S104454,2022-01-12,Tablet,0,Canada
S104455,2022-05-18,Mobile,2,Australia
S104456,2026-03-20,Tablet,5,Australia
S104457,2026-06-16,Desktop,0,Australia
S104458,2022-02-26,Desktop,7,UK
S104459,2025-09-13,Mobile,5,UK
S104460,2024-04-26,Tablet,3,USA
S104461,2024-10-08,Mobile,0,Australia
S104462,2022-01-16,Tablet,6,Singapore
S104463,2023-12-15,Mobile,5,India
S104464,2025-03-04,Mobile,1,Australia
S104465,2024-04-13,Tablet,5,Germany
S104466,2023-07-15,Desktop,4,USA
S104467,2024-03-18,Mobile,5,Singapore
S104468,2024-03-05,Tablet,5,Australia
S104469,2022-04-08,Tablet,6,Singapore
S104470,2026-02-15,Desktop,1,Germany
S104471,2022-12-07,Tablet,1,Germany
S104472,2026-07-10,Desktop,6,USA
S104473,2025-12-27,Desktop,7,USA
S104474,2024-01-13,Tablet,1,Canada
S104475,2022-01-15,Tablet,2,Germany
S104476,2024-05-23,Desktop,8,USA
S104477,2025-01-09,Tablet,6,Singapore
S104478,2025-07-07,Mobile,2,Canada
S104479,2026-01-13,Mobile,6,Singapore
S104480,2024-06-15,Desktop,8,Australia
S104481,2022-05-01,Tablet,2,Canada
S104482,2025-03-23,Tablet,6,Germany
S104483,2025-07-15,Mobile,2,Singapore
S104484,2022-10-05,Tablet,6,USA
S104485,2023-12-03,Mobile,7,Australia
S104486,2022-11-29,Mobile,5,Australia
S104487,2022-08-26,Desktop,6,UK
S104488,2025-12-22,Tablet,7,UK
S104489,2022-04-22,Desktop,3,Singapore
S104490,2023-09-10,Mobile,5,Canada
S104491,2022-07-12,Tablet,1,UK
S104492,2026-07-30,Desktop,1,Singapore
S104493,2025-01-08,Mobile,5,Canada
S104494,2025-11-07,Mobile,0,USA
S104495,2025-04-04,Mobile,4,Germany
S104496,2023-10-20,Mobile,6,India
S104497,2023-01-11,Desktop,3,Australia
S104498,2025-08-14,Tablet,5,India
S104499,2024-10-16,Mobile,5,Australia
S104500,2024-08-05,Tablet,6,India
S104501,2024-01-16,Desktop,6,USA
S104502,2024-01-10,Mobile,6,UK
S104503,2024-12-22,Tablet,2,Canada
S104504,2025-05-27,Desktop,0,UK
S104505,2023-11-01,Tablet,8,Canada
S104506,2026-04-04,Tablet,2,Canada
S104507,2025-04-11,Desktop,7,Germany
S104508,2022-10-18,Mobile,2,UK
S104509,2022-01-18,Desktop,5,Germany
S104510,2024-09-12,Desktop,2,UK
S104511,2023-08-16,Desktop,4,Germany
S104512,2025-12-18,Desktop,6,Germany
S104513,2022-09-24,Tablet,3,Germany
S104514,2026-06-11,Tablet,4,India
S104515,2022-05-04,Mobile,2,Germany
S104516,2024-04-29,Tablet,0,UK
S104517,2024-05-13,Desktop,0,Singapore
S104518,2025-06-22,Desktop,5,UK
S104519,2024-05-14,Tablet,7,Germany
S104520,2024-01-09,Desktop,3,Singapore
S104521,2025-04-06,Tablet,1,India
S104522,2023-12-02,Desktop,3,India
S104523,2025-01-10,Mobile,0,India
S104524,2026-06-30,Tablet,6,Canada
S104525,2022-08-13,Mobile,8,India
S104526,2022-12-31,Desktop,1,Germany
S104527,2024-12-01,Tablet,4,Germany
S104528,2023-12-13,Desktop,7,Australia
S104529,2025-05-03,Desktop,3,Australia
S104530,2022-08-25,Mobile,7,Germany
S104531,2023-06-15,Desktop,5,Australia
S104532,2024-08-14,Desktop,3,India
S104533,2024-05-05,Mobile,6,Canada
S104534,2023-06-07,Mobile,7,Germany
S104535,2026-04-15,Desktop,2,Canada
S104536,2022-08-26,Mobile,2,Australia
S104537,2025-06-24,Mobile,6,Australia
S104538,2026-03-19,Tablet,2,Australia
S104539,2024-08-09,Desktop,4,Australia
S104540,2023-06-13,Mobile,2,Australia
S104541,2025-03-29,Desktop,2,Germany
S104542,2024-06-02,Desktop,8,UK
S104543,2024-01-21,Mobile,5,Australia
S104544,2026-06-13,Tablet,4,USA
S104545,2026-02-18,Desktop,0,Australia
S104546,2023-11-22,Mobile,6,Germany
S104547,2022-03-19,Desktop,8,Germany
S104548,2022-01-07,Mobile,8,Canada
S104549,2022-11-19,Tablet,8,Singapore
S104550,2026-02-11,Mobile,7,Singapore
S104551,2024-03-04,Mobile,4,India
S104552,2023-02-01,Desktop,5,Germany
S104553,2023-03-01,Tablet,6,Singapore
S104554,2024-06-01,Desktop,3,Australia
S104555,2024-06-08,Desktop,1,Australia
S104556,2024-09-13,Tablet,4,USA
S104557,2023-10-25,Desktop,7,Singapore
S104558,2022-07-13,Desktop,3,Australia
S104559,2024-02-23,Tablet,6,Australia
S104560,2024-09-15,Desktop,2,Germany
S104561,2022-06-29,Mobile,5,Australia
S104562,2025-03-23,Desktop,1,Singapore
S104563,2022-06-11,Mobile,2,UK
S104564,2024-09-29,Mobile,3,Singapore
S104565,2022-01-31,Tablet,7,Canada
S104566,2022-02-27,Desktop,7,USA
S104567,2026-01-06,Tablet,2,Australia
S104568,2024-12-02,Tablet,7,Canada
S104569,2025-10-01,Desktop,2,Singapore
S104570,2024-06-24,Tablet,0,India
S104571,2025-02-14,Mobile,4,India
S104572,2024-07-03,Desktop,6,India
S104573,2025-06-21,Mobile,0,Germany
S104574,2025-03-03,Tablet,0,Australia
S104575,2025-12-20,Mobile,2,UK
S104576,2026-04-29,Tablet,7,Canada
S104577,2023-05-29,Mobile,4,USA
S104578,2024-09-01,Mobile,6,Germany
S104579,2024-08-05,Tablet,8,Germany
S104580,2023-05-07,Tablet,1,USA
S104581,2022-02-20,Tablet,4,Canada
S104582,2025-03-05,Mobile,6,Singapore
S104583,2024-11-02,Mobile,5,UK
S104584,2024-08-02,Desktop,3,Singapore
S104585,2025-06-05,Tablet,0,USA
S104586,2024-07-21,Tablet,8,UK
S104587,2026-04-22,Mobile,1,Singapore
S104588,2022-07-31,Mobile,1,India
S104589,2023-05-09,Desktop,6,Germany
S104590,2023-10-10,Desktop,2,India
S104591,2024-12-28,Tablet,4,USA
S104592,2025-02-06,Tablet,4,Canada
S104593,2024-08-05,Desktop,2,UK
S104594,2026-05-23,Mobile,0,India
S104595,2023-03-20,Mobile,3,UK
S104596,2025-12-19,Mobile,2,Canada
S104597,2023-07-06,Tablet,7,UK
S104598,2025-03-05,Desktop,0,India
S104599,2023-05-26,Tablet,6,USA
S104600,2024-11-14,Desktop,2,Canada
S104601,2022-10-04,Tablet,7,Germany
S104602,2024-04-30,Desktop,0,India
S104603,2022-09-24,Mobile,0,Australia
S104604,2023-07-13,Tablet,7,Singapore
S104605,2024-02-22,Tablet,4,Australia
S104606,2023-07-11,Mobile,5,Germany
S104607,2025-11-22,Mobile,3,Singapore
S104608,2024-07-12,Desktop,0,Canada
S104609,2024-08-07,Mobile,2,UK
S104610,2023-08-06,Desktop,5,Australia
S104611,2023-11-07,Tablet,8,Australia
S104612,2026-06-06,Mobile,7,India
S104613,2024-03-30,Tablet,4,UK
S104614,2022-10-22,Tablet,8,USA
S104615,2026-07-09,Tablet,1,India
S104616,2025-02-06,Mobile,3,Canada
S104617,2023-05-22,Tablet,1,Australia
S104618,2024-04-28,Mobile,1,Singapore
S104619,2022-05-29,Desktop,1,India
S104620,2023-02-23,Tablet,2,USA
S104621,2024-01-22,Tablet,8,Germany
S104622,2023-12-16,Desktop,6,Singapore
S104623,2024-11-17,Desktop,1,Singapore
S104624,2023-04-28,Tablet,1,UK
S104625,2025-11-24,Tablet,1,India
S104626,2022-09-05,Desktop,1,Singapore
S104627,2024-07-08,Mobile,8,UK
S104628,2024-02-29,Desktop,6,USA
S104629,2025-03-22,Mobile,0,USA
S104630,2023-06-18,Mobile,8,Germany
S104631,2023-11-24,Tablet,8,UK
S104632,2024-08-20,Mobile,2,Germany
S104633,2022-08-26,Tablet,5,UK
S104634,2023-09-24,Desktop,0,India
S104635,2025-03-06,Desktop,7,India
S104636,2026-06-19,Tablet,1,Germany
S104637,2023-09-25,Tablet,4,India
S104638,2023-07-12,Desktop,7,Germany
S104639,2022-07-15,Tablet,7,USA
S104640,2025-02-10,Mobile,2,Canada
S104641,2022-12-27,Mobile,0,Australia
S104642,2023-12-05,Mobile,1,India
S104643,2025-04-08,Mobile,4,Singapore
S104644,2025-10-14,Desktop,1,Canada
S104645,2022-11-28,Desktop,6,Singapore
S104646,2023-07-18,Mobile,0,Germany
S104647,2022-07-10,Desktop,5,Australia
S104648,2025-01-12,Tablet,1,Singapore
S104649,2022-04-06,Mobile,6,Singapore
S104650,2025-11-08,Tablet,1,Germany
S104651,2026-07-21,Tablet,0,India
S104652,2024-06-03,Desktop,8,USA
S104653,2026-03-27,Desktop,7,Germany
S104654,2026-04-02,Desktop,4,Australia
S104655,2023-10-16,Desktop,8,Australia
S104656,2025-12-07,Tablet,3,Germany
S104657,2025-11-07,Tablet,8,Singapore
S104658,2025-05-27,Tablet,8,USA
S104659,2023-10-24,Desktop,2,Germany
S104660,2023-05-19,Desktop,3,Singapore
S104661,2023-03-25,Mobile,8,Canada
S104662,2025-03-12,Mobile,3,Singapore
S104663,2023-10-02,Desktop,8,UK
S104664,2025-01-24,Desktop,0,India
S104665,2025-04-22,Desktop,4,Australia
S104666,2024-09-12,Mobile,6,USA
S104667,2026-06-30,Tablet,8,Canada
S104668,2023-03-18,Tablet,0,Australia
S104669,2023-09-19,Desktop,0,Canada
S104670,2023-05-13,Desktop,8,Germany
S104671,2023-09-11,Desktop,1,UK
S104672,2025-12-03,Tablet,3,Australia
S104673,2024-05-05,Tablet,3,Canada
S104674,2023-11-19,Desktop,7,UK
S104675,2025-11-16,Mobile,3,Singapore
S104676,2026-04-25,Tablet,0,USA
S104677,2022-10-09,Desktop,4,USA
S104678,2025-04-28,Mobile,7,India
S104679,2025-09-03,Mobile,2,Canada
S104680,2024-06-01,Desktop,5,India
S104681,2023-08-04,Desktop,4,India
S104682,2022-03-14,Tablet,8,Singapore
S104683,2023-05-05,Mobile,2,Canada
S104684,2025-05-18,Tablet,8,India
S104685,2022-08-14,Mobile,7,India
S104686,2022-04-08,Tablet,7,Canada
S104687,2024-03-22,Tablet,4,India
S104688,2023-12-10,Desktop,6,Canada
S104689,2026-07-05,Mobile,4,UK
S104690,2022-02-13,Mobile,0,India
S104691,2023-07-17,Mobile,6,India
S104692,2022-01-04,Tablet,2,Singapore
S104693,2025-10-18,Mobile,5,Australia
S104694,2022-06-22,Mobile,6,India
S104695,2025-05-26,Tablet,3,Canada
S104696,2025-06-23,Desktop,0,Australia
S104697,2024-02-25,Tablet,0,Canada
S104698,2023-10-07,Mobile,3,UK
S104699,2022-01-28,Tablet,3,UK
S104700,2025-06-28,Mobile,7,UK
S104701,2022-02-08,Mobile,3,UK
S104702,2024-03-24,Tablet,4,Canada
S104703,2022-06-18,Desktop,4,Australia
S104704,2023-12-02,Tablet,7,USA
S104705,2024-05-11,Mobile,2,USA
S104706,2023-08-11,Desktop,2,Australia
S104707,2024-01-23,Mobile,4,Canada
S104708,2025-10-01,Desktop,1,Germany
S104709,2023-10-18,Desktop,8,USA
S104710,2022-08-04,Desktop,6,USA
S104711,2023-03-21,Desktop,7,Germany
S104712,2022-04-13,Mobile,2,Singapore
S104713,2023-06-11,Desktop,7,Singapore
S104714,2025-02-28,Desktop,2,Australia
S104715,2023-10-25,Desktop,5,Singapore
S104716,2026-01-29,Mobile,8,Australia
S104717,2022-12-30,Tablet,1,Singapore
S104718,2023-10-18,Mobile,5,Germany
S104719,2026-06-28,Desktop,0,Singapore
S104720,2024-02-25,Tablet,2,Canada
S104721,2026-03-16,Desktop,7,Singapore
S104722,2023-04-02,Tablet,6,USA
S104723,2022-05-23,Mobile,2,UK
S104724,2024-10-13,Tablet,2,Canada
S104725,2024-01-09,Desktop,2,Canada
S104726,2026-05-05,Tablet,4,India
S104727,2022-05-10,Desktop,4,Germany
S104728,2024-06-29,Desktop,4,Singapore
S104729,2023-09-13,Tablet,3,UK
S104730,2023-01-03,Mobile,6,India
S104731,2022-05-10,Tablet,5,Singapore
S104732,2022-09-14,Tablet,6,Canada
S104733,2025-06-07,Mobile,8,India
S104734,2025-03-01,Tablet,3,Singapore
S104735,2023-05-09,Desktop,7,USA
S104736,2025-07-22,Desktop,0,India
S104737,2022-09-04,Tablet,7,Canada
S104738,2023-06-02,Desktop,1,Canada
S104739,2023-06-19,Mobile,8,Canada
S104740,2026-04-12,Desktop,5,Singapore
S104741,2023-03-28,Mobile,4,Canada
S104742,2025-02-13,Tablet,7,Germany
S104743,2026-07-21,Desktop,2,India
S104744,2023-10-15,Tablet,2,Germany
S104745,2024-11-01,Mobile,2,Germany
S104746,2024-08-17,Tablet,1,USA
S104747,2022-04-05,Tablet,5,Germany
S104748,2023-09-12,Tablet,7,UK
S104749,2024-05-29,Mobile,1,India
S104750,2024-06-29,Mobile,1,UK
S104751,2022-12-08,Tablet,2,Singapore
S104752,2026-06-08,Desktop,0,UK
S104753,2022-07-03,Mobile,8,Australia
S104754,2022-07-06,Mobile,5,Germany
S104755,2026-06-26,Desktop,1,Canada
S104756,2025-05-21,Mobile,7,Germany
S104757,2024-06-12,Desktop,1,USA
S104758,2025-02-20,Mobile,0,Singapore
S104759,2024-03-11,Tablet,2,UK
S104760,2023-02-21,Tablet,2,USA
S104761,2026-07-27,Tablet,6,Australia
S104762,2025-01-18,Tablet,2,UK
S104763,2023-03-05,Desktop,6,Germany
S104764,2024-01-22,Mobile,0,Singapore
S104765,2023-07-06,Tablet,8,UK
S104766,2026-04-28,Mobile,4,Australia
S104767,2025-01-14,Desktop,5,USA
S104768,2023-09-13,Tablet,5,UK
S104769,2022-02-04,Mobile,1,Australia
S104770,2023-03-21,Desktop,0,Canada
S104771,2023-07-01,Desktop,1,Germany
S104772,2024-03-04,Desktop,3,USA
S104773,2022-05-04,Tablet,0,Canada
S104774,2025-11-03,Mobile,8,India
S104775,2024-10-09,Mobile,8,Canada
S104776,2022-05-19,Mobile,7,Australia
S104777,2025-06-04,Tablet,7,Germany
S104778,2026-02-05,Desktop,5,USA
S104779,2022-03-16,Desktop,4,Germany
S104780,2022-06-16,Mobile,7,Germany
S104781,2024-02-14,Tablet,5,Canada
S104782,2026-05-26,Mobile,2,Australia
S104783,2023-12-09,Mobile,1,Canada
S104784,2025-03-30,Desktop,1,USA
S104785,2022-08-24,Tablet,4,India
S104786,2025-12-27,Mobile,8,Australia
S104787,2023-02-12,Desktop,7,India
S104788,2026-05-26,Mobile,6,Australia
S104789,2022-09-07,Desktop,5,UK
S104790,2022-01-12,Desktop,3,India
S104791,2025-02-09,Desktop,8,India
S104792,2023-09-14,Tablet,5,UK
S104793,2026-04-28,Mobile,0,Canada
S104794,2025-11-12,Desktop,2,Canada
S104795,2026-04-03,Mobile,8,Germany
S104796,2024-11-14,Mobile,7,UK
S104797,2024-12-09,Tablet,1,USA
S104798,2025-02-07,Desktop,1,USA
S104799,2024-10-20,Mobile,3,Australia
S104800,2026-03-26,Mobile,7,India
S104801,2023-11-01,Mobile,1,Singapore
S104802,2026-03-03,Desktop,0,UK
S104803,2025-06-08,Desktop,6,Germany
S104804,2025-09-01,Mobile,2,Canada
S104805,2022-06-10,Tablet,2,Germany
S104806,2026-06-17,Desktop,6,Australia
S104807,2026-04-23,Desktop,3,UK
S104808,2022-12-29,Mobile,6,Germany
S104809,2025-11-30,Mobile,1,USA
S104810,2025-11-30,Desktop,7,Canada
S104811,2023-04-29,Desktop,8,Germany
S104812,2024-05-04,Desktop,0,Singapore
S104813,2025-05-29,Desktop,7,UK
S104814,2024-01-05,Tablet,4,Germany
S104815,2024-09-20,Desktop,6,Australia
S104816,2024-06-19,Mobile,0,Australia
S104817,2025-02-24,Mobile,7,India
S104818,2026-05-29,Mobile,4,Germany
S104819,2025-02-09,Tablet,0,Germany
S104820,2024-08-25,Desktop,5,UK
S104821,2024-01-13,Desktop,4,India
S104822,2024-11-14,Tablet,0,Germany
S104823,2024-02-01,Tablet,4,India
S104824,2025-01-09,Desktop,7,UK
S104825,2023-03-16,Tablet,4,Singapore
S104826,2022-09-17,Desktop,4,Singapore
S104827,2023-08-20,Mobile,3,USA
S104828,2023-06-19,Desktop,8,Germany
S104829,2022-06-01,Tablet,6,India
S104830,2024-01-05,Desktop,8,Canada
S104831,2022-09-24,Mobile,1,Singapore
S104832,2025-04-01,Tablet,1,India
S104833,2025-12-08,Desktop,6,Singapore
S104834,2026-02-28,Desktop,7,India
S104835,2025-07-25,Desktop,6,UK
S104836,2023-02-27,Tablet,4,India
S104837,2025-12-04,Desktop,7,Australia
S104838,2023-09-12,Desktop,1,Germany
S104839,2025-06-01,Mobile,5,USA
S104840,2023-11-29,Desktop,2,India
S104841,2026-07-03,Tablet,2,Canada
S104842,2022-12-17,Desktop,0,USA
S104843,2026-02-22,Mobile,8,Australia
S104844,2025-09-23,Desktop,8,Canada
S104845,2024-10-02,Tablet,5,India
S104846,2025-12-13,Desktop,4,USA
S104847,2024-03-27,Mobile,0,USA
S104848,2024-09-06,Mobile,1,Germany
S104849,2025-12-24,Tablet,6,Canada
S104850,2025-08-26,Mobile,2,USA
S104851,2025-01-01,Mobile,6,India
S104852,2023-05-13,Desktop,5,India
S104853,2022-09-12,Mobile,1,India
S104854,2024-12-17,Tablet,8,India
S104855,2024-02-11,Tablet,2,Australia
S104856,2022-06-08,Tablet,7,India
S104857,2024-12-20,Tablet,3,Australia
S104858,2024-11-19,Desktop,8,Australia
S104859,2022-10-30,Tablet,8,USA
S104860,2024-07-16,Mobile,3,USA
S104861,2025-07-11,Desktop,3,Singapore
S104862,2025-10-15,Desktop,7,India
S104863,2022-01-03,Mobile,2,Singapore
S104864,2022-03-31,Mobile,7,Germany
S104865,2024-08-16,Desktop,1,Germany
S104866,2026-04-17,Tablet,3,Australia
S104867,2022-06-25,Desktop,2,Canada
S104868,2024-01-06,Mobile,3,Singapore
S104869,2025-11-05,Tablet,6,Singapore
S104870,2026-03-06,Mobile,3,India
S104871,2026-01-11,Tablet,4,Canada
S104872,2022-01-07,Tablet,8,USA
S104873,2024-05-07,Desktop,1,Germany
S104874,2024-11-13,Desktop,3,India
S104875,2023-03-02,Desktop,8,Canada
S104876,2026-01-17,Mobile,3,Canada
S104877,2022-10-11,Mobile,8,Singapore
S104878,2022-05-31,Mobile,2,UK
S104879,2024-06-01,Mobile,2,Australia
S104880,2024-01-13,Mobile,8,Australia
S104881,2026-06-25,Mobile,4,Singapore
S104882,2025-04-15,Desktop,5,Canada
S104883,2025-08-14,Tablet,3,Singapore
S104884,2025-04-12,Desktop,5,Australia
S104885,2022-11-16,Desktop,6,India
S104886,2022-07-27,Desktop,6,Australia
S104887,2023-07-23,Tablet,3,UK
S104888,2023-09-27,Mobile,3,Germany
S104889,2023-04-03,Tablet,6,Australia
S104890,2022-06-07,Tablet,7,Canada
S104891,2025-07-31,Tablet,0,Canada
S104892,2023-03-17,Tablet,7,USA
S104893,2022-05-16,Tablet,6,India
S104894,2024-11-23,Mobile,0,USA
S104895,2023-06-08,Mobile,8,Canada
S104896,2024-04-27,Mobile,6,Singapore
S104897,2023-07-18,Mobile,4,Singapore
S104898,2025-03-07,Tablet,5,Singapore
S104899,2026-04-05,Tablet,3,UK
S104900,2022-02-14,Mobile,7,Germany
S104901,2025-03-29,Desktop,2,Singapore
S104902,2022-05-06,Tablet,2,USA
S104903,2023-02-16,Mobile,6,Singapore
S104904,2026-05-01,Tablet,4,USA
S104905,2026-07-26,Mobile,2,Singapore
S104906,2022-03-03,Mobile,5,Singapore
S104907,2024-06-24,Desktop,1,India
S104908,2022-05-31,Tablet,1,Singapore
S104909,2024-04-18,Mobile,4,Singapore
S104910,2026-02-11,Desktop,7,UK
S104911,2023-12-18,Mobile,3,Singapore
S104912,2025-11-23,Tablet,1,Germany
S104913,2023-02-05,Mobile,6,Australia
S104914,2023-03-21,Desktop,5,Germany
S104915,2024-03-27,Desktop,8,Canada
S104916,2023-06-02,Mobile,8,India
S104917,2022-11-02,Tablet,0,Germany
S104918,2024-06-11,Mobile,5,Canada
S104919,2025-07-01,Mobile,5,Germany
S104920,2022-11-27,Desktop,7,UK
S104921,2025-09-10,Tablet,1,Canada
S104922,2024-02-10,Tablet,2,Germany
S104923,2022-02-27,Tablet,5,Australia
S104924,2024-03-02,Mobile,6,Australia
S104925,2025-04-22,Mobile,1,USA
S104926,2024-10-01,Mobile,4,Germany
S104927,2025-01-17,Mobile,1,Canada
S104928,2022-08-21,Tablet,7,Australia
S104929,2024-08-31,Mobile,7,Canada
S104930,2024-04-29,Desktop,7,Canada
S104931,2022-06-22,Mobile,1,USA
S104932,2023-12-30,Mobile,2,Australia
S104933,2023-02-17,Tablet,7,USA
S104934,2023-11-14,Tablet,7,Canada
S104935,2026-03-21,Tablet,7,India
S104936,2025-07-07,Mobile,2,UK
S104937,2024-09-27,Mobile,8,Singapore
S104938,2024-07-14,Tablet,3,Canada
S104939,2023-03-18,Tablet,1,India
S104940,2026-03-13,Mobile,7,Singapore
S104941,2023-03-11,Desktop,1,UK
S104942,2025-03-17,Mobile,0,Germany
S104943,2024-05-22,Tablet,0,Canada
S104944,2023-03-16,Mobile,4,India
S104945,2022-04-07,Tablet,1,UK
S104946,2026-06-22,Mobile,2,Germany
S104947,2023-03-12,Desktop,5,Germany
S104948,2025-08-29,Mobile,6,USA
S104949,2026-05-19,Desktop,3,Singapore
S104950,2025-08-19,Desktop,6,Singapore
S104951,2022-05-11,Mobile,1,Canada
S104952,2022-02-04,Desktop,6,Germany
S104953,2022-09-08,Mobile,0,Singapore
S104954,2022-09-22,Tablet,3,Australia
S104955,2025-06-18,Mobile,5,USA
S104956,2023-03-02,Desktop,5,India
S104957,2024-06-21,Desktop,1,Australia
S104958,2026-06-12,Desktop,6,UK
S104959,2026-03-01,Desktop,4,Singapore
S104960,2023-11-06,Desktop,0,UK
S104961,2022-03-22,Mobile,8,Canada
S104962,2022-12-28,Tablet,6,UK
S104963,2024-05-22,Tablet,1,Canada
S104964,2026-05-08,Desktop,5,India
S104965,2025-12-28,Desktop,1,India
S104966,2022-01-22,Tablet,0,Canada
S104967,2025-09-21,Tablet,7,USA
S104968,2026-01-01,Desktop,0,Singapore
S104969,2022-10-14,Tablet,7,Australia
S104970,2023-04-13,Desktop,1,Singapore
S104971,2024-03-29,Mobile,8,Singapore
S104972,2023-06-29,Mobile,0,Australia
S104973,2025-11-04,Mobile,4,India
S104974,2026-01-20,Tablet,4,Canada
S104975,2024-01-09,Tablet,4,Canada
S104976,2023-04-19,Tablet,5,USA
S104977,2024-05-28,Tablet,0,USA
S104978,2023-04-14,Mobile,5,UK
S104979,2023-06-21,Tablet,5,India
S104980,2022-10-23,Mobile,0,USA
S104981,2022-04-07,Mobile,0,Germany
S104982,2025-11-07,Mobile,3,India
S104983,2025-06-01,Desktop,8,UK
S104984,2023-01-25,Tablet,4,UK
S104985,2022-11-19,Tablet,4,Singapore
S104986,2026-03-09,Tablet,2,India
S104987,2024-02-05,Desktop,3,USA
S104988,2024-12-31,Mobile,3,USA
S104989,2026-04-10,Mobile,5,Canada
S104990,2024-05-28,Mobile,5,Canada
S104991,2022-06-07,Tablet,5,Canada
S104992,2024-09-22,Mobile,4,USA
S104993,2024-04-18,Desktop,0,Australia
S104994,2025-12-28,Desktop,1,USA
S104995,2026-07-26,Tablet,5,UK
S104996,2025-07-22,Tablet,7,Canada
S104997,2026-07-25,Tablet,8,USA
S104998,2024-03-12,Mobile,4,Singapore
S104999,2023-12-02,Tablet,6,UK
S105000,2025-03-18,Mobile,5,Germany
S105001,2024-09-12,Mobile,5,Singapore
S105002,2026-03-25,Mobile,2,Singapore
S105003,2026-01-13,Mobile,3,Canada
S105004,2023-12-10,Tablet,6,Germany
S105005,2025-06-27,Tablet,7,India
S105006,2023-09-10,Desktop,0,Singapore
S105007,2023-04-21,Tablet,8,Germany
S105008,2024-08-12,Tablet,1,Singapore
S105009,2025-12-18,Desktop,5,Germany
S105010,2026-05-25,Desktop,3,UK
S105011,2024-11-24,Mobile,6,India
S105012,2023-09-19,Mobile,7,USA
S105013,2026-01-17,Tablet,1,UK
S105014,2024-08-26,Desktop,7,USA
S105015,2023-11-05,Tablet,4,Singapore
S105016,2025-06-17,Mobile,3,USA
S105017,2023-01-25,Tablet,8,Canada
S105018,2022-03-27,Tablet,5,Germany
S105019,2022-10-17,Mobile,7,Singapore
S105020,2026-01-08,Mobile,8,Singapore
S105021,2022-11-13,Desktop,8,USA
S105022,2022-05-29,Tablet,6,Australia
S105023,2025-07-24,Tablet,2,USA
S105024,2025-02-05,Desktop,1,USA
S105025,2025-12-31,Mobile,2,Australia
S105026,2025-05-14,Desktop,1,Australia
S105027,2023-11-28,Tablet,8,USA
S105028,2024-12-24,Desktop,5,USA
S105029,2025-04-09,Desktop,4,Germany
S105030,2024-04-07,Desktop,8,USA
S105031,2022-07-08,Tablet,4,Germany
S105032,2023-11-03,Mobile,7,Singapore
S105033,2024-11-04,Tablet,5,India
S105034,2023-02-27,Desktop,1,USA
S105035,2026-04-19,Tablet,8,UK
S105036,2022-02-07,Mobile,1,India
S105037,2025-03-07,Tablet,7,Australia
S105038,2024-08-18,Desktop,6,Canada
S105039,2026-06-08,Desktop,0,Germany
S105040,2025-10-10,Mobile,2,India
S105041,2022-10-14,Desktop,1,USA
S105042,2023-05-28,Tablet,0,UK
S105043,2023-12-17,Desktop,6,India
S105044,2022-05-19,Tablet,6,UK
S105045,2024-05-11,Tablet,1,USA
S105046,2024-08-24,Desktop,5,Singapore
S105047,2025-12-19,Tablet,4,India
S105048,2023-11-02,Tablet,5,UK
S105049,2025-07-23,Tablet,8,Canada
S105050,2024-11-16,Desktop,3,USA
S105051,2023-07-05,Mobile,6,Canada
S105052,2026-03-29,Tablet,4,India
S105053,2023-10-08,Desktop,4,Germany
S105054,2025-04-28,Mobile,4,Australia
S105055,2023-04-22,Mobile,7,USA
S105056,2025-10-09,Tablet,5,Singapore
S105057,2024-03-08,Mobile,1,Germany
S105058,2025-02-18,Tablet,5,Germany
S105059,2024-05-10,Mobile,0,Canada
S105060,2022-10-06,Tablet,8,USA
S105061,2023-03-14,Desktop,5,India
S105062,2023-09-04,Mobile,3,Germany
S105063,2026-02-04,Tablet,0,Singapore
S105064,2023-12-27,Tablet,8,Canada
S105065,2026-07-01,Mobile,5,Germany
S105066,2026-05-15,Desktop,7,Germany
S105067,2024-09-10,Tablet,0,Canada
S105068,2022-09-13,Mobile,2,Australia
S105069,2025-09-29,Desktop,1,UK
S105070,2022-01-28,Mobile,3,USA
S105071,2023-08-25,Tablet,7,Singapore
S105072,2026-07-12,Mobile,5,India
S105073,2023-08-09,Mobile,2,Australia
S105074,2026-07-31,Mobile,5,Canada
S105075,2026-05-07,Desktop,2,Canada
S105076,2022-02-24,Desktop,3,Singapore
S105077,2025-11-04,Desktop,6,Canada
S105078,2025-10-08,Mobile,7,Singapore
S105079,2024-02-05,Tablet,4,Canada
S105080,2024-06-30,Desktop,4,UK
S105081,2023-07-04,Desktop,3,Singapore
S105082,2023-11-04,Desktop,5,Canada
S105083,2025-05-06,Tablet,7,Singapore
S105084,2024-09-08,Mobile,5,Germany
S105085,2022-02-20,Tablet,5,USA
S105086,2023-01-20,Desktop,1,Canada
S105087,2022-11-26,Tablet,5,Australia
S105088,2025-07-24,Tablet,5,Canada
S105089,2024-04-19,Tablet,5,Canada
S105090,2024-11-10,Mobile,7,Singapore
S105091,2022-12-16,Desktop,0,India
S105092,2025-03-23,Tablet,8,Germany
S105093,2025-12-01,Tablet,7,Australia
S105094,2024-04-23,Tablet,6,Canada
S105095,2022-09-06,Desktop,2,Germany
S105096,2023-07-22,Mobile,0,Singapore
S105097,2024-02-29,Mobile,0,USA
S105098,2023-05-24,Desktop,7,UK
S105099,2022-05-22,Mobile,5,USA
S105100,2026-01-26,Tablet,1,Singapore
S105101,2026-06-08,Desktop,7,Singapore
S105102,2022-06-13,Mobile,4,USA
S105103,2024-03-14,Tablet,4,India
S105104,2022-11-03,Mobile,8,Germany
S105105,2025-01-28,Desktop,2,Singapore
S105106,2024-03-08,Mobile,0,Singapore
S105107,2026-05-17,Mobile,6,India
S105108,2023-05-17,Desktop,7,UK
S105109,2022-10-10,Desktop,4,USA
S105110,2024-08-18,Mobile,7,Australia
S105111,2023-05-07,Desktop,7,Canada
S105112,2022-10-22,Desktop,3,Singapore
S105113,2022-09-15,Mobile,1,Singapore
S105114,2022-12-03,Tablet,5,Singapore
S105115,2023-06-06,Mobile,5,USA
S105116,2022-05-30,Tablet,2,Singapore
S105117,2025-12-12,Mobile,2,India
S105118,2025-08-03,Desktop,7,USA
S105119,2023-03-02,Desktop,5,Singapore
S105120,2025-06-24,Mobile,6,Canada
S105121,2025-07-16,Desktop,3,India
S105122,2022-01-26,Tablet,2,USA
S105123,2025-11-19,Tablet,0,Australia
S105124,2025-07-10,Tablet,7,Singapore
S105125,2025-05-04,Mobile,0,India
S105126,2022-02-13,Mobile,4,Canada
S105127,2023-02-17,Tablet,0,Canada
S105128,2026-01-20,Desktop,4,UK
S105129,2023-05-16,Desktop,6,USA
S105130,2022-12-02,Desktop,4,Australia
S105131,2023-11-01,Tablet,8,India
S105132,2022-09-03,Mobile,0,Canada
S105133,2022-07-01,Desktop,2,Canada
S105134,2022-08-07,Mobile,7,Singapore
S105135,2022-08-14,Tablet,6,India
S105136,2022-04-25,Tablet,6,Australia
S105137,2026-04-21,Desktop,4,USA
S105138,2025-09-29,Tablet,5,India
S105139,2026-05-11,Mobile,1,USA
S105140,2026-06-16,Mobile,8,Australia
S105141,2025-04-07,Mobile,3,USA
S105142,2024-08-15,Mobile,6,Canada
S105143,2024-04-04,Tablet,3,USA
S105144,2026-07-25,Mobile,5,Australia
S105145,2023-01-30,Mobile,0,Germany
S105146,2024-03-06,Tablet,1,Germany
S105147,2023-06-06,Tablet,4,Canada
S105148,2022-08-30,Mobile,3,India
S105149,2024-01-23,Tablet,5,Singapore
S105150,2022-09-20,Mobile,2,India
S105151,2025-02-13,Mobile,5,Australia
S105152,2025-05-28,Desktop,1,India
S105153,2022-10-24,Tablet,1,USA
S105154,2022-07-22,Desktop,7,Canada
S105155,2024-01-20,Desktop,4,Germany
S105156,2024-10-10,Desktop,1,India
S105157,2025-04-04,Mobile,6,UK
S105158,2024-05-16,Mobile,0,USA
S105159,2023-02-17,Tablet,5,Singapore
S105160,2024-06-19,Mobile,4,Singapore
S105161,2024-03-24,Desktop,1,Australia
S105162,2024-04-03,Desktop,4,UK
S105163,2024-12-29,Desktop,5,Canada
S105164,2022-02-19,Tablet,4,Australia
S105165,2022-04-06,Tablet,4,UK
S105166,2023-09-22,Tablet,0,USA
S105167,2023-03-08,Desktop,6,Canada
S105168,2025-12-06,Mobile,1,USA
S105169,2026-05-20,Desktop,0,UK
S105170,2026-03-30,Tablet,7,Canada
S105171,2026-06-30,Mobile,7,Germany
S105172,2024-04-04,Desktop,4,Canada
S105173,2025-10-12,Tablet,7,India
S105174,2024-02-15,Mobile,1,Germany
S105175,2023-02-04,Desktop,1,UK
S105176,2025-10-03,Mobile,5,Singapore
S105177,2023-04-29,Desktop,4,Germany
S105178,2026-03-29,Tablet,0,India
S105179,2023-08-13,Desktop,0,UK
S105180,2022-10-06,Mobile,8,Australia
S105181,2022-08-05,Tablet,2,India
S105182,2026-03-23,Desktop,7,Australia
S105183,2024-12-13,Mobile,5,UK
S105184,2022-03-13,Desktop,4,UK
S105185,2023-10-29,Desktop,6,Singapore
S105186,2024-01-20,Mobile,1,Singapore
S105187,2024-04-24,Mobile,5,UK
S105188,2024-03-29,Desktop,5,India
S105189,2023-12-21,Mobile,7,Germany
S105190,2024-07-07,Mobile,2,Germany
S105191,2024-11-09,Mobile,4,India
S105192,2023-11-13,Tablet,4,Singapore
S105193,2025-02-07,Tablet,8,India
S105194,2023-07-01,Desktop,0,UK
S105195,2024-05-20,Tablet,5,India
S105196,2022-08-20,Tablet,8,India
S105197,2025-10-25,Mobile,7,Singapore
S105198,2022-09-28,Mobile,0,Singapore
S105199,2026-07-15,Tablet,4,Singapore
S105200,2023-11-30,Tablet,8,Germany
S105201,2025-08-04,Tablet,3,UK
S105202,2025-07-02,Desktop,1,UK
S105203,2025-08-24,Tablet,6,India
S105204,2022-02-03,Desktop,3,Germany
S105205,2023-01-04,Mobile,1,USA
S105206,2022-02-12,Tablet,3,Australia
S105207,2026-01-03,Mobile,4,Singapore
S105208,2026-02-01,Tablet,1,Singapore
S105209,2023-06-15,Desktop,6,Australia
S105210,2022-12-31,Desktop,1,USA
S105211,2024-06-04,Mobile,0,Canada
S105212,2022-02-16,Mobile,7,UK
S105213,2025-07-20,Mobile,0,Germany
S105214,2022-02-11,Tablet,1,Germany
S105215,2022-11-25,Mobile,7,India
S105216,2025-10-20,Mobile,2,UK
S105217,2023-01-17,Tablet,8,Singapore
S105218,2022-06-22,Tablet,2,Australia
S105219,2023-12-03,Mobile,4,Australia
S105220,2022-01-29,Mobile,0,Canada
S105221,2025-03-25,Desktop,3,Singapore
S105222,2022-09-07,Tablet,3,Germany
S105223,2023-02-18,Mobile,1,Australia
S105224,2023-01-31,Tablet,2,Germany
S105225,2024-12-12,Mobile,2,India
S105226,2025-07-06,Mobile,0,India
S105227,2026-03-06,Tablet,6,Australia
S105228,2026-02-15,Tablet,3,Canada
S105229,2024-08-16,Mobile,5,Germany
S105230,2022-05-27,Tablet,0,Singapore
S105231,2024-08-17,Mobile,7,Australia
S105232,2023-09-10,Desktop,3,Germany
S105233,2024-09-18,Tablet,6,Germany
S105234,2024-05-08,Mobile,7,USA
S105235,2024-09-20,Desktop,2,Germany
S105236,2024-02-17,Desktop,2,India
S105237,2026-04-23,Desktop,7,Germany
S105238,2023-05-06,Mobile,7,UK
S105239,2025-01-07,Mobile,1,USA
S105240,2024-05-11,Desktop,2,Germany
S105241,2024-05-23,Desktop,7,Australia
S105242,2022-06-20,Desktop,6,UK
S105243,2025-09-10,Mobile,7,Singapore
S105244,2023-09-12,Tablet,4,UK
S105245,2022-02-19,Desktop,7,India
S105246,2023-04-12,Mobile,7,Singapore
S105247,2024-05-15,Tablet,0,Singapore
S105248,2025-08-16,Mobile,4,Australia
S105249,2024-12-10,Tablet,1,India
S105250,2022-03-13,Desktop,3,Germany
S105251,2025-02-16,Desktop,8,Germany
S105252,2025-02-15,Mobile,2,Canada
S105253,2025-04-16,Mobile,6,India
S105254,2023-11-12,Mobile,4,Australia
S105255,2025-11-11,Desktop,5,Germany
S105256,2022-09-30,Mobile,1,Australia
S105257,2025-06-03,Tablet,0,India
S105258,2025-12-08,Mobile,2,Singapore
S105259,2022-08-13,Desktop,4,Singapore
S105260,2025-11-14,Mobile,0,Germany
S105261,2024-09-04,Tablet,4,UK
S105262,2025-01-19,Desktop,7,UK
S105263,2022-12-16,Tablet,4,Singapore
S105264,2024-01-11,Mobile,2,Singapore
S105265,2026-03-01,Tablet,2,Germany
S105266,2023-12-20,Tablet,2,Australia
S105267,2022-01-08,Desktop,4,India
S105268,2022-02-12,Desktop,6,USA
S105269,2026-04-27,Mobile,2,UK
S105270,2023-09-19,Tablet,2,Australia
S105271,2026-07-08,Tablet,7,Singapore
S105272,2023-04-15,Mobile,1,India
S105273,2024-01-06,Tablet,2,Canada
S105274,2023-05-18,Mobile,4,Germany
S105275,2024-02-05,Desktop,7,Australia
S105276,2024-05-17,Tablet,4,India
S105277,2024-08-12,Desktop,2,Singapore
S105278,2022-06-29,Tablet,6,UK
S105279,2023-11-11,Tablet,4,Germany
S105280,2023-02-11,Mobile,5,Singapore
S105281,2026-06-23,Mobile,2,Canada
S105282,2023-11-16,Tablet,3,Singapore
S105283,2023-03-22,Mobile,3,Singapore
S105284,2025-09-19,Mobile,1,Canada
S105285,2023-08-18,Mobile,0,Germany
S105286,2024-04-21,Desktop,4,Canada
S105287,2025-01-13,Mobile,8,UK
S105288,2022-06-18,Mobile,3,Canada
S105289,2022-02-10,Mobile,0,Germany
S105290,2025-09-16,Tablet,0,Germany
S105291,2025-11-26,Tablet,3,Germany
S105292,2025-03-09,Mobile,2,Singapore
S105293,2023-07-12,Desktop,4,Singapore
S105294,2022-07-14,Tablet,1,USA
S105295,2022-08-17,Mobile,1,Australia
S105296,2023-12-27,Desktop,8,USA
S105297,2024-03-04,Desktop,5,Australia
S105298,2022-02-08,Mobile,7,Germany
S105299,2023-10-28,Mobile,0,USA
S105300,2023-04-30,Mobile,6,Australia
S105301,2025-07-03,Mobile,8,India
S105302,2025-02-11,Desktop,5,USA
S105303,2024-03-13,Tablet,7,Australia
S105304,2024-12-08,Desktop,0,USA
S105305,2022-02-14,Mobile,0,USA
S105306,2025-04-11,Desktop,1,UK
S105307,2025-01-05,Tablet,8,USA
S105308,2025-04-07,Tablet,0,USA
S105309,2024-10-05,Mobile,4,India
S105310,2025-10-22,Desktop,8,Singapore
S105311,2023-01-01,Desktop,5,India
S105312,2022-12-13,Mobile,2,UK
S105313,2022-10-16,Mobile,3,UK
S105314,2025-08-14,Mobile,7,USA
S105315,2026-01-08,Desktop,8,Singapore
S105316,2023-07-31,Mobile,5,Singapore
S105317,2025-04-06,Desktop,5,Canada
S105318,2022-12-10,Tablet,2,UK
S105319,2022-06-28,Tablet,7,Singapore
S105320,2024-06-11,Tablet,4,UK
S105321,2022-10-25,Tablet,4,Singapore
S105322,2023-06-03,Mobile,5,Canada
S105323,2022-08-27,Desktop,3,UK
S105324,2024-12-31,Tablet,6,USA
S105325,2022-05-11,Mobile,0,Germany
S105326,2022-10-20,Mobile,6,Germany
S105327,2025-07-18,Desktop,8,Singapore
S105328,2022-11-05,Tablet,6,India
S105329,2022-08-22,Mobile,2,Australia
S105330,2026-02-15,Desktop,1,Germany
S105331,2025-02-06,Tablet,6,Australia
S105332,2023-05-15,Desktop,1,USA
S105333,2025-09-17,Tablet,0,India
S105334,2026-06-18,Desktop,2,Germany
S105335,2022-04-12,Desktop,2,USA
S105336,2022-03-14,Mobile,3,Canada
S105337,2024-07-23,Tablet,3,Germany
S105338,2022-10-15,Desktop,5,Germany
S105339,2026-02-18,Mobile,7,UK
S105340,2025-04-26,Desktop,3,Australia
S105341,2026-04-09,Desktop,6,India
S105342,2022-01-19,Tablet,7,Germany
S105343,2026-05-30,Tablet,0,Singapore
S105344,2025-12-19,Desktop,2,USA
S105345,2023-11-20,Mobile,2,Germany
S105346,2022-03-12,Mobile,1,India
S105347,2023-04-05,Mobile,3,India
S105348,2026-06-02,Mobile,7,India
S105349,2022-05-19,Mobile,7,Germany
S105350,2026-07-25,Desktop,8,Australia
S105351,2026-01-20,Desktop,7,USA
S105352,2022-07-22,Desktop,4,Singapore
S105353,2026-07-12,Tablet,2,India
S105354,2024-12-27,Tablet,8,Germany
S105355,2022-05-27,Mobile,5,Singapore
S105356,2026-04-24,Desktop,7,India
S105357,2025-11-05,Mobile,7,India
S105358,2025-10-18,Tablet,1,Australia
S105359,2024-05-31,Mobile,3,UK
S105360,2025-02-21,Tablet,1,Singapore
S105361,2022-08-20,Mobile,5,Australia
S105362,2026-06-11,Tablet,0,USA
S105363,2026-05-22,Mobile,4,Singapore
S105364,2023-06-21,Mobile,8,Canada
S105365,2022-11-02,Desktop,5,Canada
S105366,2022-05-07,Mobile,8,Singapore
S105367,2023-02-27,Tablet,2,Australia
S105368,2025-06-25,Tablet,4,USA
S105369,2023-07-22,Tablet,6,Australia
S105370,2023-11-26,Desktop,5,Canada
S105371,2023-01-19,Desktop,7,USA
S105372,2024-06-21,Desktop,3,USA
S105373,2025-07-29,Mobile,1,UK
S105374,2024-06-20,Mobile,8,Australia
S105375,2024-08-16,Mobile,1,India
S105376,2026-07-25,Desktop,7,UK
S105377,2025-10-22,Desktop,6,Singapore
S105378,2025-05-23,Tablet,6,Singapore
S105379,2026-02-22,Tablet,1,Canada
S105380,2023-04-20,Tablet,8,Singapore
S105381,2022-04-14,Mobile,8,USA
S105382,2024-06-05,Mobile,6,Australia
S105383,2022-07-21,Desktop,8,India
S105384,2024-09-17,Tablet,5,Canada
S105385,2024-07-11,Mobile,4,Australia
S105386,2023-02-22,Mobile,8,Australia
S105387,2026-03-28,Desktop,2,Singapore
S105388,2025-04-01,Desktop,8,Germany
S105389,2023-07-19,Mobile,6,UK
S105390,2023-08-04,Desktop,5,USA
S105391,2025-08-09,Mobile,8,Australia
S105392,2022-12-31,Desktop,2,India
S105393,2025-02-12,Mobile,3,Australia
S105394,2022-03-04,Tablet,0,Germany
S105395,2024-01-07,Tablet,7,Germany
S105396,2025-11-17,Desktop,2,UK
S105397,2023-03-01,Desktop,4,Germany
S105398,2024-02-25,Mobile,7,India
S105399,2025-05-24,Mobile,5,Australia
S105400,2025-04-14,Mobile,5,Canada
S105401,2026-07-17,Desktop,5,Canada
S105402,2024-06-07,Mobile,7,USA
S105403,2025-04-23,Mobile,3,Singapore
S105404,2026-02-06,Desktop,6,UK
S105405,2023-07-24,Tablet,1,Germany
S105406,2026-07-28,Desktop,4,Canada
S105407,2024-02-29,Desktop,8,UK
S105408,2023-07-21,Tablet,0,Australia
S105409,2026-06-26,Tablet,5,Singapore
S105410,2023-08-30,Mobile,1,India
S105411,2026-01-28,Tablet,8,Canada
S105412,2023-04-07,Tablet,2,Australia
S105413,2023-05-02,Tablet,7,UK
S105414,2023-06-07,Mobile,8,UK
S105415,2022-04-14,Tablet,5,Canada
S105416,2024-04-16,Mobile,5,Australia
S105417,2024-10-04,Mobile,3,Singapore
S105418,2022-12-23,Mobile,2,UK
S105419,2025-02-08,Mobile,5,Germany
S105420,2025-06-11,Tablet,2,India
S105421,2023-07-21,Mobile,2,USA
S105422,2026-07-01,Desktop,7,Australia
S105423,2026-03-16,Mobile,4,Canada
S105424,2024-08-14,Mobile,8,Canada
S105425,2023-07-16,Mobile,2,Singapore
S105426,2025-09-29,Tablet,6,Germany
S105427,2025-10-29,Mobile,2,UK
S105428,2022-10-02,Desktop,4,UK
S105429,2026-04-01,Tablet,4,India
S105430,2023-03-07,Tablet,4,Canada
S105431,2025-03-20,Mobile,8,Canada
S105432,2026-01-02,Tablet,2,Canada
S105433,2025-07-10,Mobile,3,Germany
S105434,2022-07-16,Desktop,6,USA
S105435,2024-08-14,Tablet,5,Australia
S105436,2024-11-19,Mobile,3,Australia
S105437,2025-01-22,Mobile,3,Canada
S105438,2022-10-25,Mobile,8,Australia
S105439,2023-01-19,Mobile,1,Australia
S105440,2025-06-08,Mobile,8,Germany
S105441,2026-04-29,Tablet,4,Canada
S105442,2025-04-02,Mobile,5,Australia
S105443,2024-06-22,Tablet,3,India
S105444,2022-09-25,Desktop,3,Canada
S105445,2023-07-29,Tablet,3,Germany
S105446,2024-10-13,Mobile,4,Canada
S105447,2022-03-06,Mobile,8,Australia
S105448,2023-09-21,Tablet,2,Singapore
S105449,2022-05-12,Desktop,1,Australia
S105450,2024-02-05,Tablet,7,Germany
S105451,2023-04-30,Tablet,3,USA
S105452,2024-08-24,Desktop,8,Singapore
S105453,2024-01-20,Desktop,5,Germany
S105454,2024-05-08,Tablet,8,USA
S105455,2023-10-29,Mobile,8,Germany
S105456,2025-03-16,Tablet,0,Singapore
S105457,2024-02-03,Mobile,7,Canada
S105458,2023-04-25,Desktop,7,Germany
S105459,2026-07-24,Tablet,0,Australia
S105460,2022-10-05,Tablet,5,Canada
S105461,2026-07-25,Desktop,7,UK
S105462,2022-02-25,Desktop,0,Australia
S105463,2022-07-25,Tablet,6,Singapore
S105464,2022-06-05,Tablet,0,Singapore
S105465,2024-03-06,Tablet,0,Australia
S105466,2024-09-02,Desktop,5,Canada
S105467,2023-11-17,Mobile,1,USA
S105468,2025-01-30,Tablet,5,Germany
S105469,2024-04-16,Mobile,6,Germany
S105470,2022-10-29,Tablet,0,USA
S105471,2023-01-12,Mobile,5,Singapore
S105472,2025-06-05,Tablet,6,Germany
S105473,2025-07-12,Desktop,1,Germany
S105474,2025-12-04,Tablet,2,Australia
S105475,2023-07-19,Desktop,7,Australia
S105476,2024-04-15,Desktop,5,India
S105477,2022-10-01,Tablet,4,UK
S105478,2024-06-01,Tablet,3,USA
S105479,2024-05-18,Mobile,8,Singapore
S105480,2024-09-16,Tablet,4,Singapore
S105481,2024-02-04,Tablet,7,UK
S105482,2023-09-26,Desktop,6,India
S105483,2023-09-26,Desktop,6,USA
S105484,2026-03-28,Mobile,2,UK
S105485,2023-09-15,Desktop,1,USA
S105486,2023-10-19,Tablet,5,USA
S105487,2024-02-13,Desktop,2,USA
S105488,2022-08-07,Tablet,2,Germany
S105489,2025-12-06,Desktop,6,Germany
S105490,2025-01-10,Desktop,5,USA
S105491,2025-10-02,Tablet,3,Australia
S105492,2026-02-16,Mobile,0,Germany
S105493,2025-01-21,Mobile,3,Singapore
S105494,2023-03-27,Mobile,4,Canada
S105495,2025-01-26,Desktop,5,Germany
S105496,2025-01-13,Tablet,7,Australia
S105497,2026-06-16,Tablet,0,UK
S105498,2024-12-07,Mobile,5,UK
S105499,2024-07-05,Tablet,1,India
S105500,2025-09-19,Mobile,6,Canada
S105501,2024-10-08,Desktop,7,India
S105502,2023-03-08,Desktop,4,Singapore
S105503,2026-04-11,Tablet,5,India
S105504,2022-04-09,Mobile,2,India
S105505,2024-12-09,Tablet,6,USA
S105506,2025-05-09,Desktop,8,Germany
S105507,2025-07-21,Desktop,8,Australia
S105508,2022-08-15,Tablet,8,Singapore
S105509,2024-01-24,Tablet,3,UK
S105510,2022-07-28,Tablet,3,Canada
S105511,2024-09-17,Mobile,1,Australia
S105512,2023-12-14,Desktop,7,Germany
S105513,2025-08-12,Tablet,8,USA
S105514,2024-06-16,Tablet,7,USA
S105515,2025-08-12,Desktop,8,Australia
S105516,2022-10-15,Desktop,8,Australia
S105517,2026-02-02,Desktop,7,Germany
S105518,2025-03-01,Tablet,4,Singapore
S105519,2024-02-08,Tablet,3,USA
S105520,2023-12-25,Desktop,5,UK
S105521,2023-07-13,Desktop,0,Canada
S105522,2023-01-03,Mobile,8,UK
S105523,2024-08-26,Desktop,0,Germany
S105524,2023-09-15,Tablet,8,Singapore
S105525,2023-02-03,Desktop,4,Singapore
S105526,2025-05-22,Mobile,3,Singapore
S105527,2022-12-23,Mobile,3,Australia
S105528,2024-11-11,Tablet,7,Singapore
S105529,2022-05-04,Desktop,3,UK
S105530,2024-02-08,Mobile,3,Germany
S105531,2023-12-06,Tablet,5,Australia
S105532,2022-05-18,Tablet,2,UK
S105533,2026-04-01,Mobile,5,UK
S105534,2024-05-03,Desktop,3,USA
S105535,2026-07-24,Tablet,5,Australia
S105536,2023-08-26,Desktop,3,Canada
S105537,2025-09-11,Tablet,8,UK
S105538,2025-08-11,Desktop,6,India
S105539,2026-01-18,Tablet,6,USA
S105540,2022-05-04,Tablet,1,USA
S105541,2024-07-17,Mobile,0,UK
S105542,2023-08-01,Mobile,8,India
S105543,2023-03-23,Tablet,7,Australia
S105544,2023-09-25,Desktop,3,Canada
S105545,2023-11-19,Mobile,0,Germany
S105546,2024-10-26,Desktop,4,UK
S105547,2022-01-23,Tablet,4,Germany
S105548,2025-05-16,Desktop,3,India
S105549,2025-04-05,Desktop,1,UK
S105550,2022-04-27,Desktop,5,USA
S105551,2022-08-17,Tablet,1,UK
S105552,2024-09-28,Mobile,2,Singapore
S105553,2026-03-04,Tablet,1,UK
S105554,2024-07-29,Desktop,1,Canada
S105555,2025-07-24,Tablet,6,Canada
S105556,2023-06-30,Mobile,7,India
S105557,2025-10-27,Mobile,4,Singapore
S105558,2025-09-19,Mobile,3,Germany
S105559,2026-03-29,Mobile,3,India
S105560,2023-12-03,Mobile,2,Singapore
S105561,2023-04-19,Mobile,2,Singapore
S105562,2025-10-19,Tablet,6,Australia
S105563,2024-04-04,Mobile,6,Australia
S105564,2022-06-30,Tablet,5,USA
S105565,2024-11-21,Desktop,2,Singapore
S105566,2023-08-04,Tablet,6,India
S105567,2022-12-09,Mobile,8,UK
S105568,2024-02-19,Tablet,6,India
S105569,2025-09-23,Mobile,6,Canada
S105570,2025-08-21,Tablet,4,UK
S105571,2023-08-10,Desktop,3,UK
S105572,2025-04-07,Tablet,5,USA
S105573,2024-02-21,Tablet,7,Australia
S105574,2025-05-09,Mobile,5,UK
S105575,2022-05-02,Tablet,8,Australia
S105576,2023-11-09,Desktop,5,UK
S105577,2026-04-03,Mobile,6,Singapore
S105578,2024-01-29,Desktop,0,Australia
S105579,2026-07-04,Desktop,8,UK
S105580,2024-03-14,Tablet,8,Singapore
S105581,2026-03-07,Tablet,8,Germany
S105582,2024-10-01,Desktop,3,Canada
S105583,2022-04-01,Tablet,0,Canada
S105584,2022-12-13,Desktop,8,Australia
S105585,2023-05-19,Tablet,4,India
S105586,2024-10-29,Tablet,8,Australia
S105587,2024-09-08,Mobile,1,USA
S105588,2023-09-05,Mobile,3,Australia
S105589,2023-05-18,Desktop,3,Australia
S105590,2022-06-19,Tablet,8,Singapore
S105591,2023-01-26,Mobile,6,India
S105592,2024-08-17,Mobile,3,UK
S105593,2024-12-30,Desktop,5,Germany
S105594,2024-10-15,Tablet,4,UK
S105595,2025-07-11,Mobile,3,Canada
S105596,2026-02-11,Tablet,1,Canada
S105597,2025-03-11,Mobile,5,Singapore
S105598,2025-11-04,Mobile,6,Singapore
S105599,2025-03-18,Tablet,1,Singapore
S105600,2026-02-06,Desktop,1,UK
S105601,2024-08-18,Tablet,6,Singapore
S105602,2022-11-08,Desktop,5,India
S105603,2022-06-10,Desktop,8,India
S105604,2023-04-21,Tablet,0,Australia
S105605,2024-04-15,Tablet,6,USA
S105606,2023-09-22,Tablet,5,Canada
S105607,2022-12-24,Tablet,4,Germany
S105608,2023-04-28,Tablet,1,USA
S105609,2026-05-11,Mobile,4,Germany
S105610,2022-05-16,Mobile,0,Germany
S105611,2024-12-30,Mobile,7,Australia
S105612,2026-03-06,Tablet,2,Germany
S105613,2024-09-12,Desktop,7,UK
S105614,2023-11-20,Desktop,1,India
S105615,2024-01-28,Mobile,1,Australia
S105616,2026-07-21,Desktop,0,UK
S105617,2025-03-10,Tablet,0,USA
S105618,2025-03-29,Tablet,4,Germany
S105619,2025-07-30,Desktop,5,Germany
S105620,2023-01-17,Tablet,4,Singapore
S105621,2022-01-25,Desktop,1,USA
S105622,2026-07-07,Mobile,4,Singapore
S105623,2023-04-05,Tablet,6,UK
S105624,2024-01-13,Desktop,7,UK
S105625,2022-03-14,Tablet,7,Germany
S105626,2023-06-06,Desktop,2,Germany
S105627,2023-08-13,Tablet,7,Canada
S105628,2025-07-03,Mobile,3,Germany
S105629,2023-11-02,Desktop,0,Australia
S105630,2022-02-20,Mobile,5,Singapore
S105631,2024-03-30,Mobile,2,Australia
S105632,2024-09-14,Mobile,6,USA
S105633,2023-08-27,Desktop,2,UK
S105634,2023-03-04,Desktop,4,Canada
S105635,2024-06-09,Mobile,0,USA
S105636,2022-07-16,Desktop,7,Singapore
S105637,2026-02-03,Tablet,5,Germany
S105638,2025-07-18,Mobile,3,Singapore
S105639,2022-07-31,Desktop,0,Australia
S105640,2022-01-27,Desktop,8,Canada
S105641,2023-04-07,Mobile,4,India
S105642,2025-06-14,Desktop,7,UK
S105643,2023-01-27,Tablet,7,Australia
S105644,2024-04-10,Desktop,3,Singapore
S105645,2023-02-23,Desktop,4,Canada
S105646,2024-09-13,Mobile,6,Canada
S105647,2022-05-18,Mobile,0,India
S105648,2024-10-15,Mobile,0,Germany
S105649,2024-06-26,Mobile,6,USA
S105650,2023-05-28,Mobile,1,Germany
S105651,2025-12-09,Mobile,6,USA
S105652,2025-12-24,Mobile,0,Germany
S105653,2024-11-16,Mobile,2,USA
S105654,2024-11-12,Tablet,3,India
S105655,2026-03-15,Mobile,6,Australia
S105656,2023-02-20,Mobile,5,India
S105657,2023-01-10,Desktop,7,Germany
S105658,2022-06-03,Mobile,5,Canada
S105659,2025-01-06,Tablet,5,UK
S105660,2022-09-25,Desktop,1,India
S105661,2024-03-24,Mobile,0,Australia
S105662,2025-02-19,Desktop,4,USA
S105663,2025-03-13,Mobile,5,Germany
S105664,2022-08-05,Tablet,2,India
S105665,2025-07-14,Desktop,0,India
S105666,2022-09-01,Tablet,7,UK
S105667,2024-10-28,Desktop,3,India
S105668,2025-03-29,Desktop,6,Australia
S105669,2025-06-04,Mobile,1,Canada
S105670,2025-03-10,Mobile,4,Canada
S105671,2023-02-12,Desktop,8,India
S105672,2022-05-20,Desktop,6,Singapore
S105673,2024-01-12,Mobile,8,Germany
S105674,2022-11-11,Desktop,5,Singapore
S105675,2023-03-25,Mobile,5,Singapore
S105676,2022-10-06,Mobile,5,USA
S105677,2025-05-12,Desktop,6,Australia
S105678,2025-06-18,Desktop,6,India
S105679,2023-04-21,Tablet,3,Germany
S105680,2022-06-21,Mobile,3,Canada
S105681,2026-06-07,Desktop,3,Germany
S105682,2026-06-18,Desktop,5,UK
S105683,2022-05-29,Mobile,0,Canada
S105684,2026-03-11,Mobile,2,India
S105685,2023-08-07,Desktop,0,Singapore
S105686,2025-11-07,Mobile,4,USA
S105687,2023-12-28,Tablet,8,Germany
S105688,2023-10-28,Mobile,1,Australia
S105689,2024-09-30,Tablet,5,Germany
S105690,2025-07-21,Desktop,4,Canada
S105691,2023-11-26,Mobile,8,Germany
S105692,2024-03-05,Tablet,2,Canada
S105693,2026-02-26,Desktop,3,Singapore
S105694,2024-11-17,Mobile,2,India
S105695,2023-07-19,Tablet,3,Singapore
S105696,2024-11-26,Mobile,3,India
S105697,2025-06-09,Mobile,0,Germany
S105698,2023-02-05,Desktop,8,UK
S105699,2025-06-11,Tablet,1,Germany
S105700,2024-05-22,Mobile,3,Singapore
S105701,2022-12-29,Tablet,3,Canada
S105702,2023-11-14,Desktop,0,USA
S105703,2022-12-15,Desktop,0,Germany
S105704,2025-07-25,Tablet,8,Canada
S105705,2022-03-16,Desktop,0,Singapore
S105706,2025-04-25,Desktop,1,Germany
S105707,2025-09-09,Desktop,5,India
S105708,2023-02-09,Mobile,7,Germany
S105709,2024-08-16,Tablet,1,India
S105710,2024-03-09,Desktop,4,USA
S105711,2024-06-13,Mobile,7,Germany
S105712,2022-05-26,Mobile,1,Canada
S105713,2023-03-08,Mobile,0,India
S105714,2022-12-19,Tablet,2,USA
S105715,2026-05-08,Mobile,2,UK
S105716,2025-10-25,Tablet,3,USA
S105717,2022-12-02,Mobile,4,Canada
S105718,2023-04-18,Tablet,7,Germany
S105719,2022-05-11,Mobile,4,UK
S105720,2024-09-13,Desktop,1,UK
S105721,2024-11-03,Tablet,2,Singapore
S105722,2023-10-10,Tablet,3,India
S105723,2024-11-12,Tablet,7,USA
S105724,2024-06-20,Mobile,6,India
S105725,2023-09-03,Desktop,2,UK
S105726,2024-09-04,Mobile,4,Germany
S105727,2026-01-29,Tablet,1,USA
S105728,2022-08-16,Desktop,0,Canada
S105729,2024-08-23,Mobile,6,UK
S105730,2022-04-29,Mobile,7,UK
S105731,2025-09-09,Mobile,0,USA
S105732,2026-05-13,Tablet,2,Singapore
S105733,2022-05-19,Tablet,1,India
S105734,2023-12-20,Desktop,3,USA
S105735,2025-09-09,Mobile,4,Australia
S105736,2024-11-18,Mobile,5,Singapore
S105737,2022-08-07,Mobile,7,USA
S105738,2023-07-16,Desktop,8,Singapore
S105739,2024-07-15,Mobile,7,Germany
S105740,2024-04-29,Desktop,8,Australia
S105741,2022-01-09,Mobile,6,USA
S105742,2023-10-23,Mobile,6,Canada
S105743,2022-11-13,Desktop,6,USA
S105744,2025-08-22,Mobile,5,Canada
S105745,2022-03-20,Tablet,7,UK
S105746,2025-09-05,Desktop,1,UK
S105747,2026-05-14,Desktop,6,UK
S105748,2022-09-20,Mobile,6,UK
S105749,2022-11-02,Desktop,5,India
S105750,2025-11-23,Desktop,6,Canada
S105751,2023-04-24,Tablet,6,Singapore
S105752,2026-06-30,Mobile,8,Canada
S105753,2022-08-31,Desktop,7,Germany
S105754,2023-09-24,Tablet,4,USA
S105755,2026-07-15,Desktop,6,UK
S105756,2023-04-09,Desktop,6,India
S105757,2026-04-13,Desktop,0,Australia
S105758,2024-01-02,Tablet,6,Germany
S105759,2024-04-12,Mobile,6,India
S105760,2022-01-26,Tablet,6,India
S105761,2022-03-04,Mobile,2,Singapore
S105762,2025-05-05,Desktop,0,USA
S105763,2024-08-09,Mobile,3,Canada
S105764,2024-10-09,Tablet,1,Germany
S105765,2025-09-20,Tablet,3,Germany
S105766,2022-08-21,Tablet,5,India
S105767,2026-01-28,Desktop,5,Singapore
S105768,2022-06-14,Tablet,0,UK
S105769,2022-01-17,Tablet,7,India
S105770,2024-07-29,Mobile,1,Canada
S105771,2024-08-08,Desktop,7,Australia
S105772,2026-05-08,Desktop,2,India
S105773,2023-06-28,Tablet,8,USA
S105774,2022-12-16,Tablet,3,UK
S105775,2025-04-20,Mobile,7,Singapore
S105776,2022-09-30,Tablet,4,Canada
S105777,2022-01-02,Tablet,4,India
S105778,2026-07-18,Tablet,3,UK
S105779,2024-03-08,Tablet,8,Australia
S105780,2022-06-05,Mobile,2,India
S105781,2024-10-01,Mobile,1,Canada
S105782,2025-02-13,Desktop,0,USA
S105783,2026-05-24,Mobile,5,USA
S105784,2023-06-04,Tablet,8,Germany
S105785,2022-11-04,Mobile,6,India
S105786,2023-07-10,Tablet,8,Germany
S105787,2025-01-30,Mobile,0,India
S105788,2024-05-26,Tablet,1,India
S105789,2023-03-14,Desktop,0,Canada
S105790,2025-05-25,Mobile,3,Australia
S105791,2024-08-22,Tablet,1,Germany
S105792,2025-03-16,Mobile,7,Canada
S105793,2025-02-25,Desktop,0,Australia
S105794,2026-05-09,Desktop,1,India
S105795,2026-06-09,Mobile,4,Germany
S105796,2026-01-12,Mobile,1,USA
S105797,2024-04-06,Desktop,5,UK
S105798,2023-06-08,Desktop,6,India
S105799,2025-12-17,Tablet,4,Singapore
S105800,2022-02-08,Mobile,3,India
S105801,2025-09-06,Tablet,7,UK
S105802,2026-04-30,Tablet,2,India
S105803,2026-06-23,Mobile,0,Canada
S105804,2025-02-13,Tablet,6,UK
S105805,2026-07-29,Tablet,6,USA
S105806,2022-10-15,Mobile,4,Germany
S105807,2026-06-10,Mobile,6,USA
S105808,2025-02-01,Tablet,2,Singapore
S105809,2022-01-20,Mobile,6,India
S105810,2024-01-24,Desktop,8,Canada
S105811,2024-04-06,Tablet,3,Australia
S105812,2025-06-28,Desktop,2,India
S105813,2022-10-26,Mobile,3,USA
S105814,2022-08-01,Desktop,7,Canada
S105815,2025-09-15,Mobile,5,UK
S105816,2023-12-31,Mobile,0,UK
S105817,2026-02-10,Mobile,6,Canada
S105818,2022-02-01,Desktop,7,USA
S105819,2022-07-25,Mobile,8,Singapore
S105820,2022-03-05,Desktop,7,Australia
S105821,2023-03-03,Mobile,6,Germany
S105822,2024-02-14,Tablet,2,Canada
S105823,2026-03-24,Mobile,1,UK
S105824,2024-02-16,Mobile,7,USA
S105825,2022-07-20,Tablet,6,Singapore
S105826,2024-07-19,Mobile,3,USA
S105827,2025-07-07,Mobile,2,USA
S105828,2024-01-05,Desktop,4,Germany
S105829,2025-04-22,Tablet,6,Canada
S105830,2025-09-14,Mobile,2,Australia
S105831,2024-09-11,Tablet,7,Singapore
S105832,2026-06-25,Tablet,3,Singapore
S105833,2023-05-05,Mobile,4,Germany
S105834,2023-11-21,Mobile,2,Canada
S105835,2025-05-30,Tablet,3,Australia
S105836,2022-01-08,Mobile,5,Germany
S105837,2025-12-28,Mobile,2,India
S105838,2024-09-26,Tablet,2,Australia
S105839,2023-12-10,Mobile,7,Singapore
S105840,2026-07-12,Mobile,0,USA
S105841,2025-08-12,Mobile,3,Australia
S105842,2024-04-06,Desktop,8,Australia
S105843,2023-11-01,Tablet,7,India
S105844,2024-07-10,Tablet,5,USA
S105845,2025-11-06,Mobile,3,USA
S105846,2024-12-26,Tablet,0,UK
S105847,2023-03-19,Tablet,5,Germany
S105848,2022-08-24,Desktop,3,India
S105849,2022-09-28,Mobile,1,Singapore
S105850,2024-01-10,Mobile,4,Singapore
S105851,2026-07-15,Desktop,0,India
S105852,2022-12-14,Desktop,6,Canada
S105853,2024-01-15,Tablet,6,Germany
S105854,2023-02-14,Mobile,0,Germany
S105855,2024-10-26,Tablet,7,Singapore
S105856,2026-05-01,Desktop,0,USA
S105857,2024-10-20,Tablet,7,USA
S105858,2026-03-31,Tablet,8,Germany
S105859,2026-03-29,Tablet,2,USA
S105860,2025-01-26,Tablet,3,Australia
S105861,2022-10-29,Desktop,7,Germany
S105862,2024-04-18,Mobile,2,Canada
S105863,2023-08-05,Desktop,7,UK
S105864,2025-07-31,Desktop,2,Canada
S105865,2025-11-04,Desktop,0,USA
S105866,2023-07-13,Mobile,6,USA
S105867,2022-11-20,Mobile,3,Australia
S105868,2023-02-02,Mobile,2,Singapore
S105869,2024-03-16,Tablet,1,UK
S105870,2025-01-13,Mobile,4,Singapore
S105871,2026-07-30,Mobile,0,Australia
S105872,2025-03-14,Mobile,7,Canada
S105873,2025-07-21,Mobile,1,Singapore
S105874,2026-03-25,Tablet,1,Germany
S105875,2025-10-14,Desktop,0,UK
S105876,2025-08-03,Mobile,3,UK
S105877,2025-10-19,Tablet,7,UK
S105878,2022-04-07,Desktop,7,India
S105879,2022-08-11,Desktop,5,UK
S105880,2022-07-24,Desktop,0,UK
S105881,2025-04-16,Tablet,5,Germany
S105882,2023-09-26,Tablet,0,India
S105883,2024-01-17,Desktop,7,Singapore
S105884,2025-10-03,Desktop,2,Singapore
S105885,2022-03-07,Desktop,2,Australia
S105886,2023-10-03,Desktop,4,USA
S105887,2023-03-01,Tablet,2,Germany
S105888,2022-12-09,Desktop,7,USA
S105889,2023-07-04,Desktop,8,Germany
S105890,2023-05-27,Desktop,1,USA
S105891,2023-03-02,Tablet,4,Canada
S105892,2025-05-02,Tablet,1,UK
S105893,2022-02-26,Desktop,1,Canada
S105894,2022-08-03,Mobile,8,India
S105895,2023-11-18,Tablet,6,Singapore
S105896,2022-02-26,Tablet,1,Singapore
S105897,2025-08-23,Mobile,3,UK
S105898,2024-09-12,Mobile,4,USA
S105899,2025-01-28,Mobile,6,Singapore
S105900,2025-11-14,Desktop,8,India
S105901,2024-06-02,Desktop,7,USA
S105902,2023-05-15,Desktop,7,Australia
S105903,2022-11-10,Desktop,6,Germany
S105904,2022-01-25,Tablet,7,Singapore
S105905,2023-12-24,Mobile,1,USA
S105906,2025-12-13,Desktop,3,India
S105907,2023-01-21,Tablet,4,Germany
S105908,2026-03-16,Desktop,7,Germany
S105909,2023-02-05,Mobile,5,Canada
S105910,2023-12-27,Mobile,8,Germany
S105911,2022-11-08,Desktop,1,India
S105912,2023-02-12,Desktop,5,USA
S105913,2025-07-19,Mobile,4,India
S105914,2024-07-23,Tablet,6,UK
S105915,2024-06-02,Tablet,2,Singapore
S105916,2024-02-16,Tablet,2,Canada
S105917,2022-03-24,Tablet,1,Australia
S105918,2023-10-16,Mobile,6,UK
S105919,2024-04-04,Desktop,4,Australia
S105920,2024-10-05,Mobile,5,Singapore
S105921,2024-11-29,Mobile,5,Canada
S105922,2025-12-10,Tablet,3,Australia
S105923,2025-04-23,Mobile,8,USA
S105924,2025-05-28,Tablet,0,Canada
S105925,2025-08-10,Mobile,4,Canada
S105926,2025-01-11,Mobile,0,India
S105927,2025-06-16,Desktop,6,Australia
S105928,2024-08-06,Desktop,3,India
S105929,2024-03-26,Desktop,6,Australia
S105930,2022-08-10,Mobile,2,USA
S105931,2025-10-22,Mobile,6,Singapore
S105932,2023-06-06,Desktop,6,USA
S105933,2024-11-28,Tablet,4,Canada
S105934,2023-09-15,Desktop,2,Singapore
S105935,2026-05-02,Desktop,4,India
S105936,2023-05-18,Desktop,3,Australia
S105937,2022-11-10,Mobile,2,Germany
S105938,2023-11-10,Mobile,6,India
S105939,2025-07-19,Desktop,5,Australia
S105940,2026-06-16,Mobile,5,Australia
S105941,2023-03-13,Tablet,3,UK
S105942,2022-08-04,Mobile,0,Canada
S105943,2024-03-27,Mobile,4,UK
S105944,2023-11-23,Desktop,0,UK
S105945,2022-12-18,Tablet,2,India
S105946,2023-10-18,Mobile,6,Canada
S105947,2024-06-25,Tablet,7,UK
S105948,2022-03-15,Desktop,2,India
S105949,2022-07-27,Desktop,1,UK
S105950,2025-04-24,Tablet,7,USA
S105951,2022-07-12,Mobile,0,India
S105952,2026-05-29,Tablet,0,UK
S105953,2023-06-27,Desktop,5,UK
S105954,2024-07-10,Desktop,5,Australia
S105955,2022-08-20,Mobile,8,Canada
S105956,2022-11-18,Mobile,1,USA
S105957,2023-12-29,Tablet,7,USA
S105958,2025-07-08,Tablet,6,Canada
S105959,2022-02-12,Mobile,1,India
S105960,2022-04-15,Desktop,7,UK
S105961,2025-12-14,Desktop,1,Germany
S105962,2026-06-10,Desktop,5,India
S105963,2026-05-02,Tablet,5,UK
S105964,2022-08-26,Mobile,0,India
S105965,2026-07-13,Desktop,5,USA
S105966,2025-07-12,Desktop,8,USA
S105967,2024-01-13,Tablet,6,USA
S105968,2024-10-23,Tablet,0,Australia
S105969,2026-02-22,Tablet,0,Germany
S105970,2025-07-20,Mobile,2,Singapore
S105971,2022-05-13,Mobile,6,Germany
S105972,2023-01-06,Tablet,7,India
S105973,2024-10-12,Desktop,2,Singapore
S105974,2025-09-01,Tablet,3,Australia
S105975,2025-09-25,Tablet,7,Canada
S105976,2022-05-10,Desktop,4,UK
S105977,2024-11-26,Mobile,7,Canada
S105978,2022-08-27,Mobile,7,Germany
S105979,2023-07-11,Mobile,2,Singapore
S105980,2025-09-04,Desktop,2,Australia
S105981,2024-03-05,Tablet,6,India
S105982,2022-07-23,Mobile,7,Canada
S105983,2022-03-11,Desktop,8,Canada
S105984,2025-11-20,Desktop,2,Germany
S105985,2024-04-13,Mobile,3,Canada
S105986,2023-04-14,Tablet,2,Germany
S105987,2023-06-15,Tablet,8,UK
S105988,2025-04-22,Desktop,2,USA
S105989,2024-03-16,Mobile,4,Singapore
S105990,2026-01-12,Tablet,5,India
S105991,2023-05-30,Desktop,3,UK
S105992,2025-07-11,Mobile,2,USA
S105993,2023-01-27,Desktop,0,India
S105994,2023-04-30,Tablet,6,India
S105995,2025-05-29,Desktop,6,Singapore
S105996,2023-11-07,Mobile,3,Singapore
S105997,2023-04-20,Mobile,0,Singapore
S105998,2023-05-07,Mobile,5,UK
S105999,2022-03-18,Desktop,8,Singapore
S106000,2026-07-10,Desktop,8,Canada
S106001,2023-03-27,Mobile,8,USA
S106002,2026-04-25,Mobile,1,Canada
S106003,2023-06-25,Tablet,1,Singapore
S106004,2023-09-14,Desktop,6,UK
S106005,2026-06-29,Tablet,3,Singapore
S106006,2024-12-30,Desktop,6,Canada
S106007,2022-07-26,Mobile,0,Australia
S106008,2025-12-10,Mobile,6,Germany
S106009,2022-12-11,Mobile,8,USA
S106010,2025-03-12,Desktop,5,Canada
S106011,2026-04-15,Desktop,4,Australia
S106012,2022-08-18,Mobile,8,USA
S106013,2022-05-18,Desktop,3,India
S106014,2022-12-13,Tablet,5,Singapore
S106015,2023-05-11,Desktop,4,Canada
S106016,2024-03-21,Mobile,5,UK
S106017,2023-04-10,Tablet,7,Singapore
S106018,2023-03-22,Tablet,4,Germany
S106019,2022-01-22,Mobile,7,India
S106020,2024-03-09,Mobile,5,USA
S106021,2026-04-19,Tablet,4,Australia
S106022,2024-09-18,Mobile,7,Australia
S106023,2025-05-14,Mobile,5,Canada
S106024,2026-03-09,Tablet,3,UK
S106025,2026-04-24,Desktop,3,UK
S106026,2025-12-16,Mobile,3,India
S106027,2023-07-12,Desktop,3,Australia
S106028,2025-04-27,Mobile,2,Canada
S106029,2022-09-07,Tablet,6,Singapore
S106030,2024-05-08,Desktop,8,India
S106031,2023-03-09,Tablet,7,USA
S106032,2023-02-22,Desktop,6,Australia
S106033,2022-02-01,Desktop,8,Canada
S106034,2022-07-10,Tablet,3,Singapore
S106035,2025-06-20,Tablet,7,UK
S106036,2022-03-31,Desktop,1,UK
S106037,2022-01-29,Tablet,3,India
S106038,2023-03-21,Desktop,6,India
S106039,2024-04-03,Mobile,0,USA
S106040,2022-11-21,Tablet,7,Germany
S106041,2025-05-07,Desktop,4,Canada
S106042,2025-06-24,Tablet,8,Canada
S106043,2023-10-06,Desktop,3,India
S106044,2023-04-22,Mobile,6,Germany
S106045,2024-09-05,Mobile,2,India
S106046,2022-08-04,Mobile,5,India
S106047,2026-07-05,Desktop,8,UK
S106048,2023-01-06,Tablet,3,India
S106049,2026-01-07,Tablet,6,UK
S106050,2022-01-27,Mobile,5,USA
S106051,2024-06-15,Mobile,8,Germany
S106052,2022-03-10,Tablet,8,UK
S106053,2023-10-11,Desktop,6,India
S106054,2023-04-09,Desktop,3,Singapore
S106055,2026-06-05,Mobile,2,UK
S106056,2025-05-17,Desktop,2,Germany
S106057,2023-11-14,Desktop,5,Australia
S106058,2025-01-20,Tablet,8,India
S106059,2025-11-25,Tablet,5,Australia
S106060,2024-02-10,Desktop,0,Germany
S106061,2025-11-12,Tablet,8,Canada
S106062,2023-11-19,Desktop,1,Canada
S106063,2024-01-09,Mobile,8,Australia
S106064,2025-09-08,Tablet,4,Canada
S106065,2022-10-20,Tablet,4,Germany
S106066,2023-01-26,Mobile,5,Singapore
S106067,2025-09-24,Mobile,5,UK
S106068,2024-08-28,Mobile,1,Australia
S106069,2026-06-29,Mobile,5,Australia
S106070,2024-08-02,Mobile,1,UK
S106071,2025-04-04,Desktop,1,India
S106072,2026-05-02,Tablet,2,Singapore
S106073,2022-06-05,Mobile,2,Canada
S106074,2025-02-08,Desktop,6,India
S106075,2023-07-26,Tablet,8,Canada
S106076,2024-11-25,Tablet,0,Australia
S106077,2022-06-23,Desktop,8,Australia
S106078,2023-10-19,Desktop,0,USA
S106079,2023-08-29,Tablet,1,Germany
S106080,2025-11-10,Desktop,7,India
S106081,2025-04-20,Tablet,1,USA
S106082,2026-01-30,Tablet,3,Singapore
S106083,2024-03-18,Tablet,3,UK
S106084,2024-11-17,Desktop,7,Australia
S106085,2023-02-23,Mobile,5,Australia
S106086,2024-01-02,Mobile,4,Germany
S106087,2024-08-26,Tablet,7,Australia
S106088,2026-01-28,Mobile,2,USA
S106089,2023-02-15,Desktop,3,Canada
S106090,2025-07-04,Desktop,5,India
S106091,2022-02-17,Desktop,7,Australia
S106092,2025-11-04,Tablet,3,Australia
S106093,2024-12-27,Tablet,4,Canada
S106094,2022-10-15,Desktop,3,Germany
S106095,2023-05-06,Tablet,3,USA
S106096,2025-01-06,Desktop,1,Germany
S106097,2024-12-22,Mobile,6,Canada
S106098,2025-05-09,Tablet,2,Australia
S106099,2024-01-21,Tablet,7,India
S106100,2025-07-20,Desktop,5,UK
S106101,2024-01-30,Tablet,8,UK
S106102,2022-06-14,Desktop,7,USA
S106103,2024-06-13,Tablet,5,UK
S106104,2025-07-04,Mobile,4,Australia
S106105,2025-12-24,Tablet,6,UK
S106106,2024-09-01,Tablet,1,Germany
S106107,2026-04-30,Tablet,2,India
S106108,2025-09-16,Mobile,4,USA
S106109,2024-05-19,Desktop,0,UK
S106110,2024-12-13,Tablet,0,India
S106111,2025-06-02,Tablet,0,Australia
S106112,2022-08-26,Tablet,3,Canada
S106113,2024-04-26,Desktop,0,India
S106114,2024-04-14,Mobile,1,Australia
S106115,2026-03-27,Desktop,4,Germany
S106116,2025-07-06,Tablet,5,USA
S106117,2025-09-28,Mobile,2,Singapore
S106118,2023-07-13,Tablet,2,Canada
S106119,2023-12-17,Desktop,1,India
S106120,2024-10-05,Tablet,1,India
S106121,2025-08-06,Tablet,1,USA
S106122,2023-04-16,Mobile,1,Germany
S106123,2023-03-27,Mobile,0,Germany
S106124,2024-03-15,Desktop,7,Germany
S106125,2026-06-15,Desktop,8,USA
S106126,2022-08-25,Mobile,5,Australia
S106127,2025-05-29,Tablet,0,UK
S106128,2025-06-23,Tablet,8,USA
S106129,2025-06-20,Mobile,4,UK
S106130,2023-08-01,Desktop,6,Singapore
S106131,2023-05-09,Desktop,3,Singapore
S106132,2023-01-13,Mobile,7,Singapore
S106133,2024-02-11,Mobile,8,Australia
S106134,2025-05-31,Tablet,4,UK
S106135,2023-11-16,Tablet,1,Germany
S106136,2025-10-25,Tablet,6,Singapore
S106137,2023-02-21,Tablet,7,Germany
S106138,2023-05-03,Desktop,8,Singapore
S106139,2024-07-07,Mobile,2,USA
S106140,2026-07-07,Tablet,0,India
S106141,2025-05-25,Tablet,6,UK
S106142,2024-05-13,Tablet,1,Singapore
S106143,2026-07-07,Desktop,5,Singapore
S106144,2024-01-30,Mobile,0,USA
S106145,2022-05-18,Mobile,1,Germany
S106146,2025-12-19,Mobile,2,Australia
S106147,2023-12-18,Tablet,8,UK
S106148,2023-03-16,Tablet,8,Australia
S106149,2024-06-25,Tablet,4,UK
S106150,2024-02-09,Tablet,7,Australia
S106151,2025-12-13,Tablet,0,Australia
S106152,2024-06-30,Mobile,5,USA
S106153,2023-03-12,Desktop,1,India
S106154,2023-11-27,Mobile,1,Singapore
S106155,2026-07-19,Mobile,4,Australia
S106156,2022-04-18,Desktop,3,India
S106157,2025-01-13,Desktop,2,India
S106158,2023-02-01,Mobile,2,Canada
S106159,2024-10-16,Desktop,5,Germany
S106160,2024-04-30,Desktop,1,Singapore
S106161,2025-08-14,Desktop,6,India
S106162,2025-02-09,Tablet,7,Australia
S106163,2022-03-19,Tablet,5,Germany
S106164,2022-07-29,Tablet,2,Canada
S106165,2023-10-03,Mobile,4,Singapore
S106166,2026-07-18,Mobile,0,Canada
S106167,2022-03-02,Desktop,5,India
S106168,2023-09-18,Mobile,4,USA
S106169,2023-05-31,Desktop,6,India
S106170,2022-04-21,Mobile,8,Singapore
S106171,2022-03-09,Desktop,0,India
S106172,2025-07-22,Desktop,1,UK
S106173,2023-05-20,Desktop,4,Australia
S106174,2025-02-15,Tablet,3,UK
S106175,2022-07-11,Desktop,3,Canada
S106176,2022-10-16,Tablet,2,Canada
S106177,2022-11-22,Tablet,1,Germany
S106178,2025-11-25,Tablet,3,Australia
S106179,2024-01-11,Tablet,7,Australia
S106180,2023-12-11,Tablet,7,Singapore
S106181,2024-04-09,Desktop,2,UK
S106182,2023-01-13,Tablet,2,USA
S106183,2022-03-09,Desktop,2,UK
S106184,2025-10-31,Tablet,7,Germany
S106185,2023-09-01,Desktop,2,Germany
S106186,2023-03-03,Desktop,3,India
S106187,2022-12-21,Desktop,8,Canada
S106188,2024-09-06,Desktop,3,Germany
S106189,2026-07-05,Mobile,8,India
S106190,2025-08-03,Mobile,1,Singapore
S106191,2024-07-29,Desktop,5,Australia
S106192,2026-01-04,Mobile,0,UK
S106193,2022-07-17,Tablet,5,Germany
S106194,2024-02-11,Tablet,1,Australia
S106195,2022-06-22,Desktop,3,Singapore
S106196,2022-10-24,Tablet,5,UK
S106197,2025-08-11,Tablet,7,USA
S106198,2025-03-01,Desktop,7,India
S106199,2023-03-27,Tablet,5,USA
S106200,2025-06-22,Tablet,1,Australia
S106201,2023-10-13,Tablet,1,Australia
S106202,2026-07-02,Mobile,8,Canada
S106203,2025-12-18,Tablet,7,Singapore
S106204,2024-05-17,Mobile,8,Australia
S106205,2022-10-08,Mobile,8,UK
S106206,2022-01-06,Desktop,3,Germany
S106207,2022-08-04,Mobile,4,Germany
S106208,2026-02-15,Desktop,3,India
S106209,2024-04-04,Tablet,7,UK
S106210,2022-11-23,Tablet,6,Singapore
S106211,2025-08-12,Tablet,6,UK
S106212,2025-11-22,Desktop,4,USA
S106213,2023-07-14,Tablet,2,USA
S106214,2022-09-14,Tablet,8,India
S106215,2024-01-12,Mobile,2,USA
S106216,2022-12-20,Mobile,3,Singapore
S106217,2023-09-05,Desktop,7,Singapore
S106218,2026-01-25,Tablet,7,Canada
S106219,2023-06-22,Tablet,8,Australia
S106220,2024-03-28,Tablet,0,Canada
S106221,2023-10-22,Mobile,4,UK
S106222,2025-04-24,Mobile,5,UK
S106223,2023-11-28,Desktop,0,Singapore
S106224,2024-06-27,Mobile,2,Singapore
S106225,2024-08-10,Mobile,5,Canada
S106226,2022-01-18,Tablet,1,Canada
S106227,2025-10-03,Desktop,1,UK
S106228,2025-02-14,Desktop,1,UK
S106229,2023-07-25,Tablet,5,India
S106230,2022-06-30,Mobile,0,Australia
S106231,2023-09-05,Tablet,3,Singapore
S106232,2023-12-08,Mobile,3,Canada
S106233,2025-12-11,Desktop,7,Australia
S106234,2023-10-28,Mobile,1,Germany
S106235,2022-10-18,Tablet,4,Singapore
S106236,2024-03-09,Tablet,8,Canada
S106237,2022-07-20,Mobile,5,UK
S106238,2026-02-20,Tablet,2,USA
S106239,2025-03-26,Desktop,5,India
S106240,2022-02-04,Mobile,5,USA
S106241,2024-08-19,Mobile,7,India
S106242,2022-07-31,Mobile,6,Canada
S106243,2023-02-12,Tablet,1,UK
S106244,2026-01-22,Desktop,4,Australia
S106245,2025-02-18,Tablet,8,UK
S106246,2025-05-19,Desktop,3,Canada
S106247,2025-08-13,Mobile,6,Australia
S106248,2023-12-31,Mobile,5,Germany
S106249,2025-12-25,Mobile,7,India
S106250,2024-05-22,Mobile,2,Australia
S106251,2025-12-22,Tablet,2,Singapore
S106252,2026-02-07,Desktop,0,India
S106253,2022-12-28,Desktop,3,USA
S106254,2026-03-12,Mobile,3,Germany
S106255,2024-04-28,Mobile,0,Singapore
S106256,2023-09-12,Tablet,4,Australia
S106257,2025-03-31,Desktop,6,Canada
S106258,2026-01-11,Desktop,4,Singapore
S106259,2024-11-17,Tablet,0,UK
S106260,2022-06-07,Desktop,6,Germany
S106261,2023-04-05,Desktop,0,Canada
S106262,2025-07-30,Tablet,0,India
S106263,2025-05-10,Tablet,3,USA
S106264,2025-10-14,Desktop,8,India
S106265,2026-05-13,Tablet,8,India
S106266,2023-11-01,Tablet,8,USA
S106267,2023-12-16,Mobile,8,India
S106268,2023-05-03,Desktop,5,India
S106269,2024-11-28,Desktop,6,Australia
S106270,2025-09-29,Desktop,3,UK
S106271,2024-09-13,Tablet,5,Singapore
S106272,2025-02-27,Mobile,7,USA
S106273,2023-09-30,Desktop,1,Australia
S106274,2024-04-23,Mobile,5,Germany
S106275,2023-06-24,Desktop,3,Germany
S106276,2024-05-02,Desktop,7,UK
S106277,2024-08-23,Desktop,4,UK
S106278,2025-01-14,Desktop,4,Canada
S106279,2026-01-26,Tablet,8,Germany
S106280,2024-07-22,Desktop,5,Australia
S106281,2024-01-11,Desktop,5,UK
S106282,2025-02-05,Mobile,8,India
S106283,2022-10-29,Desktop,6,UK
S106284,2023-07-28,Desktop,0,Singapore
S106285,2024-07-26,Tablet,8,India
S106286,2026-07-25,Tablet,4,UK
S106287,2024-08-08,Mobile,0,USA
S106288,2023-01-30,Desktop,0,Australia
S106289,2025-04-06,Desktop,8,Singapore
S106290,2023-11-10,Mobile,6,India
S106291,2023-05-16,Tablet,6,Canada
S106292,2024-11-01,Mobile,1,Singapore
S106293,2025-05-27,Mobile,3,Germany
S106294,2026-01-21,Mobile,7,Germany
S106295,2024-09-28,Desktop,2,Canada
S106296,2025-10-02,Mobile,7,USA
S106297,2022-12-24,Desktop,5,Canada
S106298,2022-08-30,Mobile,7,India
S106299,2024-11-06,Mobile,0,USA
S106300,2024-09-23,Desktop,6,USA
S106301,2023-01-11,Mobile,4,Singapore
S106302,2025-05-31,Desktop,4,UK
S106303,2025-12-07,Desktop,8,USA
S106304,2023-09-27,Tablet,3,Germany
S106305,2022-01-09,Mobile,2,Germany
S106306,2025-02-05,Tablet,3,USA
S106307,2024-06-30,Tablet,1,Australia
S106308,2023-02-19,Mobile,5,Singapore
S106309,2022-03-09,Desktop,2,Germany
S106310,2022-09-26,Desktop,3,Australia
S106311,2024-09-14,Desktop,1,Germany
S106312,2023-05-28,Tablet,3,Australia
S106313,2022-02-24,Desktop,0,Singapore
S106314,2025-06-03,Desktop,7,Singapore
S106315,2026-06-01,Mobile,1,Germany
S106316,2025-03-06,Desktop,5,India
S106317,2023-03-31,Desktop,6,Canada
S106318,2023-11-16,Mobile,5,Australia
S106319,2022-04-30,Tablet,4,Canada
S106320,2025-11-22,Mobile,6,Australia
S106321,2025-05-29,Tablet,0,India
S106322,2022-12-05,Desktop,3,Singapore
S106323,2025-12-01,Desktop,2,Germany
S106324,2022-05-11,Desktop,8,USA
S106325,2026-06-20,Tablet,8,UK
S106326,2022-11-01,Desktop,5,Canada
S106327,2024-07-21,Desktop,4,Australia
S106328,2024-01-30,Mobile,3,India
S106329,2023-02-03,Mobile,1,Singapore
S106330,2024-08-27,Mobile,4,UK
S106331,2022-03-29,Tablet,1,Germany
S106332,2026-06-09,Tablet,5,Australia
S106333,2023-06-17,Tablet,0,Australia
S106334,2025-03-03,Tablet,2,USA
S106335,2025-06-14,Desktop,2,India
S106336,2022-03-14,Tablet,0,Australia
S106337,2024-01-24,Desktop,6,Germany
S106338,2023-06-08,Tablet,7,Germany
S106339,2022-12-26,Tablet,7,Singapore
S106340,2022-03-31,Mobile,0,UK
S106341,2026-07-06,Mobile,8,Australia
S106342,2023-11-15,Mobile,2,Australia
S106343,2026-05-26,Desktop,3,India
S106344,2024-11-29,Tablet,2,UK
S106345,2025-04-06,Tablet,0,UK
S106346,2025-01-29,Tablet,7,USA
S106347,2023-11-02,Tablet,7,Canada
S106348,2023-01-01,Mobile,6,Singapore
S106349,2024-10-18,Mobile,2,USA
S106350,2022-09-21,Tablet,5,Singapore
S106351,2026-01-04,Mobile,4,Germany
S106352,2023-06-04,Mobile,4,Canada
S106353,2022-02-01,Tablet,7,Canada
S106354,2023-07-05,Desktop,5,Singapore
S106355,2025-02-26,Desktop,4,Germany
S106356,2024-12-28,Desktop,5,India
S106357,2025-04-23,Tablet,1,Australia
S106358,2023-04-30,Tablet,8,Singapore
S106359,2024-03-23,Mobile,4,Germany
S106360,2026-01-24,Tablet,1,Singapore
S106361,2024-05-15,Mobile,3,Singapore
S106362,2024-12-26,Desktop,8,UK
S106363,2025-05-20,Desktop,4,India
S106364,2025-04-30,Mobile,5,Singapore
S106365,2024-06-20,Desktop,6,Canada
S106366,2024-10-12,Desktop,8,India
S106367,2026-04-16,Desktop,8,Germany
S106368,2022-01-04,Tablet,7,India
S106369,2023-03-14,Tablet,8,UK
S106370,2025-12-17,Desktop,0,UK
S106371,2024-07-11,Tablet,7,USA
S106372,2022-11-30,Tablet,7,UK
S106373,2025-11-15,Tablet,7,Canada
S106374,2024-03-19,Desktop,2,UK
S106375,2023-10-06,Tablet,5,Australia
S106376,2025-01-30,Desktop,8,UK
S106377,2024-06-02,Mobile,1,Canada
S106378,2022-06-02,Desktop,3,Canada
S106379,2022-10-31,Mobile,4,USA
S106380,2024-03-19,Tablet,6,India
S106381,2023-06-26,Desktop,3,Australia
S106382,2025-06-20,Tablet,1,UK
S106383,2023-05-21,Mobile,8,India
S106384,2025-03-16,Mobile,4,UK
S106385,2025-12-07,Desktop,5,Germany
S106386,2023-11-06,Tablet,8,UK
S106387,2023-04-09,Tablet,8,Australia
S106388,2023-08-04,Desktop,0,UK
S106389,2023-11-01,Mobile,0,Canada
S106390,2026-07-15,Mobile,6,Singapore
S106391,2024-09-28,Mobile,5,Canada
S106392,2025-06-15,Tablet,0,USA
S106393,2024-08-06,Desktop,2,UK
S106394,2025-08-02,Mobile,6,USA
S106395,2022-11-15,Tablet,5,Canada
S106396,2025-08-24,Desktop,6,Australia
S106397,2026-07-08,Tablet,3,UK
S106398,2025-06-28,Mobile,1,UK
S106399,2023-11-07,Tablet,1,USA
S106400,2023-07-07,Mobile,1,Canada
S106401,2022-01-08,Mobile,6,India
S106402,2026-07-19,Mobile,7,Canada
S106403,2024-05-03,Tablet,0,India
S106404,2022-02-09,Desktop,5,USA
S106405,2026-05-13,Desktop,2,Germany
S106406,2024-04-16,Mobile,7,Canada
S106407,2024-11-09,Mobile,4,Canada
S106408,2022-11-04,Mobile,6,UK
S106409,2025-07-03,Tablet,6,UK
S106410,2023-11-27,Mobile,0,India
S106411,2022-05-23,Mobile,5,Canada
S106412,2022-08-07,Mobile,5,Germany
S106413,2026-07-05,Desktop,0,Germany
S106414,2025-04-24,Desktop,6,Germany
S106415,2025-06-29,Tablet,6,Australia
S106416,2025-05-10,Mobile,7,Australia
S106417,2024-10-28,Desktop,5,India
S106418,2023-01-26,Desktop,4,Canada
S106419,2026-06-13,Desktop,6,Australia
S106420,2025-01-05,Mobile,3,Canada
S106421,2025-01-10,Desktop,8,India
S106422,2024-11-19,Desktop,1,UK
S106423,2022-09-02,Mobile,8,Canada
S106424,2025-08-09,Mobile,8,Canada
S106425,2023-04-07,Mobile,6,USA
S106426,2026-03-18,Mobile,7,USA
S106427,2025-11-16,Desktop,5,USA
S106428,2022-07-12,Mobile,2,India
S106429,2026-01-19,Tablet,3,India
S106430,2022-05-20,Desktop,7,Germany
S106431,2022-04-16,Desktop,3,Canada
S106432,2022-06-21,Desktop,1,USA
S106433,2023-06-03,Tablet,2,Singapore
S106434,2026-01-16,Mobile,8,Australia
S106435,2023-06-05,Mobile,0,USA
S106436,2025-12-03,Tablet,3,Canada
S106437,2026-06-30,Desktop,4,UK
S106438,2022-12-01,Tablet,2,USA
S106439,2026-07-14,Mobile,8,Singapore
S106440,2024-06-03,Tablet,0,Australia
S106441,2025-08-11,Tablet,0,UK
S106442,2026-01-07,Mobile,5,UK
S106443,2025-12-17,Desktop,7,Australia
S106444,2025-07-01,Tablet,4,Canada
S106445,2025-09-25,Tablet,6,Canada
S106446,2026-06-28,Tablet,3,India
S106447,2023-10-17,Mobile,8,Canada
S106448,2022-11-11,Desktop,6,Singapore
S106449,2024-11-24,Desktop,8,India
S106450,2025-09-23,Mobile,6,Australia
S106451,2023-10-27,Tablet,1,India
S106452,2022-05-13,Mobile,7,Canada
S106453,2022-12-13,Tablet,2,USA
S106454,2026-05-13,Tablet,7,USA
S106455,2024-08-15,Desktop,6,Germany
S106456,2023-08-19,Desktop,6,Germany
S106457,2023-10-25,Desktop,2,Singapore
S106458,2022-09-26,Mobile,0,Germany
S106459,2024-05-07,Tablet,4,UK
S106460,2024-01-25,Mobile,3,Australia
S106461,2023-06-11,Mobile,4,USA
S106462,2022-07-12,Desktop,6,Germany
S106463,2022-09-11,Mobile,0,India
S106464,2024-10-23,Tablet,3,Singapore
S106465,2024-02-21,Mobile,6,Singapore
S106466,2024-02-29,Tablet,0,Australia
S106467,2025-04-29,Mobile,8,USA
S106468,2026-01-18,Tablet,0,Singapore
S106469,2022-07-14,Mobile,7,Singapore
S106470,2022-01-22,Mobile,8,Canada
S106471,2023-05-10,Tablet,0,USA
S106472,2022-10-01,Desktop,3,Germany
S106473,2023-06-07,Tablet,3,UK
S106474,2026-06-22,Desktop,4,Canada
S106475,2022-10-10,Tablet,4,Germany
S106476,2026-04-02,Mobile,7,Canada
S106477,2024-10-11,Desktop,2,Canada
S106478,2024-08-01,Mobile,4,India
S106479,2025-02-18,Desktop,5,USA
S106480,2024-01-09,Tablet,4,USA
S106481,2026-07-11,Tablet,5,Canada
S106482,2024-08-06,Desktop,8,India
S106483,2022-03-01,Tablet,2,Canada
S106484,2024-08-17,Desktop,2,Canada
S106485,2025-11-23,Tablet,0,Canada
S106486,2026-02-05,Mobile,5,UK
S106487,2022-06-19,Mobile,2,USA
S106488,2024-01-07,Desktop,7,Australia
S106489,2022-02-05,Tablet,4,Singapore
S106490,2023-09-26,Mobile,2,UK
S106491,2026-06-07,Desktop,2,Canada
S106492,2023-08-20,Tablet,8,Germany
S106493,2026-03-05,Tablet,3,Australia
S106494,2025-04-21,Tablet,4,Australia
S106495,2024-10-12,Mobile,3,Canada
S106496,2022-11-08,Mobile,5,USA
S106497,2023-12-06,Desktop,7,India
S106498,2026-07-08,Mobile,7,Canada
S106499,2022-12-28,Tablet,8,Singapore
S106500,2022-08-06,Tablet,2,Australia
S106501,2023-01-13,Desktop,5,UK
S106502,2022-10-14,Tablet,7,USA
S106503,2024-05-03,Desktop,1,Canada
S106504,2023-11-05,Mobile,1,UK
S106505,2026-01-04,Tablet,5,Canada
S106506,2022-09-11,Tablet,4,Australia
S106507,2022-01-25,Tablet,5,USA
S106508,2025-10-04,Mobile,0,UK
S106509,2023-12-17,Tablet,8,UK
S106510,2025-04-23,Desktop,8,Germany
S106511,2026-04-22,Desktop,6,India
S106512,2026-05-12,Mobile,3,India
S106513,2023-08-20,Mobile,5,Canada
S106514,2023-05-14,Tablet,0,UK
S106515,2025-12-17,Tablet,8,Germany
S106516,2024-05-16,Tablet,2,Germany
S106517,2022-05-20,Mobile,7,Australia
S106518,2025-02-19,Mobile,0,USA
S106519,2024-12-28,Desktop,7,Germany
S106520,2023-12-16,Tablet,4,USA
S106521,2023-05-04,Tablet,7,Germany
S106522,2026-07-21,Mobile,3,Germany
S106523,2024-05-23,Desktop,4,Australia
S106524,2024-05-24,Tablet,2,Singapore
S106525,2023-03-22,Desktop,5,India
S106526,2023-07-28,Desktop,4,Australia
S106527,2022-11-30,Tablet,4,Australia
S106528,2025-01-16,Desktop,5,India
S106529,2025-01-02,Desktop,5,Canada
S106530,2025-04-29,Mobile,4,UK
S106531,2025-04-01,Mobile,2,Canada
S106532,2026-05-25,Desktop,4,Canada
S106533,2024-10-04,Mobile,5,Canada
S106534,2023-10-08,Desktop,1,Singapore
S106535,2023-07-20,Desktop,3,UK
S106536,2022-02-01,Desktop,6,India
S106537,2025-01-26,Desktop,6,Germany
S106538,2024-01-03,Tablet,6,Canada
S106539,2026-01-12,Desktop,7,UK
S106540,2025-11-22,Desktop,0,Germany
S106541,2022-12-18,Tablet,5,Germany
S106542,2023-08-12,Mobile,5,Canada
S106543,2023-10-20,Tablet,0,UK
S106544,2023-03-06,Desktop,5,Singapore
S106545,2026-06-20,Desktop,6,India
S106546,2022-09-19,Desktop,3,Singapore
S106547,2023-10-09,Desktop,3,Singapore
S106548,2024-05-12,Desktop,3,Australia
S106549,2022-04-11,Mobile,7,UK
S106550,2023-03-30,Tablet,5,Australia
S106551,2023-06-07,Mobile,2,India
S106552,2023-03-04,Desktop,1,Australia
S106553,2025-04-25,Desktop,1,Germany
S106554,2024-03-28,Mobile,6,Canada
S106555,2024-02-01,Mobile,6,UK
S106556,2025-03-22,Mobile,1,Australia
S106557,2022-02-03,Tablet,2,UK
S106558,2022-09-11,Tablet,0,UK
S106559,2024-02-13,Desktop,2,UK
S106560,2023-08-09,Tablet,2,Canada
S106561,2023-05-18,Desktop,5,Canada
S106562,2023-07-21,Mobile,5,India
S106563,2026-03-26,Desktop,1,India
S106564,2026-01-19,Tablet,8,UK
S106565,2024-01-26,Mobile,3,USA
S106566,2025-03-28,Mobile,2,Singapore
S106567,2026-04-29,Mobile,1,Australia
S106568,2022-03-25,Tablet,8,Australia
S106569,2026-05-07,Tablet,6,Germany
S106570,2026-05-14,Desktop,2,India
S106571,2022-09-26,Tablet,0,Canada
S106572,2024-03-26,Mobile,6,Singapore
S106573,2023-03-17,Desktop,3,Australia
S106574,2022-02-10,Tablet,4,Australia
S106575,2025-03-30,Tablet,4,India
S106576,2025-08-21,Tablet,7,Canada
S106577,2024-10-09,Mobile,4,Germany
S106578,2025-11-05,Mobile,0,Canada
S106579,2024-04-28,Desktop,3,Australia
S106580,2022-09-03,Mobile,8,Singapore
S106581,2022-05-27,Tablet,3,USA
S106582,2026-04-09,Mobile,6,Canada
S106583,2025-06-25,Mobile,5,Singapore
S106584,2024-03-02,Tablet,4,Canada
S106585,2025-07-11,Tablet,7,India
S106586,2022-09-30,Desktop,8,Singapore
S106587,2024-06-01,Tablet,5,USA
S106588,2024-08-07,Desktop,2,Singapore
S106589,2022-05-13,Tablet,4,UK
S106590,2026-04-07,Tablet,6,USA
S106591,2025-03-04,Mobile,5,UK
S106592,2023-01-18,Tablet,8,Australia
S106593,2024-02-09,Mobile,8,Germany
S106594,2024-05-23,Mobile,6,Canada
S106595,2024-07-02,Tablet,7,UK
S106596,2025-03-08,Mobile,5,UK
S106597,2025-12-28,Mobile,6,Australia
S106598,2024-01-05,Mobile,8,India
S106599,2023-11-05,Desktop,6,India
S106600,2023-03-12,Desktop,4,Australia
S106601,2026-05-13,Tablet,3,Singapore
S106602,2026-07-24,Tablet,8,UK
S106603,2023-05-15,Mobile,0,India
S106604,2025-10-15,Mobile,4,UK
S106605,2025-05-03,Mobile,3,UK
S106606,2022-09-05,Mobile,4,Germany
S106607,2022-04-02,Tablet,7,Germany
S106608,2025-12-13,Mobile,3,Singapore
S106609,2022-04-03,Desktop,5,India
S106610,2023-01-29,Mobile,8,Germany
S106611,2025-07-24,Mobile,1,Canada
S106612,2023-06-04,Desktop,0,Australia
S106613,2022-06-15,Mobile,7,Canada
S106614,2023-03-18,Desktop,2,Canada
S106615,2025-12-14,Tablet,8,India
S106616,2022-07-15,Tablet,8,USA
S106617,2024-05-19,Tablet,3,UK
S106618,2023-02-11,Mobile,3,Canada
S106619,2023-05-11,Mobile,5,Singapore
S106620,2025-01-02,Tablet,8,Singapore
S106621,2022-04-07,Mobile,3,Germany
S106622,2023-04-06,Mobile,7,Canada
S106623,2022-06-30,Tablet,1,Singapore
S106624,2022-07-26,Desktop,0,India
S106625,2026-06-19,Tablet,5,Australia
S106626,2025-08-14,Tablet,4,Australia
S106627,2024-11-25,Tablet,4,Germany
S106628,2024-07-27,Tablet,6,USA
S106629,2026-04-03,Tablet,6,Canada
S106630,2022-02-06,Mobile,8,UK
S106631,2024-12-15,Mobile,8,Singapore
S106632,2024-03-24,Desktop,8,Australia
S106633,2025-10-26,Tablet,1,UK
S106634,2026-04-09,Mobile,6,USA
S106635,2025-12-16,Desktop,3,USA
S106636,2026-04-01,Mobile,8,Singapore
S106637,2025-10-03,Tablet,4,Germany
S106638,2026-07-04,Mobile,0,Germany
S106639,2025-03-12,Tablet,8,Australia
S106640,2026-04-28,Tablet,3,Germany
S106641,2026-05-09,Mobile,5,Canada
S106642,2024-08-20,Tablet,4,Germany
S106643,2024-11-02,Desktop,3,Singapore
S106644,2023-05-06,Mobile,8,Singapore
S106645,2025-10-13,Desktop,8,UK
S106646,2022-01-19,Desktop,0,Singapore
S106647,2022-04-28,Mobile,2,UK
S106648,2024-08-23,Mobile,1,UK
S106649,2022-08-19,Tablet,1,India
S106650,2024-08-29,Tablet,2,Singapore
S106651,2023-03-03,Tablet,4,India
S106652,2024-05-10,Desktop,1,Australia
S106653,2025-05-16,Desktop,3,UK
S106654,2025-03-20,Mobile,1,Germany
S106655,2022-05-25,Mobile,3,Singapore
S106656,2024-04-17,Desktop,8,UK
S106657,2025-03-02,Desktop,5,USA
S106658,2022-11-14,Desktop,0,UK
S106659,2026-03-14,Desktop,7,Canada
S106660,2025-07-15,Mobile,3,USA
S106661,2022-02-08,Tablet,6,Germany
S106662,2022-03-23,Tablet,0,UK
S106663,2022-05-02,Desktop,5,USA
S106664,2025-09-06,Tablet,7,India
S106665,2025-08-31,Mobile,7,Canada
S106666,2026-04-02,Mobile,8,Singapore
S106667,2024-07-18,Mobile,3,USA
S106668,2023-07-04,Mobile,7,Australia
S106669,2024-09-26,Tablet,0,UK
S106670,2026-01-18,Mobile,8,India
S106671,2025-06-14,Tablet,8,USA
S106672,2025-09-20,Mobile,8,Australia
S106673,2025-02-26,Desktop,0,Australia
S106674,2025-11-04,Tablet,7,USA
S106675,2022-02-09,Mobile,7,Germany
S106676,2023-06-09,Mobile,4,UK
S106677,2026-05-16,Tablet,0,Australia
S106678,2023-02-19,Desktop,5,UK
S106679,2026-01-08,Mobile,3,Germany
S106680,2023-03-18,Desktop,7,Singapore
S106681,2023-06-21,Mobile,4,Germany
S106682,2022-09-05,Desktop,0,India
S106683,2023-03-05,Desktop,0,Canada
S106684,2023-05-29,Mobile,6,Germany
S106685,2024-12-23,Tablet,5,India
S106686,2022-04-08,Desktop,8,Canada
S106687,2022-03-17,Desktop,3,Singapore
S106688,2023-06-08,Mobile,4,Singapore
S106689,2025-06-25,Desktop,6,UK
S106690,2022-11-19,Mobile,6,Australia
S106691,2024-08-16,Desktop,6,India
S106692,2022-06-19,Desktop,5,Singapore
S106693,2024-11-27,Desktop,6,Australia
S106694,2023-03-16,Desktop,6,Australia
S106695,2022-02-01,Mobile,1,UK
S106696,2022-04-21,Desktop,2,Singapore
S106697,2023-09-02,Desktop,3,UK
S106698,2022-03-05,Mobile,6,Australia
S106699,2025-06-08,Desktop,1,Canada
S106700,2022-07-11,Desktop,6,India
S106701,2024-11-04,Desktop,2,Germany
S106702,2022-10-30,Mobile,3,Australia
S106703,2025-10-29,Desktop,1,Germany
S106704,2024-04-25,Tablet,7,USA
S106705,2024-11-25,Tablet,2,USA
S106706,2026-07-12,Mobile,3,India
S106707,2024-01-29,Mobile,5,USA
S106708,2026-05-22,Tablet,4,India
S106709,2023-11-13,Tablet,8,UK
S106710,2022-04-18,Mobile,7,USA
S106711,2024-08-30,Desktop,1,Germany
S106712,2025-08-20,Mobile,0,USA
S106713,2026-06-22,Tablet,6,UK
S106714,2024-12-04,Desktop,1,India
S106715,2025-01-23,Tablet,0,USA
S106716,2022-03-21,Mobile,8,India
S106717,2022-11-09,Desktop,2,USA
S106718,2024-01-11,Tablet,6,India
S106719,2023-02-02,Mobile,6,Canada
S106720,2022-11-21,Mobile,5,Canada
S106721,2022-09-05,Tablet,8,Canada
S106722,2025-01-19,Mobile,3,Canada
S106723,2025-07-01,Desktop,3,USA
S106724,2026-03-15,Mobile,7,Singapore
S106725,2022-08-18,Mobile,4,USA
S106726,2025-09-30,Mobile,5,India
S106727,2023-04-05,Mobile,2,India
S106728,2022-03-19,Desktop,3,Canada
S106729,2023-10-22,Desktop,8,Australia
S106730,2025-10-17,Mobile,8,Germany
S106731,2023-09-05,Tablet,2,India
S106732,2022-12-14,Tablet,0,Canada
S106733,2023-06-21,Desktop,1,Singapore
S106734,2023-03-08,Mobile,8,USA
S106735,2026-03-06,Mobile,0,UK
S106736,2026-06-30,Desktop,6,Australia
S106737,2024-01-08,Tablet,8,UK
S106738,2023-09-19,Desktop,6,India
S106739,2022-03-28,Tablet,2,USA
S106740,2025-09-25,Mobile,3,USA
S106741,2025-11-23,Desktop,1,India
S106742,2022-05-05,Desktop,5,Singapore
S106743,2024-10-19,Tablet,8,India
S106744,2024-09-19,Tablet,4,USA
S106745,2023-08-16,Tablet,6,USA
S106746,2022-12-28,Desktop,3,Germany
S106747,2023-01-27,Mobile,5,USA
S106748,2022-11-28,Desktop,4,Canada
S106749,2025-05-23,Desktop,6,Germany
S106750,2025-07-15,Desktop,8,Singapore
S106751,2025-07-21,Tablet,5,Canada
S106752,2026-07-28,Mobile,5,Germany
S106753,2025-07-09,Desktop,5,USA
S106754,2025-08-04,Tablet,4,Australia
S106755,2022-12-24,Tablet,6,Germany
S106756,2025-06-30,Desktop,4,Canada
S106757,2022-07-09,Tablet,2,India
S106758,2022-06-13,Desktop,3,India
S106759,2025-07-08,Mobile,7,India
S106760,2024-11-05,Tablet,2,India
S106761,2023-04-03,Mobile,8,USA
S106762,2022-02-23,Tablet,1,Australia
S106763,2026-02-02,Mobile,3,India
S106764,2022-10-22,Mobile,0,Singapore
S106765,2024-12-04,Desktop,8,India
S106766,2022-03-11,Tablet,5,Singapore
S106767,2024-04-27,Desktop,6,Germany
S106768,2023-04-28,Desktop,0,Australia
S106769,2026-03-04,Tablet,7,Canada
S106770,2022-12-25,Mobile,3,UK
S106771,2025-06-07,Desktop,1,India
S106772,2022-07-05,Desktop,0,USA
S106773,2024-09-24,Desktop,5,India
S106774,2024-07-09,Mobile,3,USA
S106775,2024-12-01,Desktop,3,India
S106776,2025-02-16,Tablet,0,Australia
S106777,2024-07-12,Desktop,7,USA
S106778,2026-02-16,Mobile,7,USA
S106779,2025-03-21,Mobile,2,USA
S106780,2022-08-06,Mobile,7,Germany
S106781,2022-07-29,Desktop,6,Canada
S106782,2022-06-16,Mobile,8,Germany
S106783,2025-10-03,Tablet,6,USA
S106784,2023-05-18,Mobile,5,Australia
S106785,2022-12-29,Desktop,2,UK
S106786,2023-02-12,Desktop,4,Canada
S106787,2025-12-20,Desktop,3,Australia
S106788,2023-07-26,Tablet,7,Canada
S106789,2023-09-08,Tablet,7,Canada
S106790,2022-04-01,Tablet,6,USA
S106791,2023-02-24,Tablet,7,Canada
S106792,2023-10-03,Desktop,4,Germany
S106793,2024-10-30,Desktop,7,Canada
S106794,2023-05-24,Desktop,6,USA
S106795,2025-12-22,Mobile,3,Canada
S106796,2024-08-22,Tablet,4,India
S106797,2024-06-02,Tablet,6,India
S106798,2026-05-08,Tablet,0,Canada
S106799,2024-11-10,Desktop,4,Australia
S106800,2022-06-07,Desktop,8,India
S106801,2026-04-16,Mobile,2,UK
S106802,2026-01-23,Tablet,0,USA
S106803,2023-07-10,Tablet,3,Canada
S106804,2022-08-24,Mobile,1,UK
S106805,2023-02-24,Mobile,0,UK
S106806,2022-02-16,Tablet,8,UK
S106807,2022-09-26,Mobile,7,Australia
S106808,2024-12-26,Desktop,4,Australia
S106809,2026-03-26,Desktop,4,Australia
S106810,2022-07-22,Desktop,2,Australia
S106811,2022-09-20,Tablet,6,India
S106812,2025-07-22,Tablet,3,Canada
S106813,2026-04-19,Mobile,3,India
S106814,2025-12-09,Mobile,4,Germany
S106815,2026-06-14,Desktop,6,India
S106816,2025-04-18,Mobile,5,USA
S106817,2024-08-24,Tablet,2,Singapore
S106818,2025-06-17,Tablet,5,Singapore
S106819,2022-07-07,Tablet,0,Canada
S106820,2026-07-17,Desktop,7,Germany
S106821,2025-11-26,Tablet,5,USA
S106822,2024-03-28,Mobile,4,Canada
S106823,2022-06-06,Mobile,3,Canada
S106824,2023-03-18,Mobile,3,India
S106825,2025-10-23,Tablet,8,UK
S106826,2023-12-10,Desktop,2,Australia
S106827,2022-06-26,Tablet,1,UK
S106828,2024-07-06,Tablet,7,USA
S106829,2026-06-15,Tablet,3,USA
S106830,2024-06-21,Mobile,7,UK
S106831,2026-02-04,Mobile,2,Singapore
S106832,2022-11-22,Tablet,1,UK
S106833,2022-12-08,Tablet,8,Australia
S106834,2025-01-09,Mobile,8,Singapore
S106835,2023-03-05,Desktop,8,USA
S106836,2023-05-22,Tablet,3,UK
S106837,2025-03-22,Desktop,7,Canada
S106838,2023-03-26,Desktop,7,Singapore
S106839,2023-08-15,Desktop,3,Australia
S106840,2024-08-02,Mobile,0,USA
S106841,2026-02-15,Tablet,6,Germany
S106842,2022-03-22,Mobile,5,UK
S106843,2022-11-06,Tablet,6,UK
S106844,2022-04-20,Mobile,3,India
S106845,2024-08-15,Tablet,0,Australia
S106846,2022-10-10,Desktop,3,Canada
S106847,2023-07-18,Tablet,8,Germany
S106848,2026-01-13,Tablet,4,Singapore
S106849,2024-03-01,Desktop,5,Germany
S106850,2025-12-31,Mobile,3,Germany
S106851,2022-12-19,Tablet,7,Australia
S106852,2023-11-06,Desktop,5,Australia
S106853,2022-09-01,Tablet,2,UK
S106854,2023-07-13,Tablet,3,India
S106855,2026-07-30,Tablet,8,Singapore
S106856,2026-02-12,Desktop,1,Singapore
S106857,2024-03-27,Mobile,0,Canada
S106858,2023-09-28,Desktop,8,Singapore
S106859,2024-08-02,Tablet,4,Singapore
S106860,2024-11-15,Tablet,1,UK
S106861,2025-05-16,Desktop,3,UK
S106862,2025-04-21,Desktop,4,UK
S106863,2024-02-29,Mobile,1,Australia
S106864,2024-01-25,Desktop,1,Singapore
S106865,2023-08-14,Desktop,7,Canada
S106866,2023-06-14,Mobile,7,USA
S106867,2025-08-17,Desktop,2,Singapore
S106868,2022-04-24,Tablet,1,Singapore
S106869,2022-09-06,Desktop,4,USA
S106870,2024-08-12,Mobile,5,Germany
S106871,2022-05-19,Mobile,5,Germany
S106872,2025-09-17,Tablet,7,Singapore
S106873,2022-10-04,Desktop,3,Australia
S106874,2024-01-30,Tablet,8,Singapore
S106875,2025-09-16,Tablet,7,Germany
S106876,2023-06-23,Desktop,0,Germany
S106877,2022-03-10,Mobile,1,India
S106878,2025-10-06,Mobile,0,USA
S106879,2024-08-05,Desktop,1,Australia
S106880,2023-07-09,Mobile,5,Germany
S106881,2024-01-18,Mobile,2,Singapore
S106882,2022-06-19,Tablet,2,Germany
S106883,2023-12-01,Mobile,3,Canada
S106884,2026-02-15,Mobile,4,Germany
S106885,2026-04-13,Desktop,2,India
S106886,2023-03-07,Desktop,7,Australia
S106887,2023-12-04,Desktop,0,India
S106888,2024-06-13,Desktop,2,USA
S106889,2025-12-01,Mobile,1,India
S106890,2024-09-21,Mobile,0,Canada
S106891,2024-03-10,Desktop,4,UK
S106892,2026-03-28,Tablet,8,Canada
S106893,2025-11-10,Mobile,1,USA
S106894,2024-12-17,Desktop,8,Canada
S106895,2022-08-11,Tablet,5,Canada
S106896,2025-11-27,Desktop,2,UK
S106897,2025-01-27,Desktop,4,Canada
S106898,2024-12-31,Mobile,0,USA
S106899,2022-03-06,Mobile,0,Singapore
S106900,2026-03-29,Desktop,5,Canada
S106901,2025-05-22,Mobile,5,India
S106902,2025-08-10,Tablet,5,India
S106903,2023-11-18,Tablet,4,UK
S106904,2025-09-12,Tablet,5,Canada
S106905,2024-01-10,Mobile,8,Canada
S106906,2024-03-29,Tablet,1,India
S106907,2024-07-26,Tablet,0,Germany
S106908,2023-07-01,Mobile,1,Germany
S106909,2023-07-08,Tablet,6,Australia
S106910,2024-03-15,Mobile,6,Australia
S106911,2023-04-01,Tablet,0,Australia
S106912,2022-06-30,Desktop,6,Canada
S106913,2023-02-05,Tablet,2,India
S106914,2022-11-19,Mobile,4,UK
S106915,2024-04-02,Tablet,3,Canada
S106916,2025-10-09,Tablet,5,UK
S106917,2023-11-08,Mobile,0,Australia
S106918,2026-06-07,Desktop,4,Singapore
S106919,2026-06-12,Desktop,5,Singapore
S106920,2025-08-07,Tablet,5,UK
S106921,2025-06-28,Desktop,3,Australia
S106922,2022-04-22,Desktop,3,UK
S106923,2024-01-27,Mobile,5,Australia
S106924,2025-07-01,Mobile,5,Germany
S106925,2026-03-12,Tablet,8,Germany
S106926,2025-01-11,Mobile,4,Germany
S106927,2022-11-03,Desktop,7,Canada
S106928,2023-09-21,Tablet,7,Singapore
S106929,2022-02-02,Mobile,6,USA
S106930,2025-11-08,Desktop,5,Germany
S106931,2025-03-10,Desktop,2,India
S106932,2026-06-16,Mobile,4,Singapore
S106933,2025-08-15,Mobile,7,Singapore
S106934,2026-02-07,Tablet,4,Canada
S106935,2026-06-21,Mobile,0,USA
S106936,2023-12-21,Mobile,0,Australia
S106937,2022-10-20,Tablet,0,Australia
S106938,2026-04-23,Desktop,6,Canada
S106939,2023-11-19,Tablet,2,Canada
S106940,2025-05-16,Tablet,1,Canada
S106941,2023-08-22,Desktop,2,Germany
S106942,2025-08-25,Tablet,7,Australia
S106943,2025-01-21,Desktop,3,India
S106944,2026-07-12,Desktop,7,USA
S106945,2025-11-05,Mobile,5,USA
S106946,2022-06-20,Mobile,6,Australia
S106947,2025-09-19,Desktop,8,India
S106948,2022-04-29,Tablet,7,Germany
S106949,2024-06-30,Mobile,8,USA
S106950,2025-07-13,Mobile,2,Germany
S106951,2026-02-04,Desktop,3,Germany
S106952,2023-12-08,Mobile,6,India
S106953,2025-11-23,Tablet,3,Australia
S106954,2024-05-30,Desktop,7,Germany
S106955,2024-04-24,Mobile,3,UK
S106956,2024-02-20,Desktop,5,India
S106957,2024-04-20,Mobile,2,Germany
S106958,2025-12-26,Mobile,2,USA
S106959,2025-11-12,Mobile,1,UK
S106960,2022-02-24,Tablet,6,Singapore
S106961,2025-11-27,Mobile,6,Australia
S106962,2022-01-25,Desktop,3,USA
S106963,2025-09-28,Tablet,7,Singapore
S106964,2022-05-31,Tablet,5,UK
S106965,2024-02-05,Tablet,1,Singapore
S106966,2025-10-28,Mobile,5,India
S106967,2024-07-12,Mobile,7,Canada
S106968,2025-10-12,Desktop,6,Australia
S106969,2022-10-24,Desktop,3,Germany
S106970,2023-09-29,Mobile,5,USA
S106971,2023-12-14,Tablet,6,USA
S106972,2024-11-18,Mobile,6,USA
S106973,2026-05-11,Mobile,3,Canada
S106974,2022-12-23,Desktop,7,USA
S106975,2024-08-08,Mobile,6,UK
S106976,2023-01-08,Tablet,2,Germany
S106977,2022-10-14,Desktop,5,Germany
S106978,2025-11-23,Tablet,2,USA
S106979,2026-07-13,Tablet,4,USA
S106980,2026-06-05,Tablet,7,Germany
S106981,2024-11-04,Tablet,5,Canada
S106982,2022-05-05,Desktop,1,USA
S106983,2023-11-11,Desktop,6,India
S106984,2024-08-16,Tablet,2,Germany
S106985,2023-01-03,Desktop,6,Australia
S106986,2024-10-04,Mobile,1,India
S106987,2022-09-21,Tablet,0,Australia
S106988,2022-08-30,Desktop,3,UK
S106989,2026-07-19,Tablet,1,Germany
S106990,2025-12-14,Tablet,0,Australia
S106991,2024-04-28,Tablet,2,Canada
S106992,2024-11-01,Mobile,1,Germany
S106993,2023-12-19,Desktop,6,Singapore
S106994,2023-02-07,Tablet,7,Germany
S106995,2026-07-19,Desktop,7,USA
S106996,2024-07-09,Desktop,6,Canada
S106997,2023-11-07,Desktop,8,Singapore
S106998,2024-05-22,Mobile,7,Germany
S106999,2024-11-01,Desktop,3,Canada
S107000,2024-05-31,Tablet,1,USA
S107001,2025-05-20,Tablet,1,Australia
S107002,2022-03-18,Tablet,8,Singapore
S107003,2022-02-09,Tablet,6,Australia
S107004,2026-03-16,Tablet,8,Singapore
S107005,2024-02-23,Mobile,0,USA
S107006,2022-09-27,Tablet,3,UK
S107007,2022-07-10,Desktop,4,India
S107008,2022-06-27,Desktop,7,Singapore
S107009,2023-03-04,Desktop,1,Canada
S107010,2025-04-18,Tablet,6,India
S107011,2026-02-10,Tablet,1,USA
S107012,2025-07-07,Mobile,6,Australia
S107013,2023-10-16,Tablet,6,UK
S107014,2023-09-02,Mobile,1,Singapore
S107015,2022-05-25,Mobile,3,Canada
S107016,2026-07-08,Tablet,5,USA
S107017,2024-05-03,Mobile,8,India
S107018,2023-12-08,Desktop,6,Australia
S107019,2023-12-04,Tablet,7,India
S107020,2024-08-22,Desktop,2,Germany
S107021,2022-08-28,Desktop,2,Singapore
S107022,2025-01-01,Desktop,5,Australia
S107023,2025-09-26,Desktop,5,UK
S107024,2026-05-27,Mobile,7,Canada
S107025,2023-11-08,Desktop,1,Australia
S107026,2024-06-28,Desktop,3,Canada
S107027,2022-03-23,Mobile,0,USA
S107028,2024-07-12,Tablet,4,Germany
S107029,2023-05-30,Mobile,1,Australia
S107030,2025-02-17,Desktop,6,UK
S107031,2022-10-21,Tablet,4,India
S107032,2024-04-17,Desktop,1,Canada
S107033,2022-10-19,Tablet,5,Singapore
S107034,2025-02-28,Tablet,5,Australia
S107035,2026-06-09,Desktop,4,Germany
S107036,2025-06-18,Tablet,0,USA
S107037,2026-07-10,Desktop,3,USA
S107038,2022-07-30,Desktop,3,Canada
S107039,2025-12-28,Desktop,0,USA
S107040,2026-04-07,Desktop,2,Singapore
S107041,2023-08-01,Mobile,7,Australia
S107042,2024-08-14,Tablet,8,Canada
S107043,2022-09-04,Mobile,1,Canada
S107044,2026-07-29,Desktop,1,Germany
S107045,2025-02-17,Desktop,6,Canada
S107046,2023-07-05,Mobile,5,Canada
S107047,2024-04-21,Tablet,8,India
S107048,2022-10-05,Tablet,4,Canada
S107049,2023-04-18,Tablet,4,Germany
S107050,2022-07-30,Desktop,4,USA
S107051,2023-06-21,Mobile,1,Australia
S107052,2025-06-27,Tablet,6,Germany
S107053,2025-11-15,Tablet,3,USA
S107054,2022-09-16,Mobile,1,Canada
S107055,2025-08-28,Mobile,8,Germany
S107056,2023-11-21,Desktop,5,India
S107057,2022-02-08,Mobile,0,Singapore
S107058,2023-04-25,Tablet,0,Germany
S107059,2024-12-10,Desktop,8,India
S107060,2026-03-17,Desktop,6,Canada
S107061,2022-10-11,Tablet,4,UK
S107062,2025-07-29,Desktop,7,India
S107063,2025-02-13,Mobile,4,Germany
S107064,2023-07-27,Desktop,4,USA
S107065,2025-02-16,Mobile,2,USA
S107066,2026-02-27,Desktop,7,Australia
S107067,2025-08-09,Desktop,1,India
S107068,2025-06-23,Mobile,4,Canada
S107069,2025-02-02,Desktop,1,Germany
S107070,2023-12-11,Tablet,8,UK
S107071,2023-04-22,Mobile,7,India
S107072,2026-07-24,Mobile,2,Singapore
S107073,2022-10-13,Desktop,0,Australia
S107074,2023-03-01,Desktop,3,Australia
S107075,2023-05-04,Desktop,0,Canada
S107076,2025-02-22,Desktop,1,India
S107077,2025-09-07,Desktop,8,Singapore
S107078,2025-02-25,Mobile,3,UK
S107079,2026-02-09,Mobile,1,India
S107080,2025-11-14,Mobile,4,UK
S107081,2025-04-01,Desktop,4,Singapore
S107082,2026-03-16,Desktop,0,India
S107083,2025-03-12,Desktop,6,Singapore
S107084,2022-04-27,Tablet,6,UK
S107085,2023-05-09,Mobile,3,USA
S107086,2023-08-28,Desktop,2,Canada
S107087,2023-03-24,Desktop,1,Singapore
S107088,2025-02-09,Tablet,4,Canada
S107089,2025-11-10,Mobile,0,Germany
S107090,2024-09-23,Tablet,6,India
S107091,2023-01-13,Tablet,4,Canada
S107092,2026-02-02,Tablet,6,Canada
S107093,2022-06-16,Mobile,8,UK
S107094,2026-06-04,Mobile,5,UK
S107095,2022-01-26,Desktop,7,Singapore
S107096,2023-08-20,Desktop,7,Canada
S107097,2024-12-21,Desktop,0,India
S107098,2026-05-27,Tablet,2,Australia
S107099,2026-06-22,Mobile,2,India
S107100,2022-04-24,Desktop,7,India
S107101,2022-01-31,Tablet,7,UK
S107102,2026-06-22,Mobile,6,USA
S107103,2023-02-19,Desktop,8,Germany
S107104,2022-07-09,Tablet,0,India
S107105,2024-02-03,Tablet,2,India
S107106,2022-09-02,Tablet,7,Australia
S107107,2023-06-08,Tablet,2,Singapore
S107108,2026-02-01,Desktop,2,Singapore
S107109,2025-11-22,Desktop,8,USA
S107110,2022-02-22,Mobile,7,Australia
S107111,2026-02-13,Mobile,3,Singapore
S107112,2026-02-17,Desktop,8,India
S107113,2024-09-17,Mobile,7,Singapore
S107114,2023-12-03,Desktop,0,Singapore
S107115,2025-01-23,Tablet,8,USA
S107116,2025-06-07,Tablet,1,Singapore
S107117,2024-08-14,Tablet,5,USA
S107118,2024-08-17,Mobile,6,USA
S107119,2022-05-22,Tablet,4,USA
S107120,2024-12-27,Tablet,7,UK
S107121,2024-12-17,Mobile,5,Canada
S107122,2023-03-29,Desktop,2,USA
S107123,2024-05-04,Desktop,2,India
S107124,2023-04-22,Desktop,4,India
S107125,2022-03-03,Desktop,4,Singapore
S107126,2025-02-27,Tablet,5,UK
S107127,2024-03-08,Tablet,5,India
S107128,2024-02-19,Desktop,7,Australia
S107129,2023-04-22,Desktop,6,India
S107130,2022-12-21,Desktop,2,Australia
S107131,2024-10-01,Mobile,6,Germany
S107132,2024-06-23,Mobile,2,USA
S107133,2025-03-29,Desktop,4,Australia
S107134,2023-08-16,Desktop,2,Australia
S107135,2023-01-27,Tablet,0,Australia
S107136,2024-07-03,Tablet,5,USA
S107137,2022-06-07,Tablet,8,UK
S107138,2023-03-21,Tablet,5,UK
S107139,2024-04-29,Tablet,0,Singapore
S107140,2025-04-10,Tablet,6,Australia
S107141,2023-07-18,Mobile,5,UK
S107142,2025-06-01,Mobile,2,Germany
S107143,2023-03-16,Desktop,8,Germany
S107144,2022-12-24,Desktop,2,USA
S107145,2026-01-20,Desktop,7,India
S107146,2025-07-01,Mobile,4,UK
S107147,2024-06-07,Mobile,2,Germany
S107148,2026-01-18,Tablet,5,India
S107149,2026-03-08,Mobile,4,Australia
S107150,2024-01-21,Tablet,1,USA
S107151,2024-07-15,Tablet,3,UK
S107152,2023-06-05,Tablet,5,Germany
S107153,2023-03-23,Tablet,5,Germany
S107154,2022-11-30,Desktop,5,Singapore
S107155,2022-02-26,Tablet,5,Germany
S107156,2023-05-17,Desktop,8,India
S107157,2024-09-14,Desktop,5,Australia
S107158,2024-02-05,Tablet,3,Germany
S107159,2024-07-20,Mobile,8,UK
S107160,2023-06-01,Desktop,1,Singapore
S107161,2024-02-03,Tablet,5,Australia
S107162,2025-02-21,Tablet,5,Australia
S107163,2024-08-09,Mobile,8,India
S107164,2025-12-21,Desktop,0,USA
S107165,2024-05-04,Desktop,1,India
S107166,2023-01-23,Mobile,5,India
S107167,2026-03-22,Mobile,0,UK
S107168,2025-12-25,Tablet,8,USA
S107169,2026-04-20,Mobile,7,Germany
S107170,2025-08-17,Mobile,3,India
S107171,2022-07-19,Desktop,4,USA
S107172,2025-11-30,Desktop,4,UK
S107173,2025-11-01,Mobile,2,Canada
S107174,2023-09-24,Tablet,4,Canada
S107175,2025-06-04,Desktop,7,India
S107176,2022-10-18,Tablet,6,Singapore
S107177,2026-05-22,Mobile,8,Canada
S107178,2022-06-26,Mobile,5,Singapore
S107179,2022-12-24,Mobile,7,USA
S107180,2024-02-06,Tablet,3,Australia
S107181,2023-05-07,Desktop,7,Australia
S107182,2025-11-26,Mobile,4,Canada
S107183,2024-08-06,Mobile,1,India
S107184,2022-11-06,Desktop,8,India
S107185,2024-11-02,Desktop,4,USA
S107186,2025-10-20,Desktop,3,USA
S107187,2025-12-04,Tablet,3,Germany
S107188,2023-10-10,Desktop,8,Germany
S107189,2025-08-12,Tablet,3,Singapore
S107190,2022-12-09,Desktop,0,Germany
S107191,2022-09-23,Desktop,2,India
S107192,2024-12-09,Desktop,0,Germany
S107193,2022-09-08,Tablet,8,UK
S107194,2022-11-26,Mobile,7,USA
S107195,2022-07-07,Tablet,2,Australia
S107196,2026-06-27,Desktop,2,India
S107197,2026-07-28,Mobile,2,Australia
S107198,2026-01-25,Mobile,8,Canada
S107199,2026-07-22,Desktop,7,USA
S107200,2022-10-14,Tablet,7,USA
S107201,2023-10-08,Tablet,6,India
S107202,2025-02-06,Desktop,6,Singapore
S107203,2025-10-03,Tablet,6,Australia
S107204,2024-06-26,Tablet,8,India
S107205,2026-05-03,Tablet,2,Canada
S107206,2023-09-06,Desktop,2,Canada
S107207,2023-04-13,Tablet,5,Singapore
S107208,2022-04-20,Mobile,3,UK
S107209,2026-01-22,Desktop,2,Germany
S107210,2023-08-14,Mobile,7,Canada
S107211,2023-08-14,Tablet,8,USA
S107212,2026-06-12,Tablet,2,UK
S107213,2022-03-25,Mobile,2,Australia
S107214,2022-03-22,Tablet,3,Canada
S107215,2024-01-28,Desktop,5,UK
S107216,2023-10-03,Desktop,4,Singapore
S107217,2025-11-06,Mobile,0,USA
S107218,2024-12-18,Mobile,0,Singapore
S107219,2025-05-29,Mobile,4,Singapore
S107220,2025-09-28,Desktop,3,Canada
S107221,2022-09-17,Tablet,7,Germany
S107222,2024-12-30,Desktop,2,Australia
S107223,2022-02-01,Desktop,4,USA
S107224,2024-06-22,Desktop,5,Germany
S107225,2024-11-27,Mobile,2,USA
S107226,2025-09-21,Desktop,1,Germany
S107227,2026-07-12,Mobile,8,India
S107228,2022-01-16,Tablet,3,Germany
S107229,2023-11-08,Desktop,6,Canada
S107230,2025-07-18,Desktop,5,Germany
S107231,2025-08-20,Desktop,1,UK
S107232,2023-08-14,Tablet,7,USA
S107233,2023-07-19,Desktop,6,India
S107234,2023-03-15,Tablet,2,Australia
S107235,2024-08-19,Tablet,7,India
S107236,2026-05-31,Tablet,8,Singapore
S107237,2024-07-06,Desktop,1,Australia
S107238,2022-02-26,Tablet,8,Australia
S107239,2023-04-17,Tablet,6,Canada
S107240,2022-09-25,Tablet,6,Canada
S107241,2025-02-23,Tablet,6,Germany
S107242,2025-08-31,Tablet,2,Australia
S107243,2022-01-14,Tablet,6,Australia
S107244,2024-09-16,Tablet,0,Canada
S107245,2024-07-22,Mobile,5,USA
S107246,2022-08-01,Tablet,0,India
S107247,2022-02-02,Tablet,6,Germany
S107248,2026-06-14,Desktop,1,UK
S107249,2022-12-19,Tablet,6,Singapore
S107250,2023-05-06,Mobile,4,USA
S107251,2025-08-05,Desktop,8,Germany
S107252,2022-05-13,Mobile,6,UK
S107253,2024-07-28,Desktop,5,India
S107254,2026-06-28,Desktop,2,Germany
S107255,2022-10-04,Desktop,0,Canada
S107256,2026-05-10,Mobile,0,UK
S107257,2022-09-08,Desktop,8,India
S107258,2024-12-27,Tablet,7,USA
S107259,2026-07-13,Desktop,5,Australia
S107260,2025-05-29,Tablet,3,Australia
S107261,2023-10-13,Mobile,5,UK
S107262,2026-06-09,Mobile,6,UK
S107263,2024-03-27,Mobile,4,Singapore
S107264,2023-11-28,Mobile,0,India
S107265,2025-09-22,Tablet,0,UK
S107266,2025-12-30,Tablet,2,India
S107267,2024-01-14,Mobile,7,USA
S107268,2024-11-14,Mobile,7,Australia
S107269,2024-10-05,Mobile,3,Australia
S107270,2024-05-12,Tablet,7,Canada
S107271,2022-12-12,Tablet,4,India
S107272,2024-04-17,Desktop,4,India
S107273,2023-10-08,Mobile,1,India
S107274,2023-05-15,Tablet,5,Australia
S107275,2025-06-04,Mobile,2,India
S107276,2026-02-05,Mobile,5,India
S107277,2023-01-27,Tablet,5,USA
S107278,2026-06-24,Mobile,1,Canada
S107279,2026-02-10,Desktop,4,UK
S107280,2022-11-18,Mobile,0,Canada
S107281,2022-02-23,Desktop,1,UK
S107282,2024-08-04,Desktop,8,UK
S107283,2025-12-30,Tablet,0,Australia
S107284,2025-06-26,Mobile,3,Canada
S107285,2023-09-09,Desktop,6,Germany
S107286,2022-07-16,Mobile,5,India
S107287,2022-01-09,Tablet,0,USA
S107288,2024-03-16,Tablet,8,Australia
S107289,2025-08-11,Desktop,1,UK
S107290,2026-04-18,Mobile,3,USA
S107291,2024-08-10,Mobile,7,Australia
S107292,2022-12-22,Mobile,8,Canada
S107293,2022-06-14,Mobile,5,India
S107294,2022-01-21,Desktop,3,Australia
S107295,2025-04-28,Tablet,3,India
S107296,2025-09-19,Desktop,2,USA
S107297,2022-10-09,Mobile,3,UK
S107298,2025-04-08,Mobile,2,Canada
S107299,2023-12-24,Mobile,2,USA
S107300,2025-10-09,Tablet,4,India
S107301,2023-12-08,Mobile,4,Canada
S107302,2025-01-13,Tablet,6,Germany
S107303,2023-05-16,Desktop,3,USA
S107304,2024-05-24,Mobile,8,UK
S107305,2024-12-12,Desktop,3,Canada
S107306,2025-03-27,Tablet,4,India
S107307,2026-05-27,Tablet,5,Canada
S107308,2023-04-21,Desktop,2,Germany
S107309,2023-09-10,Tablet,2,UK
S107310,2026-01-19,Mobile,0,Canada
S107311,2022-08-06,Mobile,5,Canada
S107312,2024-08-26,Desktop,4,Canada
S107313,2023-12-31,Desktop,4,Germany
S107314,2024-03-23,Tablet,1,Canada
S107315,2026-01-06,Desktop,4,India
S107316,2024-11-20,Mobile,8,UK
S107317,2025-11-16,Desktop,0,Singapore
S107318,2026-01-11,Tablet,2,Australia
S107319,2025-07-08,Tablet,2,Canada
S107320,2025-03-31,Mobile,1,Singapore
S107321,2023-07-06,Desktop,0,UK
S107322,2022-01-11,Tablet,4,Canada
S107323,2026-05-31,Mobile,2,Singapore
S107324,2022-03-03,Desktop,1,Singapore
S107325,2022-01-05,Mobile,3,Germany
S107326,2025-09-08,Desktop,7,Germany
S107327,2025-06-19,Desktop,6,Germany
S107328,2025-12-03,Tablet,2,India
S107329,2025-09-28,Desktop,6,USA
S107330,2025-01-13,Mobile,2,Germany
S107331,2025-03-16,Tablet,1,Australia
S107332,2025-11-22,Tablet,5,Germany
S107333,2024-12-20,Desktop,1,Canada
S107334,2023-01-31,Mobile,7,Germany
S107335,2024-03-19,Mobile,4,India
S107336,2024-08-03,Mobile,8,India
S107337,2022-07-07,Desktop,0,Germany
S107338,2022-12-05,Mobile,3,USA
S107339,2026-01-28,Desktop,5,UK
S107340,2025-05-17,Mobile,5,India
S107341,2023-02-09,Mobile,2,Canada
S107342,2022-10-12,Desktop,5,Canada
S107343,2024-10-15,Desktop,5,USA
S107344,2022-03-08,Tablet,0,USA
S107345,2024-08-02,Tablet,4,Canada
S107346,2022-07-14,Mobile,8,UK
S107347,2023-06-03,Desktop,0,Canada
S107348,2026-01-28,Mobile,7,Singapore
S107349,2024-02-29,Mobile,4,Australia
S107350,2025-04-08,Desktop,1,Australia
S107351,2024-09-19,Tablet,2,Canada
S107352,2024-10-11,Tablet,6,USA
S107353,2026-01-10,Mobile,4,UK
S107354,2023-03-26,Mobile,3,USA
S107355,2024-08-23,Tablet,1,Canada
S107356,2024-03-01,Mobile,2,Germany
S107357,2022-12-02,Tablet,7,Germany
S107358,2024-08-26,Mobile,0,Singapore
S107359,2023-07-18,Mobile,6,Germany
S107360,2025-06-22,Tablet,4,UK
S107361,2022-05-09,Mobile,5,UK
S107362,2022-01-20,Tablet,3,Australia
S107363,2023-11-14,Mobile,0,Singapore
S107364,2022-02-18,Desktop,3,India
S107365,2024-11-17,Tablet,7,USA
S107366,2025-04-12,Desktop,3,Germany
S107367,2022-11-05,Tablet,8,Singapore
S107368,2024-08-21,Tablet,6,UK
S107369,2026-03-18,Desktop,3,Singapore
S107370,2026-06-01,Tablet,8,Canada
S107371,2023-03-16,Desktop,5,UK
S107372,2022-09-21,Tablet,3,USA
S107373,2025-01-24,Desktop,8,Australia
S107374,2023-06-22,Tablet,3,Australia
S107375,2026-06-07,Mobile,2,UK
S107376,2023-06-18,Desktop,4,India
S107377,2022-11-09,Desktop,6,Germany
S107378,2022-10-27,Desktop,6,Germany
S107379,2024-08-17,Desktop,5,India
S107380,2022-01-23,Mobile,1,USA
S107381,2025-11-22,Mobile,0,UK
S107382,2023-09-04,Tablet,3,UK
S107383,2024-03-19,Mobile,7,Australia
S107384,2022-11-19,Tablet,8,Australia
S107385,2023-10-06,Mobile,7,USA
S107386,2023-03-09,Mobile,3,Singapore
S107387,2022-02-08,Tablet,2,Singapore
S107388,2025-08-26,Desktop,4,India
S107389,2025-11-11,Desktop,2,Singapore
S107390,2022-04-17,Tablet,5,Germany
S107391,2024-05-07,Tablet,6,India
S107392,2022-05-01,Tablet,0,Germany
S107393,2025-06-22,Tablet,6,Germany
S107394,2022-05-22,Desktop,3,Germany
S107395,2023-06-20,Desktop,5,UK
S107396,2024-03-15,Desktop,8,UK
S107397,2022-06-18,Tablet,6,Germany
S107398,2022-12-18,Tablet,1,Australia
S107399,2024-08-07,Mobile,2,Germany
S107400,2023-07-27,Mobile,8,USA
S107401,2026-02-28,Desktop,4,Singapore
S107402,2024-08-25,Mobile,2,India
S107403,2026-05-04,Desktop,1,India
S107404,2022-02-13,Desktop,8,India
S107405,2022-07-29,Tablet,6,Germany
S107406,2024-12-22,Desktop,7,USA
S107407,2023-05-05,Tablet,8,USA
S107408,2025-05-13,Tablet,1,Singapore
S107409,2022-08-24,Desktop,4,Singapore
S107410,2026-07-22,Tablet,6,Canada
S107411,2023-02-21,Mobile,1,Australia
S107412,2024-06-02,Tablet,5,USA
S107413,2022-03-09,Desktop,5,Germany
S107414,2026-04-27,Mobile,5,USA
S107415,2024-02-11,Desktop,8,India
S107416,2022-12-29,Tablet,2,Germany
S107417,2023-05-16,Desktop,1,UK
S107418,2023-06-16,Tablet,7,USA
S107419,2022-04-28,Desktop,5,Australia
S107420,2023-12-22,Desktop,6,UK
S107421,2022-08-03,Tablet,7,India
S107422,2023-02-23,Mobile,1,Germany
S107423,2024-04-02,Tablet,0,Canada
S107424,2023-01-31,Desktop,5,Australia
S107425,2023-04-19,Desktop,3,USA
S107426,2025-01-05,Tablet,1,USA
S107427,2023-05-01,Mobile,3,India
S107428,2026-04-05,Tablet,5,USA
S107429,2022-06-29,Desktop,4,Australia
S107430,2022-03-08,Tablet,1,Australia
S107431,2022-12-02,Tablet,6,USA
S107432,2024-02-06,Desktop,4,Australia
S107433,2022-03-28,Desktop,3,India
S107434,2022-08-31,Desktop,1,Singapore
S107435,2024-09-04,Desktop,8,Singapore
S107436,2022-12-10,Mobile,0,USA
S107437,2022-07-19,Desktop,5,Canada
S107438,2023-06-21,Desktop,0,Australia
S107439,2022-06-08,Desktop,2,UK
S107440,2026-05-02,Tablet,3,Canada
S107441,2025-03-25,Mobile,0,Australia
S107442,2023-10-11,Desktop,0,USA
S107443,2025-02-22,Tablet,2,Germany
S107444,2026-07-21,Tablet,7,Singapore
S107445,2023-08-27,Desktop,6,India
S107446,2024-10-14,Mobile,5,UK
S107447,2024-12-25,Mobile,8,Germany
S107448,2022-11-06,Tablet,1,UK
S107449,2025-11-17,Mobile,3,Singapore
S107450,2026-07-23,Tablet,5,Canada
S107451,2023-02-06,Desktop,1,Canada
S107452,2022-11-26,Desktop,8,Canada
S107453,2025-07-18,Tablet,7,USA
S107454,2026-05-12,Desktop,8,Singapore
S107455,2024-07-22,Desktop,6,Canada
S107456,2022-12-03,Desktop,2,USA
S107457,2025-03-27,Desktop,8,Canada
S107458,2026-02-02,Desktop,4,Singapore
S107459,2022-04-15,Mobile,1,India
S107460,2025-12-09,Desktop,6,Singapore
S107461,2024-05-26,Desktop,2,Singapore
S107462,2025-03-31,Tablet,5,UK
S107463,2025-02-11,Desktop,3,USA
S107464,2022-01-04,Desktop,2,UK
S107465,2025-03-19,Tablet,2,Germany
S107466,2025-09-07,Desktop,8,UK
S107467,2024-01-05,Tablet,3,Canada
S107468,2022-08-03,Tablet,1,India
S107469,2024-08-06,Mobile,7,UK
S107470,2022-11-12,Mobile,4,Germany
S107471,2024-07-08,Tablet,5,Singapore
S107472,2023-09-28,Tablet,6,UK
S107473,2023-01-02,Mobile,4,Canada
S107474,2024-02-21,Mobile,7,Germany
S107475,2024-01-11,Tablet,5,India
S107476,2022-02-26,Desktop,7,Germany
S107477,2024-04-05,Tablet,2,Canada
S107478,2022-02-20,Mobile,0,Germany
S107479,2022-05-29,Desktop,0,USA
S107480,2022-06-28,Mobile,0,Canada
S107481,2023-03-01,Desktop,4,Canada
S107482,2022-01-13,Desktop,1,USA
S107483,2024-05-26,Mobile,6,India
S107484,2024-08-03,Tablet,2,Germany
S107485,2025-06-23,Tablet,7,Germany
S107486,2022-03-09,Tablet,1,Germany
S107487,2022-06-04,Desktop,1,Australia
S107488,2022-08-22,Mobile,2,Germany
S107489,2025-09-20,Tablet,6,Germany
S107490,2026-06-22,Mobile,8,Germany
S107491,2024-11-29,Mobile,4,Germany
S107492,2025-05-30,Mobile,3,Singapore
S107493,2022-12-26,Mobile,1,Canada
S107494,2026-02-24,Desktop,0,USA
S107495,2026-01-24,Desktop,3,Australia
S107496,2025-04-22,Tablet,4,Germany
S107497,2025-07-15,Desktop,2,Singapore
S107498,2026-07-07,Tablet,6,India
S107499,2024-02-05,Tablet,6,Canada
S107500,2023-03-26,Tablet,1,India
S107501,2025-12-25,Tablet,6,Singapore
S107502,2024-05-06,Tablet,7,Singapore
S107503,2025-02-06,Mobile,4,Australia
S107504,2025-11-04,Mobile,6,India
S107505,2025-12-18,Mobile,5,Australia
S107506,2024-08-20,Desktop,5,Australia
S107507,2025-01-19,Mobile,8,Canada
S107508,2023-01-25,Desktop,4,Canada
S107509,2026-06-05,Tablet,7,Germany
S107510,2023-06-09,Tablet,1,UK
S107511,2023-12-18,Mobile,6,UK
S107512,2023-10-03,Mobile,3,Canada
S107513,2026-06-14,Desktop,8,UK
S107514,2026-07-09,Mobile,2,India
S107515,2022-09-25,Mobile,0,Singapore
S107516,2025-02-17,Tablet,7,Canada
S107517,2024-10-21,Mobile,4,Australia
S107518,2024-03-03,Mobile,8,Germany
S107519,2022-11-08,Desktop,4,India
S107520,2025-01-28,Tablet,0,Canada
S107521,2025-01-12,Mobile,5,Singapore
S107522,2026-04-03,Mobile,7,Singapore
S107523,2023-09-19,Mobile,3,Canada
S107524,2025-11-30,Desktop,5,Singapore
S107525,2025-12-06,Tablet,0,Australia
S107526,2022-08-26,Mobile,6,Australia
S107527,2023-08-09,Desktop,3,UK
S107528,2023-02-13,Tablet,2,India
S107529,2025-03-13,Tablet,6,Germany
S107530,2025-07-24,Tablet,8,UK
S107531,2025-06-26,Tablet,2,UK
S107532,2024-12-11,Tablet,1,Australia
S107533,2022-05-18,Mobile,8,Singapore
S107534,2022-04-17,Desktop,0,India
S107535,2024-03-30,Mobile,5,UK
S107536,2023-01-21,Mobile,7,USA
S107537,2022-06-22,Tablet,6,India
S107538,2025-07-24,Tablet,4,USA
S107539,2026-03-13,Mobile,1,Germany
S107540,2022-05-06,Desktop,1,USA
S107541,2024-10-16,Desktop,2,UK
S107542,2022-12-29,Desktop,3,Canada
S107543,2022-03-11,Mobile,4,Germany
S107544,2025-02-04,Desktop,6,Germany
S107545,2026-04-10,Mobile,8,UK
S107546,2026-07-11,Mobile,5,India
S107547,2025-01-02,Mobile,2,Australia
S107548,2024-12-21,Mobile,5,Canada
S107549,2026-04-29,Mobile,4,USA
S107550,2024-11-18,Desktop,6,UK
S107551,2023-09-06,Mobile,7,Germany
S107552,2024-08-23,Mobile,0,USA
S107553,2026-01-14,Mobile,6,UK
S107554,2022-09-02,Tablet,6,Singapore
S107555,2024-05-24,Mobile,7,India
S107556,2022-10-14,Mobile,3,Canada
S107557,2024-04-12,Desktop,4,UK
S107558,2025-02-15,Mobile,7,Germany
S107559,2022-04-09,Mobile,3,Australia
S107560,2023-10-09,Desktop,8,Australia
S107561,2025-03-12,Mobile,6,UK
S107562,2025-10-24,Desktop,2,UK
S107563,2024-04-21,Tablet,7,Australia
S107564,2023-04-28,Mobile,3,Germany
S107565,2024-06-21,Tablet,7,Australia
S107566,2023-02-20,Desktop,0,Canada
S107567,2024-10-26,Desktop,3,Germany
S107568,2024-09-02,Mobile,6,Canada
S107569,2025-05-27,Tablet,4,UK
S107570,2022-04-20,Tablet,4,Germany
S107571,2025-03-08,Desktop,6,USA
S107572,2025-09-08,Desktop,8,Canada
S107573,2024-10-03,Desktop,8,Singapore
S107574,2026-06-26,Desktop,6,USA
S107575,2025-06-05,Mobile,1,Singapore
S107576,2022-02-22,Mobile,1,Canada
S107577,2023-10-21,Mobile,1,UK
S107578,2025-10-18,Desktop,8,Canada
S107579,2023-06-22,Mobile,0,USA
S107580,2025-09-05,Desktop,4,USA
S107581,2023-07-22,Desktop,3,Canada
S107582,2025-01-08,Desktop,5,India
S107583,2024-12-25,Desktop,2,Germany
S107584,2024-08-26,Tablet,7,USA
S107585,2022-02-28,Mobile,0,Singapore
S107586,2026-07-03,Desktop,1,Australia
S107587,2022-05-20,Tablet,4,India
S107588,2024-02-06,Desktop,3,Germany
S107589,2024-12-13,Tablet,1,Australia
S107590,2025-07-13,Mobile,0,Singapore
S107591,2024-07-26,Mobile,4,USA
S107592,2022-04-30,Desktop,7,Canada
S107593,2024-12-24,Desktop,7,India
S107594,2025-12-20,Desktop,8,Germany
S107595,2024-02-25,Tablet,5,Singapore
S107596,2022-11-28,Desktop,2,India
S107597,2023-08-18,Mobile,0,Germany
S107598,2025-09-09,Mobile,7,Canada
S107599,2022-06-10,Desktop,5,Canada
S107600,2022-04-20,Desktop,0,USA
S107601,2026-05-08,Mobile,5,USA
S107602,2022-12-18,Desktop,8,Canada
S107603,2026-02-19,Tablet,8,Australia
S107604,2025-04-01,Desktop,3,Singapore
S107605,2026-06-05,Tablet,7,Canada
S107606,2023-03-18,Desktop,5,Australia
S107607,2025-10-16,Mobile,2,Germany
S107608,2025-01-06,Mobile,0,India
S107609,2022-07-23,Tablet,5,Australia
S107610,2025-09-22,Tablet,3,Germany
S107611,2023-01-07,Tablet,0,UK
S107612,2024-05-06,Desktop,8,India
S107613,2024-04-10,Desktop,0,Singapore
S107614,2022-12-28,Mobile,5,India
S107615,2022-07-20,Desktop,5,UK
S107616,2025-04-09,Mobile,3,Singapore
S107617,2023-07-27,Desktop,6,UK
S107618,2024-04-05,Mobile,0,India
S107619,2023-01-18,Tablet,8,Canada
S107620,2023-02-18,Mobile,0,USA
S107621,2025-07-07,Mobile,4,Canada
S107622,2022-10-05,Desktop,3,Singapore
S107623,2026-06-10,Tablet,8,USA
S107624,2022-09-12,Tablet,4,Australia
S107625,2023-05-18,Mobile,2,Germany
S107626,2024-04-11,Tablet,1,India
S107627,2024-09-28,Mobile,2,USA
S107628,2023-06-12,Desktop,8,USA
S107629,2024-03-12,Desktop,8,Canada
S107630,2024-05-09,Mobile,5,USA
S107631,2022-09-10,Tablet,7,USA
S107632,2026-06-17,Desktop,4,Singapore
S107633,2026-01-08,Desktop,5,Germany
S107634,2022-12-23,Mobile,3,Australia
S107635,2023-01-25,Mobile,1,India
S107636,2022-02-11,Desktop,4,UK
S107637,2024-01-10,Desktop,1,Australia
S107638,2022-05-03,Tablet,6,Australia
S107639,2026-02-20,Tablet,2,USA
S107640,2023-09-12,Desktop,7,USA
S107641,2023-09-11,Tablet,1,India
S107642,2024-08-01,Mobile,2,UK
S107643,2025-03-23,Tablet,6,UK
S107644,2026-04-21,Tablet,2,USA
S107645,2025-06-02,Desktop,4,UK
S107646,2026-05-02,Tablet,5,India
S107647,2024-02-02,Desktop,4,Singapore
S107648,2025-04-21,Desktop,0,India
S107649,2022-12-26,Mobile,3,Germany
S107650,2024-05-21,Mobile,7,UK
S107651,2023-08-06,Tablet,3,USA
S107652,2025-01-20,Tablet,5,UK
S107653,2023-06-07,Mobile,6,Singapore
S107654,2025-11-17,Tablet,7,Singapore
S107655,2025-04-10,Desktop,4,Australia
S107656,2023-05-30,Mobile,8,India
S107657,2022-07-24,Tablet,2,UK
S107658,2023-05-14,Mobile,0,Germany
S107659,2025-06-11,Desktop,5,Germany
S107660,2022-01-09,Desktop,0,USA
S107661,2024-06-08,Tablet,5,USA
S107662,2026-04-14,Desktop,0,UK
S107663,2025-10-16,Mobile,6,Germany
S107664,2023-01-28,Tablet,2,Australia
S107665,2024-07-21,Mobile,3,Australia
S107666,2022-02-09,Tablet,7,UK
S107667,2024-09-12,Tablet,0,Singapore
S107668,2022-07-30,Tablet,1,Australia
S107669,2025-01-10,Desktop,1,USA
S107670,2023-06-27,Desktop,1,Australia
S107671,2022-11-28,Desktop,7,Germany
S107672,2025-12-04,Mobile,8,USA
S107673,2026-01-15,Mobile,8,Germany
S107674,2022-09-25,Mobile,3,Australia
S107675,2024-09-30,Tablet,2,USA
S107676,2024-01-24,Tablet,6,USA
S107677,2023-12-13,Tablet,7,Australia
S107678,2023-01-22,Desktop,1,Singapore
S107679,2022-05-25,Mobile,0,Australia
S107680,2024-05-09,Tablet,2,USA
S107681,2022-03-12,Tablet,5,Germany
S107682,2022-10-13,Mobile,3,Singapore
S107683,2022-02-21,Desktop,2,Singapore
S107684,2025-02-22,Desktop,3,India
S107685,2026-01-14,Desktop,1,Germany
S107686,2023-12-01,Tablet,5,USA
S107687,2022-12-09,Tablet,3,USA
S107688,2022-08-15,Mobile,2,UK
S107689,2024-01-21,Tablet,6,UK
S107690,2023-06-17,Tablet,1,Singapore
S107691,2024-07-16,Tablet,2,India
S107692,2022-02-21,Mobile,1,UK
S107693,2026-02-27,Desktop,7,India
S107694,2022-09-02,Mobile,3,Canada
S107695,2024-06-29,Mobile,7,Canada
S107696,2022-06-15,Desktop,7,India
S107697,2022-10-11,Mobile,1,India
S107698,2022-12-13,Desktop,3,Canada
S107699,2023-12-01,Tablet,0,Singapore
S107700,2026-01-04,Mobile,4,Canada
S107701,2023-01-06,Mobile,3,UK
S107702,2022-06-28,Mobile,7,Singapore
S107703,2023-09-05,Tablet,5,Singapore
S107704,2024-03-19,Desktop,6,Germany
S107705,2025-08-05,Mobile,8,Canada
S107706,2024-05-11,Desktop,0,Australia
S107707,2023-11-08,Desktop,1,Singapore
S107708,2026-03-30,Tablet,7,UK
S107709,2024-12-03,Tablet,7,Singapore
S107710,2024-05-04,Tablet,1,Singapore
S107711,2023-11-06,Desktop,0,Canada
S107712,2023-05-25,Desktop,1,Germany
S107713,2022-05-12,Desktop,2,Germany
S107714,2026-05-28,Mobile,5,Singapore
S107715,2026-01-03,Tablet,3,Canada
S107716,2023-01-26,Mobile,0,USA
S107717,2025-03-10,Desktop,7,Australia
S107718,2024-04-06,Mobile,2,Canada
S107719,2022-02-03,Mobile,4,India
S107720,2023-08-20,Tablet,0,Germany
S107721,2024-09-21,Mobile,1,UK
S107722,2025-07-12,Desktop,5,India
S107723,2026-05-21,Tablet,0,Canada
S107724,2023-12-08,Mobile,6,USA
S107725,2023-04-19,Desktop,1,Singapore
S107726,2025-07-29,Desktop,4,Australia
S107727,2024-10-16,Desktop,2,Canada
S107728,2026-05-12,Desktop,2,UK
S107729,2024-03-30,Mobile,3,India
S107730,2026-01-28,Tablet,4,India
S107731,2026-05-07,Tablet,6,Germany
S107732,2026-01-05,Tablet,2,India
S107733,2026-04-30,Tablet,1,Australia
S107734,2026-02-15,Desktop,6,Canada
S107735,2024-07-12,Desktop,8,Australia
S107736,2022-03-03,Tablet,0,Canada
S107737,2022-09-08,Desktop,4,Germany
S107738,2024-09-13,Desktop,5,USA
S107739,2025-03-25,Desktop,1,Australia
S107740,2024-01-09,Tablet,6,Australia
S107741,2022-10-06,Tablet,3,Canada
S107742,2022-01-18,Desktop,1,UK
S107743,2022-03-04,Mobile,1,Germany
S107744,2025-04-10,Tablet,1,USA
S107745,2025-12-31,Desktop,0,India
S107746,2023-04-15,Desktop,5,Germany
S107747,2025-12-28,Desktop,8,UK
S107748,2024-10-29,Mobile,4,Canada
S107749,2026-03-16,Tablet,3,India
S107750,2025-01-05,Mobile,4,Australia
S107751,2023-10-03,Desktop,6,USA
S107752,2022-01-11,Tablet,6,Germany
S107753,2023-05-20,Mobile,3,India
S107754,2025-05-28,Tablet,0,Singapore
S107755,2025-05-24,Tablet,4,Australia
S107756,2023-06-24,Desktop,6,India
S107757,2026-03-06,Mobile,3,India
S107758,2023-05-27,Desktop,3,India
S107759,2025-03-15,Tablet,4,Germany
S107760,2024-09-07,Tablet,8,USA
S107761,2025-01-23,Tablet,0,India
S107762,2025-01-11,Tablet,8,UK
S107763,2025-01-21,Desktop,1,Australia
S107764,2025-08-11,Tablet,6,Singapore
S107765,2024-10-13,Desktop,3,USA
S107766,2023-10-30,Mobile,8,USA
S107767,2025-10-28,Mobile,4,Canada
S107768,2025-05-16,Mobile,2,Australia
S107769,2026-04-30,Mobile,5,UK
S107770,2023-03-06,Mobile,2,Germany
S107771,2025-09-20,Desktop,2,UK
S107772,2025-02-20,Tablet,0,India
S107773,2022-12-24,Desktop,1,Canada
S107774,2022-09-16,Tablet,0,UK
S107775,2024-09-11,Tablet,6,Canada
S107776,2026-01-07,Desktop,6,India
S107777,2025-08-04,Tablet,0,India
S107778,2025-11-21,Mobile,3,Germany
S107779,2024-12-23,Tablet,4,Canada
S107780,2024-10-25,Tablet,5,Australia
S107781,2025-02-12,Desktop,1,Germany
S107782,2025-02-03,Desktop,0,UK
S107783,2022-06-28,Mobile,4,Singapore
S107784,2022-10-13,Tablet,2,Australia
S107785,2022-04-28,Mobile,6,Australia
S107786,2024-07-11,Desktop,4,USA
S107787,2024-10-16,Mobile,8,Canada
S107788,2025-11-25,Desktop,2,Canada
S107789,2026-02-24,Desktop,2,Canada
S107790,2022-04-14,Desktop,0,Canada
S107791,2026-06-26,Tablet,0,India
S107792,2023-05-28,Mobile,2,USA
S107793,2025-05-25,Desktop,2,Canada
S107794,2024-11-24,Mobile,3,UK
S107795,2026-05-02,Desktop,1,Australia
S107796,2025-02-16,Tablet,8,USA
S107797,2024-06-15,Desktop,4,India
S107798,2023-11-16,Mobile,0,Singapore
S107799,2025-12-19,Tablet,0,Germany
S107800,2026-02-28,Tablet,1,Canada
S107801,2022-02-17,Tablet,5,Canada
S107802,2022-02-13,Desktop,6,India
S107803,2023-04-10,Desktop,4,Singapore
S107804,2025-12-10,Mobile,7,India
S107805,2024-01-18,Desktop,1,Canada
S107806,2023-07-25,Mobile,6,Canada
S107807,2025-01-20,Desktop,3,USA
S107808,2024-10-27,Tablet,2,India
S107809,2022-07-05,Mobile,5,Germany
S107810,2023-08-19,Tablet,0,USA
S107811,2024-05-24,Desktop,4,Australia
S107812,2022-10-20,Mobile,3,Australia
S107813,2022-11-07,Mobile,1,Singapore
S107814,2023-01-29,Tablet,7,Germany
S107815,2023-09-21,Tablet,7,USA
S107816,2026-01-22,Tablet,6,Australia
S107817,2026-07-12,Mobile,8,India
S107818,2022-05-22,Mobile,8,Singapore
S107819,2026-07-24,Tablet,1,Canada
S107820,2025-11-28,Desktop,1,UK
S107821,2023-11-28,Desktop,5,USA
S107822,2023-05-03,Tablet,4,UK
S107823,2023-08-29,Tablet,4,UK
S107824,2025-04-24,Mobile,2,Singapore
S107825,2025-01-07,Desktop,4,Germany
S107826,2022-06-23,Mobile,0,USA
S107827,2023-08-15,Desktop,0,USA
S107828,2024-06-30,Tablet,8,UK
S107829,2023-05-12,Tablet,2,Canada
S107830,2024-10-20,Tablet,8,Singapore
S107831,2022-12-09,Tablet,2,Australia
S107832,2025-04-04,Desktop,8,Canada
S107833,2022-07-09,Desktop,5,Canada
S107834,2023-09-09,Desktop,7,Australia
S107835,2023-07-09,Mobile,4,Australia
S107836,2023-03-28,Mobile,4,Singapore
S107837,2024-12-20,Tablet,0,Singapore
S107838,2024-01-03,Mobile,3,UK
S107839,2025-04-03,Tablet,0,UK
S107840,2022-06-18,Desktop,7,Australia
S107841,2022-07-15,Tablet,3,Canada
S107842,2022-06-12,Mobile,4,Canada
S107843,2023-06-12,Desktop,4,Canada
S107844,2023-04-03,Tablet,8,Germany
S107845,2025-11-24,Mobile,7,Canada
S107846,2024-02-07,Desktop,0,USA
S107847,2023-03-03,Tablet,3,Singapore
S107848,2026-05-29,Mobile,1,UK
S107849,2024-06-29,Tablet,1,Australia
S107850,2023-10-15,Mobile,6,USA
S107851,2022-05-12,Desktop,8,Canada
S107852,2022-05-28,Mobile,7,UK
S107853,2024-03-19,Desktop,4,UK
S107854,2024-10-30,Mobile,3,Germany
S107855,2024-10-06,Tablet,2,Canada
S107856,2025-04-05,Desktop,8,Singapore
S107857,2025-04-07,Desktop,1,Australia
S107858,2022-05-31,Mobile,7,India
S107859,2025-07-03,Desktop,5,UK
S107860,2023-10-08,Mobile,1,Canada
S107861,2024-12-22,Mobile,3,USA
S107862,2023-03-04,Tablet,5,Australia
S107863,2024-10-10,Tablet,4,Germany
S107864,2022-12-14,Desktop,4,Singapore
S107865,2024-08-28,Tablet,7,Australia
S107866,2022-04-16,Mobile,6,India
S107867,2026-05-11,Tablet,8,India
S107868,2026-02-12,Mobile,1,Singapore
S107869,2024-05-03,Tablet,8,India
S107870,2023-06-25,Tablet,3,India
S107871,2024-02-16,Tablet,6,UK
S107872,2022-06-29,Desktop,7,Singapore
S107873,2023-04-23,Desktop,5,USA
S107874,2025-08-16,Desktop,3,Canada
S107875,2023-04-23,Mobile,2,Australia
S107876,2022-01-12,Mobile,2,Germany
S107877,2023-01-14,Desktop,4,India
S107878,2022-08-29,Desktop,3,Canada
S107879,2025-08-13,Mobile,5,USA
S107880,2025-03-31,Desktop,5,India
S107881,2026-02-28,Desktop,6,USA
S107882,2024-12-21,Tablet,8,India
S107883,2023-12-17,Tablet,5,Singapore
S107884,2025-02-24,Mobile,1,Canada
S107885,2022-10-28,Desktop,3,Singapore
S107886,2026-02-08,Desktop,7,Singapore
S107887,2024-10-25,Tablet,7,USA
S107888,2026-02-19,Desktop,3,Canada
S107889,2023-08-04,Desktop,7,USA
S107890,2023-10-29,Mobile,4,UK
S107891,2022-05-14,Mobile,2,USA
S107892,2022-03-27,Tablet,1,Australia
S107893,2022-06-17,Mobile,5,Germany
S107894,2022-08-13,Tablet,4,UK
S107895,2024-02-16,Mobile,8,USA
S107896,2026-01-01,Mobile,5,Canada
S107897,2025-12-31,Tablet,6,India
S107898,2025-07-22,Mobile,8,Australia
S107899,2025-03-08,Tablet,3,Singapore
S107900,2022-02-26,Desktop,7,Australia
S107901,2023-02-01,Tablet,7,Singapore
S107902,2022-10-15,Desktop,3,Germany
S107903,2023-06-13,Tablet,0,USA
S107904,2025-01-02,Desktop,4,Canada
S107905,2022-09-23,Mobile,2,India
S107906,2022-04-01,Desktop,5,Germany
S107907,2024-09-11,Mobile,3,Canada
S107908,2023-11-16,Mobile,5,India
S107909,2023-11-24,Desktop,1,Canada
S107910,2024-01-16,Tablet,5,Singapore
S107911,2023-07-16,Tablet,5,UK
S107912,2024-07-26,Desktop,8,Singapore
S107913,2022-05-22,Mobile,0,Germany
S107914,2022-10-01,Tablet,7,Canada
S107915,2024-12-06,Mobile,5,UK
S107916,2024-03-25,Tablet,7,Singapore
S107917,2022-06-10,Mobile,3,Australia
S107918,2023-09-30,Tablet,3,India
S107919,2022-12-19,Desktop,0,India
S107920,2024-09-04,Desktop,3,Germany
S107921,2025-12-23,Tablet,8,Australia
S107922,2026-01-20,Tablet,1,UK
S107923,2022-03-15,Mobile,7,Australia
S107924,2024-05-14,Mobile,8,Singapore
S107925,2023-12-10,Mobile,1,Canada
S107926,2023-08-30,Mobile,0,Canada
S107927,2026-03-21,Desktop,6,UK
S107928,2024-02-29,Mobile,4,USA
S107929,2023-03-05,Desktop,7,Australia
S107930,2022-11-18,Mobile,6,Australia
S107931,2023-04-04,Tablet,0,Germany
S107932,2025-08-26,Tablet,4,Germany
S107933,2022-03-10,Mobile,2,India
S107934,2022-04-20,Desktop,1,Germany
S107935,2025-11-17,Tablet,4,Singapore
S107936,2024-08-07,Tablet,0,Singapore
S107937,2022-03-18,Tablet,8,Canada
S107938,2025-06-13,Tablet,8,Germany
S107939,2024-04-23,Mobile,3,Singapore
S107940,2025-05-26,Tablet,8,Singapore
S107941,2022-09-11,Mobile,7,Australia
S107942,2025-01-22,Tablet,1,UK
S107943,2025-05-05,Mobile,6,Germany
S107944,2026-07-02,Desktop,6,Canada
S107945,2024-04-21,Desktop,8,Germany
S107946,2023-12-23,Tablet,4,Canada
S107947,2026-07-10,Mobile,3,UK
S107948,2025-10-04,Tablet,3,Singapore
S107949,2023-05-22,Tablet,1,USA
S107950,2024-04-12,Tablet,6,USA
S107951,2024-11-04,Desktop,0,Canada
S107952,2024-09-20,Mobile,3,UK
S107953,2025-06-20,Tablet,8,Australia
S107954,2026-01-12,Mobile,8,India
S107955,2024-01-20,Tablet,2,India
S107956,2024-09-27,Mobile,0,Australia
S107957,2026-06-01,Desktop,2,Germany
S107958,2025-03-01,Tablet,3,India
S107959,2026-04-11,Desktop,5,Germany
S107960,2023-07-30,Desktop,2,Australia
S107961,2023-05-14,Tablet,2,Canada
S107962,2025-06-29,Desktop,1,Singapore
S107963,2023-06-07,Tablet,6,Singapore
S107964,2024-07-06,Mobile,4,Singapore
S107965,2024-09-21,Mobile,5,UK
S107966,2023-05-08,Tablet,3,India
S107967,2022-11-20,Desktop,5,Australia
S107968,2023-06-27,Tablet,4,Australia
S107969,2025-07-23,Mobile,5,Singapore
S107970,2026-04-16,Desktop,3,India
S107971,2023-04-26,Mobile,2,Australia
S107972,2026-03-08,Tablet,8,Australia
S107973,2022-07-21,Mobile,1,UK
S107974,2025-03-26,Tablet,3,India
S107975,2024-04-08,Desktop,8,Canada
S107976,2025-08-02,Desktop,8,Canada
S107977,2025-06-10,Desktop,7,Germany
S107978,2022-05-26,Desktop,5,Singapore
S107979,2025-06-11,Tablet,6,USA
S107980,2023-12-09,Tablet,3,India
S107981,2024-10-31,Tablet,6,Canada
S107982,2023-12-13,Tablet,6,USA
S107983,2023-03-22,Tablet,5,India
S107984,2026-04-29,Mobile,1,UK
S107985,2023-06-03,Mobile,3,Singapore
S107986,2024-05-30,Desktop,8,Australia
S107987,2025-06-28,Desktop,2,UK
S107988,2026-05-01,Tablet,2,UK
S107989,2024-09-21,Desktop,1,Australia
S107990,2022-12-13,Tablet,6,USA
S107991,2023-01-14,Tablet,7,India
S107992,2025-04-09,Tablet,8,India
S107993,2025-01-30,Mobile,0,UK
S107994,2025-07-29,Desktop,3,UK
S107995,2025-01-30,Tablet,6,UK
S107996,2025-07-18,Mobile,6,Australia
S107997,2022-12-15,Mobile,0,Australia
S107998,2024-05-18,Tablet,3,Singapore
S107999,2024-05-09,Mobile,0,Canada
S108000,2023-02-03,Desktop,0,USA
S108001,2024-12-16,Desktop,0,Germany
S108002,2022-10-11,Desktop,3,Canada
S108003,2025-09-19,Desktop,8,Australia
S108004,2023-04-04,Tablet,6,Singapore
S108005,2025-05-04,Mobile,1,Germany
S108006,2026-02-14,Mobile,4,India
S108007,2024-05-10,Mobile,5,Canada
S108008,2023-02-19,Desktop,4,Germany
S108009,2023-12-16,Tablet,3,Canada
S108010,2024-07-29,Desktop,8,Germany
S108011,2026-02-21,Desktop,0,Canada
S108012,2022-04-05,Desktop,7,Singapore
S108013,2023-07-06,Desktop,1,Singapore
S108014,2023-06-24,Mobile,3,Germany
S108015,2022-11-12,Tablet,3,UK
S108016,2026-07-22,Mobile,4,India
S108017,2023-06-21,Mobile,5,USA
S108018,2023-06-28,Tablet,6,Canada
S108019,2023-07-12,Tablet,6,Canada
S108020,2022-06-20,Desktop,8,Australia
S108021,2026-06-17,Desktop,4,Germany
S108022,2023-12-11,Tablet,3,Canada
S108023,2023-07-08,Mobile,7,Canada
S108024,2025-02-16,Mobile,7,UK
S108025,2026-05-11,Tablet,4,Singapore
S108026,2026-01-18,Mobile,6,UK
S108027,2023-05-05,Mobile,5,India
S108028,2022-01-24,Tablet,7,Australia
S108029,2026-02-18,Desktop,8,USA
S108030,2026-04-04,Mobile,8,Singapore
S108031,2023-09-21,Mobile,5,UK
S108032,2023-02-15,Mobile,1,Germany
S108033,2023-01-26,Desktop,8,Singapore
S108034,2022-11-25,Tablet,2,UK
S108035,2025-03-08,Tablet,4,UK
S108036,2023-01-31,Mobile,2,UK
S108037,2022-11-13,Desktop,5,Australia
S108038,2024-12-26,Desktop,5,UK
S108039,2022-01-31,Desktop,1,Australia
S108040,2026-04-20,Mobile,7,Australia
S108041,2023-12-10,Tablet,1,USA
S108042,2025-05-17,Mobile,4,Germany
S108043,2023-08-14,Desktop,4,Australia
S108044,2026-04-14,Tablet,5,Australia
S108045,2023-03-25,Tablet,1,Singapore
S108046,2024-01-23,Tablet,8,India
S108047,2025-01-05,Desktop,8,Singapore
S108048,2025-01-15,Tablet,5,India
S108049,2025-10-16,Mobile,4,Canada
S108050,2023-05-12,Mobile,6,Australia
S108051,2025-04-18,Desktop,2,UK
S108052,2022-08-02,Tablet,1,India
S108053,2026-04-10,Mobile,7,Australia
S108054,2023-03-17,Tablet,5,Germany
S108055,2025-04-09,Tablet,2,USA
S108056,2024-01-09,Tablet,7,Germany
S108057,2024-04-24,Tablet,5,Australia
S108058,2024-12-31,Mobile,0,India
S108059,2023-07-12,Tablet,1,Australia
S108060,2023-12-13,Tablet,0,USA
S108061,2025-08-15,Tablet,2,Canada
S108062,2026-03-11,Desktop,7,Australia
S108063,2022-08-06,Desktop,1,India
S108064,2024-04-15,Tablet,1,Singapore
S108065,2022-04-03,Mobile,3,UK
S108066,2026-06-24,Desktop,3,Singapore
S108067,2022-09-02,Tablet,7,Germany
S108068,2025-05-18,Mobile,4,Singapore
S108069,2025-07-24,Tablet,1,Canada
S108070,2026-05-31,Mobile,8,Germany
S108071,2025-09-12,Mobile,5,UK
S108072,2022-08-11,Mobile,5,India
S108073,2022-04-04,Mobile,7,Germany
S108074,2022-01-17,Mobile,1,USA
S108075,2023-05-05,Tablet,1,Singapore
S108076,2024-09-29,Desktop,7,Singapore
S108077,2024-04-28,Desktop,7,Germany
S108078,2026-07-22,Tablet,6,UK
S108079,2024-02-18,Mobile,7,Germany
S108080,2023-09-16,Desktop,7,USA
S108081,2023-06-06,Mobile,8,Singapore
S108082,2024-11-11,Desktop,2,Germany
S108083,2022-04-02,Tablet,7,Germany
S108084,2026-03-20,Tablet,8,Singapore
S108085,2024-08-04,Desktop,8,USA
S108086,2025-03-24,Tablet,1,India
S108087,2025-09-03,Mobile,3,USA
S108088,2022-03-16,Desktop,1,Australia
S108089,2024-09-27,Mobile,1,Australia
S108090,2022-03-19,Desktop,2,Canada
S108091,2023-03-07,Tablet,4,Australia
S108092,2025-03-21,Tablet,3,Canada
S108093,2023-10-14,Desktop,3,Singapore
S108094,2023-08-31,Tablet,3,Singapore
S108095,2025-01-08,Mobile,6,Australia
S108096,2022-09-17,Tablet,6,Canada
S108097,2026-07-26,Tablet,6,USA
S108098,2023-07-01,Mobile,1,UK
S108099,2023-11-29,Desktop,0,USA
S108100,2023-05-12,Tablet,4,UK
S108101,2024-09-23,Mobile,4,Singapore
S108102,2024-10-14,Mobile,4,USA
S108103,2023-06-14,Tablet,5,India
S108104,2024-03-31,Tablet,7,India
S108105,2024-09-22,Desktop,1,USA
S108106,2023-05-17,Mobile,3,India
S108107,2024-12-22,Mobile,1,Singapore
S108108,2022-06-13,Desktop,5,UK
S108109,2024-12-18,Desktop,1,Australia
S108110,2022-12-14,Desktop,7,Germany
S108111,2025-02-17,Tablet,1,UK
S108112,2025-11-12,Tablet,8,Singapore
S108113,2022-01-31,Tablet,6,USA
S108114,2026-04-03,Desktop,8,Canada
S108115,2025-05-05,Tablet,5,Canada
S108116,2026-02-02,Mobile,3,Singapore
S108117,2024-11-02,Desktop,5,USA
S108118,2022-05-15,Desktop,3,UK
S108119,2022-01-07,Mobile,6,Australia
S108120,2022-06-03,Desktop,8,UK
S108121,2023-02-03,Tablet,3,Singapore
S108122,2023-01-13,Tablet,7,Singapore
S108123,2023-03-15,Tablet,0,Singapore
S108124,2024-02-11,Tablet,3,UK
S108125,2026-07-18,Tablet,3,Singapore
S108126,2023-12-17,Desktop,3,Australia
S108127,2022-02-25,Desktop,0,UK
S108128,2024-06-01,Tablet,6,Singapore
S108129,2022-08-27,Mobile,4,Australia
S108130,2023-07-19,Tablet,5,India
S108131,2024-11-12,Desktop,1,Singapore
S108132,2024-05-06,Desktop,7,UK
S108133,2026-04-17,Tablet,7,USA
S108134,2024-11-23,Desktop,8,India
S108135,2026-01-12,Tablet,4,India
S108136,2026-06-01,Desktop,3,UK
S108137,2023-06-06,Desktop,8,Germany
S108138,2022-03-04,Mobile,4,Singapore
S108139,2025-01-01,Mobile,3,Australia
S108140,2025-08-20,Mobile,7,USA
S108141,2023-07-09,Desktop,3,UK
S108142,2023-04-07,Desktop,2,USA
S108143,2023-12-06,Tablet,2,Australia
S108144,2023-03-17,Tablet,0,USA
S108145,2023-12-30,Desktop,2,Singapore
S108146,2022-04-28,Desktop,7,UK
S108147,2024-01-31,Desktop,4,India
S108148,2022-12-15,Desktop,0,Singapore
S108149,2023-05-11,Tablet,4,Australia
S108150,2025-06-04,Desktop,4,Australia
S108151,2023-07-20,Mobile,7,UK
S108152,2023-11-30,Mobile,2,USA
S108153,2022-11-22,Tablet,7,Singapore
S108154,2024-08-09,Desktop,2,Singapore
S108155,2025-11-27,Tablet,5,UK
S108156,2026-07-13,Mobile,0,Singapore
S108157,2022-01-25,Tablet,7,USA
S108158,2026-02-06,Tablet,3,UK
S108159,2023-05-03,Desktop,8,Germany
S108160,2024-01-13,Desktop,6,USA
S108161,2024-02-29,Tablet,7,Singapore
S108162,2022-01-24,Tablet,3,Singapore
S108163,2025-04-29,Mobile,6,Canada
S108164,2025-10-08,Tablet,4,Singapore
S108165,2023-07-31,Tablet,4,Canada
S108166,2024-07-15,Desktop,7,Singapore
S108167,2024-07-10,Desktop,0,UK
S108168,2022-12-19,Desktop,5,USA
S108169,2025-08-25,Desktop,3,UK
S108170,2023-02-01,Mobile,6,India
S108171,2023-04-21,Mobile,7,Australia
S108172,2022-08-09,Mobile,0,Germany
S108173,2022-12-10,Tablet,0,Australia
S108174,2022-02-28,Tablet,8,UK
S108175,2022-09-07,Tablet,7,Australia
S108176,2026-05-20,Mobile,6,USA
S108177,2023-11-10,Desktop,2,Germany
S108178,2023-01-04,Desktop,6,Germany
S108179,2026-07-12,Tablet,0,Germany
S108180,2024-06-19,Tablet,5,Singapore
S108181,2022-05-02,Desktop,5,India
S108182,2022-12-04,Tablet,4,UK
S108183,2022-12-29,Tablet,7,Canada
S108184,2023-10-15,Tablet,2,UK
S108185,2023-02-22,Desktop,2,Australia
S108186,2022-05-26,Mobile,6,Germany
S108187,2025-02-18,Tablet,3,India
S108188,2023-03-05,Mobile,7,Australia
S108189,2024-11-14,Mobile,5,UK
S108190,2024-04-30,Mobile,8,Singapore
S108191,2022-09-04,Mobile,6,Singapore
S108192,2023-02-15,Tablet,5,Australia
S108193,2022-04-25,Desktop,1,Australia
S108194,2025-11-21,Mobile,1,Australia
S108195,2022-02-20,Tablet,8,Australia
S108196,2023-04-24,Desktop,5,India
S108197,2023-09-08,Tablet,0,India
S108198,2026-02-23,Tablet,3,India
S108199,2023-12-01,Desktop,4,Germany
S108200,2026-02-08,Mobile,2,Germany
S108201,2026-04-08,Tablet,4,USA
S108202,2025-03-27,Desktop,1,India
S108203,2025-07-15,Desktop,0,India
S108204,2024-04-29,Tablet,3,Germany
S108205,2024-11-20,Desktop,8,India
S108206,2022-03-06,Desktop,1,Australia
S108207,2023-08-10,Mobile,8,Singapore
S108208,2023-08-09,Mobile,2,Singapore
S108209,2024-01-02,Desktop,3,Canada
S108210,2024-01-19,Mobile,7,UK
S108211,2025-06-09,Desktop,4,Australia
S108212,2026-06-04,Desktop,1,Australia
S108213,2022-05-13,Mobile,2,India
S108214,2025-09-04,Desktop,5,Germany
S108215,2023-01-29,Mobile,6,USA
S108216,2024-05-02,Mobile,0,Canada
S108217,2024-05-18,Desktop,6,India
S108218,2025-09-20,Desktop,2,Canada
S108219,2023-02-23,Mobile,8,Australia
S108220,2022-06-17,Tablet,7,Canada
S108221,2024-10-31,Desktop,0,UK
S108222,2025-12-15,Desktop,2,Germany
S108223,2023-12-22,Tablet,3,Australia
S108224,2025-05-02,Mobile,4,Australia
S108225,2024-04-15,Tablet,2,UK
S108226,2025-06-16,Tablet,5,USA
S108227,2023-03-08,Tablet,0,USA
S108228,2024-05-24,Mobile,1,UK
S108229,2025-08-19,Mobile,7,Australia
S108230,2026-01-27,Tablet,5,Singapore
S108231,2024-08-12,Tablet,1,UK
S108232,2025-02-12,Tablet,3,Germany
S108233,2023-04-15,Mobile,1,Germany
S108234,2023-01-18,Tablet,2,Singapore
S108235,2024-09-11,Mobile,3,USA
S108236,2023-01-09,Tablet,0,Canada
S108237,2024-04-01,Tablet,7,Singapore
S108238,2022-10-13,Mobile,0,Australia
S108239,2025-01-12,Tablet,0,UK
S108240,2025-07-04,Desktop,0,Singapore
S108241,2024-07-16,Tablet,1,Canada
S108242,2022-08-12,Desktop,5,USA
S108243,2023-03-22,Tablet,0,USA
S108244,2024-01-02,Mobile,3,Australia
S108245,2025-09-23,Desktop,5,UK
S108246,2026-04-28,Tablet,7,USA
S108247,2023-06-21,Tablet,2,Germany
S108248,2023-08-07,Desktop,2,Germany
S108249,2024-05-07,Tablet,2,Canada
S108250,2025-10-06,Mobile,7,Germany
S108251,2023-03-03,Tablet,5,Singapore
S108252,2023-04-02,Tablet,8,USA
S108253,2022-05-28,Tablet,6,Singapore
S108254,2023-02-26,Tablet,5,USA
S108255,2024-01-10,Mobile,2,Singapore
S108256,2026-07-05,Desktop,3,Singapore
S108257,2023-02-26,Mobile,5,India
S108258,2023-09-20,Desktop,0,India
S108259,2024-09-10,Desktop,2,UK
S108260,2025-08-18,Desktop,1,Australia
S108261,2022-01-30,Desktop,5,India
S108262,2026-04-15,Mobile,4,Australia
S108263,2024-08-25,Tablet,6,Australia
S108264,2024-06-11,Mobile,7,India
S108265,2023-05-21,Mobile,8,Singapore
S108266,2026-02-12,Tablet,5,USA
S108267,2026-03-26,Desktop,5,India
S108268,2022-11-13,Tablet,5,India
S108269,2023-09-04,Tablet,6,UK
S108270,2022-01-12,Desktop,2,India
S108271,2025-02-22,Mobile,6,UK
S108272,2025-09-14,Tablet,3,India
S108273,2026-05-18,Desktop,0,Australia
S108274,2024-06-06,Desktop,0,Germany
S108275,2023-12-03,Desktop,6,Australia
S108276,2023-05-04,Mobile,3,Singapore
S108277,2022-07-08,Tablet,0,Canada
S108278,2023-10-08,Mobile,5,Singapore
S108279,2025-11-15,Desktop,4,USA
S108280,2025-04-03,Tablet,7,Singapore
S108281,2023-12-23,Tablet,6,UK
S108282,2026-02-11,Tablet,2,UK
S108283,2026-06-17,Mobile,6,USA
S108284,2023-03-06,Tablet,7,Canada
S108285,2024-01-14,Tablet,5,USA
S108286,2022-10-31,Tablet,8,Australia
S108287,2025-09-08,Tablet,7,Germany
S108288,2025-01-03,Mobile,2,USA
S108289,2023-12-27,Desktop,3,India
S108290,2024-11-26,Mobile,5,USA
S108291,2023-08-14,Desktop,2,Germany
S108292,2022-04-15,Tablet,0,Canada
S108293,2023-09-29,Mobile,5,India
S108294,2022-08-14,Desktop,7,Singapore
S108295,2022-10-15,Mobile,2,UK
S108296,2026-02-03,Tablet,8,USA
S108297,2025-04-14,Mobile,5,USA
S108298,2025-06-21,Mobile,2,Singapore
S108299,2023-05-20,Desktop,1,Germany
S108300,2024-04-24,Mobile,7,USA
S108301,2026-06-12,Desktop,5,UK
S108302,2025-02-26,Mobile,2,Germany
S108303,2022-02-26,Mobile,7,Canada
S108304,2023-10-23,Mobile,2,UK
S108305,2023-10-10,Mobile,4,UK
S108306,2026-06-15,Mobile,7,Germany
S108307,2022-01-27,Mobile,5,UK
S108308,2022-09-09,Tablet,2,Canada
S108309,2024-07-05,Tablet,4,USA
S108310,2023-06-28,Desktop,3,Australia
S108311,2023-10-03,Desktop,0,UK
S108312,2023-07-21,Mobile,2,UK
S108313,2024-05-12,Mobile,4,UK
S108314,2025-02-02,Mobile,0,UK
S108315,2022-07-21,Tablet,4,Canada
S108316,2026-01-10,Tablet,5,UK
S108317,2023-03-15,Desktop,2,USA
S108318,2024-09-11,Mobile,6,Australia
S108319,2023-06-30,Mobile,7,Germany
S108320,2022-12-18,Tablet,4,India
S108321,2023-11-04,Mobile,7,UK
S108322,2024-09-24,Tablet,1,India
S108323,2024-11-29,Desktop,5,Singapore
S108324,2024-08-11,Tablet,0,Canada
S108325,2023-11-03,Desktop,2,Germany
S108326,2024-12-04,Mobile,7,Singapore
S108327,2025-09-19,Desktop,6,Canada
S108328,2024-09-12,Tablet,4,Germany
S108329,2024-01-22,Mobile,6,UK
S108330,2025-07-05,Tablet,2,Canada
S108331,2024-12-26,Tablet,8,Canada
S108332,2025-01-28,Desktop,8,Canada
S108333,2024-12-03,Mobile,2,Germany
S108334,2023-03-10,Desktop,0,Australia
S108335,2026-04-19,Desktop,2,UK
S108336,2025-12-12,Tablet,6,Germany
S108337,2022-12-02,Mobile,2,Canada
S108338,2022-12-20,Tablet,1,India
S108339,2022-05-01,Tablet,3,Germany
S108340,2026-06-25,Desktop,4,Singapore
S108341,2026-06-06,Tablet,0,UK
S108342,2024-05-02,Mobile,0,UK
S108343,2024-01-17,Tablet,7,Canada
S108344,2025-04-05,Desktop,8,India
S108345,2024-09-05,Tablet,0,Germany
S108346,2022-08-01,Mobile,8,UK
S108347,2022-08-20,Mobile,1,UK
S108348,2022-03-22,Tablet,6,India
S108349,2026-02-20,Mobile,1,UK
S108350,2022-09-24,Tablet,5,Australia
S108351,2023-09-11,Tablet,8,Australia
S108352,2024-07-22,Desktop,7,USA
S108353,2024-08-24,Tablet,2,Singapore
S108354,2023-12-19,Desktop,4,Australia
S108355,2024-08-04,Desktop,8,India
S108356,2024-03-13,Tablet,7,USA
S108357,2025-10-04,Tablet,4,UK
S108358,2026-03-27,Desktop,5,Australia
S108359,2022-06-10,Tablet,5,Canada
S108360,2023-05-11,Tablet,0,Australia
S108361,2024-02-25,Desktop,7,UK
S108362,2023-08-17,Desktop,5,Germany
S108363,2022-05-13,Tablet,3,Germany
S108364,2025-01-27,Mobile,7,Germany
S108365,2022-07-20,Mobile,5,USA
S108366,2025-03-29,Desktop,4,Canada
S108367,2022-04-05,Desktop,2,USA
S108368,2023-03-06,Tablet,1,Singapore
S108369,2024-04-23,Desktop,1,Canada
S108370,2025-03-23,Tablet,4,Germany
S108371,2024-07-25,Desktop,7,Singapore
S108372,2023-06-17,Desktop,1,UK
S108373,2024-10-07,Desktop,0,USA
S108374,2026-04-13,Mobile,6,USA
S108375,2022-08-02,Tablet,2,Australia
S108376,2024-07-07,Tablet,1,Canada
S108377,2023-05-21,Desktop,5,Germany
S108378,2022-02-20,Mobile,3,Canada
S108379,2026-07-02,Mobile,1,Australia
S108380,2023-02-26,Tablet,2,USA
S108381,2022-10-11,Mobile,4,Germany
S108382,2026-07-21,Mobile,6,Singapore
S108383,2022-03-12,Desktop,5,India
S108384,2023-05-24,Tablet,1,UK
S108385,2023-11-11,Mobile,7,Germany
S108386,2024-01-25,Desktop,0,USA
S108387,2022-09-25,Desktop,7,Australia
S108388,2023-10-15,Desktop,0,Australia
S108389,2024-04-25,Desktop,5,UK
S108390,2025-02-11,Tablet,0,USA
S108391,2026-07-07,Tablet,3,Germany
S108392,2022-02-06,Mobile,7,USA
S108393,2022-02-05,Mobile,1,Singapore
S108394,2022-07-03,Desktop,4,Australia
S108395,2022-09-26,Mobile,4,Australia
S108396,2024-07-26,Mobile,6,Singapore
S108397,2022-01-11,Desktop,2,Germany
S108398,2022-08-16,Mobile,2,India
S108399,2025-09-22,Tablet,0,Australia
S108400,2026-04-16,Mobile,3,Canada
S108401,2023-10-16,Mobile,1,Germany
S108402,2025-04-19,Desktop,3,Australia
S108403,2024-01-17,Mobile,8,UK
S108404,2024-02-09,Tablet,3,UK
S108405,2022-03-11,Desktop,2,Germany
S108406,2025-09-02,Mobile,8,UK
S108407,2023-04-19,Mobile,5,Singapore
S108408,2022-02-23,Desktop,0,India
S108409,2023-08-05,Tablet,3,India
S108410,2022-07-13,Tablet,3,Australia
S108411,2025-04-19,Mobile,0,India
S108412,2024-10-11,Mobile,3,UK
S108413,2024-10-03,Desktop,2,Singapore
S108414,2025-01-07,Mobile,1,Germany
S108415,2025-07-05,Tablet,3,India
S108416,2025-08-03,Mobile,8,Canada
S108417,2024-05-23,Tablet,7,Canada
S108418,2025-04-14,Mobile,0,Singapore
S108419,2025-03-18,Desktop,7,Australia
S108420,2022-01-22,Desktop,1,UK
S108421,2024-06-25,Tablet,7,Germany
S108422,2024-05-03,Mobile,0,Germany
S108423,2022-03-15,Mobile,1,UK
S108424,2023-12-11,Mobile,3,Singapore
S108425,2024-12-27,Desktop,6,Canada
S108426,2023-12-03,Desktop,8,Singapore
S108427,2022-09-02,Mobile,5,India
S108428,2022-04-30,Tablet,4,USA
S108429,2024-05-18,Mobile,3,Canada
S108430,2026-06-22,Mobile,5,Australia
S108431,2023-05-26,Desktop,6,Singapore
S108432,2025-06-08,Tablet,5,India
S108433,2024-11-08,Desktop,3,India
S108434,2025-11-08,Desktop,6,Australia
S108435,2023-11-06,Desktop,6,Singapore
S108436,2022-11-07,Tablet,0,Germany
S108437,2024-11-21,Tablet,2,Canada
S108438,2023-04-25,Tablet,6,Australia
S108439,2024-09-14,Desktop,5,USA
S108440,2024-12-31,Mobile,1,UK
S108441,2025-03-08,Tablet,6,Canada
S108442,2025-11-27,Mobile,3,Australia
S108443,2026-01-23,Tablet,4,India
S108444,2025-06-03,Desktop,8,Germany
S108445,2023-07-06,Desktop,7,UK
S108446,2023-04-17,Tablet,7,Germany
S108447,2022-06-29,Mobile,5,India
S108448,2024-12-29,Tablet,3,India
S108449,2023-07-17,Tablet,7,USA
S108450,2026-01-21,Mobile,3,India
S108451,2024-01-17,Mobile,8,Germany
S108452,2024-08-10,Mobile,5,USA
S108453,2026-06-10,Tablet,4,Singapore
S108454,2025-03-20,Tablet,8,India
S108455,2022-01-16,Desktop,3,Australia
S108456,2025-11-26,Tablet,6,USA
S108457,2023-05-09,Desktop,5,India
S108458,2025-06-13,Tablet,7,USA
S108459,2024-01-16,Mobile,7,USA
S108460,2024-03-24,Tablet,2,Singapore
S108461,2024-04-27,Desktop,7,India
S108462,2026-03-13,Mobile,2,India
S108463,2025-10-03,Mobile,4,UK
S108464,2022-08-28,Desktop,8,Australia
S108465,2024-07-14,Tablet,6,USA
S108466,2024-04-24,Desktop,3,Germany
S108467,2023-10-14,Mobile,5,Germany
S108468,2024-02-29,Mobile,3,Australia
S108469,2025-09-25,Tablet,2,USA
S108470,2025-09-14,Tablet,1,Germany
S108471,2023-11-02,Tablet,7,Australia
S108472,2024-05-15,Desktop,1,Canada
S108473,2023-03-07,Mobile,7,USA
S108474,2023-08-03,Tablet,2,Singapore
S108475,2022-08-12,Tablet,4,Australia
S108476,2023-02-25,Mobile,8,India
S108477,2023-11-15,Desktop,3,Canada
S108478,2022-08-31,Desktop,0,India
S108479,2025-04-25,Mobile,6,Australia
S108480,2025-08-24,Tablet,8,Germany
S108481,2024-05-01,Mobile,7,India
S108482,2024-12-07,Tablet,3,Germany
S108483,2022-12-17,Desktop,0,Singapore
S108484,2025-08-05,Tablet,0,India
S108485,2026-02-13,Desktop,1,Germany
S108486,2023-10-14,Desktop,0,Australia
S108487,2026-06-09,Tablet,2,Canada
S108488,2023-07-16,Desktop,8,India
S108489,2026-06-18,Mobile,8,USA
S108490,2024-11-10,Tablet,6,India
S108491,2026-06-26,Mobile,5,India
S108492,2024-05-17,Mobile,2,USA
S108493,2025-03-18,Mobile,5,Canada
S108494,2026-01-30,Mobile,0,Singapore
S108495,2026-01-25,Tablet,6,India
S108496,2025-04-23,Desktop,6,India
S108497,2025-03-03,Mobile,5,UK
S108498,2023-12-03,Mobile,8,Australia
S108499,2024-12-03,Tablet,6,Germany
S108500,2025-04-21,Desktop,7,Singapore
S108501,2024-07-04,Desktop,5,Germany
S108502,2025-09-24,Tablet,2,Germany
S108503,2024-06-17,Desktop,8,Germany
S108504,2022-12-13,Desktop,4,Singapore
S108505,2024-02-25,Mobile,4,Singapore
S108506,2025-05-16,Mobile,0,USA
S108507,2025-06-22,Mobile,4,India
S108508,2024-03-11,Tablet,3,India
S108509,2022-07-27,Tablet,6,Singapore
S108510,2023-10-27,Mobile,3,Canada
S108511,2025-07-09,Mobile,4,Germany
S108512,2025-06-22,Desktop,2,India
S108513,2026-02-26,Tablet,6,Singapore
S108514,2024-04-20,Tablet,4,India
S108515,2025-01-06,Mobile,7,India
S108516,2026-01-02,Desktop,5,Singapore
S108517,2022-09-19,Mobile,1,Singapore
S108518,2023-04-12,Desktop,7,USA
S108519,2022-10-27,Desktop,4,Singapore
S108520,2022-11-16,Desktop,6,USA
S108521,2024-02-24,Desktop,7,Germany
S108522,2024-12-28,Desktop,7,UK
S108523,2026-01-27,Mobile,2,Australia
S108524,2023-06-02,Mobile,2,USA
S108525,2022-07-18,Mobile,5,USA
S108526,2023-01-07,Desktop,5,Canada
S108527,2022-08-20,Mobile,4,Australia
S108528,2022-08-30,Tablet,5,Singapore
S108529,2023-09-25,Desktop,2,India
S108530,2024-04-25,Mobile,4,USA
S108531,2023-08-22,Tablet,4,Canada
S108532,2025-07-26,Tablet,5,Germany
S108533,2025-11-15,Mobile,8,Singapore
S108534,2025-04-07,Desktop,1,Singapore
S108535,2022-10-09,Tablet,2,Singapore
S108536,2024-10-26,Tablet,4,Germany
S108537,2024-11-07,Desktop,0,India
S108538,2024-09-09,Desktop,3,Singapore
S108539,2022-11-17,Mobile,8,Australia
S108540,2023-05-07,Mobile,1,Singapore
S108541,2025-03-08,Mobile,4,Australia
S108542,2022-05-22,Mobile,0,Australia
S108543,2024-12-11,Desktop,2,USA
S108544,2023-11-05,Mobile,1,Australia
S108545,2022-05-23,Tablet,7,USA
S108546,2022-01-20,Tablet,6,UK
S108547,2022-01-30,Tablet,5,USA
S108548,2023-04-27,Desktop,0,USA
S108549,2022-08-27,Mobile,3,India
S108550,2023-01-29,Desktop,2,Canada
S108551,2023-01-27,Mobile,1,Singapore
S108552,2026-06-27,Mobile,8,Singapore
S108553,2025-08-16,Tablet,1,Germany
S108554,2025-04-10,Tablet,2,Singapore
S108555,2024-04-27,Tablet,5,Canada
S108556,2022-04-15,Mobile,3,Canada
S108557,2022-12-31,Mobile,2,USA
S108558,2023-12-17,Desktop,3,Canada
S108559,2023-06-23,Tablet,1,India
S108560,2025-05-13,Tablet,1,India
S108561,2026-01-25,Mobile,5,Germany
S108562,2022-12-28,Desktop,6,Australia
S108563,2023-05-16,Mobile,7,India
S108564,2026-07-15,Tablet,5,Germany
S108565,2022-02-14,Desktop,8,Canada
S108566,2024-07-15,Desktop,2,Australia
S108567,2026-05-31,Tablet,6,USA
S108568,2025-03-27,Tablet,5,Australia
S108569,2023-06-09,Desktop,6,UK
S108570,2024-06-01,Desktop,3,UK
S108571,2023-04-11,Desktop,1,USA
S108572,2024-11-07,Desktop,8,Australia
S108573,2023-12-05,Tablet,4,Germany
S108574,2022-05-01,Mobile,5,USA
S108575,2022-01-06,Desktop,6,Canada
S108576,2022-01-25,Tablet,8,UK
S108577,2026-03-15,Desktop,3,India
S108578,2023-10-20,Tablet,1,Australia
S108579,2026-06-07,Mobile,8,UK
S108580,2025-06-15,Mobile,1,Australia
S108581,2025-11-29,Mobile,1,Canada
S108582,2023-03-02,Mobile,8,USA
S108583,2025-10-21,Desktop,3,Singapore
S108584,2026-06-24,Tablet,6,Germany
S108585,2025-11-27,Desktop,4,Australia
S108586,2023-11-24,Desktop,1,Singapore
S108587,2024-05-12,Desktop,2,Singapore
S108588,2022-05-23,Tablet,1,Singapore
S108589,2022-12-09,Mobile,5,Canada
S108590,2024-12-25,Desktop,2,Canada
S108591,2025-05-06,Mobile,4,Singapore
S108592,2023-11-09,Tablet,5,UK
S108593,2023-04-29,Mobile,0,Germany
S108594,2024-12-10,Tablet,2,Germany
S108595,2026-01-01,Tablet,7,Germany
S108596,2026-04-28,Tablet,2,Australia
S108597,2026-02-23,Mobile,1,Germany
S108598,2024-11-08,Mobile,8,Germany
S108599,2022-12-06,Tablet,5,Australia
S108600,2023-05-28,Tablet,0,Australia
S108601,2024-12-12,Desktop,1,UK
S108602,2025-04-28,Mobile,0,Canada
S108603,2022-09-01,Mobile,3,Canada
S108604,2025-02-09,Tablet,2,Singapore
S108605,2023-01-18,Desktop,8,USA
S108606,2025-12-08,Tablet,8,Canada
S108607,2023-01-15,Mobile,0,Australia
S108608,2022-07-13,Desktop,1,USA
S108609,2023-10-11,Mobile,3,Germany
S108610,2025-12-13,Desktop,5,Singapore
S108611,2024-08-15,Tablet,8,India
S108612,2024-02-23,Desktop,0,India
S108613,2023-01-07,Mobile,0,Australia
S108614,2022-03-19,Mobile,1,Germany
S108615,2025-06-15,Desktop,3,USA
S108616,2026-07-01,Tablet,0,Singapore
S108617,2022-12-30,Tablet,3,India
S108618,2024-07-22,Tablet,0,Australia
S108619,2022-04-13,Tablet,2,Singapore
S108620,2025-09-15,Mobile,4,India
S108621,2024-03-02,Tablet,5,Singapore
S108622,2024-11-29,Mobile,2,Australia
S108623,2023-09-18,Mobile,0,UK
S108624,2023-09-20,Tablet,0,Canada
S108625,2023-12-29,Desktop,1,Canada
S108626,2022-03-02,Tablet,7,Canada
S108627,2024-01-12,Tablet,6,UK
S108628,2025-07-14,Desktop,1,Australia
S108629,2024-01-14,Tablet,7,India
S108630,2025-09-08,Tablet,6,Australia
S108631,2025-09-05,Desktop,3,Germany
S108632,2022-12-16,Tablet,7,Germany
S108633,2022-04-24,Mobile,0,India
S108634,2022-01-03,Mobile,8,Singapore
S108635,2023-05-13,Mobile,5,Australia
S108636,2022-04-29,Desktop,5,Germany
S108637,2024-07-28,Tablet,2,Australia
S108638,2023-10-02,Tablet,4,USA
S108639,2022-06-14,Tablet,2,Germany
S108640,2022-01-23,Desktop,0,UK
S108641,2025-01-06,Desktop,4,UK
S108642,2025-02-07,Mobile,6,Germany
S108643,2025-09-18,Desktop,4,USA
S108644,2025-02-26,Mobile,7,UK
S108645,2024-09-24,Tablet,2,Singapore
S108646,2024-01-09,Mobile,1,UK
S108647,2023-03-30,Mobile,8,Singapore
S108648,2024-09-12,Mobile,2,India
S108649,2023-07-04,Mobile,2,Singapore
S108650,2026-04-10,Desktop,8,Singapore
S108651,2022-04-19,Desktop,1,UK
S108652,2026-06-06,Desktop,4,Germany
S108653,2022-11-07,Mobile,1,Canada
S108654,2022-12-20,Desktop,3,India
S108655,2025-07-06,Desktop,8,Germany
S108656,2023-11-23,Desktop,3,USA
S108657,2025-12-17,Mobile,6,USA
S108658,2024-05-17,Desktop,6,Australia
S108659,2023-03-08,Tablet,6,Germany
S108660,2022-03-03,Mobile,3,USA
S108661,2023-09-13,Desktop,5,Canada
S108662,2026-01-03,Mobile,1,India
S108663,2025-06-26,Desktop,5,India
S108664,2025-10-15,Tablet,8,UK
S108665,2023-01-04,Desktop,6,India
S108666,2025-05-11,Mobile,1,Australia
S108667,2025-09-20,Desktop,8,USA
S108668,2025-08-08,Tablet,0,Australia
S108669,2022-04-18,Mobile,7,India
S108670,2022-04-03,Mobile,0,India
S108671,2023-03-19,Tablet,3,Germany
S108672,2024-01-09,Mobile,5,UK
S108673,2022-07-23,Mobile,8,India
S108674,2023-07-06,Mobile,0,Australia
S108675,2026-07-20,Mobile,1,Australia
S108676,2024-01-29,Mobile,7,Germany
S108677,2023-12-27,Desktop,8,India
S108678,2022-06-04,Mobile,7,India
S108679,2025-07-26,Tablet,5,USA
S108680,2022-06-12,Tablet,8,Singapore
S108681,2022-05-22,Desktop,3,Canada
S108682,2026-07-07,Desktop,6,Singapore
S108683,2024-11-25,Mobile,5,Singapore
S108684,2023-01-08,Mobile,5,Australia
S108685,2025-08-22,Desktop,7,Germany
S108686,2023-12-08,Mobile,4,Singapore
S108687,2024-06-08,Mobile,3,Australia
S108688,2022-06-14,Tablet,4,India
S108689,2022-02-05,Mobile,4,Canada
S108690,2024-04-21,Desktop,0,UK
S108691,2025-12-31,Desktop,4,Australia
S108692,2026-01-11,Mobile,1,Singapore
S108693,2022-03-01,Mobile,3,Australia
S108694,2025-07-12,Tablet,2,Germany
S108695,2025-12-01,Mobile,5,UK
S108696,2025-05-16,Mobile,3,Singapore
S108697,2022-11-25,Mobile,3,UK
S108698,2022-05-31,Desktop,8,Australia
S108699,2022-02-17,Mobile,3,Singapore
S108700,2023-01-18,Mobile,2,India
S108701,2025-01-01,Mobile,2,USA
S108702,2025-01-30,Desktop,0,USA
S108703,2024-04-11,Tablet,3,Germany
S108704,2022-08-12,Tablet,8,USA
S108705,2026-07-07,Tablet,0,Germany
S108706,2025-11-01,Desktop,0,UK
S108707,2023-04-26,Tablet,7,Australia
S108708,2026-04-09,Mobile,6,Australia
S108709,2022-12-16,Tablet,7,Australia
S108710,2026-03-16,Desktop,6,India
S108711,2023-01-27,Tablet,8,India
S108712,2026-06-07,Mobile,3,Canada
S108713,2023-07-12,Desktop,4,Singapore
S108714,2023-03-01,Desktop,1,Australia
S108715,2024-08-02,Tablet,3,UK
S108716,2022-05-17,Tablet,8,Germany
S108717,2022-08-25,Mobile,3,UK
S108718,2024-04-06,Desktop,3,India
S108719,2024-02-22,Desktop,4,Canada
S108720,2023-01-03,Tablet,0,Australia
S108721,2022-02-22,Mobile,3,Canada
S108722,2026-02-19,Desktop,8,Singapore
S108723,2025-08-19,Tablet,4,Australia
S108724,2025-11-09,Tablet,7,USA
S108725,2026-07-28,Tablet,2,Canada
S108726,2025-01-10,Mobile,5,Canada
S108727,2024-09-22,Tablet,5,Australia
S108728,2026-07-02,Mobile,1,India
S108729,2022-01-11,Mobile,2,Australia
S108730,2022-02-15,Tablet,0,USA
S108731,2024-09-10,Desktop,7,UK
S108732,2025-08-04,Desktop,7,Canada
S108733,2024-07-28,Mobile,8,Canada
S108734,2024-04-24,Desktop,6,Singapore
S108735,2025-06-08,Desktop,0,UK
S108736,2026-01-01,Desktop,8,UK
S108737,2024-04-21,Desktop,4,Australia
S108738,2025-06-01,Tablet,2,India
S108739,2024-10-10,Mobile,1,USA
S108740,2025-03-12,Tablet,5,USA
S108741,2022-12-15,Mobile,7,Australia
S108742,2023-07-20,Mobile,4,Canada
S108743,2025-05-17,Desktop,6,UK
S108744,2023-10-18,Mobile,7,Germany
S108745,2024-10-20,Tablet,7,UK
S108746,2026-04-08,Desktop,4,Singapore
S108747,2023-04-16,Desktop,7,Canada
S108748,2024-09-27,Desktop,8,Canada
S108749,2025-09-16,Tablet,1,Canada
S108750,2024-06-24,Mobile,6,Germany
S108751,2026-05-13,Desktop,1,India
S108752,2023-11-10,Mobile,4,Germany
S108753,2022-02-26,Desktop,8,India
S108754,2024-01-29,Mobile,2,Australia
S108755,2025-01-20,Desktop,6,Canada
S108756,2023-07-01,Tablet,4,Canada
S108757,2023-11-21,Desktop,0,Australia
S108758,2022-02-08,Tablet,0,UK
S108759,2023-09-11,Desktop,1,Germany
S108760,2022-11-04,Desktop,3,Singapore
S108761,2024-01-02,Mobile,7,Canada
S108762,2022-03-06,Desktop,8,Singapore
S108763,2025-08-13,Tablet,0,Singapore
S108764,2025-11-28,Mobile,2,USA
S108765,2023-06-22,Mobile,7,USA
S108766,2025-09-06,Tablet,6,Canada
S108767,2023-01-25,Desktop,0,Germany
S108768,2022-08-01,Mobile,4,UK
S108769,2022-05-05,Desktop,7,India
S108770,2023-04-16,Desktop,4,USA
S108771,2024-10-10,Mobile,0,UK
S108772,2022-03-23,Desktop,0,UK
S108773,2022-05-21,Desktop,4,Germany
S108774,2025-10-22,Desktop,2,UK
S108775,2023-07-29,Tablet,1,Singapore
S108776,2024-06-27,Desktop,6,Germany
S108777,2023-04-04,Tablet,2,Singapore
S108778,2026-01-26,Desktop,6,Germany
S108779,2024-12-14,Desktop,2,USA
S108780,2025-08-25,Tablet,3,Singapore
S108781,2025-08-17,Mobile,3,Canada
S108782,2022-09-04,Desktop,0,UK
S108783,2024-09-22,Mobile,7,India
S108784,2025-01-05,Tablet,5,Australia
S108785,2024-02-11,Mobile,0,Germany
S108786,2023-04-25,Mobile,6,UK
S108787,2023-10-23,Tablet,4,USA
S108788,2025-04-05,Tablet,5,Germany
S108789,2024-12-29,Desktop,1,India
S108790,2025-12-12,Tablet,7,UK
S108791,2025-10-14,Tablet,6,USA
S108792,2024-04-17,Mobile,0,India
S108793,2023-08-24,Desktop,0,Australia
S108794,2022-10-27,Tablet,1,Australia
S108795,2025-10-31,Mobile,0,Germany
S108796,2022-12-22,Desktop,4,India
S108797,2022-01-30,Mobile,3,India
S108798,2025-06-08,Desktop,7,Canada
S108799,2023-07-03,Tablet,7,Canada
S108800,2022-08-07,Tablet,7,Germany
S108801,2022-10-24,Tablet,6,Germany
S108802,2026-07-31,Mobile,8,Germany
S108803,2025-07-01,Desktop,7,Singapore
S108804,2025-07-08,Tablet,1,UK
S108805,2026-06-06,Tablet,0,Singapore
S108806,2023-04-21,Desktop,8,Germany
S108807,2022-10-08,Tablet,2,Australia
S108808,2023-09-29,Tablet,6,Singapore
S108809,2022-07-15,Mobile,1,USA
S108810,2025-07-18,Tablet,8,Australia
S108811,2025-06-25,Mobile,7,Germany
S108812,2025-09-03,Mobile,0,USA
S108813,2025-07-23,Mobile,1,Canada
S108814,2023-01-04,Mobile,2,USA
S108815,2025-05-13,Tablet,1,Australia
S108816,2022-01-23,Mobile,5,UK
S108817,2024-12-30,Tablet,4,USA
S108818,2025-11-25,Tablet,8,India
S108819,2025-02-05,Mobile,1,Australia
S108820,2023-06-03,Tablet,2,USA
S108821,2024-04-27,Mobile,0,UK
S108822,2022-08-09,Desktop,1,USA
S108823,2022-07-01,Tablet,6,Canada
S108824,2024-02-01,Desktop,0,India
S108825,2024-01-05,Tablet,4,USA
S108826,2023-10-02,Desktop,5,India
S108827,2026-06-14,Mobile,2,Singapore
S108828,2023-11-16,Mobile,6,UK
S108829,2023-09-13,Tablet,0,Canada
S108830,2026-05-17,Desktop,7,Canada
S108831,2024-06-25,Mobile,6,USA
S108832,2026-03-04,Mobile,2,Germany
S108833,2025-06-11,Desktop,3,Canada
S108834,2022-12-01,Tablet,5,Singapore
S108835,2025-05-16,Mobile,3,Germany
S108836,2024-07-09,Mobile,6,Germany
S108837,2022-02-22,Desktop,1,India
S108838,2025-02-25,Mobile,1,Australia
S108839,2022-03-08,Tablet,4,Singapore
S108840,2024-10-31,Mobile,8,India
S108841,2024-09-17,Mobile,8,Germany
S108842,2026-05-16,Desktop,6,UK
S108843,2024-11-13,Desktop,0,India
S108844,2022-04-11,Desktop,2,Canada
S108845,2026-01-17,Desktop,8,USA
S108846,2022-03-27,Mobile,5,Germany
S108847,2024-10-03,Mobile,3,Singapore
S108848,2026-04-15,Desktop,2,Singapore
S108849,2022-07-28,Desktop,6,Germany
S108850,2025-01-21,Tablet,8,Australia
S108851,2023-09-30,Desktop,5,Germany
S108852,2026-06-17,Tablet,2,Germany
S108853,2025-05-29,Desktop,4,UK
S108854,2026-02-11,Desktop,2,UK
S108855,2023-04-26,Mobile,5,India
S108856,2022-02-18,Desktop,5,Germany
S108857,2026-01-19,Tablet,8,Canada
S108858,2026-05-06,Desktop,3,Singapore
S108859,2024-11-23,Tablet,0,Canada
S108860,2026-07-04,Desktop,7,Canada
S108861,2025-07-17,Tablet,2,Canada
S108862,2024-02-07,Tablet,6,Australia
S108863,2025-12-05,Mobile,2,India
S108864,2025-11-04,Desktop,6,Germany
S108865,2024-11-29,Tablet,7,India
S108866,2022-08-29,Desktop,5,UK
S108867,2022-04-13,Mobile,2,Canada
S108868,2023-08-05,Desktop,4,UK
S108869,2026-04-28,Desktop,2,Germany
S108870,2026-01-05,Tablet,3,USA
S108871,2025-11-27,Mobile,1,Canada
S108872,2025-08-05,Tablet,1,Singapore
S108873,2026-02-17,Tablet,0,Canada
S108874,2022-01-28,Desktop,2,UK
S108875,2023-09-09,Mobile,6,Australia
S108876,2024-04-14,Tablet,6,Germany
S108877,2026-07-02,Tablet,3,USA
S108878,2023-09-22,Tablet,5,UK
S108879,2026-04-12,Mobile,4,UK
S108880,2026-01-25,Tablet,6,Singapore
S108881,2024-12-23,Tablet,4,USA
S108882,2023-11-23,Tablet,3,Singapore
S108883,2022-01-29,Mobile,0,Canada
S108884,2022-12-27,Tablet,3,UK
S108885,2023-11-18,Desktop,2,Australia
S108886,2022-08-18,Tablet,1,Germany
S108887,2023-06-02,Tablet,8,Canada
S108888,2025-10-14,Desktop,3,Canada
S108889,2023-09-21,Mobile,4,USA
S108890,2024-05-11,Mobile,7,Singapore
S108891,2022-07-14,Mobile,6,Singapore
S108892,2025-02-02,Mobile,7,USA
S108893,2022-09-30,Desktop,7,Germany
S108894,2026-07-13,Mobile,2,Australia
S108895,2025-12-09,Desktop,6,Australia
S108896,2023-07-17,Desktop,3,Australia
S108897,2025-08-24,Mobile,8,UK
S108898,2025-12-20,Desktop,6,USA
S108899,2022-01-07,Desktop,5,Singapore
S108900,2025-12-22,Mobile,6,Canada
S108901,2026-01-08,Desktop,7,Australia
S108902,2025-03-05,Mobile,5,Singapore
S108903,2023-04-30,Tablet,2,USA
S108904,2025-12-09,Mobile,2,Australia
S108905,2025-12-03,Desktop,4,Australia
S108906,2026-04-21,Tablet,5,Canada
S108907,2023-12-04,Tablet,2,India
S108908,2024-10-23,Mobile,4,Germany
S108909,2023-08-19,Mobile,0,Germany
S108910,2022-01-01,Tablet,2,Canada
S108911,2022-10-18,Desktop,3,Australia
S108912,2022-03-11,Desktop,2,Australia
S108913,2023-08-27,Tablet,4,USA
S108914,2022-10-03,Desktop,8,UK
S108915,2024-02-15,Mobile,2,UK
S108916,2022-08-01,Mobile,6,UK
S108917,2025-06-12,Mobile,5,Singapore
S108918,2023-01-17,Desktop,7,Australia
S108919,2022-07-28,Desktop,8,Australia
S108920,2022-05-04,Desktop,2,USA
S108921,2022-05-01,Mobile,6,UK
S108922,2023-07-29,Mobile,0,India
S108923,2024-08-22,Tablet,2,USA
S108924,2025-10-01,Tablet,1,Singapore
S108925,2022-07-14,Tablet,4,Singapore
S108926,2025-07-12,Tablet,4,Canada
S108927,2022-11-24,Mobile,7,USA
S108928,2025-10-23,Tablet,7,Australia
S108929,2023-05-22,Desktop,0,Australia
S108930,2023-01-11,Tablet,8,Germany
S108931,2025-03-29,Desktop,1,Germany
S108932,2022-08-25,Tablet,2,Singapore
S108933,2025-10-07,Mobile,3,Singapore
S108934,2022-12-29,Tablet,6,UK
S108935,2026-07-20,Desktop,2,Australia
S108936,2026-05-21,Desktop,8,Germany
S108937,2025-02-27,Desktop,1,USA
S108938,2025-06-27,Desktop,1,Canada
S108939,2025-02-06,Tablet,7,USA
S108940,2025-01-22,Mobile,5,USA
S108941,2023-07-23,Desktop,4,Canada
S108942,2025-10-13,Desktop,8,Germany
S108943,2024-12-06,Mobile,5,Germany
S108944,2022-09-13,Desktop,5,UK
S108945,2024-11-30,Desktop,1,Australia
S108946,2025-07-30,Desktop,8,India
S108947,2023-08-29,Desktop,2,Germany
S108948,2022-02-16,Mobile,4,Australia
S108949,2024-05-28,Tablet,4,USA
S108950,2022-01-01,Desktop,1,Canada
S108951,2024-04-16,Desktop,3,India
S108952,2022-11-21,Mobile,7,Australia
S108953,2022-12-20,Desktop,4,UK
S108954,2022-01-30,Tablet,1,UK
S108955,2022-03-02,Mobile,5,India
S108956,2022-02-12,Desktop,7,Singapore
S108957,2024-08-28,Mobile,7,USA
S108958,2024-07-05,Desktop,2,Germany
S108959,2024-12-03,Tablet,2,USA
S108960,2022-10-17,Mobile,7,Canada
S108961,2024-03-11,Desktop,3,India
S108962,2023-03-16,Mobile,8,USA
S108963,2023-11-20,Desktop,0,UK
S108964,2022-05-03,Mobile,4,Canada
S108965,2022-08-25,Desktop,5,UK
S108966,2025-02-22,Desktop,4,Germany
S108967,2025-05-26,Tablet,7,UK
S108968,2022-07-18,Tablet,1,Germany
S108969,2024-11-24,Desktop,0,Germany
S108970,2025-06-15,Tablet,8,India
S108971,2024-06-16,Mobile,1,India
S108972,2023-01-23,Tablet,2,Canada
S108973,2026-05-27,Desktop,5,USA
S108974,2025-11-05,Mobile,7,USA
S108975,2023-12-02,Mobile,2,Germany
S108976,2022-05-20,Mobile,5,Germany
S108977,2023-09-08,Mobile,8,Singapore
S108978,2025-11-22,Desktop,4,Germany
S108979,2022-09-16,Mobile,8,Australia
S108980,2024-10-09,Mobile,7,Germany
S108981,2025-09-02,Mobile,3,Germany
S108982,2023-01-07,Tablet,3,Canada
S108983,2023-02-23,Mobile,2,Canada
S108984,2026-06-04,Mobile,7,Australia
S108985,2025-06-19,Tablet,8,UK
S108986,2024-06-18,Mobile,0,Singapore
S108987,2026-03-29,Tablet,6,Germany
S108988,2025-08-17,Tablet,1,Australia
S108989,2023-04-24,Mobile,0,Singapore
S108990,2025-04-05,Desktop,0,India
S108991,2023-08-15,Tablet,5,UK
S108992,2025-06-10,Tablet,5,USA
S108993,2022-09-07,Desktop,1,USA
S108994,2024-03-23,Desktop,6,Canada
S108995,2026-04-13,Desktop,6,USA
S108996,2023-10-01,Desktop,0,Singapore
S108997,2023-05-09,Tablet,7,India
S108998,2022-07-11,Desktop,7,Canada
S108999,2022-11-11,Tablet,7,Singapore
S109000,2023-12-12,Mobile,2,Australia
S109001,2025-01-16,Tablet,8,Australia
S109002,2023-06-02,Tablet,7,USA
S109003,2024-09-03,Mobile,3,India
S109004,2024-10-09,Desktop,7,India
S109005,2023-07-15,Tablet,5,Singapore
S109006,2024-06-24,Tablet,8,USA
S109007,2023-11-11,Mobile,0,UK
S109008,2024-10-26,Mobile,0,USA
S109009,2023-12-26,Desktop,4,UK
S109010,2022-04-20,Mobile,5,UK
S109011,2025-07-12,Tablet,1,India
S109012,2024-07-28,Desktop,1,India
S109013,2025-03-09,Desktop,8,UK
S109014,2026-05-18,Desktop,2,India
S109015,2025-08-13,Mobile,0,Australia
S109016,2024-08-17,Mobile,6,UK
S109017,2025-09-26,Tablet,7,Germany
S109018,2024-11-29,Tablet,5,USA
S109019,2024-06-14,Desktop,2,Australia
S109020,2023-12-29,Mobile,7,UK
S109021,2025-12-10,Tablet,6,Singapore
S109022,2024-01-04,Mobile,8,Australia
S109023,2024-02-03,Mobile,0,UK
S109024,2026-07-12,Tablet,6,Singapore
S109025,2022-04-19,Mobile,1,UK
S109026,2022-08-26,Desktop,2,India
S109027,2023-01-31,Tablet,8,Germany
S109028,2025-11-15,Mobile,5,Canada
S109029,2023-04-18,Desktop,8,UK
S109030,2026-07-26,Desktop,3,UK
S109031,2025-12-21,Mobile,1,India
S109032,2025-09-28,Tablet,6,Canada
S109033,2023-12-06,Desktop,8,Singapore
S109034,2023-12-29,Desktop,4,Australia
S109035,2024-09-15,Desktop,8,Canada
S109036,2024-08-04,Tablet,2,India
S109037,2022-04-21,Mobile,7,USA
S109038,2022-02-25,Tablet,3,UK
S109039,2025-11-16,Tablet,0,Germany
S109040,2026-04-15,Tablet,8,UK
S109041,2023-11-30,Desktop,2,Germany
S109042,2022-06-21,Desktop,8,Singapore
S109043,2024-01-11,Desktop,6,India
S109044,2023-07-05,Mobile,0,UK
S109045,2025-01-31,Desktop,0,UK
S109046,2024-07-25,Tablet,7,Australia
S109047,2025-07-07,Tablet,6,Canada
S109048,2022-11-21,Tablet,4,USA
S109049,2024-12-20,Tablet,8,Singapore
S109050,2025-12-28,Tablet,2,Australia
S109051,2022-04-09,Desktop,4,India
S109052,2022-10-26,Mobile,5,India
S109053,2023-10-20,Tablet,2,UK
S109054,2023-05-26,Tablet,6,Australia
S109055,2023-04-09,Desktop,6,Germany
S109056,2024-10-01,Tablet,8,USA
S109057,2023-01-03,Desktop,8,Singapore
S109058,2025-11-18,Mobile,4,Australia
S109059,2026-07-28,Tablet,6,India
S109060,2024-09-11,Desktop,6,Canada
S109061,2023-04-04,Tablet,0,USA
S109062,2024-09-22,Mobile,3,Canada
S109063,2023-09-16,Mobile,2,UK
S109064,2026-03-01,Tablet,6,USA
S109065,2023-09-28,Tablet,5,USA
S109066,2022-09-23,Mobile,3,India
S109067,2024-02-04,Tablet,8,Germany
S109068,2023-08-30,Tablet,7,Australia
S109069,2025-07-08,Mobile,8,Australia
S109070,2023-04-15,Tablet,6,UK
S109071,2026-03-15,Mobile,8,Australia
S109072,2022-12-13,Mobile,8,Germany
S109073,2026-04-05,Mobile,0,Germany
S109074,2025-03-25,Mobile,0,Australia
S109075,2022-11-12,Desktop,2,Australia
S109076,2024-08-28,Desktop,1,Canada
S109077,2024-11-27,Tablet,4,USA
S109078,2022-09-23,Tablet,8,Germany
S109079,2026-03-30,Mobile,4,Canada
S109080,2022-08-30,Tablet,0,Australia
S109081,2025-07-15,Desktop,6,USA
S109082,2023-09-24,Mobile,6,Singapore
S109083,2022-04-18,Desktop,7,USA
S109084,2022-09-26,Desktop,8,Singapore
S109085,2026-02-24,Tablet,8,Australia
S109086,2024-02-05,Desktop,5,Germany
S109087,2022-08-30,Tablet,8,USA
S109088,2023-12-15,Desktop,6,UK
S109089,2026-02-28,Desktop,5,Canada
S109090,2024-12-27,Desktop,8,Germany
S109091,2025-03-02,Desktop,4,India
S109092,2022-11-07,Desktop,7,Singapore
S109093,2025-08-22,Mobile,6,Canada
S109094,2026-05-31,Tablet,3,India
S109095,2023-05-06,Desktop,8,Australia
S109096,2026-05-16,Tablet,4,India
S109097,2023-02-01,Tablet,1,UK
S109098,2024-01-21,Tablet,5,Singapore
S109099,2024-08-24,Desktop,6,Singapore
S109100,2023-10-14,Mobile,0,UK
S109101,2024-02-13,Tablet,0,USA
S109102,2022-07-27,Mobile,5,Germany
S109103,2024-11-23,Mobile,4,USA
S109104,2024-05-25,Desktop,6,Singapore
S109105,2022-04-30,Mobile,1,USA
S109106,2022-10-14,Mobile,5,UK
S109107,2022-03-17,Desktop,3,Singapore
S109108,2025-11-25,Tablet,1,Australia
S109109,2024-05-01,Mobile,2,Australia
S109110,2022-06-26,Desktop,0,Singapore
S109111,2025-12-06,Desktop,0,Germany
S109112,2022-07-29,Tablet,6,Germany
S109113,2024-03-24,Tablet,5,Singapore
S109114,2023-07-04,Tablet,4,India
S109115,2022-11-29,Tablet,5,India
S109116,2024-10-23,Tablet,3,USA
S109117,2025-01-06,Desktop,3,Australia
S109118,2026-04-29,Tablet,7,Singapore
S109119,2022-08-09,Tablet,3,UK
S109120,2026-07-19,Tablet,8,Singapore
S109121,2022-08-14,Mobile,4,Canada
S109122,2022-12-02,Desktop,4,Australia
S109123,2023-01-16,Mobile,1,Germany
S109124,2024-03-04,Desktop,8,Germany
S109125,2024-10-25,Tablet,1,India
S109126,2022-10-16,Tablet,0,India
S109127,2023-12-25,Tablet,3,Canada
S109128,2026-06-23,Tablet,6,Singapore
S109129,2022-04-03,Tablet,6,Germany
S109130,2024-02-08,Desktop,2,Germany
S109131,2026-02-19,Tablet,4,Australia
S109132,2026-04-15,Mobile,1,Australia
S109133,2023-05-12,Tablet,1,Singapore
S109134,2022-10-10,Mobile,0,Singapore
S109135,2024-11-13,Desktop,6,UK
S109136,2026-05-28,Tablet,1,USA
S109137,2025-10-27,Mobile,4,Canada
S109138,2022-11-06,Tablet,5,India
S109139,2025-12-16,Tablet,1,UK
S109140,2023-08-20,Mobile,3,Canada
S109141,2026-02-15,Mobile,4,Canada
S109142,2024-07-05,Mobile,3,UK
S109143,2026-01-29,Desktop,6,Canada
S109144,2025-05-01,Tablet,6,UK
S109145,2025-03-31,Desktop,6,Singapore
S109146,2023-10-31,Desktop,7,Australia
S109147,2024-02-06,Mobile,0,UK
S109148,2024-01-30,Tablet,5,Singapore
S109149,2023-05-23,Tablet,8,Germany
S109150,2023-01-17,Tablet,1,Singapore
S109151,2026-05-10,Tablet,4,Singapore
S109152,2025-12-12,Tablet,3,USA
S109153,2025-08-20,Mobile,6,India
S109154,2022-05-07,Mobile,3,India
S109155,2025-01-07,Mobile,1,UK
S109156,2023-07-29,Desktop,5,India
S109157,2026-04-30,Mobile,0,Australia
S109158,2022-08-08,Tablet,4,Canada
S109159,2023-07-04,Mobile,5,Singapore
S109160,2022-11-18,Mobile,2,Canada
S109161,2022-06-08,Desktop,4,UK
S109162,2023-02-02,Desktop,7,USA
S109163,2024-05-20,Desktop,2,Canada
S109164,2025-10-26,Desktop,7,Australia
S109165,2026-03-11,Tablet,0,Singapore
S109166,2023-07-11,Tablet,2,Singapore
S109167,2022-05-11,Desktop,1,Germany
S109168,2023-01-16,Desktop,1,Canada
S109169,2023-02-03,Tablet,4,UK
S109170,2024-04-25,Desktop,7,USA
S109171,2026-06-15,Desktop,4,Singapore
S109172,2025-01-09,Desktop,3,USA
S109173,2023-07-21,Tablet,3,Singapore
S109174,2024-09-18,Desktop,8,USA
S109175,2024-03-29,Desktop,2,UK
S109176,2025-08-01,Tablet,5,Singapore
S109177,2023-01-07,Mobile,0,Australia
S109178,2022-05-11,Desktop,4,USA
S109179,2022-05-28,Desktop,2,Australia
S109180,2023-05-23,Desktop,3,India
S109181,2022-11-23,Tablet,7,USA
S109182,2023-09-21,Tablet,7,Australia
S109183,2025-10-03,Tablet,1,Australia
S109184,2023-07-09,Mobile,5,Germany
S109185,2024-02-03,Desktop,7,Canada
S109186,2024-09-29,Tablet,5,India
S109187,2025-11-19,Desktop,6,Singapore
S109188,2022-04-25,Tablet,4,India
S109189,2023-07-11,Mobile,0,India
S109190,2024-09-08,Desktop,2,Australia
S109191,2026-01-17,Mobile,2,India
S109192,2022-10-25,Desktop,3,Singapore
S109193,2025-06-12,Desktop,5,UK
S109194,2025-08-02,Desktop,0,Canada
S109195,2022-12-28,Desktop,1,Canada
S109196,2022-08-02,Tablet,3,Germany
S109197,2025-07-04,Desktop,1,Australia
S109198,2026-03-14,Desktop,0,Australia
S109199,2024-08-13,Tablet,4,Canada
S109200,2022-03-12,Tablet,7,India
S109201,2024-09-16,Tablet,8,Canada
S109202,2023-01-02,Desktop,3,Germany
S109203,2024-06-06,Tablet,0,Singapore
S109204,2022-04-05,Mobile,6,Singapore
S109205,2026-04-22,Tablet,2,Singapore
S109206,2022-02-09,Tablet,3,USA
S109207,2024-04-27,Tablet,6,USA
S109208,2023-03-06,Mobile,1,India
S109209,2025-10-03,Desktop,6,Australia
S109210,2025-12-03,Mobile,7,Australia
S109211,2025-02-20,Mobile,5,USA
S109212,2022-04-08,Mobile,7,USA
S109213,2025-03-28,Mobile,1,Germany
S109214,2024-11-09,Tablet,6,USA
S109215,2022-04-15,Mobile,5,India
S109216,2024-03-01,Mobile,4,Germany
S109217,2025-05-31,Mobile,6,India
S109218,2023-09-06,Mobile,7,UK
S109219,2026-07-31,Desktop,6,Australia
S109220,2022-04-12,Desktop,8,Germany
S109221,2025-12-13,Desktop,3,Canada
S109222,2025-01-09,Tablet,8,Singapore
S109223,2026-06-26,Desktop,7,UK
S109224,2024-06-14,Tablet,8,Singapore
S109225,2022-07-12,Mobile,4,India
S109226,2026-03-30,Mobile,1,Canada
S109227,2025-09-05,Mobile,2,UK
S109228,2024-07-12,Desktop,5,UK
S109229,2026-01-01,Mobile,0,India
S109230,2026-07-31,Tablet,2,Canada
S109231,2026-01-30,Desktop,5,UK
S109232,2024-07-23,Desktop,8,UK
S109233,2026-02-10,Tablet,5,UK
S109234,2022-05-27,Mobile,3,Australia
S109235,2026-02-23,Mobile,2,Canada
S109236,2024-11-12,Desktop,2,USA
S109237,2024-10-14,Mobile,2,India
S109238,2026-05-23,Tablet,7,Singapore
S109239,2025-02-15,Tablet,7,Germany
S109240,2026-01-08,Tablet,7,Germany
S109241,2025-05-19,Mobile,4,UK
S109242,2024-04-21,Mobile,4,India
S109243,2024-11-05,Mobile,0,Canada
S109244,2026-01-19,Desktop,8,India
S109245,2023-02-24,Desktop,1,Australia
S109246,2024-07-28,Mobile,2,India
S109247,2022-04-28,Mobile,7,USA
S109248,2022-04-29,Desktop,7,Canada
S109249,2024-10-27,Tablet,4,Canada
S109250,2023-02-03,Tablet,7,Canada
S109251,2024-02-28,Tablet,6,Germany
S109252,2023-12-26,Mobile,0,India
S109253,2023-10-13,Desktop,5,Singapore
S109254,2022-07-31,Desktop,5,UK
S109255,2023-09-14,Mobile,7,Germany
S109256,2026-01-11,Tablet,8,Canada
S109257,2026-07-11,Desktop,7,USA
S109258,2026-04-15,Desktop,6,UK
S109259,2024-03-29,Tablet,1,USA
S109260,2025-07-21,Tablet,1,Australia
S109261,2025-12-16,Tablet,6,UK
S109262,2025-05-23,Mobile,3,India
S109263,2024-10-04,Tablet,5,Singapore
S109264,2023-05-02,Mobile,2,Germany
S109265,2024-04-22,Desktop,7,Australia
S109266,2025-08-19,Desktop,5,India
S109267,2024-05-03,Tablet,3,India
S109268,2023-04-10,Desktop,2,India
S109269,2023-04-23,Mobile,4,UK
S109270,2026-04-16,Desktop,0,UK
S109271,2023-05-01,Tablet,8,USA
S109272,2026-01-21,Mobile,7,India
S109273,2022-07-27,Tablet,2,UK
S109274,2025-01-20,Mobile,2,USA
S109275,2025-03-16,Mobile,0,USA
S109276,2024-12-16,Tablet,2,Germany
S109277,2025-07-02,Tablet,8,UK
S109278,2024-09-14,Desktop,8,Singapore
S109279,2022-07-01,Desktop,6,Singapore
S109280,2026-05-20,Tablet,1,Germany
S109281,2025-02-23,Mobile,5,Singapore
S109282,2024-11-03,Mobile,3,Australia
S109283,2024-08-03,Tablet,1,UK
S109284,2025-08-09,Tablet,8,USA
S109285,2022-11-23,Mobile,6,Singapore
S109286,2023-11-20,Mobile,6,USA
S109287,2024-10-25,Mobile,5,UK
S109288,2023-06-03,Mobile,5,Australia
S109289,2025-05-22,Mobile,4,Singapore
S109290,2025-12-21,Mobile,7,Australia
S109291,2023-12-13,Mobile,0,Canada
S109292,2024-03-17,Desktop,6,India
S109293,2023-09-28,Desktop,4,UK
S109294,2025-01-13,Tablet,5,Australia
S109295,2022-01-07,Desktop,1,UK
S109296,2023-06-08,Mobile,0,USA
S109297,2022-03-31,Tablet,2,Singapore
S109298,2026-06-17,Tablet,3,USA
S109299,2022-07-29,Tablet,7,India
S109300,2022-02-01,Mobile,1,Australia
S109301,2026-01-09,Desktop,8,Germany
S109302,2025-07-05,Tablet,0,USA
S109303,2023-04-02,Desktop,5,Germany
S109304,2023-06-28,Tablet,2,Canada
S109305,2022-02-19,Desktop,0,Australia
S109306,2023-10-21,Mobile,4,UK
S109307,2025-08-10,Mobile,7,India
S109308,2024-07-23,Desktop,4,Germany
S109309,2023-06-03,Desktop,6,Australia
S109310,2024-01-17,Tablet,6,Australia
S109311,2022-04-15,Tablet,0,India
S109312,2025-03-05,Desktop,3,Australia
S109313,2024-09-11,Desktop,5,Germany
S109314,2025-08-02,Mobile,8,Australia
S109315,2022-06-20,Desktop,6,Canada
S109316,2026-01-22,Mobile,6,India
S109317,2022-12-30,Tablet,5,UK
S109318,2025-11-06,Tablet,6,India
S109319,2023-07-30,Desktop,0,Australia
S109320,2022-08-11,Desktop,7,Germany
S109321,2025-08-01,Tablet,7,Australia
S109322,2024-09-06,Desktop,6,Australia
S109323,2023-04-10,Mobile,1,Germany
S109324,2022-09-16,Tablet,6,Canada
S109325,2024-06-17,Desktop,4,Singapore
S109326,2024-08-14,Desktop,5,Australia
S109327,2022-07-20,Tablet,4,Singapore
S109328,2022-01-29,Tablet,7,Singapore
S109329,2024-08-20,Desktop,6,Germany
S109330,2026-05-08,Desktop,1,Singapore
S109331,2024-11-12,Mobile,6,India
S109332,2024-02-02,Mobile,6,Australia
S109333,2023-03-02,Mobile,7,UK
S109334,2025-05-20,Desktop,1,Singapore
S109335,2024-04-18,Desktop,6,Canada
S109336,2025-01-01,Tablet,8,Australia
S109337,2024-06-03,Mobile,6,Canada
S109338,2022-08-15,Desktop,3,Canada
S109339,2023-07-19,Desktop,0,India
S109340,2024-08-23,Desktop,1,UK
S109341,2023-09-06,Tablet,6,Germany
S109342,2022-03-10,Tablet,8,Australia
S109343,2023-04-21,Mobile,0,UK
S109344,2025-10-12,Desktop,0,UK
S109345,2022-06-20,Mobile,1,Germany
S109346,2024-10-30,Desktop,4,Canada
S109347,2024-05-11,Desktop,8,Canada
S109348,2025-04-01,Tablet,6,Australia
S109349,2025-08-03,Tablet,1,Singapore
S109350,2022-09-08,Desktop,7,Germany
S109351,2024-06-11,Desktop,3,India
S109352,2022-05-10,Mobile,1,India
S109353,2026-05-23,Tablet,4,UK
S109354,2024-06-08,Tablet,1,UK
S109355,2024-01-30,Mobile,1,Germany
S109356,2022-10-31,Desktop,1,Canada
S109357,2024-02-17,Tablet,8,India
S109358,2025-08-18,Desktop,1,Singapore
S109359,2025-02-23,Tablet,3,Australia
S109360,2025-07-23,Mobile,6,Canada
S109361,2023-08-28,Mobile,7,USA
S109362,2025-04-05,Tablet,6,India
S109363,2022-02-21,Desktop,2,USA
S109364,2022-12-25,Tablet,1,Singapore
S109365,2022-11-27,Tablet,8,India
S109366,2025-09-16,Desktop,7,UK
S109367,2024-07-25,Desktop,6,India
S109368,2023-03-12,Desktop,2,USA
S109369,2024-04-20,Desktop,8,India
S109370,2023-03-10,Tablet,8,UK
S109371,2026-03-10,Tablet,4,Canada
S109372,2025-04-12,Mobile,1,USA
S109373,2024-11-18,Desktop,4,Canada
S109374,2024-12-29,Desktop,2,Germany
S109375,2022-06-10,Desktop,5,Canada
S109376,2024-04-10,Mobile,1,Australia
S109377,2023-08-11,Desktop,0,Australia
S109378,2026-02-15,Mobile,7,Canada
S109379,2024-05-16,Desktop,5,Canada
S109380,2024-12-14,Desktop,2,Australia
S109381,2023-08-12,Desktop,8,India
S109382,2025-01-05,Tablet,5,India
S109383,2023-07-28,Tablet,7,USA
S109384,2024-07-13,Mobile,3,India
S109385,2025-11-24,Desktop,8,UK
S109386,2025-01-10,Desktop,7,Australia
S109387,2025-06-29,Tablet,6,UK
S109388,2023-09-09,Mobile,4,USA
S109389,2024-04-29,Desktop,4,Canada
S109390,2022-03-09,Desktop,1,Singapore
S109391,2024-03-17,Tablet,7,Canada
S109392,2025-08-13,Mobile,7,Singapore
S109393,2026-03-19,Mobile,5,Australia
S109394,2025-07-19,Tablet,5,Singapore
S109395,2023-01-04,Tablet,5,Singapore
S109396,2024-08-28,Tablet,1,India
S109397,2023-12-02,Desktop,7,Singapore
S109398,2022-12-07,Desktop,7,USA
S109399,2023-08-14,Desktop,4,USA
S109400,2022-04-22,Mobile,0,Canada
S109401,2025-09-10,Mobile,3,Canada
S109402,2026-04-21,Mobile,6,India
S109403,2023-05-04,Mobile,8,Singapore
S109404,2024-07-08,Tablet,2,UK
S109405,2025-10-11,Mobile,2,Australia
S109406,2023-02-05,Mobile,2,Singapore
S109407,2026-02-23,Mobile,6,Australia
S109408,2023-01-08,Tablet,8,USA
S109409,2024-03-23,Mobile,0,Canada
S109410,2026-01-02,Tablet,5,USA
S109411,2025-07-11,Mobile,5,India
S109412,2022-06-12,Mobile,3,Australia
S109413,2022-08-21,Mobile,0,India
S109414,2025-09-29,Tablet,4,India
S109415,2023-08-29,Tablet,8,Canada
S109416,2025-07-16,Tablet,3,Canada
S109417,2025-09-06,Desktop,0,Singapore
S109418,2026-03-27,Tablet,5,Singapore
S109419,2024-06-02,Desktop,3,Singapore
S109420,2022-07-10,Desktop,0,Germany
S109421,2023-07-11,Mobile,2,Australia
S109422,2022-09-08,Mobile,7,Germany
S109423,2023-12-28,Desktop,0,Germany
S109424,2024-02-23,Mobile,8,Singapore
S109425,2025-09-28,Mobile,8,UK
S109426,2026-06-15,Mobile,3,Singapore
S109427,2023-03-08,Desktop,2,Germany
S109428,2025-12-19,Tablet,2,Germany
S109429,2025-07-03,Tablet,3,Australia
S109430,2024-03-27,Tablet,5,Singapore
S109431,2026-03-01,Tablet,5,Australia
S109432,2022-07-27,Desktop,7,Australia
S109433,2025-05-05,Mobile,6,Singapore
S109434,2024-09-01,Mobile,0,Australia
S109435,2026-05-17,Tablet,2,UK
S109436,2022-06-03,Tablet,5,India
S109437,2025-04-16,Desktop,8,Canada
S109438,2022-01-14,Desktop,6,Singapore
S109439,2022-03-26,Tablet,0,UK
S109440,2026-03-08,Desktop,2,Germany
S109441,2023-10-30,Mobile,4,Australia
S109442,2025-10-16,Mobile,1,Germany
S109443,2025-05-13,Mobile,5,Australia
S109444,2023-07-20,Tablet,1,Germany
S109445,2023-01-17,Desktop,4,Singapore
S109446,2023-05-26,Desktop,1,Germany
S109447,2025-11-18,Mobile,4,USA
S109448,2026-04-13,Tablet,6,UK
S109449,2025-10-25,Tablet,5,UK
S109450,2026-02-15,Mobile,8,Germany
S109451,2023-07-03,Tablet,6,Canada
S109452,2022-01-09,Desktop,4,Australia
S109453,2023-12-24,Desktop,8,UK
S109454,2025-10-17,Mobile,7,USA
S109455,2026-06-30,Desktop,6,Germany
S109456,2024-06-28,Mobile,6,Australia
S109457,2023-01-28,Desktop,4,Canada
S109458,2023-10-23,Desktop,0,Germany
S109459,2025-06-22,Desktop,6,India
S109460,2022-08-05,Mobile,7,USA
S109461,2023-04-22,Desktop,8,India
S109462,2022-09-09,Desktop,4,India
S109463,2022-05-25,Desktop,5,India
S109464,2022-12-01,Desktop,1,Germany
S109465,2023-09-15,Mobile,1,USA
S109466,2023-05-29,Mobile,7,Germany
S109467,2025-07-12,Desktop,5,India
S109468,2024-04-12,Mobile,0,Singapore
S109469,2024-07-11,Mobile,1,UK
S109470,2023-09-27,Mobile,4,Germany
S109471,2026-02-25,Tablet,5,Singapore
S109472,2022-11-10,Mobile,1,India
S109473,2022-05-11,Mobile,1,Australia
S109474,2025-08-07,Desktop,1,USA
S109475,2023-01-11,Mobile,2,UK
S109476,2025-08-09,Desktop,3,Germany
S109477,2025-11-11,Desktop,1,Australia
S109478,2023-06-06,Tablet,5,Germany
S109479,2025-06-05,Desktop,7,Germany
S109480,2026-04-01,Mobile,0,Singapore
S109481,2022-03-30,Tablet,6,USA
S109482,2023-07-03,Desktop,5,India
S109483,2025-09-02,Tablet,5,Germany
S109484,2024-03-29,Desktop,0,Germany
S109485,2023-12-15,Desktop,5,Singapore
S109486,2022-01-11,Mobile,6,India
S109487,2025-06-25,Desktop,6,Germany
S109488,2023-04-23,Desktop,3,Australia
S109489,2023-05-19,Desktop,6,Australia
S109490,2023-08-18,Desktop,4,Singapore
S109491,2025-04-07,Mobile,2,Singapore
S109492,2025-11-25,Desktop,8,USA
S109493,2024-01-17,Tablet,0,Germany
S109494,2022-03-25,Mobile,3,UK
S109495,2022-12-16,Desktop,4,UK
S109496,2024-06-17,Mobile,8,Singapore
S109497,2023-08-23,Desktop,3,India
S109498,2024-08-19,Mobile,5,Singapore
S109499,2022-12-23,Tablet,3,Australia
S109500,2024-04-25,Tablet,2,India
S109501,2025-02-13,Tablet,8,UK
S109502,2022-02-26,Mobile,0,UK
S109503,2023-03-11,Mobile,5,India
S109504,2026-05-16,Mobile,5,UK
S109505,2025-03-20,Desktop,2,UK
S109506,2023-09-24,Tablet,4,USA
S109507,2023-08-03,Mobile,7,India
S109508,2024-03-25,Tablet,5,India
S109509,2025-06-17,Mobile,3,Canada
S109510,2025-05-10,Mobile,0,Australia
S109511,2025-06-11,Mobile,7,Australia
S109512,2026-02-14,Tablet,3,UK
S109513,2023-09-21,Tablet,5,Australia
S109514,2024-07-10,Desktop,5,Canada
S109515,2024-11-21,Mobile,8,Germany
S109516,2023-12-29,Desktop,7,USA
S109517,2026-04-27,Tablet,6,UK
S109518,2022-11-04,Mobile,4,UK
S109519,2025-10-02,Mobile,8,Singapore
S109520,2025-03-16,Mobile,6,Australia
S109521,2023-11-11,Tablet,0,USA
S109522,2024-01-31,Mobile,6,Canada
S109523,2024-02-16,Desktop,7,India
S109524,2024-10-12,Desktop,3,Australia
S109525,2024-05-11,Mobile,6,Germany
S109526,2023-07-21,Mobile,4,USA
S109527,2023-01-13,Mobile,4,USA
S109528,2023-04-28,Mobile,7,Germany
S109529,2023-06-21,Mobile,3,Canada
S109530,2025-12-11,Mobile,6,Canada
S109531,2024-03-22,Mobile,8,Singapore
S109532,2025-03-17,Tablet,2,India
S109533,2025-04-23,Desktop,1,UK
S109534,2022-05-25,Desktop,5,Australia
S109535,2025-01-20,Desktop,6,UK
S109536,2024-06-23,Tablet,0,Australia
S109537,2025-06-12,Tablet,1,Germany
S109538,2022-03-02,Mobile,6,India
S109539,2025-06-03,Mobile,5,Germany
S109540,2025-06-05,Mobile,1,India
S109541,2026-06-19,Mobile,1,UK
S109542,2024-12-01,Desktop,3,Australia
S109543,2023-11-14,Tablet,5,USA
S109544,2024-12-20,Desktop,6,India
S109545,2022-12-29,Tablet,7,Australia
S109546,2024-07-01,Tablet,2,India
S109547,2023-11-08,Mobile,7,UK
S109548,2025-03-16,Tablet,8,Singapore
S109549,2022-08-19,Desktop,8,UK
S109550,2025-09-03,Tablet,8,Singapore
S109551,2024-07-29,Tablet,8,Canada
S109552,2024-10-23,Mobile,0,Canada
S109553,2023-12-10,Desktop,8,Singapore
S109554,2025-11-27,Tablet,6,USA
S109555,2024-09-02,Mobile,6,UK
S109556,2022-09-13,Mobile,1,Germany
S109557,2022-12-03,Mobile,4,UK
S109558,2026-01-31,Mobile,3,Germany
S109559,2025-07-30,Desktop,6,Canada
S109560,2023-05-21,Mobile,1,Australia
S109561,2025-12-10,Tablet,8,Australia
S109562,2023-03-18,Tablet,7,UK
S109563,2024-01-17,Desktop,0,Germany
S109564,2025-02-21,Mobile,3,Germany
S109565,2023-10-16,Desktop,6,Canada
S109566,2022-08-03,Desktop,7,USA
S109567,2024-09-30,Desktop,5,UK
S109568,2025-07-24,Tablet,2,USA
S109569,2023-01-25,Tablet,7,USA
S109570,2023-12-20,Desktop,8,Germany
S109571,2022-08-16,Desktop,1,Australia
S109572,2026-07-29,Mobile,6,UK
S109573,2026-03-21,Mobile,8,Singapore
S109574,2024-10-19,Desktop,4,India
S109575,2023-05-18,Desktop,6,Singapore
S109576,2024-11-16,Tablet,0,UK
S109577,2022-11-04,Desktop,8,USA
S109578,2022-04-25,Mobile,7,Germany
S109579,2022-03-09,Desktop,7,Canada
S109580,2023-11-04,Desktop,0,Canada
S109581,2023-07-16,Desktop,6,Australia
S109582,2024-04-28,Tablet,3,USA
S109583,2023-04-21,Desktop,6,India
S109584,2022-03-05,Tablet,7,Canada
S109585,2025-04-21,Tablet,1,India
S109586,2026-02-25,Mobile,4,Germany
S109587,2025-08-06,Tablet,3,Singapore
S109588,2024-02-28,Desktop,2,UK
S109589,2023-06-26,Mobile,0,Canada
S109590,2023-07-23,Desktop,3,Singapore
S109591,2023-10-23,Mobile,6,USA
S109592,2025-09-23,Desktop,3,India
S109593,2025-06-04,Mobile,3,Singapore
S109594,2022-07-02,Tablet,6,Germany
S109595,2024-03-26,Desktop,1,Singapore
S109596,2023-06-12,Tablet,4,Australia
S109597,2025-11-25,Mobile,1,Singapore
S109598,2022-10-28,Mobile,4,Australia
S109599,2025-05-05,Mobile,2,Australia
S109600,2026-03-23,Mobile,4,Canada
S109601,2024-03-28,Desktop,5,Canada
S109602,2025-03-18,Mobile,3,Canada
S109603,2024-07-16,Tablet,5,Germany
S109604,2024-05-17,Desktop,7,Canada
S109605,2025-11-02,Mobile,5,USA
S109606,2024-07-21,Tablet,5,India
S109607,2022-05-13,Tablet,5,UK
S109608,2025-02-07,Tablet,6,India
S109609,2022-11-10,Desktop,0,USA
S109610,2022-09-16,Tablet,7,UK
S109611,2025-03-25,Mobile,1,USA
S109612,2025-03-13,Tablet,7,Australia
S109613,2023-10-30,Desktop,0,Singapore
S109614,2022-06-09,Desktop,6,Singapore
S109615,2023-03-15,Mobile,3,UK
S109616,2024-02-24,Desktop,0,UK
S109617,2023-12-12,Desktop,3,Germany
S109618,2024-10-31,Tablet,6,India
S109619,2022-06-24,Mobile,7,UK
S109620,2022-11-16,Tablet,3,Canada
S109621,2024-04-24,Desktop,4,Canada
S109622,2025-04-23,Desktop,8,India
S109623,2023-03-07,Desktop,8,India
S109624,2022-08-26,Desktop,2,India
S109625,2024-02-01,Mobile,7,UK
S109626,2023-07-19,Desktop,5,USA
S109627,2022-04-19,Tablet,6,USA
S109628,2022-05-06,Desktop,8,UK
S109629,2024-04-05,Mobile,5,Singapore
S109630,2023-10-23,Mobile,8,UK
S109631,2023-01-03,Desktop,7,Germany
S109632,2025-07-16,Tablet,1,UK
S109633,2024-01-25,Tablet,0,Singapore
S109634,2024-11-13,Tablet,4,India
S109635,2023-05-16,Mobile,8,India
S109636,2025-06-29,Desktop,3,Canada
S109637,2022-08-15,Desktop,5,India
S109638,2025-08-23,Tablet,4,Australia
S109639,2023-03-13,Tablet,3,USA
S109640,2026-01-24,Tablet,0,Canada
S109641,2024-09-14,Desktop,4,USA
S109642,2025-02-20,Desktop,7,Canada
S109643,2024-02-11,Tablet,6,Germany
S109644,2026-07-09,Mobile,0,India
S109645,2023-09-22,Mobile,4,India
S109646,2025-12-07,Mobile,1,Canada
S109647,2025-10-25,Mobile,8,UK
S109648,2025-05-17,Mobile,3,India
S109649,2022-03-14,Desktop,2,Australia
S109650,2023-08-19,Mobile,6,Germany
S109651,2025-08-27,Tablet,7,Singapore
S109652,2024-03-29,Tablet,3,Singapore
S109653,2024-05-08,Mobile,3,UK
S109654,2023-12-22,Tablet,4,UK
S109655,2025-12-06,Tablet,1,UK
S109656,2023-01-27,Mobile,2,UK
S109657,2025-12-25,Desktop,7,Germany
S109658,2023-09-07,Mobile,6,India
S109659,2024-03-15,Mobile,0,UK
S109660,2025-09-11,Tablet,4,USA
S109661,2022-04-04,Tablet,8,Singapore
S109662,2023-03-06,Tablet,6,Canada
S109663,2022-09-10,Desktop,6,Australia
S109664,2025-04-04,Tablet,5,Singapore
S109665,2025-07-11,Mobile,1,UK
S109666,2022-11-17,Tablet,2,Germany
S109667,2024-03-26,Tablet,8,UK
S109668,2023-05-04,Desktop,0,USA
S109669,2025-01-15,Mobile,1,India
S109670,2023-12-08,Mobile,0,Singapore
S109671,2024-02-16,Desktop,5,Germany
S109672,2023-10-10,Mobile,5,Singapore
S109673,2026-04-06,Desktop,6,UK
S109674,2023-01-01,Tablet,1,Singapore
S109675,2024-03-07,Desktop,8,Canada
S109676,2025-09-21,Mobile,0,USA
S109677,2023-05-14,Mobile,7,Germany
S109678,2024-08-03,Desktop,0,India
S109679,2026-02-17,Tablet,1,Canada
S109680,2026-07-02,Desktop,7,Canada
S109681,2024-12-11,Mobile,1,Australia
S109682,2022-11-22,Tablet,0,Singapore
S109683,2024-04-05,Desktop,5,Australia
S109684,2024-07-18,Desktop,3,Singapore
S109685,2026-04-22,Mobile,7,India
S109686,2025-01-03,Desktop,4,Singapore
S109687,2025-09-09,Desktop,3,Germany
S109688,2023-05-11,Tablet,2,Canada
S109689,2023-01-25,Tablet,4,Australia
S109690,2024-06-15,Tablet,7,India
S109691,2024-11-09,Tablet,8,Germany
S109692,2026-02-19,Tablet,1,India
S109693,2025-09-22,Mobile,2,UK
S109694,2023-10-23,Tablet,8,Australia
S109695,2024-05-08,Tablet,8,USA
S109696,2026-01-25,Mobile,0,Australia
S109697,2023-08-03,Desktop,6,Australia
S109698,2024-04-03,Mobile,7,Australia
S109699,2024-07-15,Tablet,3,USA
S109700,2023-05-09,Tablet,7,India
S109701,2024-05-28,Tablet,1,UK
S109702,2023-05-11,Tablet,8,Australia
S109703,2026-07-06,Mobile,2,Australia
S109704,2023-04-09,Tablet,6,USA
S109705,2026-02-10,Mobile,8,Australia
S109706,2023-11-18,Tablet,1,Canada
S109707,2023-10-22,Tablet,5,Singapore
S109708,2025-12-04,Tablet,6,UK
S109709,2024-09-23,Desktop,0,Singapore
S109710,2026-05-31,Desktop,5,UK
S109711,2026-01-20,Tablet,3,Germany
S109712,2023-05-07,Mobile,4,Australia
S109713,2025-03-05,Mobile,7,Canada
S109714,2024-11-03,Tablet,7,USA
S109715,2022-10-11,Tablet,6,Australia
S109716,2025-11-11,Desktop,7,Canada
S109717,2025-05-23,Tablet,6,USA
S109718,2023-06-19,Mobile,5,UK
S109719,2026-05-28,Desktop,3,UK
S109720,2022-12-28,Mobile,8,Australia
S109721,2025-11-25,Tablet,8,Australia
S109722,2022-11-30,Tablet,4,India
S109723,2022-07-20,Desktop,2,USA
S109724,2024-11-30,Mobile,5,USA
S109725,2023-11-21,Tablet,8,Singapore
S109726,2025-09-18,Mobile,6,Singapore
S109727,2025-09-18,Desktop,5,Germany
S109728,2025-05-05,Mobile,2,Germany
S109729,2026-01-04,Desktop,1,Singapore
S109730,2022-11-02,Mobile,7,UK
S109731,2026-02-08,Desktop,3,UK
S109732,2023-06-18,Desktop,8,Canada
S109733,2023-05-23,Desktop,7,India
S109734,2026-06-22,Desktop,7,USA
S109735,2026-02-06,Desktop,8,India
S109736,2025-09-27,Mobile,7,USA
S109737,2022-08-30,Tablet,5,USA
S109738,2023-07-07,Tablet,5,Germany
S109739,2022-07-08,Mobile,3,Germany
S109740,2024-12-22,Tablet,6,UK
S109741,2022-11-28,Desktop,6,Australia
S109742,2026-05-13,Desktop,5,UK
S109743,2025-07-20,Tablet,8,Singapore
S109744,2026-01-14,Tablet,2,Australia
S109745,2023-03-21,Mobile,0,USA
S109746,2022-11-08,Tablet,8,USA
S109747,2022-12-18,Mobile,6,Singapore
S109748,2022-05-03,Tablet,1,Canada
S109749,2024-04-16,Mobile,2,India
S109750,2026-01-13,Desktop,2,Singapore
S109751,2025-05-10,Mobile,3,UK
S109752,2025-01-17,Tablet,4,Germany
S109753,2026-07-16,Mobile,0,India
S109754,2022-03-29,Tablet,5,USA
S109755,2022-09-08,Mobile,2,Canada
S109756,2025-12-28,Mobile,3,Canada
S109757,2024-10-31,Tablet,8,Canada
S109758,2022-03-19,Mobile,7,Canada
S109759,2023-03-20,Desktop,3,Australia
S109760,2023-05-18,Mobile,2,USA
S109761,2022-02-20,Tablet,8,Canada
S109762,2024-11-21,Desktop,2,Canada
S109763,2024-10-02,Mobile,5,UK
S109764,2022-01-19,Mobile,7,India
S109765,2024-04-07,Mobile,7,India
S109766,2023-01-20,Mobile,7,UK
S109767,2023-01-21,Desktop,8,Germany
S109768,2024-09-25,Mobile,1,USA
S109769,2022-05-04,Mobile,3,UK
S109770,2025-06-02,Tablet,0,UK
S109771,2024-07-22,Tablet,2,Australia
S109772,2024-02-19,Tablet,3,UK
S109773,2025-10-02,Mobile,1,Australia
S109774,2023-11-12,Desktop,7,Germany
S109775,2023-05-03,Mobile,1,UK
S109776,2025-05-29,Tablet,7,Germany
S109777,2025-10-26,Mobile,8,India
S109778,2022-12-05,Desktop,3,India
S109779,2025-12-20,Mobile,1,Canada
S109780,2024-08-24,Tablet,3,Australia
S109781,2024-06-21,Desktop,5,India
S109782,2025-03-08,Mobile,4,USA
S109783,2022-09-17,Desktop,1,India
S109784,2024-09-20,Desktop,8,Germany
S109785,2022-03-12,Desktop,6,Singapore
S109786,2026-02-21,Mobile,5,Singapore
S109787,2025-05-10,Desktop,4,India
S109788,2026-01-15,Tablet,4,Germany
S109789,2022-08-11,Tablet,4,Germany
S109790,2024-02-18,Desktop,4,USA
S109791,2026-06-28,Mobile,4,India
S109792,2022-10-16,Desktop,3,Singapore
S109793,2022-10-27,Tablet,8,Singapore
S109794,2024-05-16,Desktop,8,Australia
S109795,2023-05-29,Tablet,0,UK
S109796,2025-09-29,Desktop,1,USA
S109797,2025-06-21,Tablet,5,Canada
S109798,2022-12-30,Tablet,0,USA
S109799,2023-03-12,Tablet,1,Germany
S109800,2023-10-05,Tablet,5,India
S109801,2024-02-02,Tablet,1,UK
S109802,2024-07-31,Tablet,7,UK
S109803,2024-11-17,Desktop,7,USA
S109804,2024-02-13,Tablet,1,India
S109805,2024-10-10,Mobile,6,Australia
S109806,2024-02-11,Mobile,0,Australia
S109807,2023-09-16,Tablet,7,Germany
S109808,2023-09-07,Desktop,4,Germany
S109809,2026-05-27,Mobile,8,Canada
S109810,2025-09-13,Tablet,5,Australia
S109811,2022-09-05,Mobile,7,Australia
S109812,2022-08-15,Mobile,6,USA
S109813,2025-04-18,Tablet,1,UK
S109814,2024-05-23,Mobile,5,Germany
S109815,2025-11-24,Mobile,6,India
S109816,2023-07-21,Mobile,7,Canada
S109817,2025-07-31,Desktop,6,India
S109818,2023-09-24,Tablet,8,Singapore
S109819,2022-02-23,Tablet,8,UK
S109820,2026-02-11,Desktop,8,Canada
S109821,2022-11-24,Tablet,7,Singapore
S109822,2022-04-03,Desktop,0,Singapore
S109823,2025-07-09,Desktop,6,India
S109824,2022-11-10,Desktop,2,UK
S109825,2026-07-30,Tablet,8,India
S109826,2025-06-29,Mobile,8,Germany
S109827,2022-04-16,Mobile,1,India
S109828,2022-08-11,Mobile,2,Canada
S109829,2024-12-11,Tablet,7,Australia
S109830,2022-12-14,Tablet,0,Singapore
S109831,2025-06-17,Tablet,5,India
S109832,2025-04-10,Tablet,0,Australia
S109833,2026-06-12,Desktop,2,India
S109834,2023-09-06,Tablet,1,India
S109835,2025-06-30,Mobile,7,Germany
S109836,2022-08-18,Desktop,6,Canada
S109837,2024-06-09,Tablet,4,Singapore
S109838,2025-03-07,Desktop,2,USA
S109839,2022-06-16,Desktop,0,India
S109840,2022-03-19,Mobile,4,Australia
S109841,2024-06-27,Mobile,4,Canada
S109842,2024-07-09,Tablet,4,USA
S109843,2022-06-20,Desktop,0,Canada
S109844,2024-09-12,Tablet,1,Singapore
S109845,2023-01-08,Tablet,1,Singapore
S109846,2024-03-12,Desktop,7,Germany
S109847,2025-03-02,Tablet,8,Canada
S109848,2022-08-23,Mobile,2,USA
S109849,2023-03-13,Mobile,4,India
S109850,2025-01-30,Desktop,5,Singapore
S109851,2026-01-09,Mobile,3,UK
S109852,2024-04-30,Desktop,3,India
S109853,2022-04-17,Desktop,1,USA
S109854,2023-05-11,Desktop,6,USA
S109855,2024-02-04,Tablet,7,Canada
S109856,2023-07-17,Mobile,7,USA
S109857,2023-11-23,Tablet,0,Canada
S109858,2025-03-23,Desktop,2,India
S109859,2022-06-09,Mobile,0,Australia
S109860,2024-11-25,Tablet,0,Canada
S109861,2025-06-02,Tablet,3,Australia
S109862,2023-03-17,Tablet,7,Germany
S109863,2022-02-15,Desktop,1,Singapore
S109864,2023-10-10,Desktop,4,India
S109865,2024-05-04,Tablet,1,India
S109866,2026-04-30,Tablet,8,USA
S109867,2024-06-13,Tablet,2,India
S109868,2022-12-02,Desktop,1,UK
S109869,2023-06-30,Tablet,3,India
S109870,2026-02-16,Mobile,2,India
S109871,2024-12-28,Tablet,0,India
S109872,2025-10-29,Desktop,5,UK
S109873,2023-09-25,Desktop,7,USA
S109874,2022-11-01,Mobile,2,UK
S109875,2022-12-12,Tablet,8,Germany
S109876,2024-07-20,Desktop,4,Canada
S109877,2025-12-15,Tablet,2,Australia
S109878,2024-04-24,Mobile,1,USA
S109879,2025-04-06,Tablet,6,Germany
S109880,2023-03-28,Tablet,3,UK
S109881,2024-06-03,Desktop,5,USA
S109882,2026-02-22,Tablet,4,UK
S109883,2025-11-21,Tablet,1,USA
S109884,2023-09-14,Desktop,5,India
S109885,2026-04-13,Mobile,1,UK
S109886,2024-02-12,Tablet,7,UK
S109887,2022-11-24,Mobile,1,USA
S109888,2025-01-14,Mobile,8,Germany
S109889,2022-11-01,Mobile,3,UK
S109890,2024-01-25,Tablet,4,Singapore
S109891,2022-05-17,Desktop,3,UK
S109892,2024-08-19,Desktop,0,Canada
S109893,2026-01-17,Desktop,6,Singapore
S109894,2023-04-13,Tablet,5,Canada
S109895,2025-09-11,Desktop,3,UK
S109896,2026-01-25,Tablet,5,UK
S109897,2022-03-01,Mobile,8,Australia
S109898,2026-01-17,Tablet,6,India
S109899,2022-08-12,Tablet,1,USA
S109900,2025-10-15,Desktop,1,India
S109901,2024-05-19,Tablet,0,Canada
S109902,2023-08-01,Mobile,6,USA
S109903,2025-02-11,Mobile,3,Singapore
S109904,2024-10-14,Desktop,7,India
S109905,2023-12-21,Desktop,1,USA
S109906,2022-09-14,Mobile,3,UK
S109907,2023-12-31,Tablet,7,Canada
S109908,2022-02-20,Mobile,1,UK
S109909,2023-06-25,Tablet,4,Australia
S109910,2025-06-15,Mobile,2,Germany
S109911,2023-01-24,Mobile,7,India
S109912,2025-05-04,Tablet,4,Canada
S109913,2023-01-03,Mobile,7,Germany
S109914,2025-11-08,Mobile,5,India
S109915,2023-11-19,Tablet,1,Singapore
S109916,2023-01-31,Desktop,0,Australia
S109917,2025-12-26,Mobile,8,UK
S109918,2023-04-25,Tablet,7,USA
S109919,2022-07-05,Tablet,5,Singapore
S109920,2022-07-25,Tablet,0,Singapore
S109921,2025-03-27,Tablet,6,UK
S109922,2023-12-06,Tablet,0,UK
S109923,2022-07-22,Desktop,1,UK
S109924,2023-03-30,Desktop,8,India
S109925,2025-04-26,Tablet,4,Singapore
S109926,2024-05-17,Tablet,7,Canada
S109927,2024-10-26,Tablet,0,Singapore
S109928,2025-05-08,Desktop,6,Australia
S109929,2026-05-04,Desktop,0,USA
S109930,2025-12-21,Desktop,1,USA
S109931,2023-07-13,Tablet,0,USA
S109932,2023-06-25,Tablet,4,India
S109933,2022-01-05,Tablet,1,USA
S109934,2025-11-20,Tablet,0,Canada
S109935,2025-08-20,Desktop,5,Singapore
S109936,2023-09-04,Desktop,1,Singapore
S109937,2026-03-05,Desktop,0,USA
S109938,2022-11-27,Mobile,8,India
S109939,2023-04-12,Mobile,8,Canada
S109940,2022-08-11,Mobile,4,Canada
S109941,2023-10-17,Mobile,2,USA
S109942,2023-07-08,Desktop,8,USA
S109943,2023-11-10,Desktop,3,India
S109944,2022-11-15,Tablet,0,India
S109945,2025-09-03,Desktop,8,UK
S109946,2023-01-31,Mobile,3,Germany
S109947,2025-05-01,Tablet,7,Singapore
S109948,2023-09-09,Mobile,5,Australia
S109949,2024-07-30,Desktop,4,Germany
S109950,2022-06-05,Tablet,2,Australia
S109951,2026-06-18,Mobile,1,Canada
S109952,2022-02-05,Desktop,2,Canada
S109953,2022-10-10,Mobile,2,USA
S109954,2023-10-16,Tablet,0,USA
S109955,2025-08-18,Desktop,2,Singapore
S109956,2025-09-12,Mobile,7,Australia
S109957,2026-05-17,Desktop,5,UK
S109958,2023-11-16,Desktop,2,Germany
S109959,2025-12-15,Desktop,7,Singapore
S109960,2026-01-05,Mobile,5,Canada
S109961,2026-01-18,Desktop,7,UK
S109962,2022-04-22,Tablet,6,Canada
S109963,2026-02-02,Mobile,3,UK
S109964,2024-07-21,Tablet,5,Singapore
S109965,2023-05-10,Mobile,2,UK
S109966,2024-07-14,Tablet,4,Canada
S109967,2025-07-08,Mobile,8,India
S109968,2025-09-23,Tablet,8,India
S109969,2025-05-20,Mobile,4,Germany
S109970,2023-12-18,Mobile,6,Australia
S109971,2024-02-05,Desktop,1,Canada
S109972,2022-02-13,Tablet,8,UK
S109973,2024-08-31,Desktop,8,Singapore
S109974,2024-08-13,Desktop,8,UK
S109975,2024-12-09,Desktop,5,Canada
S109976,2023-07-04,Desktop,2,Singapore
S109977,2025-01-28,Mobile,0,Canada
S109978,2024-11-08,Desktop,4,UK
S109979,2023-07-23,Mobile,7,USA
S109980,2022-09-24,Tablet,2,Canada
S109981,2024-02-08,Tablet,4,Canada
S109982,2024-11-21,Tablet,3,Australia
S109983,2022-01-27,Desktop,3,Canada
S109984,2023-02-03,Mobile,0,USA
S109985,2022-10-13,Mobile,5,USA
S109986,2026-07-02,Tablet,5,India
S109987,2024-10-24,Desktop,0,USA
S109988,2022-05-15,Mobile,0,Canada
S109989,2025-11-25,Tablet,6,Australia
S109990,2023-12-30,Tablet,4,Australia
S109991,2023-12-04,Mobile,4,Singapore
S109992,2025-08-08,Mobile,5,India
S109993,2022-01-01,Tablet,3,Australia
S109994,2025-01-14,Desktop,7,Australia
S109995,2023-01-24,Mobile,0,USA
S109996,2023-08-08,Mobile,2,Germany
S109997,2025-03-08,Mobile,8,UK
S109998,2026-02-02,Tablet,5,Germany
S109999,2024-07-27,Mobile,7,Germany
S110000,2024-11-15,Mobile,3,USA
