seller_id,seller_name,country,business_type,industry,registration_date,annual_revenue
S100001,"Rodriguez, Figueroa and Sanchez",Australia,Individual,Electronics,2026-02-27,4664226.0
S100002,Doyle Ltd,USA,Private Limited,Fashion,2026-02-17,1769583.0
S100003,"Mcclain, Miller and Henderson",Australia,Sole Proprietor,Electronics,2025-04-24,7128673.0
S100004,Davis and Sons,India,Individual,Electronics,2023-03-24,3953402.0
S100005,"Guzman, Hoffman and Baldwin",Canada,Sole Proprietor,Electronics,2025-02-23,3385942.0
S100006,"Gardner, Robinson and Lawrence",Australia,Sole Proprietor,Beauty,2023-03-28,7586477.0
S100007,Blake and Sons,Canada,LLP,Home,2022-01-14,2728638.0
S100008,"Henderson, Ramirez and Lewis",Australia,Partnership,Books,2023-07-24,2658513.0
S100009,Garcia-James,USA,LLP,Electronics,2022-07-09,6424122.0
S100010,Abbott-Munoz,India,LLP,Home,2023-12-06,4487923.0
S100011,Blair PLC,Singapore,Individual,Automotive,2024-07-29,9046414.0
S100012,Dudley Group,India,Partnership,Electronics,2025-02-04,4968715.0
S100013,Arnold Ltd,Singapore,Sole Proprietor,Home,2024-01-11,9736361.0
S100014,"Mcclure, Ward and Lee",USA,Individual,Electronics,2025-09-16,3873498.0
S100015,Williams and Sons,Singapore,LLP,Electronics,2023-04-22,1744522.0
S100016,Galloway-Wyatt,Germany,LLP,Beauty,2025-07-25,6170868.0
S100017,James Group,USA,LLP,Books,2023-03-06,4529144.0
S100018,"Flowers, Martin and Kelly",Australia,Individual,Sports,2025-07-24,2921230.0
S100019,"Adams, Zuniga and Wong",Canada,Private Limited,Fashion,2024-08-04,6416205.0
S100020,"Reid, Ferguson and Sanchez",UK,Sole Proprietor,Fashion,2025-11-03,5490561.0
S100021,Gray-Mayo,Singapore,Individual,Fashion,2022-03-07,5342423.0
S100022,"Watts, Robinson and Nguyen",Germany,LLP,Electronics,2023-03-09,9565702.0
S100023,Perez Inc,Australia,LLP,Fashion,2025-09-04,8425710.0
S100024,Morales-Jones,Germany,Partnership,Fashion,2023-06-27,2392608.0
S100025,"Walter, Edwards and Rios",USA,Sole Proprietor,Sports,2023-06-23,9857725.0
S100026,Wilkerson-Day,Germany,Sole Proprietor,Beauty,2024-01-12,3729591.0
S100027,Baker and Sons,USA,Sole Proprietor,Beauty,2022-07-06,840481.0
S100028,"Hoffman, Baker and Richards",Singapore,Individual,Fashion,2025-07-09,2734052.0
S100029,"Ross, Robinson and Bright",Singapore,Partnership,Sports,2022-05-11,6505324.0
S100030,"Snyder, Campos and Callahan",Germany,Sole Proprietor,Beauty,2024-12-19,4268028.0
S100031,Burton Ltd,Canada,Individual,Automotive,2026-01-16,1971859.0
S100032,Carlson-Cruz,Australia,Sole Proprietor,Home,2023-07-01,5757197.0
S100033,"Ferrell, Rice and Maddox",India,LLP,Beauty,2022-11-20,7662220.0
S100034,Frazier Inc,India,LLP,Sports,2026-04-10,3047281.0
S100035,"Dyer, Potter and Mack",Canada,Individual,Home,2025-07-04,5057072.0
S100036,Rodriguez-Graham,Singapore,Sole Proprietor,Sports,2023-02-12,2614217.0
S100037,Smith-Bowen,UK,Private Limited,Sports,2026-05-14,8947858.0
S100038,"Baker, Mason and White",India,Sole Proprietor,Books,2024-09-27,376765.0
S100039,Harrell LLC,India,LLP,Home,2026-07-11,5209230.0
S100040,"Romero, Gonzalez and Brooks",USA,Individual,Fashion,2025-03-07,1371324.0
S100041,Ryan PLC,India,Partnership,Home,2022-05-22,8987326.0
S100042,George Group,Singapore,Private Limited,Fashion,2025-09-13,8023915.0
S100043,Rodriguez LLC,Canada,Private Limited,Books,2024-12-16,7149076.0
S100044,Allen-Allen,USA,Sole Proprietor,Home,2026-02-03,3424754.0
S100045,"Arroyo, Miller and Tucker",Australia,LLP,Beauty,2025-10-07,6314956.0
S100046,Spence PLC,Germany,Sole Proprietor,Beauty,2022-09-05,4209166.0
S100047,Anderson Group,USA,Individual,Books,2022-02-13,9920182.0
S100048,"Martin, Rose and Obrien",INDIA,Private Limited,Sports,2023-03-28,170642.0
S100049,Hickman Ltd,India,Individual,Fashion,2022-05-19,577021.0
S100050,"Harris, Collins and Carney",Singapore,LLP,Electronics,2024-11-18,4043055.0
S100051,"Brooks, Lam and Hayes",UK,Partnership,Fashion,2025-01-09,2269824.0
S100052,Walker LLC,Australia,Sole Proprietor,Sports,2024-08-26,4126817.0
S100053,Chapman and Sons,Singapore,Partnership,Home,2024-04-13,3244548.0
S100054,"Robinson, Jones and Welch",India,Individual,Automotive,2024-06-01,
S100055,Jones Inc,Germany,Partnership,Beauty,2026-02-02,958841.0
S100056,Jones-Young,Australia,Individual,Electronics,2024-04-04,5742553.0
S100057,"Washington, Ryan and Cummings",Singapore,Individual,Fashion,2023-01-28,3241175.0
S100058,"Johnston, Sanchez and Kennedy",Canada,Partnership,Fashion,2024-05-14,3128418.0
S100059,Lee-Davis,UK,Partnership,Fashion,2022-06-04,7484500.0
S100060,Gomez-Jenkins,Singapore,Sole Proprietor,Electronics,2022-04-14,9119560.0
S100061,"Brown, Valdez and Lucas",Singapore,Individual,Electronics,2026-03-24,4015789.0
S100062,Powell LLC,USA,Partnership,Beauty,2024-09-12,3636084.0
S100063,Wright and Sons,Singapore,Partnership,Electronics,2022-12-04,6408113.0
S100064,"West, Henderson and Ramirez",India,Partnership,Books,2026-05-25,7683773.0
S100065,Baxter Inc,UK,Partnership,Automotive,2026-02-05,9374245.0
S100066,Morton-Chase,Australia,Partnership,Fashion,2023-01-24,5027931.0
S100067,Williams PLC,USA,Individual,Sports,2026-02-15,9146526.0
S100068,Novak and Sons,India,LLP,Electronics,2022-04-13,9850873.0
S100069,Russell Group,Germany,Sole Proprietor,Home,2024-12-23,2691282.0
S100070,Hancock Inc,India,Sole Proprietor,Electronics,2023-01-16,1199597.0
S100071,Gray Group,Canada,Individual,Automotive,2023-04-27,6824229.0
S100072,House-Glover,India,Sole Proprietor,Fashion,2025-03-31,716754.0
S100073,Henderson-Bernard,Canada,Individual,Beauty,2025-09-08,9842396.0
S100074,"Stanley, Tucker and Lee",Canada,Sole Proprietor,Books,2023-06-19,3476900.0
S100075,Novak PLC,Australia,LLP,Fashion,2023-06-28,6690184.0
S100076,"Daniels, Adkins and Brown",USA,LLP,Beauty,2023-10-10,
S100077,"Woods, Calhoun and Schmidt",India,Partnership,Sports,2025-02-27,1727407.0
S100078,Yu Inc,India,Sole Proprietor,Fashion,2024-11-02,4499324.0
S100079,Jones Inc,USA,LLP,Electronics,2023-05-16,6249635.0
S100080,"Hensley, Powell and David",UK,Private Limited,Beauty,2025-01-17,5125395.0
S100081,"Sanchez, Wheeler and Harvey",Canada,Sole Proprietor,Electronics,2025-09-29,9354682.0
S100082,Sandoval-Cunningham,UK,Individual,Fashion,2023-06-26,1986571.0
S100083,Donovan-Harris,India,Sole Proprietor,Fashion,2023-07-12,4777085.0
S100084,"Edwards, Baker and Anderson",Canada,Private Limited,Automotive,2023-12-04,3465796.0
S100085,"Evans, Stewart and Walton",Australia,LLP,Sports,2024-09-27,4263115.0
S100086,Smith PLC,Singapore,Individual,Electronics,2025-07-23,7156422.0
S100087,"Ferrell, Jones and Lewis",Singapore,LLP,Electronics,2022-01-08,5646150.0
S100088,Anderson-Bailey,Singapore,Private Limited,Automotive,2023-06-21,2760895.0
S100089,Suarez LLC,Australia,Partnership,Sports,2025-12-16,7225395.0
S100090,Moore-Bass,Canada,Individual,Electronics,2022-06-04,2550715.0
S100091,"Turner, Riggs and Roman",Canada,Individual,Home,2024-01-27,9822888.0
S100092,"Smith, Montoya and Evans",Canada,Private Limited,Beauty,2022-09-19,751771.0
S100093,"Garcia, Humphrey and Baker",UK,LLP,Home,2022-03-23,6053042.0
S100094,Newton and Sons,USA,Private Limited,Automotive,2022-07-30,
S100095,Campbell-Clark,Singapore,Sole Proprietor,Home,2024-04-12,2642974.0
S100096,Harris-Walters,USA,Private Limited,Home,2026-07-19,3020445.0
S100097,Wagner-King,INDIA,Individual,Fashion,2026-02-17,5623147.0
S100098,Davis Group,Singapore,Partnership,Home,2025-10-03,4213555.0
S100099,Williams-Cook,UK,Private Limited,Home,2025-12-07,1863543.0
S100100,Walsh LLC,Germany,Individual,Home,2024-08-21,3781818.0
S100101,Figueroa PLC,USA,Partnership,Books,2023-09-18,3868418.0
S100102,"Patterson, Smith and Jones",USA,Individual,Automotive,2023-01-31,6735149.0
S100103,"Mckee, Gardner and Davenport",UK,LLP,Home,2022-05-23,4732940.0
S100104,"Tran, Jordan and Williams",UK,Sole Proprietor,Beauty,2025-10-23,9046207.0
S100105,Nolan-Flynn,UK,Individual,Electronics,2023-06-19,3045870.0
S100106,Nolan and Sons,Canada,LLP,Electronics,2022-08-11,7340770.0
S100107,"Wright, Garcia and Deleon",UK,LLP,Beauty,2025-05-26,8630255.0
S100108,Dickson-Brady,India,Partnership,Sports,2023-01-25,4323534.0
S100109,Hancock and Sons,India,Partnership,Electronics,2024-11-30,9083725.0
S100110,Johnson-Doyle,Australia,Private Limited,Books,2024-06-02,1223965.0
S100111,Patton-Jenkins,Australia,LLP,Sports,2023-10-05,2140865.0
S100112,"Shields, Cochran and Adams",Australia,LLP,Sports,2023-09-26,6901696.0
S100113,"Rodriguez, Brennan and Garrison",UK,Partnership,Automotive,2023-08-29,9351497.0
S100114,Gonzalez Group,USA,Private Limited,Beauty,2025-09-23,6411002.0
S100115,Torres-Pope,Australia,Private Limited,Sports,2025-03-11,5099101.0
S100116,Walker Ltd,Germany,Sole Proprietor,Home,2022-01-01,5148175.0
S100117,Ross LLC,UK,Private Limited,Beauty,2026-05-29,9780529.0
S100118,Rasmussen LLC,Canada,LLP,Beauty,2024-06-23,7468210.0
S100119,May-Ross,Australia,Private Limited,Sports,2024-08-27,
S100120,"Rivera, Johnson and Wiley",Australia,Individual,Books,2024-11-21,5673525.0
S100121,White-Estes,India,Private Limited,Automotive,2023-09-28,3818844.0
S100122,Johnson-Carlson,Singapore,Private Limited,Fashion,2022-02-20,825337.0
S100123,Chandler-Edwards,USA,Partnership,Sports,2026-04-23,1271854.0
S100124,"Joyce, Wilson and Lam",Germany,Partnership,Automotive,2025-03-24,3312081.0
S100125,Scott Ltd,Australia,Partnership,Beauty,2024-03-29,4143379.0
S100126,Smith-Frost,USA,Individual,Home,2026-04-27,1838238.0
S100127,"Mcdaniel, Bentley and Mclaughlin",Singapore,Partnership,Fashion,2022-12-27,8739889.0
S100128,Diaz Inc,Germany,Individual,Sports,2023-05-26,2086059.0
S100129,"Mccall, Hanson and Alvarado",Germany,Private Limited,Home,2024-08-09,8960914.0
S100130,Cortez LLC,Canada,Sole Proprietor,Books,2026-03-27,7475149.0
S100131,"Parker, Ortiz and Powell",Canada,Sole Proprietor,Beauty,2025-01-27,7531188.0
S100132,Spencer-Lee,USA,Partnership,Beauty,2023-06-15,4197994.0
S100133,"Bentley, Byrd and Orr",Singapore,LLP,Home,2026-05-12,8795959.0
S100134,"Carroll, Sullivan and Bass",Germany,Private Limited,Books,2024-06-19,1349954.0
S100135,Mitchell-Jordan,Australia,LLP,Fashion,2023-07-11,5684586.0
S100136,"Lawson, Morris and Ramos",UK,Sole Proprietor,Electronics,2022-10-11,2580518.0
S100137,"Lewis, Kennedy and Santana",USA,Partnership,Automotive,2022-11-09,3639533.0
S100138,"Jackson, Miller and Robertson",India,Partnership,Beauty,2023-11-09,9153504.0
S100139,"Harvey, Davis and Crane",Germany,Partnership,Electronics,2023-02-28,7098838.0
S100140,Chambers and Sons,Germany,Sole Proprietor,Automotive,2022-02-10,9708481.0
S100141,Hernandez Inc,Germany,Partnership,Electronics,2023-12-22,5059888.0
S100142,Riggs PLC,Singapore,Partnership,Home,2024-05-08,
S100143,Gibson Ltd,Australia,Sole Proprietor,Home,2025-05-20,3750025.0
S100144,"Lee, Horton and Snyder",Germany,Private Limited,Books,2024-06-11,8197720.0
S100145,Hernandez Ltd,India,Partnership,Books,2025-10-01,6833308.0
S100146,Stafford Inc,Australia,Private Limited,Home,2024-08-15,2191239.0
S100147,Robinson-Brock,Canada,Sole Proprietor,Electronics,2024-03-17,9980312.0
S100148,"Holmes, Williams and Wright",Canada,Individual,Electronics,2025-08-09,7240929.0
S100149,Bryant Group,USA,Partnership,Fashion,2022-04-13,4414698.0
S100150,"Schmidt, Hansen and Stewart",Germany,LLP,Fashion,2024-07-20,5533562.0
S100151,Salazar-Ball,UK,Partnership,Books,2026-03-21,7122684.0
S100152,"Simmons, Meadows and Griffin",UK,Individual,Beauty,2022-02-09,9099949.0
S100153,Manning Group,India,LLP,Fashion,2025-08-24,1201225.0
S100154,Green-Wright,Singapore,Individual,Home,2022-03-05,4198725.0
S100155,"Ramirez, Strickland and Washington",USA,Individual,Sports,2022-11-09,4052120.0
S100156,Hill Inc,USA,Partnership,Automotive,2022-08-23,9511839.0
S100157,"Mitchell, Nelson and Flores",USA,Partnership,Automotive,2023-06-09,6239034.0
S100158,"Miller, Hernandez and Reyes",USA,Sole Proprietor,Sports,2026-03-12,1971542.0
S100159,Mccarthy Inc,Singapore,Private Limited,Books,2022-08-10,9758718.0
S100160,Russell-Daniels,India,LLP,Sports,2025-10-19,6346605.0
S100161,Brown-Wall,Germany,Private Limited,Electronics,2025-04-27,4124336.0
S100162,Stein-Silva,India,LLP,Home,2025-11-02,2080966.0
S100163,"Smith, Gilmore and Johnston",Singapore,Sole Proprietor,Home,2022-03-26,5875112.0
S100164,Smith-Bell,Canada,Partnership,Automotive,2024-01-29,1206902.0
S100165,Castaneda-Ashley,Canada,LLP,Electronics,2024-05-10,8274219.0
S100166,Medina-Navarro,India,Partnership,Books,2025-07-25,7763146.0
S100167,"Hurst, Freeman and Nelson",Australia,Private Limited,Beauty,2022-12-27,8803457.0
S100168,Johnson-Rogers,Australia,LLP,Sports,2026-07-14,9079043.0
S100169,"Yates, Ramsey and Pittman",Singapore,Partnership,Beauty,2024-06-11,9990074.0
S100170,Hooper PLC,UK,LLP,Home,2023-05-18,1503962.0
S100171,Meadows PLC,UK,Partnership,Fashion,2026-03-17,7846514.0
S100172,"Alvarado, Miller and Patterson",Canada,Sole Proprietor,Automotive,2024-02-16,5693798.0
S100173,White-Green,India,Partnership,Home,2023-10-28,3100766.0
S100174,Lewis-Murphy,Germany,Private Limited,Books,2026-06-22,4384434.0
S100175,Ramirez-Bean,UK,LLP,Sports,2025-12-07,4685017.0
S100176,King-Miller,Canada,Individual,Sports,2023-01-27,1486347.0
S100177,Curry Inc,USA,Partnership,Beauty,2025-02-11,4081966.0
S100178,Walker-Jones,Australia,Partnership,Automotive,2025-12-28,8284615.0
S100179,"Williams, Johnson and Wright",Germany,Individual,Electronics,2023-08-26,3767770.0
S100180,Howell and Sons,Germany,Private Limited,Books,2025-09-21,9806883.0
S100181,Wells Inc,UK,Partnership,Sports,2024-12-23,5817292.0
S100182,"Gould, Marshall and Scott",Germany,Sole Proprietor,Books,2023-12-22,7662582.0
S100183,Jackson-Lawson,UK,LLP,Books,2023-04-18,2074269.0
S100184,"Higgins, Strickland and Martin",Australia,Private Limited,Books,2022-09-02,9040305.0
S100185,Rodriguez-Johnson,Singapore,Private Limited,Fashion,2023-03-20,8173504.0
S100186,Johnston-Odonnell,UK,Sole Proprietor,Home,2024-12-10,4797930.0
S100187,Sanders-Espinoza,India,Private Limited,Books,2023-04-11,6104579.0
S100188,Vargas Ltd,USA,LLP,Electronics,2025-12-21,9011299.0
S100189,Garcia LLC,USA,LLP,Electronics,2022-04-22,9333822.0
S100190,"Burke, Martinez and Riggs",UK,Private Limited,Automotive,2026-03-22,8285577.0
S100191,Reed Group,India,Individual,Sports,2023-08-06,7925173.0
S100192,"Wood, Hunter and Peterson",Germany,Partnership,Books,2023-01-13,911958.0
S100193,Short-Garcia,UK,Partnership,Electronics,2022-05-14,6772755.0
S100194,Reid-Poole,Germany,Individual,Sports,2025-07-13,949411.0
S100195,"Hernandez, Thompson and Boyd",USA,Private Limited,Home,2025-02-26,5147514.0
S100196,"Nelson, Morton and Medina",India,Private Limited,Electronics,2025-02-16,7032241.0
S100197,Marshall-Petersen,Canada,Sole Proprietor,Home,2025-06-20,3836401.0
S100198,"Adams, Christian and Rivas",Singapore,Sole Proprietor,Beauty,2024-07-11,7477625.0
S100199,Ramirez Group,UK,Sole Proprietor,Beauty,2023-09-18,9590019.0
S100200,Christensen PLC,Canada,Individual,Sports,2026-02-24,1714863.0
S100201,"Barnett, Rogers and Snyder",Singapore,Private Limited,Automotive,2023-03-09,4490025.0
S100202,White-Lewis,Australia,Individual,Fashion,2023-05-07,2966107.0
S100203,Peterson-Beard,Canada,Individual,Fashion,2022-01-06,6903787.0
S100204,"Beard, Peters and Black",Germany,Sole Proprietor,Beauty,2023-08-20,597605.0
S100205,Miller Ltd,USA,LLP,Automotive,2023-08-03,7667381.0
S100206,Freeman-Chang,India,Private Limited,Books,2026-06-02,9945027.0
S100207,"Alvarez, Joseph and West",Australia,Private Limited,Beauty,2022-08-24,9186240.0
S100208,Davis and Sons,USA,Private Limited,Books,2022-10-19,1248058.0
S100209,Holt-Torres,India,Private Limited,Home,2023-09-22,9599709.0
S100210,"Wood, Tran and Cooper",UK,Partnership,Electronics,2024-08-17,5151803.0
S100211,"Pierce, Bell and Chavez",Australia,Partnership,Books,2024-10-21,9109387.0
S100212,King-Martinez,Germany,Partnership,Electronics,2025-05-09,718752.0
S100213,Stewart Ltd,Germany,LLP,Sports,2023-05-28,483940.0
S100214,"Tapia, Vaughn and Lee",India,Private Limited,Automotive,2025-03-24,9900288.0
S100215,"Washington, Hardy and Bray",India,LLP,Sports,2022-03-24,2989212.0
S100216,"Carlson, Hooper and Wall",Germany,Sole Proprietor,Automotive,2024-06-24,4716692.0
S100217,Perez-White,USA,Sole Proprietor,Beauty,2025-07-24,8299789.0
S100218,Erickson and Sons,India,Partnership,Books,2024-04-16,5641986.0
S100219,Williams-Brown,UK,Individual,Home,2022-11-26,5583187.0
S100220,Terry-Martinez,Germany,Partnership,Books,2025-09-18,6768473.0
S100221,Garcia-Smith,Singapore,Sole Proprietor,Electronics,2024-07-20,1527398.0
S100222,Harrison-Alexander,UK,LLP,Books,2022-08-26,6830932.0
S100223,Sheppard LLC,Singapore,Sole Proprietor,Home,2022-01-03,9153209.0
S100224,Wilson-Jones,Germany,Partnership,Electronics,2023-01-20,8747969.0
S100225,Jones-Soto,UK,Sole Proprietor,Home,2024-10-17,7466216.0
S100226,Hernandez PLC,INDIA,Individual,Fashion,2023-07-01,9264376.0
S100227,Miller-Wright,USA,LLP,Beauty,2025-12-01,8182114.0
S100228,"Duran, Obrien and Gibbs",India,Individual,Automotive,2025-05-31,4064745.0
S100229,Rowe Group,Australia,Private Limited,Books,2025-02-02,279419.0
S100230,Kerr-Evans,Canada,Partnership,Electronics,2023-04-06,1953561.0
S100231,"Branch, Torres and Oliver",Germany,Individual,Automotive,2022-11-12,8411353.0
S100232,"Choi, Garcia and Farmer",Australia,LLP,Sports,2025-12-15,4637308.0
S100233,"Clark, Guerrero and Moore",Germany,Partnership,Beauty,2023-05-15,7713605.0
S100234,Arnold and Sons,Canada,Private Limited,Beauty,2023-01-26,8576867.0
S100235,Ortiz Ltd,Australia,Private Limited,Home,2022-05-23,4684662.0
S100236,"Harrison, Johnson and Roberts",Singapore,Partnership,Books,2026-06-02,8568424.0
S100237,Warner-Gibson,UK,Individual,Books,2026-01-26,5058935.0
S100238,"Hall, Baker and Moody",Singapore,Sole Proprietor,Sports,2025-09-13,8264801.0
S100239,"Guerrero, Peck and Coleman",Singapore,Private Limited,Beauty,2025-01-08,8175900.0
S100240,"Walker, Hernandez and Baker",UK,LLP,Sports,2026-04-12,9167243.0
S100241,Jones and Sons,Germany,Partnership,Books,2023-01-22,4056492.0
S100242,Larson-Holloway,Canada,Partnership,Fashion,2026-05-08,6941662.0
S100243,Gonzales-Harrison,India,LLP,Automotive,2024-08-26,6445997.0
S100244,Lyons-Bender,Germany,Private Limited,Beauty,2022-03-17,2168060.0
S100245,"Fernandez, Kim and George",Canada,Sole Proprietor,Books,2022-07-25,7437112.0
S100246,Navarro-Munoz,India,Sole Proprietor,Beauty,2022-02-01,2468526.0
S100247,Davis Ltd,Germany,Private Limited,Electronics,2024-08-19,4496344.0
S100248,"Matthews, Smith and Hubbard",UK,Sole Proprietor,Automotive,2024-03-25,1397467.0
S100249,Johnston-Hines,Singapore,LLP,Home,2025-10-13,9002696.0
S100250,Ruiz Ltd,Germany,LLP,Automotive,2026-01-11,8236400.0
S100251,Moon-White,Singapore,Sole Proprietor,Electronics,2025-06-18,1197909.0
S100252,"Graham, Olsen and Costa",USA,LLP,Fashion,2026-03-10,1566313.0
S100253,Bailey-Cook,Germany,Individual,Home,2025-07-21,1736231.0
S100254,"Garcia, Martin and Jenkins",Germany,Private Limited,Automotive,2023-09-06,535654.0
S100255,Roberts-Landry,India,LLP,Home,2022-04-25,4971894.0
S100256,"Johnson, Miller and King",UK,LLP,Beauty,2022-10-26,4146953.0
S100257,Cordova Group,Canada,Partnership,Sports,2025-10-28,3070853.0
S100258,"Bryan, Smith and Booth",USA,Private Limited,Electronics,2025-06-02,6468028.0
S100259,Gutierrez-Lopez,Canada,Private Limited,Beauty,2025-04-09,2451116.0
S100260,Dean-Jimenez,USA,Partnership,Automotive,2023-06-05,7760313.0
S100261,Wolf-Harris,UK,Individual,Home,2024-08-10,4875658.0
S100262,"Anderson, Roberts and Gilmore",Australia,Sole Proprietor,Fashion,2022-06-01,7460995.0
S100263,Martinez-Dudley,UK,Sole Proprietor,Books,2025-08-01,7168722.0
S100264,"Lloyd, Mckinney and Collins",Australia,LLP,Beauty,2023-09-11,3392306.0
S100265,Tran Inc,Germany,Partnership,Electronics,2023-05-01,6448231.0
S100266,Gay Inc,Canada,LLP,Sports,2023-08-29,5003150.0
S100267,Valentine-Holland,India,Partnership,Books,2022-01-17,9544713.0
S100268,Jimenez Ltd,Singapore,Individual,Sports,2026-03-07,8383700.0
S100269,Hicks-Hill,Singapore,LLP,Home,2026-06-25,3910745.0
S100270,Baird-Sanchez,Canada,LLP,Fashion,2025-07-27,3239885.0
S100271,"Thomas, Lee and Greene",Canada,LLP,Automotive,2026-03-28,2344774.0
S100272,"Suarez, Shields and Hill",Australia,Individual,Automotive,2025-08-16,711401.0
S100273,Morgan-French,UK,Partnership,Electronics,2025-04-01,6171355.0
S100274,Hoover-Campbell,Australia,Private Limited,Electronics,2023-08-28,5531437.0
S100275,Monroe-Carpenter,Australia,Partnership,Fashion,2023-02-16,2267273.0
S100276,"Burns, Hernandez and Ryan",Singapore,Sole Proprietor,Books,2024-12-23,8468719.0
S100277,Cook-Hines,UK,Private Limited,Books,2024-09-13,5001651.0
S100278,Gibson-Morris,Australia,LLP,Home,2022-08-24,7907296.0
S100279,Pollard and Sons,India,Private Limited,Home,2023-04-08,6717458.0
S100280,"Reyes, Chase and Jenkins",Singapore,Sole Proprietor,Books,2022-07-04,6669862.0
S100281,Garner-Thornton,India,LLP,Sports,2022-09-11,7680043.0
S100282,Hughes-Alvarado,UK,LLP,Sports,2024-02-20,6282293.0
S100283,"Pollard, Simpson and Johnson",India,Private Limited,Beauty,2022-02-21,9468852.0
S100284,"Sanford, Rivera and Garcia",UK,Sole Proprietor,Fashion,2025-08-19,1110605.0
S100285,Garcia-Lozano,Australia,Partnership,Automotive,2023-09-11,6900067.0
S100286,Bowen Group,INDIA,Private Limited,Electronics,2022-03-18,5156390.0
S100287,"Booker, Jones and Harrington",Germany,Individual,Electronics,2023-04-26,9068535.0
S100288,Morgan-Schwartz,USA,Partnership,Beauty,2024-01-30,9112926.0
S100289,"Miller, Murphy and Craig",Germany,Sole Proprietor,Automotive,2026-01-28,2642464.0
S100290,"James, Stewart and Higgins",Germany,Individual,Home,2024-09-29,6897048.0
S100291,Brennan-Johnson,UK,Individual,Automotive,2024-01-29,3695180.0
S100292,Young Ltd,Germany,Partnership,Fashion,2024-01-13,1716893.0
S100293,Bright-Francis,Australia,LLP,Sports,2025-08-13,6067548.0
S100294,Good-Hodges,India,Partnership,Books,2023-01-24,2099499.0
S100295,"Brennan, Wallace and Benson",Singapore,Partnership,Electronics,2025-09-19,3608545.0
S100296,Williams Inc,Australia,Sole Proprietor,Electronics,2022-04-14,5645355.0
S100297,Howard-Jordan,USA,Private Limited,Home,2025-03-02,3492778.0
S100298,Schmidt PLC,India,Sole Proprietor,Fashion,2025-04-15,3673062.0
S100299,"Sparks, Jackson and Miller",Singapore,Private Limited,Books,2026-05-05,2525548.0
S100300,Harvey-Allen,Singapore,Sole Proprietor,Electronics,2023-07-22,2477461.0
S100301,"Thomas, Murray and King",USA,Sole Proprietor,Books,2026-06-24,2977575.0
S100302,Estrada-Nolan,India,Individual,Fashion,2022-01-31,6060308.0
S100303,Santana-Byrd,Singapore,Private Limited,Sports,2023-10-26,314762.0
S100304,Jones LLC,USA,LLP,Electronics,2022-09-17,7112546.0
S100305,"Evans, Hayden and Vaughn",Canada,Individual,Automotive,2022-05-11,8040081.0
S100306,Bruce-Gonzalez,Germany,LLP,Sports,2025-04-30,1879622.0
S100307,Castaneda-Rodriguez,Germany,Sole Proprietor,Fashion,2025-06-13,777544.0
S100308,Armstrong-Andrews,Australia,Sole Proprietor,Books,2024-07-27,572621.0
S100309,"Phillips, Spence and Barrett",India,Partnership,Home,2024-04-02,7201684.0
S100310,Smith-Grimes,Australia,Individual,Beauty,2025-12-29,7491741.0
S100311,"Beltran, Lozano and Mcgee",India,Individual,Books,2025-05-30,2538628.0
S100312,Parsons-Hall,India,Private Limited,Books,2025-07-02,9870789.0
S100313,Robinson-Lee,Canada,LLP,Beauty,2025-05-08,8951266.0
S100314,Byrd-Le,UK,Partnership,Sports,2025-05-24,7267547.0
S100315,"Becker, Taylor and Davis",India,Individual,Home,2025-09-02,9299870.0
S100316,"Lucas, Parker and Alexander",Australia,Private Limited,Beauty,2024-07-13,3883486.0
S100317,"Diaz, Anderson and Browning",Germany,LLP,Home,2024-07-17,6739582.0
S100318,Burgess-Thompson,Germany,Individual,Books,2024-05-24,5293275.0
S100319,Buchanan LLC,Australia,LLP,Books,2022-11-09,8006894.0
S100320,"Shaw, Nelson and Martin",India,Individual,Home,2022-06-24,1614141.0
S100321,Coffey-Phillips,Germany,Individual,Automotive,2026-02-22,6301976.0
S100322,Brock-Mcdonald,Singapore,Private Limited,Sports,2022-05-03,9889251.0
S100323,Taylor and Sons,Canada,Sole Proprietor,Books,2025-10-04,2100700.0
S100324,"Ramsey, Whitney and Coffey",Germany,LLP,Home,2025-09-24,7145702.0
S100325,"Diaz, Gibbs and Smith",Singapore,Individual,Books,2025-05-14,5292022.0
S100326,"Martinez, Richardson and Curry",UK,Individual,Sports,2024-11-05,3619164.0
S100327,Richards-Carson,USA,Partnership,Fashion,2022-08-10,5923938.0
S100328,Rodriguez-Hall,Singapore,Sole Proprietor,Books,2022-08-24,4723599.0
S100329,Harvey PLC,Canada,Private Limited,Home,2024-05-28,9461442.0
S100330,Herman-Walker,Singapore,Sole Proprietor,Sports,2025-10-14,9390543.0
S100331,Reid Group,India,Sole Proprietor,Automotive,2025-11-21,4537028.0
S100332,"Turner, Ortiz and Taylor",India,Private Limited,Books,2025-12-10,5233902.0
S100333,Torres Group,UK,LLP,Electronics,2023-01-07,2453361.0
S100334,Davis PLC,Canada,Partnership,Electronics,2022-10-18,564340.0
S100335,Price LLC,India,Sole Proprietor,Fashion,2024-02-10,7093620.0
S100336,"Avery, Horton and Fernandez",Germany,LLP,Fashion,2024-01-28,5278407.0
S100337,"Newton, Moore and Perry",INDIA,LLP,Home,2025-03-08,1475342.0
S100338,Bass PLC,India,Private Limited,Fashion,2026-03-26,884876.0
S100339,Crosby-Ramirez,Australia,Individual,Books,2024-06-26,7163787.0
S100340,"Wood, Ramos and Sampson",Germany,Sole Proprietor,Beauty,2024-04-28,4632979.0
S100341,Garcia-Jennings,USA,Sole Proprietor,Electronics,2023-12-08,7262753.0
S100342,"Winters, Newman and Brown",India,LLP,Automotive,2025-10-21,8214342.0
S100343,Lopez-Martinez,Canada,LLP,Electronics,2023-03-28,6681419.0
S100344,Davis-Lewis,Canada,Individual,Electronics,2023-02-23,5106977.0
S100345,"Harper, Smith and Buchanan",USA,Private Limited,Home,2023-06-08,4906117.0
S100346,Zhang PLC,INDIA,Individual,Electronics,2024-10-15,7275192.0
S100347,Jones PLC,USA,Private Limited,Beauty,2024-12-26,3910617.0
S100348,Willis and Sons,Canada,Sole Proprietor,Home,2025-09-30,5991939.0
S100349,Schroeder-Kramer,India,Partnership,Home,2026-02-28,759714.0
S100350,"Smith, Garrison and Thomas",Germany,Individual,Beauty,2022-06-09,5302285.0
S100351,Fernandez and Sons,Canada,Partnership,Sports,2024-04-08,7057741.0
S100352,Guerrero Inc,india,Individual,Beauty,2022-02-12,
S100353,Smith and Sons,USA,Sole Proprietor,Beauty,2025-11-13,6120880.0
S100354,"Morris, Thompson and Williams",India,Partnership,Home,2022-08-05,4132173.0
S100355,"Fisher, Wilson and Brown",Germany,Sole Proprietor,Beauty,2024-12-09,1369479.0
S100356,Strickland-Palmer,Germany,LLP,Automotive,2023-11-27,3767362.0
S100357,Hayes and Sons,UK,Private Limited,Electronics,2024-11-11,1963049.0
S100358,"Williams, Logan and Camacho",Canada,Sole Proprietor,Fashion,2026-05-09,5911544.0
S100359,"Turner, Schneider and Johnson",UK,Private Limited,Fashion,2022-07-30,2506926.0
S100360,Boone-Simmons,UK,Private Limited,Fashion,2025-05-18,2614729.0
S100361,Henry Group,Singapore,Individual,Fashion,2026-05-02,8339908.0
S100362,Lam LLC,Germany,Sole Proprietor,Home,2025-04-01,7581380.0
S100363,"Hernandez, Martinez and Weber",Australia,Sole Proprietor,Automotive,2025-07-25,5472534.0
S100364,"Kelley, Nguyen and Vang",Singapore,LLP,Fashion,2024-06-19,1195653.0
S100365,"Phillips, Wagner and Jordan",india,Partnership,Automotive,2023-09-13,4658259.0
S100366,"Wilson, Pena and Rich",Canada,Individual,Books,2024-11-05,1294712.0
S100367,"Le, Lewis and Hayes",UK,Partnership,Beauty,2022-03-19,1004456.0
S100368,Gutierrez Group,UK,LLP,Electronics,2025-08-13,1564923.0
S100369,Perry-Davis,Canada,Sole Proprietor,Sports,2024-02-27,7813013.0
S100370,Edwards-Scott,Canada,Sole Proprietor,Home,2026-02-22,738246.0
S100371,Mcdaniel Group,Germany,Sole Proprietor,Automotive,2023-01-21,5444323.0
S100372,Davis Inc,Canada,Partnership,Sports,2022-11-05,1088068.0
S100373,Reynolds Ltd,Germany,Individual,Home,2023-12-05,1464808.0
S100374,"Watson, Anderson and Brown",Canada,Private Limited,Electronics,2023-05-23,7394365.0
S100375,"Hoffman, Santiago and Jenkins",Germany,Sole Proprietor,Sports,2025-06-02,2713319.0
S100376,"Pugh, Henderson and Moon",UK,LLP,Books,2024-03-04,6908012.0
S100377,Schmitt PLC,Singapore,LLP,Automotive,2025-05-09,928547.0
S100378,Bell-Lane,Singapore,LLP,Electronics,2023-11-07,1635546.0
S100379,Moore Group,Canada,Partnership,Books,2023-06-01,2572845.0
S100380,Boone LLC,UK,Individual,Sports,2025-09-21,2422774.0
S100381,"Richardson, Farmer and Andrews",UK,LLP,Automotive,2025-12-01,6625963.0
S100382,Bruce-Villegas,USA,Sole Proprietor,Automotive,2022-06-23,5243922.0
S100383,"Austin, Day and Johnson",Canada,Partnership,Automotive,2026-06-10,5560922.0
S100384,"Gallegos, Adams and White",Singapore,Private Limited,Automotive,2025-12-10,8881414.0
S100385,"Farmer, Dorsey and Bell",India,Partnership,Sports,2024-01-12,355857.0
S100386,Kane PLC,UK,LLP,Fashion,2023-03-15,5783317.0
S100387,"Morales, Thomas and Schultz",Singapore,Partnership,Fashion,2023-04-09,2357963.0
S100388,Davis PLC,USA,Individual,Books,2026-06-03,1746860.0
S100389,Bennett Group,Canada,Sole Proprietor,Home,2026-02-21,8883734.0
S100390,Moore-Collins,India,LLP,Home,2025-06-19,2248638.0
S100391,Frank-Bradley,Canada,Partnership,Fashion,2022-11-29,3084091.0
S100392,Ware and Sons,Singapore,Sole Proprietor,Home,2022-12-06,7392941.0
S100393,Webster Inc,India,Partnership,Books,2025-10-17,4035095.0
S100394,"Miller, Ramos and Coleman",Germany,Sole Proprietor,Books,2026-03-21,7581761.0
S100395,"Ramos, Nelson and Fischer",USA,Sole Proprietor,Fashion,2023-09-26,7918776.0
S100396,Reed Inc,Singapore,Private Limited,Books,2025-10-21,9620049.0
S100397,Gregory-Watkins,Germany,Partnership,Home,2023-08-01,6456756.0
S100398,"Estrada, Williams and Foster",Canada,Sole Proprietor,Beauty,2022-11-28,3400371.0
S100399,"Brown, Harris and Dougherty",Singapore,Sole Proprietor,Fashion,2023-05-28,925431.0
S100400,Duran LLC,Australia,Partnership,Home,2024-01-31,9353649.0
S100401,Wilson-Jimenez,India,Sole Proprietor,Home,2022-09-13,4832563.0
S100402,Thompson-James,India,Private Limited,Books,2024-07-09,8662629.0
S100403,"Hall, Hansen and Barnett",USA,Partnership,Electronics,2023-03-31,7618671.0
S100404,Jones-Hensley,UK,Individual,Beauty,2022-04-20,6701393.0
S100405,Graham Group,Canada,LLP,Fashion,2024-03-01,1419112.0
S100406,Atkins PLC,UK,Private Limited,Electronics,2023-10-15,1712338.0
S100407,Berry-Mckinney,Singapore,LLP,Home,2022-10-27,2358538.0
S100408,Roberts-Sullivan,India,LLP,Home,2024-08-25,2378554.0
S100409,Jackson-Meza,Singapore,Partnership,Beauty,2025-06-14,138100.0
S100410,Collier-Gillespie,India,Individual,Books,2023-03-18,2558522.0
S100411,Kim Inc,Canada,Sole Proprietor,Sports,2024-05-16,1915405.0
S100412,Graham Group,Singapore,LLP,Fashion,2023-09-09,2094276.0
S100413,"Miller, Harrell and Reese",India,Private Limited,Beauty,2025-08-01,7719093.0
S100414,Cook and Sons,India,Individual,Home,2024-10-20,9043490.0
S100415,Dixon Inc,India,Sole Proprietor,Sports,2023-05-11,2458819.0
S100416,"Hicks, Bullock and Bailey",UK,Partnership,Electronics,2025-06-13,5969270.0
S100417,"Mullen, Brewer and Hernandez",USA,Sole Proprietor,Beauty,2023-01-19,1486363.0
S100418,Thomas and Sons,Canada,LLP,Electronics,2024-12-13,9178180.0
S100419,Morrison Ltd,Canada,Sole Proprietor,Sports,2022-02-11,6600726.0
S100420,Thompson Ltd,Singapore,Partnership,Electronics,2025-07-25,6540791.0
S100421,Marshall-Elliott,UK,LLP,Automotive,2022-02-03,6041041.0
S100422,"Cole, Glass and Cunningham",Singapore,Individual,Books,2023-05-09,1789191.0
S100423,"Downs, Morris and Maddox",Singapore,Sole Proprietor,Automotive,2026-03-30,5628736.0
S100424,Hernandez-Jones,USA,Individual,Books,2025-01-23,5729880.0
S100425,Welch-Hogan,Singapore,Private Limited,Home,2026-05-15,7845078.0
S100426,"Brown, Romero and Collins",Australia,Partnership,Automotive,2023-01-09,2312450.0
S100427,Johnson-Wood,India,Partnership,Electronics,2023-08-24,3432135.0
S100428,Jones-Lin,India,Private Limited,Electronics,2023-10-09,5252210.0
S100429,Gilbert PLC,Canada,Partnership,Home,2025-01-17,7992330.0
S100430,Ford-Spencer,UK,Individual,Home,2025-08-17,3256183.0
S100431,"Huang, Cole and Pacheco",UK,LLP,Home,2026-05-19,852018.0
S100432,"Lopez, Jacobs and Mason",Singapore,LLP,Books,2022-09-12,6224337.0
S100433,Hayes LLC,Germany,Partnership,Automotive,2024-06-19,6536822.0
S100434,"Miller, Lucas and Williams",UK,Private Limited,Beauty,2025-11-18,8397057.0
S100435,"Kim, Gonzales and Mills",UK,Sole Proprietor,Books,2026-06-29,1435991.0
S100436,Cox LLC,Australia,Partnership,Electronics,2024-05-31,3077557.0
S100437,Ortiz-Morgan,Canada,LLP,Books,2022-07-30,1393333.0
S100438,"Williams, Mccoy and Cook",UK,LLP,Books,2024-07-02,7199041.0
S100439,Davis-Gregory,USA,Partnership,Books,2024-07-04,760601.0
S100440,King-York,Australia,LLP,Sports,2024-06-09,4656274.0
S100441,"Marks, Cook and Aguilar",Australia,Individual,Electronics,2025-10-06,6865076.0
S100442,Rangel LLC,UK,Sole Proprietor,Home,2026-03-16,2734131.0
S100443,"Hale, Myers and Larson",India,Private Limited,Home,2025-05-29,7401320.0
S100444,Collins Group,India,Private Limited,Electronics,2023-04-29,6195971.0
S100445,"Conner, Li and Santiago",UK,Partnership,Sports,2022-03-08,2624265.0
S100446,"Osborn, Gaines and Davis",Australia,Partnership,Books,2024-02-01,7498065.0
S100447,"Henderson, Cox and Cox",Singapore,Individual,Sports,2022-10-09,8932862.0
S100448,Bean LLC,UK,Partnership,Books,2025-08-23,4725638.0
S100449,Lee-Cooke,USA,Individual,Electronics,2026-02-15,3171368.0
S100450,Jones Inc,Germany,Sole Proprietor,Beauty,2025-02-24,2025701.0
S100451,"Wise, Conley and Stephenson",UK,LLP,Automotive,2024-07-02,3649894.0
S100452,Stanley PLC,Canada,LLP,Automotive,2024-10-02,3408435.0
S100453,Harper and Sons,India,Private Limited,Home,2022-06-01,7634017.0
S100454,White Ltd,USA,Partnership,Electronics,2026-07-18,5411793.0
S100455,"Lamb, Martin and Kim",Australia,LLP,Automotive,2022-05-13,9277420.0
S100456,Diaz-Ball,Canada,LLP,Books,2022-11-19,2970762.0
S100457,Bishop-Goodwin,Singapore,LLP,Sports,2023-04-05,2086124.0
S100458,Young-Allen,USA,Private Limited,Fashion,2026-06-07,8338312.0
S100459,Mckee-Lee,India,LLP,Sports,2025-03-18,6239302.0
S100460,"Valentine, Joyce and Murray",Germany,Sole Proprietor,Fashion,2025-06-07,1496455.0
S100461,Strickland-Shaw,India,LLP,Beauty,2026-01-08,8080667.0
S100462,Burch-Montoya,Canada,Partnership,Home,2024-04-18,9695230.0
S100463,"Taylor, Wright and Davidson",India,Private Limited,Books,2025-08-08,1294282.0
S100464,Spencer-Garcia,Germany,Partnership,Automotive,2024-11-25,5829998.0
S100465,"Rosales, Mitchell and Hines",USA,Sole Proprietor,Automotive,2025-04-18,3102834.0
S100466,Cole-Palmer,Singapore,Private Limited,Beauty,2024-10-26,979673.0
S100467,Davis-Lozano,Singapore,Individual,Sports,2022-11-10,5152363.0
S100468,Wilkerson-Arias,USA,Private Limited,Books,2025-12-23,3832763.0
S100469,Brown-Shaw,UK,Sole Proprietor,Books,2022-06-11,4254459.0
S100470,Hughes Inc,USA,Sole Proprietor,Books,2022-09-14,5130553.0
S100471,Walker-Flores,Canada,Sole Proprietor,Electronics,2024-10-26,2879240.0
S100472,Combs Ltd,Canada,Sole Proprietor,Fashion,2022-12-17,5714316.0
S100473,Moody-Taylor,Singapore,Sole Proprietor,Electronics,2022-02-28,1412693.0
S100474,Lowery-Kennedy,India,Sole Proprietor,Books,2025-08-26,3586777.0
S100475,Blake Group,Singapore,Sole Proprietor,Beauty,2025-06-19,558113.0
S100476,Gilbert-Bullock,Germany,Sole Proprietor,Books,2025-08-07,5118298.0
S100477,Scott and Sons,Germany,Private Limited,Home,2026-07-12,6863102.0
S100478,"Bentley, Lynch and Henderson",UK,Partnership,Electronics,2025-11-11,1055173.0
S100479,Young-Martinez,USA,Partnership,Beauty,2024-09-18,7842046.0
S100480,Barnes PLC,USA,LLP,Sports,2022-10-22,5294264.0
S100481,Brown-Copeland,Singapore,LLP,Automotive,2023-12-09,6739354.0
S100482,Carlson-Smith,USA,LLP,Sports,2025-02-24,1831470.0
S100483,"Andrews, Higgins and Carter",UK,Private Limited,Beauty,2022-09-08,4537430.0
S100484,Mendez and Sons,india,Private Limited,Fashion,2022-07-18,899015.0
S100485,"Butler, Beck and Miller",UK,Partnership,Home,2025-06-14,7065136.0
S100486,Jones-Fox,USA,Private Limited,Home,2023-11-02,9741980.0
S100487,"Hartman, Romero and Smith",Australia,LLP,Fashion,2026-04-12,2723322.0
S100488,Williams-Hughes,Germany,Sole Proprietor,Beauty,2024-10-18,5226450.0
S100489,King-Smith,Germany,Individual,Electronics,2024-03-16,8529950.0
S100490,Cooper Ltd,Germany,Private Limited,Fashion,2025-04-09,5970597.0
S100491,"Fuller, Ingram and Moss",India,Individual,Books,2024-10-10,7945137.0
S100492,Anderson-Bell,INDIA,Sole Proprietor,Electronics,2022-08-09,7279768.0
S100493,Li-Thompson,USA,LLP,Automotive,2024-01-20,6815480.0
S100494,"Marshall, Dominguez and Welch",UK,Individual,Beauty,2022-04-15,9617738.0
S100495,Brown Group,Canada,Private Limited,Books,2025-02-07,4891933.0
S100496,Carter Inc,India,Partnership,Sports,2024-07-11,9275071.0
S100497,Blackwell LLC,UK,Sole Proprietor,Automotive,2025-06-05,2043318.0
S100498,Robertson-Hays,USA,Individual,Beauty,2024-02-04,5738907.0
S100499,"Kennedy, Johnson and Lucas",Canada,LLP,Home,2022-10-23,3389637.0
S100500,Kelly-Norman,Canada,Sole Proprietor,Beauty,2024-10-21,725365.0
S100501,"Rivera, Martinez and Richardson",India,Individual,Fashion,2026-01-01,5637495.0
S100502,Paul-Kline,Singapore,Partnership,Sports,2024-07-24,2548809.0
S100503,Morgan-Lopez,Canada,Sole Proprietor,Fashion,2023-11-03,5394047.0
S100504,"Jimenez, Glass and Stone",USA,Partnership,Sports,2026-02-23,5070319.0
S100505,Acosta Inc,Canada,LLP,Sports,2024-11-09,8981180.0
S100506,Morrison-Short,Germany,Sole Proprietor,Books,2024-08-30,329121.0
S100507,"Carter, Garcia and Murphy",UK,LLP,Automotive,2022-08-13,7038386.0
S100508,Parker-Morrison,Canada,LLP,Home,2026-01-25,497065.0
S100509,Jackson-Wallace,Canada,Partnership,Books,2025-09-04,9755188.0
S100510,Williams-Berg,Canada,Private Limited,Automotive,2022-04-16,9839896.0
S100511,Mendez-Graham,Germany,Private Limited,Sports,2025-07-12,6428535.0
S100512,"Whitney, Gould and Jones",USA,Private Limited,Electronics,2025-03-18,1893740.0
S100513,"Sullivan, Palmer and Brady",USA,Individual,Beauty,2023-10-05,7075967.0
S100514,Cisneros and Sons,USA,Partnership,Automotive,2023-02-22,6934990.0
S100515,"Gregory, Kim and Martinez",Canada,Sole Proprietor,Beauty,2026-02-15,1094906.0
S100516,Osborne LLC,Australia,Private Limited,Sports,2023-03-01,9460118.0
S100517,Reyes-Bradley,UK,Partnership,Sports,2024-02-11,5313895.0
S100518,"Hernandez, Cole and Watson",USA,Partnership,Sports,2023-12-03,9214943.0
S100519,Hines-Berry,UK,LLP,Sports,2024-09-18,3275657.0
S100520,"Richardson, Edwards and Ramirez",USA,LLP,Sports,2023-09-04,3822642.0
S100521,Johnson and Sons,UK,LLP,Automotive,2023-03-01,8254110.0
S100522,Holmes-Mcintyre,UK,Partnership,Books,2025-02-21,4637856.0
S100523,Green LLC,UK,Individual,Sports,2025-10-17,9163230.0
S100524,"Griffin, Davies and Mitchell",Germany,Partnership,Home,2023-12-08,2507461.0
S100525,Gonzalez-Taylor,UK,Individual,Books,2026-01-02,1375893.0
S100526,Hayes Ltd,india,Partnership,Automotive,2023-06-10,8087616.0
S100527,Osborn-Cochran,USA,Private Limited,Home,2025-01-08,4598852.0
S100528,Contreras-Mckinney,Canada,LLP,Fashion,2022-08-12,9895382.0
S100529,"Daniels, Vance and York",USA,Private Limited,Electronics,2025-10-03,8959397.0
S100530,"Mckinney, Graves and Thompson",USA,Private Limited,Electronics,2022-07-25,6984046.0
S100531,Hicks-Martinez,UK,Partnership,Electronics,2025-10-27,2356314.0
S100532,Conner and Sons,India,Sole Proprietor,Fashion,2024-04-13,8030915.0
S100533,Johnson-Spencer,Germany,Private Limited,Home,2023-08-12,5438299.0
S100534,Mcdonald-Bird,UK,Individual,Home,2022-07-03,9682359.0
S100535,Salazar Inc,USA,Sole Proprietor,Automotive,2026-01-20,675760.0
S100536,Parker Ltd,USA,Partnership,Home,2022-12-27,659681.0
S100537,"Mendoza, Jenkins and Ortiz",Singapore,Partnership,Home,2024-10-11,3175790.0
S100538,"Jones, Compton and Day",INDIA,LLP,Electronics,2022-01-19,5056190.0
S100539,Owens-Holmes,Canada,Sole Proprietor,Electronics,2023-11-18,4824152.0
S100540,Humphrey PLC,Germany,Sole Proprietor,Sports,2024-10-08,2301501.0
S100541,"Matthews, Saunders and Anderson",Singapore,Sole Proprietor,Beauty,2023-07-13,3284838.0
S100542,"Bartlett, Brown and Martinez",Singapore,Individual,Books,2022-11-29,7749307.0
S100543,Torres and Sons,Australia,LLP,Automotive,2023-01-17,286293.0
S100544,Donovan-Perez,Australia,LLP,Home,2023-08-28,9575788.0
S100545,"Jacobson, Singleton and King",Australia,Private Limited,Fashion,2025-06-05,6852999.0
S100546,"Huber, Hill and Weber",Singapore,Partnership,Sports,2023-11-03,1505218.0
S100547,"Ferguson, Shaw and Jackson",Germany,Individual,Fashion,2022-10-15,8060350.0
S100548,"Moore, Hopkins and Le",UK,Private Limited,Electronics,2023-06-19,6485310.0
S100549,"Morgan, Bradshaw and Williams",USA,Partnership,Home,2023-07-01,5580194.0
S100550,Miller Ltd,UK,Sole Proprietor,Automotive,2025-03-19,241859.0
S100551,"Baker, Clark and Armstrong",IN,LLP,Automotive,2023-04-29,1092273.0
S100552,"Fowler, Jimenez and Burton",Australia,Individual,Beauty,2023-09-21,2729603.0
S100553,May-Turner,Germany,Sole Proprietor,Automotive,2026-04-26,5267344.0
S100554,Ballard Ltd,Australia,Individual,Automotive,2023-08-28,6216363.0
S100555,Evans-Jones,Canada,Private Limited,Fashion,2022-10-01,8072561.0
S100556,Moore Group,USA,Partnership,Automotive,2025-05-25,6318384.0
S100557,Marshall-Peterson,Germany,Sole Proprietor,Beauty,2026-04-01,9068050.0
S100558,Edwards Ltd,Singapore,Private Limited,Home,2023-05-22,1423555.0
S100559,Gross-Valencia,Canada,Partnership,Sports,2025-12-12,6119742.0
S100560,Anderson-Wood,India,Sole Proprietor,Electronics,2022-05-07,9238029.0
S100561,"Rodriguez, Allen and Martinez",Canada,Private Limited,Sports,2025-01-04,2564105.0
S100562,Wright-Davis,USA,LLP,Home,2024-12-01,7462854.0
S100563,Dougherty-Lin,India,Private Limited,Automotive,2025-04-09,8251172.0
S100564,Wright-Grimes,India,Sole Proprietor,Beauty,2026-07-15,983413.0
S100565,Li PLC,Germany,Private Limited,Sports,2024-04-30,7713806.0
S100566,"Edwards, Hines and Jimenez",Canada,Individual,Sports,2024-08-04,5220227.0
S100567,"Owens, Koch and Jimenez",Australia,Individual,Beauty,2023-06-06,100591.0
S100568,Landry PLC,Australia,Private Limited,Sports,2022-05-30,809836.0
S100569,Levy-Lewis,Germany,LLP,Automotive,2022-05-11,9129216.0
S100570,Williams-Campbell,India,Individual,Beauty,2022-03-06,4866582.0
S100571,"Khan, Pena and Ruiz",Germany,Private Limited,Home,2022-10-05,7102503.0
S100572,"Smith, Rodriguez and Anderson",UK,Partnership,Beauty,2024-02-13,6352286.0
S100573,Luna-Gallagher,India,Sole Proprietor,Fashion,2025-08-31,5884610.0
S100574,Williams-Williams,India,Private Limited,Sports,2024-03-15,8922505.0
S100575,"Lee, Tran and Jones",USA,Private Limited,Home,2022-01-08,431435.0
S100576,"Cole, Pierce and Bryan",UK,Partnership,Automotive,2026-01-12,9184277.0
S100577,"Becker, Wilson and Hester",Germany,Sole Proprietor,Beauty,2023-04-16,4202562.0
S100578,Brooks-Hatfield,Germany,LLP,Fashion,2023-07-19,3212177.0
S100579,"Mcmillan, Fischer and Gonzalez",Australia,Individual,Electronics,2026-07-16,7083690.0
S100580,"Morales, Williams and Williams",Canada,Individual,Fashion,2023-02-27,1178954.0
S100581,"Cook, Wells and Bryant",India,Sole Proprietor,Electronics,2024-07-03,866653.0
S100582,"Barry, Taylor and Velazquez",USA,Individual,Beauty,2024-06-17,3981560.0
S100583,Martin-Ewing,Canada,Private Limited,Home,2026-05-09,996973.0
S100584,"Kirby, Wheeler and Romero",USA,Sole Proprietor,Books,2023-04-25,9715527.0
S100585,"Patel, Erickson and Evans",UK,Sole Proprietor,Sports,2026-05-02,5429867.0
S100586,Richardson Ltd,USA,LLP,Fashion,2025-09-14,8795141.0
S100587,Whitney PLC,USA,Partnership,Books,2023-07-18,1072699.0
S100588,Robles-Swanson,Canada,Sole Proprietor,Automotive,2022-12-25,7217236.0
S100589,"Soto, Carlson and Baker",Canada,Partnership,Electronics,2023-12-07,6444713.0
S100590,"Patton, Parsons and Lane",Singapore,Sole Proprietor,Books,2025-11-27,7034768.0
S100591,"Williams, Castillo and Warren",Germany,Private Limited,Books,2024-02-10,3134977.0
S100592,"Harvey, Randall and Hernandez",Singapore,Sole Proprietor,Beauty,2023-05-09,3830654.0
S100593,"Allen, Armstrong and Graves",UK,Private Limited,Home,2024-08-06,1016769.0
S100594,Smith LLC,Canada,Partnership,Beauty,2025-02-15,8941787.0
S100595,Hernandez-Vaughn,USA,Partnership,Fashion,2023-06-07,3461424.0
S100596,Shaw-Carr,UK,Individual,Beauty,2024-01-30,1601288.0
S100597,Salas-Fitzgerald,Canada,Private Limited,Electronics,2023-07-04,6377828.0
S100598,Thornton PLC,Australia,Sole Proprietor,Sports,2022-03-22,1271118.0
S100599,Hoffman Ltd,USA,Sole Proprietor,Automotive,2025-10-07,9425955.0
S100600,Fox-Edwards,USA,Partnership,Fashion,2023-11-13,5136650.0
S100601,Stevens PLC,India,Private Limited,Fashion,2026-02-27,2018239.0
S100602,Payne-Lowe,Australia,Partnership,Fashion,2025-11-25,3481161.0
S100603,"Becker, Lara and Baker",Germany,Private Limited,Sports,2023-10-21,4798945.0
S100604,Lee-Wright,Germany,Partnership,Sports,2025-08-21,6077375.0
S100605,"Evans, David and Hendrix",UK,LLP,Books,2024-11-16,8392928.0
S100606,Bush-Vaughn,Germany,Individual,Home,2026-01-19,7926742.0
S100607,Stewart-Bailey,Singapore,LLP,Fashion,2024-01-30,5299960.0
S100608,"Hill, Martinez and Rhodes",Germany,Individual,Sports,2023-03-30,2498176.0
S100609,Huang-Foster,India,LLP,Sports,2025-04-11,9766405.0
S100610,Blevins-Ballard,Australia,Partnership,Books,2022-11-09,3341551.0
S100611,Williams-Moses,UK,Private Limited,Beauty,2025-03-12,4172665.0
S100612,Reed Group,Germany,Sole Proprietor,Automotive,2025-11-03,5713388.0
S100613,"Scott, Mendoza and Harris",UK,Partnership,Automotive,2025-08-07,8280828.0
S100614,"Nelson, Hoffman and Nelson",Germany,Private Limited,Automotive,2026-06-17,5958535.0
S100615,Gilbert PLC,USA,Private Limited,Automotive,2025-01-24,8242588.0
S100616,Sanchez Ltd,USA,Sole Proprietor,Automotive,2022-05-01,8840328.0
S100617,"Perez, Hall and Garcia",India,Individual,Home,2025-09-30,863936.0
S100618,Love-Garcia,Singapore,Individual,Beauty,2022-10-09,3932808.0
S100619,Smith PLC,India,Private Limited,Electronics,2023-03-24,8534790.0
S100620,Russell Group,Germany,LLP,Electronics,2025-06-19,8156820.0
S100621,Santos-Avila,Australia,Partnership,Electronics,2022-01-14,8979043.0
S100622,Morris-Brewer,Canada,Partnership,Electronics,2022-02-04,8932154.0
S100623,Pearson and Sons,Australia,LLP,Sports,2023-08-11,337605.0
S100624,"Rodgers, Jefferson and Johnson",Canada,Partnership,Home,2023-01-03,1845437.0
S100625,Butler and Sons,India,Sole Proprietor,Fashion,2023-05-09,3270085.0
S100626,Osborn Group,Canada,Sole Proprietor,Books,2026-07-28,5996534.0
S100627,Lopez-Curry,UK,Partnership,Electronics,2024-02-04,6862009.0
S100628,Mcdowell-Smith,Germany,Sole Proprietor,Fashion,2025-11-28,3839255.0
S100629,"Morrison, Hebert and Rogers",UK,Individual,Automotive,2025-08-23,581577.0
S100630,Hays-Daniels,India,Partnership,Beauty,2024-02-12,9322791.0
S100631,Small-Anderson,Germany,Individual,Automotive,2022-01-20,2925339.0
S100632,"Mcdonald, Lee and Rodriguez",India,Partnership,Home,2024-06-07,5607798.0
S100633,Simon Ltd,Canada,Individual,Sports,2022-03-29,3904842.0
S100634,Higgins-Smith,USA,Sole Proprietor,Beauty,2023-07-10,831180.0
S100635,Gibbs-Bradley,India,LLP,Sports,2025-02-28,602000.0
S100636,Thompson Ltd,USA,LLP,Electronics,2023-03-01,9898831.0
S100637,Wilcox-Robertson,USA,Partnership,Electronics,2023-09-05,2775462.0
S100638,Morales Inc,Canada,Private Limited,Sports,2024-03-07,9119132.0
S100639,Holden Group,UK,Partnership,Home,2026-02-23,2397981.0
S100640,Boyle-Smith,Singapore,Individual,Sports,2026-03-07,5852559.0
S100641,Young-Molina,India,Individual,Beauty,2023-04-21,1325374.0
S100642,Turner-Sharp,UK,Sole Proprietor,Home,2025-06-11,6705572.0
S100643,Green LLC,Singapore,LLP,Electronics,2025-07-22,4635666.0
S100644,"Young, Contreras and Marshall",Singapore,Partnership,Beauty,2023-04-13,6019521.0
S100645,Sullivan PLC,Canada,Partnership,Beauty,2023-01-16,9879353.0
S100646,"Carrillo, Vaughn and Fowler",Australia,Partnership,Electronics,2026-05-01,5005645.0
S100647,Richardson-Walker,Singapore,Private Limited,Automotive,2022-05-31,1426369.0
S100648,Mendoza Group,UK,Private Limited,Beauty,2025-12-28,2638336.0
S100649,"Zhang, Brooks and Miles",Australia,Partnership,Books,2024-01-09,1837627.0
S100650,Todd-Pham,India,Individual,Books,2024-06-29,6088413.0
S100651,Gill Ltd,Singapore,LLP,Electronics,2022-09-29,1514604.0
S100652,"Marks, Miller and Griffin",USA,Partnership,Beauty,2025-02-14,9356992.0
S100653,"Cox, Stark and Rodriguez",Canada,Partnership,Electronics,2022-02-23,1553554.0
S100654,"Leach, Harris and Herrera",UK,Sole Proprietor,Electronics,2025-05-07,5493037.0
S100655,Murphy PLC,Singapore,Partnership,Electronics,2023-08-21,6992580.0
S100656,Wilson-Harris,Germany,Individual,Automotive,2025-02-19,4122543.0
S100657,"Burns, Nolan and Griffin",Canada,Sole Proprietor,Fashion,2025-11-04,6437623.0
S100658,Chavez PLC,USA,Private Limited,Books,2023-09-09,4553118.0
S100659,Bryant-Brown,Germany,Private Limited,Electronics,2022-12-09,7342657.0
S100660,Chambers-Parker,UK,Partnership,Books,2024-09-18,1340526.0
S100661,Foster Inc,UK,LLP,Fashion,2026-01-16,8368184.0
S100662,"Robinson, Jones and Henderson",Canada,Sole Proprietor,Fashion,2024-07-26,1844698.0
S100663,"Brown, Mcknight and Michael",USA,LLP,Electronics,2024-03-21,5623679.0
S100664,Andersen Group,Singapore,Sole Proprietor,Beauty,2026-07-05,5578792.0
S100665,Mitchell and Sons,Germany,LLP,Beauty,2026-07-29,2333789.0
S100666,Cannon Ltd,UK,LLP,Sports,2025-11-24,3419728.0
S100667,"Stuart, Brooks and Vance",Germany,LLP,Fashion,2024-03-26,5404241.0
S100668,Kane-Knox,UK,Partnership,Sports,2026-05-21,4117204.0
S100669,Miller-Brandt,UK,Partnership,Books,2026-07-31,6642357.0
S100670,"Anderson, Dalton and Wilson",UK,Individual,Sports,2023-02-14,9985920.0
S100671,"Long, Anderson and Irwin",Canada,Private Limited,Automotive,2026-04-22,9279132.0
S100672,Avila LLC,India,Partnership,Automotive,2023-03-06,7406053.0
S100673,Nunez-Stephens,Singapore,LLP,Home,2025-11-19,1210289.0
S100674,"Gray, Hall and Murray",Singapore,Partnership,Automotive,2024-10-19,2385038.0
S100675,Hill Ltd,Australia,LLP,Fashion,2023-06-02,2636094.0
S100676,Johnson Ltd,Australia,Partnership,Home,2024-02-12,1290929.0
S100677,Mendez-Mayer,Germany,Sole Proprietor,Beauty,2025-04-07,6774393.0
S100678,Allen Inc,Canada,Sole Proprietor,Home,2025-11-17,7067921.0
S100679,Wheeler Group,Canada,Individual,Home,2024-01-07,9057787.0
S100680,"Powers, Brennan and Sanchez",Canada,Individual,Electronics,2026-04-24,4214624.0
S100681,Morales and Sons,Australia,LLP,Fashion,2025-08-18,793175.0
S100682,"Robinson, Shields and Brown",Canada,Partnership,Home,2023-11-11,
S100683,"Holder, Young and Hendricks",India,Individual,Electronics,2023-06-14,3774560.0
S100684,"Flores, Harper and Chambers",Canada,Sole Proprietor,Sports,2025-04-03,9700848.0
S100685,Young-Walter,USA,Partnership,Books,2024-03-12,7818911.0
S100686,"Boyd, Gutierrez and Hill",Singapore,Sole Proprietor,Automotive,2024-10-21,2579080.0
S100687,"Fry, Hobbs and Buck",UK,Individual,Beauty,2022-08-03,5006530.0
S100688,"Shelton, Peters and Williams",Germany,Individual,Electronics,2026-02-04,2426915.0
S100689,David-Powers,UK,LLP,Books,2024-07-21,3520657.0
S100690,"Flores, Butler and Hernandez",Canada,Partnership,Books,2024-09-02,1687842.0
S100691,White-Medina,Germany,Partnership,Books,2022-05-18,5087595.0
S100692,Atkinson LLC,India,Individual,Electronics,2023-12-04,1884801.0
S100693,"Thomas, Ford and Brown",Australia,Private Limited,Automotive,2023-05-15,8706941.0
S100694,Faulkner-Grant,USA,Sole Proprietor,Fashion,2023-11-09,9442706.0
S100695,Price LLC,Germany,Partnership,Fashion,2026-06-22,6845568.0
S100696,Rivera Inc,Australia,Private Limited,Fashion,2025-08-04,7300013.0
S100697,Boone-Davis,Germany,Individual,Automotive,2025-06-11,3360554.0
S100698,"Calderon, Williams and Bennett",Germany,Sole Proprietor,Beauty,2024-03-07,124659.0
S100699,"Morrison, Russo and Lopez",Australia,Private Limited,Fashion,2023-07-25,1099645.0
S100700,"Ramsey, Hansen and Mendoza",Canada,Individual,Home,2025-01-04,3186665.0
S100701,Turner-Stout,UK,LLP,Fashion,2024-07-26,1961847.0
S100702,Giles Ltd,UK,Partnership,Sports,2025-08-01,5308048.0
S100703,Burgess Group,Canada,Partnership,Sports,2024-03-14,9898304.0
S100704,Dominguez Ltd,India,LLP,Books,2024-07-26,2944531.0
S100705,Sanders and Sons,Singapore,LLP,Sports,2025-04-23,1471902.0
S100706,"Morris, Campbell and Owens",Australia,Private Limited,Books,2022-08-30,4052586.0
S100707,"Howard, Green and Hunt",UK,Individual,Fashion,2024-02-04,2421602.0
S100708,Owens-Lang,Canada,Partnership,Beauty,2025-05-06,2363029.0
S100709,"Harrison, Franco and Rocha",Canada,Partnership,Beauty,2023-01-16,8214971.0
S100710,Edwards-Williams,Australia,Sole Proprietor,Automotive,2025-08-14,2956397.0
S100711,Figueroa Inc,Canada,Private Limited,Beauty,2023-08-15,2403785.0
S100712,Tran-Silva,IN,LLP,Home,2024-07-12,949447.0
S100713,"Butler, Hernandez and Rivera",Singapore,LLP,Electronics,2024-09-19,2340672.0
S100714,Hudson-Sanchez,USA,Partnership,Sports,2024-11-01,8354216.0
S100715,"Pena, Cohen and Scott",Germany,Partnership,Beauty,2025-12-25,7496596.0
S100716,Levy-May,Germany,Private Limited,Electronics,2025-03-03,567756.0
S100717,Murray-Oconnor,Singapore,Private Limited,Books,2022-03-08,4661266.0
S100718,Jackson-Cortez,USA,Sole Proprietor,Books,2022-12-11,7722579.0
S100719,White-Preston,Canada,Partnership,Sports,2024-11-12,1949365.0
S100720,"Bernard, Warren and Combs",Canada,Individual,Books,2026-05-07,9161809.0
S100721,Landry Ltd,Singapore,LLP,Sports,2026-03-30,748108.0
S100722,Duran Group,Singapore,Partnership,Sports,2023-03-24,7182912.0
S100723,Kirby and Sons,India,Private Limited,Books,2022-03-08,7595256.0
S100724,Mann Inc,UK,LLP,Home,2026-07-31,1509332.0
S100725,Wagner LLC,Germany,Individual,Home,2026-07-21,4025295.0
S100726,Williamson Ltd,USA,Sole Proprietor,Automotive,2023-12-20,7233451.0
S100727,"Durham, Hopkins and Smith",USA,Sole Proprietor,Fashion,2026-05-27,3516502.0
S100728,"Arnold, Smith and Moreno",Singapore,Private Limited,Home,2022-05-02,9614260.0
S100729,Nichols-Mitchell,UK,Sole Proprietor,Books,2025-05-07,9089036.0
S100730,"Li, Craig and Drake",USA,LLP,Automotive,2023-08-23,4904206.0
S100731,Rodriguez Inc,Canada,LLP,Home,2024-11-19,1647613.0
S100732,"Hernandez, Lee and Fox",USA,Partnership,Electronics,2023-07-22,2178830.0
S100733,Adams-Sanders,Australia,Private Limited,Fashion,2022-10-27,5453886.0
S100734,Chung-Stevens,Singapore,Private Limited,Home,2025-10-16,6638425.0
S100735,Branch and Sons,Germany,Private Limited,Sports,2025-07-19,4558325.0
S100736,Sutton-Abbott,Australia,Partnership,Beauty,2024-07-14,1316952.0
S100737,"Frey, Santos and Johnson",Australia,Individual,Beauty,2024-11-21,4717852.0
S100738,Gray-Tran,Australia,LLP,Beauty,2024-09-26,5541002.0
S100739,Walsh Ltd,Canada,Individual,Home,2026-05-05,1612657.0
S100740,Miller Group,Australia,Partnership,Automotive,2025-09-22,6059980.0
S100741,"Mueller, Knight and Hodge",Singapore,Individual,Home,2024-12-30,6722565.0
S100742,Jacobson Inc,USA,Partnership,Home,2023-03-10,8349939.0
S100743,Lewis Ltd,UK,LLP,Home,2023-08-04,5716591.0
S100744,"Alvarez, Williams and Jones",Canada,Sole Proprietor,Fashion,2025-03-05,8192618.0
S100745,Lam-Elliott,Singapore,LLP,Automotive,2026-04-11,862172.0
S100746,White LLC,India,Individual,Automotive,2026-05-25,7760502.0
S100747,Ali PLC,India,Individual,Home,2022-11-20,7453549.0
S100748,Goodwin Ltd,Germany,Individual,Beauty,2023-02-19,2263134.0
S100749,Hickman-Evans,Australia,LLP,Fashion,2023-07-16,1615985.0
S100750,"Allen, Davenport and Price",Australia,LLP,Books,2022-06-18,6288503.0
S100751,"Rivera, Campos and Taylor",Australia,Private Limited,Electronics,2024-03-22,5175594.0
S100752,"Ramsey, Mason and Mccann",Australia,Private Limited,Beauty,2025-09-04,1580068.0
S100753,Davis and Sons,Australia,Individual,Electronics,2023-03-14,8049489.0
S100754,Peterson PLC,India,Private Limited,Sports,2023-04-09,8764828.0
S100755,"Sanders, Ayala and Johnson",Australia,Partnership,Electronics,2022-01-17,5814217.0
S100756,Bowers-Hayes,Singapore,Individual,Home,2024-05-14,2267531.0
S100757,Kelly Group,Germany,Individual,Fashion,2024-02-24,1548726.0
S100758,Lopez-Willis,Australia,Individual,Electronics,2023-10-04,6216661.0
S100759,Miller-Montgomery,UK,Private Limited,Beauty,2026-05-04,2283823.0
S100760,Marquez Inc,Australia,Private Limited,Electronics,2024-12-22,9500458.0
S100761,Moore-Dawson,India,Sole Proprietor,Automotive,2022-12-03,7433643.0
S100762,"Moore, Price and Ward",UK,Private Limited,Automotive,2026-03-13,2589636.0
S100763,Smith LLC,Germany,Sole Proprietor,Automotive,2024-06-25,3694760.0
S100764,Ward-Nelson,India,Individual,Fashion,2026-03-22,2116235.0
S100765,Miller Group,Canada,Partnership,Books,2024-05-29,5326495.0
S100766,Hawkins-Hunt,Singapore,Private Limited,Fashion,2023-07-22,1463458.0
S100767,Johnson LLC,USA,Sole Proprietor,Sports,2025-05-13,4830177.0
S100768,"Davis, George and Nguyen",Singapore,Individual,Home,2025-09-10,5110836.0
S100769,Smith-Gutierrez,USA,Sole Proprietor,Sports,2024-11-09,3214963.0
S100770,Hardy PLC,Australia,Partnership,Books,2025-08-16,965518.0
S100771,Armstrong and Sons,Singapore,Private Limited,Beauty,2024-03-01,1941524.0
S100772,"James, Taylor and Turner",USA,Partnership,Automotive,2025-05-01,1241383.0
S100773,Thomas-Jackson,Canada,Individual,Books,2023-10-11,2264305.0
S100774,Fisher-Washington,Germany,Sole Proprietor,Beauty,2024-01-19,9216336.0
S100775,Ward and Sons,Australia,Private Limited,Home,2024-08-22,1274599.0
S100776,"Weber, Wheeler and Gonzalez",India,Sole Proprietor,Electronics,2022-01-29,4448739.0
S100777,Taylor Inc,USA,Individual,Electronics,2026-06-05,6726912.0
S100778,Cook-Oliver,Canada,LLP,Automotive,2025-12-30,8456206.0
S100779,Alexander-Jordan,Singapore,Partnership,Beauty,2025-12-08,6799095.0
S100780,"Mccann, Taylor and Flores",India,Sole Proprietor,Sports,2025-06-15,2611552.0
S100781,"Harris, Edwards and Oconnell",UK,Individual,Books,2022-06-11,8628269.0
S100782,Carter-Neal,USA,Private Limited,Sports,2023-11-01,6605386.0
S100783,Faulkner-Casey,Canada,Individual,Books,2025-12-01,7389797.0
S100784,Bennett-Velasquez,Australia,Private Limited,Electronics,2023-05-16,1496410.0
S100785,Diaz-Frederick,Germany,Individual,Beauty,2025-06-07,973227.0
S100786,Vargas PLC,UK,Private Limited,Electronics,2022-01-26,2352031.0
S100787,Maldonado PLC,Australia,Individual,Fashion,2024-10-13,5866746.0
S100788,Benton Group,Canada,Sole Proprietor,Home,2026-01-16,4399442.0
S100789,"Clark, Salinas and Guerra",USA,LLP,Fashion,2026-03-16,4559119.0
S100790,Fuentes Group,Australia,Individual,Home,2022-03-02,5670552.0
S100791,"Porter, Schultz and Allen",Singapore,Partnership,Books,2024-12-08,1121594.0
S100792,"Moore, Henderson and Bennett",UK,Sole Proprietor,Automotive,2022-06-07,8373974.0
S100793,Ewing-Mendoza,Germany,Sole Proprietor,Books,2022-04-24,8432064.0
S100794,Ferguson-Mclean,Singapore,Sole Proprietor,Fashion,2024-01-24,2689223.0
S100795,"Barnes, Johnson and Schmitt",UK,Individual,Sports,2025-10-12,1984976.0
S100796,"Woodard, Herrera and Little",USA,Sole Proprietor,Electronics,2022-04-01,256159.0
S100797,Rodriguez and Sons,USA,Individual,Beauty,2024-01-16,6475329.0
S100798,"Ortega, Jackson and Salazar",USA,Private Limited,Home,2022-03-14,9325531.0
S100799,"Terrell, Byrd and Ross",Singapore,Partnership,Fashion,2023-10-22,4215165.0
S100800,Sheppard-Jordan,Germany,LLP,Books,2022-06-09,9638782.0
S100801,Garcia and Sons,UK,Individual,Sports,2025-10-10,933692.0
S100802,"Burgess, Grant and Watts",USA,Private Limited,Home,2024-11-22,820553.0
S100803,Griffin Group,india,Individual,Beauty,2023-08-02,5262643.0
S100804,Barton-Chapman,UK,Individual,Sports,2024-07-24,183700.0
S100805,"Hernandez, Cuevas and Webb",UK,Private Limited,Books,2025-02-28,5148752.0
S100806,Perry-Nixon,Australia,Sole Proprietor,Fashion,2024-08-08,6228606.0
S100807,Guerra Ltd,Canada,Partnership,Home,2026-05-09,3328644.0
S100808,Bailey LLC,Australia,Sole Proprietor,Home,2026-06-19,4162546.0
S100809,Mueller-Boyd,USA,Individual,Beauty,2022-02-18,3959053.0
S100810,Alvarez-Kim,Canada,LLP,Automotive,2025-11-21,210974.0
S100811,"Chavez, Jones and Williams",UK,Individual,Home,2025-09-08,6362844.0
S100812,"Wilson, Sweeney and Wong",Singapore,LLP,Electronics,2023-02-25,8938812.0
S100813,"Marsh, Spears and Yang",USA,Partnership,Beauty,2022-05-03,
S100814,"Thompson, Moore and Castro",Australia,LLP,Electronics,2022-03-31,3933465.0
S100815,Hall-Sullivan,Singapore,Sole Proprietor,Beauty,2025-12-06,6299378.0
S100816,Lopez Ltd,Germany,Individual,Sports,2022-07-15,8529670.0
S100817,Foster-Mclaughlin,USA,Partnership,Electronics,2025-04-27,9576451.0
S100818,Cole Group,India,Partnership,Automotive,2022-09-25,4022370.0
S100819,Smith-Lewis,UK,LLP,Home,2023-10-08,6642651.0
S100820,Goodwin-Stokes,Australia,LLP,Books,2024-07-16,4612662.0
S100821,Ray PLC,USA,Individual,Fashion,2022-10-06,9859773.0
S100822,Diaz and Sons,India,Private Limited,Electronics,2022-12-03,7592478.0
S100823,Wilson-Lambert,Germany,LLP,Beauty,2022-09-05,9041321.0
S100824,Rose-Fowler,UK,Private Limited,Beauty,2023-09-24,7823665.0
S100825,"Price, Long and Wilson",UK,Individual,Electronics,2022-11-19,5153880.0
S100826,Bruce-Williamson,Singapore,Sole Proprietor,Electronics,2023-03-17,5549465.0
S100827,"Mccarthy, Evans and Mendez",USA,Individual,Automotive,2023-05-24,6018373.0
S100828,Powers LLC,Germany,Sole Proprietor,Electronics,2025-10-18,5063715.0
S100829,Allen Inc,UK,Private Limited,Electronics,2024-04-08,7636676.0
S100830,Brooks and Sons,Canada,Sole Proprietor,Fashion,2022-07-13,7801799.0
S100831,"Price, Carlson and Andrews",India,Private Limited,Electronics,2022-01-25,1084637.0
S100832,Lopez-Reid,Singapore,Private Limited,Fashion,2023-02-10,6770647.0
S100833,"Ellison, Arias and Thompson",UK,Individual,Sports,2025-04-15,4392289.0
S100834,Burns and Sons,Singapore,Individual,Electronics,2022-05-13,3367700.0
S100835,Edwards Group,Australia,Partnership,Home,2022-09-21,1593145.0
S100836,"Brown, Howard and Smith",Singapore,LLP,Electronics,2022-03-29,7784211.0
S100837,Lee Group,India,Private Limited,Sports,2024-06-06,6676978.0
S100838,"Wagner, Simpson and Cohen",Germany,Individual,Beauty,2025-10-31,7208234.0
S100839,Mckinney-Wallace,USA,LLP,Fashion,2023-01-19,4663428.0
S100840,Miller Inc,UK,Partnership,Fashion,2022-03-12,4173584.0
S100841,Carter LLC,Australia,LLP,Beauty,2024-04-23,9289022.0
S100842,Medina and Sons,Germany,Individual,Electronics,2023-07-27,6475930.0
S100843,Cunningham-Barton,USA,Partnership,Fashion,2025-08-09,8871696.0
S100844,Dunn-Wilson,USA,Sole Proprietor,Home,2022-02-09,6467252.0
S100845,Adams PLC,IN,LLP,Beauty,2025-01-20,8181572.0
S100846,Weaver-Sherman,UK,Sole Proprietor,Sports,2023-10-21,6565956.0
S100847,"Alexander, Robinson and Coleman",UK,Private Limited,Electronics,2023-10-16,3724549.0
S100848,"Greer, Potter and Evans",India,LLP,Electronics,2026-07-15,7963550.0
S100849,Cole LLC,Canada,LLP,Home,2025-04-11,3955100.0
S100850,Gonzales Inc,USA,Individual,Fashion,2025-09-07,4095872.0
S100851,Clark Ltd,UK,Sole Proprietor,Home,2026-06-09,987991.0
S100852,"Norris, Callahan and Bishop",Singapore,Private Limited,Sports,2026-06-22,6566648.0
S100853,Martin-Taylor,UK,Private Limited,Fashion,2023-04-30,9990827.0
S100854,Li Inc,UK,LLP,Sports,2022-02-27,5950247.0
S100855,"Bell, Campbell and Ryan",Canada,Sole Proprietor,Fashion,2025-02-27,3208036.0
S100856,Werner-Carter,Singapore,Partnership,Sports,2023-09-25,2995353.0
S100857,"Adams, Hodge and Duke",Germany,Individual,Electronics,2022-04-26,3952772.0
S100858,"Ochoa, Taylor and Brady",Canada,Private Limited,Electronics,2024-12-14,8069324.0
S100859,Sellers-Riddle,India,LLP,Sports,2023-02-17,2239251.0
S100860,"Martinez, Cline and Wright",UK,Private Limited,Home,2023-10-25,
S100861,"Morris, Wright and Bridges",India,Private Limited,Sports,2025-12-14,2426537.0
S100862,Burns-Ray,Singapore,Individual,Home,2024-12-13,6171835.0
S100863,Burton-Brooks,India,LLP,Automotive,2025-09-18,6686992.0
S100864,Schultz Inc,Canada,Individual,Books,2023-09-11,5462383.0
S100865,Robertson-Ramirez,USA,Private Limited,Automotive,2024-06-13,8223859.0
S100866,Gibson-Freeman,Australia,LLP,Fashion,2025-12-19,9478414.0
S100867,"Smith, Schroeder and Oconnor",Australia,Sole Proprietor,Home,2024-01-01,3795298.0
S100868,"Stanton, Reid and Terry",Australia,Sole Proprietor,Home,2022-12-26,6398231.0
S100869,Flynn Group,UK,LLP,Fashion,2022-12-30,80163.0
S100870,Donaldson and Sons,Australia,Sole Proprietor,Beauty,2026-04-28,9570780.0
S100871,Adams-Clayton,India,Private Limited,Sports,2023-10-14,3756007.0
S100872,Kelley-Anderson,Australia,Sole Proprietor,Electronics,2024-10-13,2409604.0
S100873,Kramer-Shannon,UK,Individual,Fashion,2023-12-12,5410633.0
S100874,Williams Ltd,USA,Individual,Home,2025-12-22,5682941.0
S100875,Smith-Noble,Germany,Individual,Books,2023-03-06,4236600.0
S100876,Alexander Inc,Australia,Individual,Books,2023-06-10,1862519.0
S100877,Harris-Barker,Australia,Individual,Electronics,2024-03-01,7402113.0
S100878,Khan LLC,Australia,Partnership,Fashion,2024-04-27,8322543.0
S100879,Baxter LLC,Germany,LLP,Sports,2024-02-08,
S100880,Pena LLC,Singapore,Partnership,Home,2025-03-29,3834650.0
S100881,Watson Ltd,USA,Partnership,Electronics,2026-06-25,610573.0
S100882,Williams Ltd,UK,Individual,Books,2023-06-19,1806994.0
S100883,Barber-Fischer,India,LLP,Fashion,2024-02-08,2749529.0
S100884,Rios-Padilla,Australia,Individual,Sports,2022-07-10,5719869.0
S100885,Lewis Inc,Canada,Sole Proprietor,Beauty,2025-12-13,569979.0
S100886,Wheeler PLC,Germany,Private Limited,Sports,2024-06-08,2685764.0
S100887,"Wallace, Smith and Cooper",India,Individual,Books,2023-02-25,3237406.0
S100888,Mcneil Group,Germany,Sole Proprietor,Automotive,2026-02-03,9111801.0
S100889,"Anderson, Jones and Reyes",UK,LLP,Books,2023-05-02,1659202.0
S100890,"Shaffer, Garcia and Richardson",India,Partnership,Sports,2025-01-30,8286745.0
S100891,Taylor-Ayala,USA,Individual,Books,2022-01-08,7224037.0
S100892,May Ltd,India,LLP,Home,2025-09-17,8108573.0
S100893,Jones PLC,USA,Individual,Electronics,2023-02-28,2916088.0
S100894,Bishop and Sons,Australia,LLP,Electronics,2024-08-27,1987918.0
S100895,Bell-Lewis,UK,Partnership,Beauty,2024-09-28,4496036.0
S100896,"Hernandez, Jenkins and Parks",India,Sole Proprietor,Beauty,2023-01-14,6274691.0
S100897,Miller Inc,Germany,LLP,Fashion,2024-07-01,798547.0
S100898,Goodwin PLC,UK,Partnership,Beauty,2023-06-24,3845715.0
S100899,"Cruz, Richmond and Edwards",Singapore,LLP,Sports,2022-05-07,2585551.0
S100900,Wright Ltd,Singapore,Individual,Electronics,2025-09-30,5817862.0
S100901,Wright PLC,Singapore,Sole Proprietor,Beauty,2026-03-30,9943967.0
S100902,"Griffith, Mitchell and Pugh",USA,Sole Proprietor,Electronics,2024-03-03,8817475.0
S100903,Abbott Ltd,Germany,Sole Proprietor,Automotive,2024-08-30,9658551.0
S100904,Harris-Lawson,USA,Partnership,Books,2022-06-11,6673718.0
S100905,Adkins LLC,Singapore,Individual,Sports,2025-03-15,8720757.0
S100906,"Brown, Hurst and Blevins",Singapore,Sole Proprietor,Automotive,2025-06-24,2523761.0
S100907,Cruz-Allen,India,Partnership,Fashion,2022-12-09,3604926.0
S100908,"Wheeler, Rice and Levine",Singapore,Private Limited,Fashion,2022-03-29,7153052.0
S100909,Peck-Anderson,India,Partnership,Fashion,2025-07-08,2530985.0
S100910,"Fisher, Payne and Thompson",Singapore,Sole Proprietor,Books,2023-10-17,1174274.0
S100911,Best-Townsend,India,Partnership,Sports,2024-03-24,9311932.0
S100912,Matthews Inc,UK,LLP,Sports,2024-07-27,257430.0
S100913,Lewis-Livingston,Singapore,Sole Proprietor,Sports,2024-12-06,7089616.0
S100914,Hunter-Fuller,India,Partnership,Fashion,2022-10-31,9555868.0
S100915,"Wang, Henderson and Morales",Canada,Sole Proprietor,Home,2022-07-25,1822258.0
S100916,"Herrera, Jensen and Ramirez",Canada,Individual,Home,2023-08-09,9036438.0
S100917,Miller-Mccall,UK,Partnership,Books,2024-02-24,8196760.0
S100918,Herrera Group,Canada,Sole Proprietor,Beauty,2022-03-18,2939032.0
S100919,"Walters, Davenport and Becker",UK,Partnership,Fashion,2025-06-20,6789741.0
S100920,Collins Group,India,Partnership,Books,2025-11-15,4035919.0
S100921,"Ashley, Allen and Sanchez",India,Partnership,Books,2024-02-02,389451.0
S100922,Wilson-Salazar,UK,LLP,Books,2023-07-29,8298001.0
S100923,Parker Ltd,Singapore,Individual,Home,2023-04-12,2304614.0
S100924,"Yang, Wilson and Zimmerman",UK,Partnership,Home,2023-10-20,4570117.0
S100925,"Smith, Crawford and Reed",Australia,Partnership,Sports,2025-08-15,1547984.0
S100926,"Logan, Le and Jackson",USA,Partnership,Fashion,2024-04-13,8177895.0
S100927,Brady LLC,Singapore,Sole Proprietor,Home,2024-02-05,992977.0
S100928,"Tanner, Wise and Johnson",IN,Private Limited,Electronics,2023-09-30,8552613.0
S100929,Nelson-Brown,Germany,Private Limited,Home,2024-12-09,9590738.0
S100930,"Proctor, Burton and Crawford",India,Private Limited,Fashion,2023-02-16,1016829.0
S100931,"Ward, Porter and Bradley",USA,Individual,Beauty,2022-04-14,6096090.0
S100932,Moore-Ayala,Australia,Private Limited,Books,2024-01-25,7838293.0
S100933,"Craig, Wilson and Yang",Canada,Partnership,Automotive,2022-09-11,562765.0
S100934,Williams Inc,USA,LLP,Beauty,2025-05-01,7534373.0
S100935,Williams LLC,USA,Partnership,Sports,2025-02-03,5917997.0
S100936,Mora-White,UK,Private Limited,Home,2023-06-14,1566524.0
S100937,Tran Ltd,UK,Individual,Beauty,2022-04-12,2783132.0
S100938,"Rios, Walker and Wright",Singapore,Sole Proprietor,Home,2023-03-15,3763654.0
S100939,"Flores, Mckenzie and Duncan",Australia,Private Limited,Automotive,2023-02-28,4564473.0
S100940,Shaw Inc,Australia,Partnership,Sports,2022-02-11,199283.0
S100941,Walker PLC,Germany,Private Limited,Automotive,2022-12-21,191997.0
S100942,Finley Inc,USA,LLP,Sports,2026-07-07,5174763.0
S100943,Cline-Ayala,Australia,LLP,Beauty,2024-02-11,5900369.0
S100944,Murphy-Tran,Germany,LLP,Fashion,2024-08-13,5119153.0
S100945,Wood LLC,Australia,Sole Proprietor,Home,2025-07-01,6713113.0
S100946,"Mueller, Stevenson and Sanchez",Canada,Individual,Electronics,2024-11-13,6328533.0
S100947,Vargas-Snyder,Canada,Sole Proprietor,Sports,2023-08-02,5057595.0
S100948,Oconnor PLC,Australia,Individual,Beauty,2022-05-11,5691903.0
S100949,Hernandez Group,UK,LLP,Home,2023-07-22,4431318.0
S100950,Hall LLC,Australia,LLP,Fashion,2022-11-04,8728746.0
S100951,"Franco, Wiley and Tapia",Singapore,Private Limited,Electronics,2026-07-08,6829646.0
S100952,Blake Group,Australia,LLP,Automotive,2022-10-14,477068.0
S100953,"Acosta, Garcia and Moreno",Australia,Partnership,Books,2023-06-16,7072366.0
S100954,Barnes Inc,india,Partnership,Automotive,2022-03-14,9831514.0
S100955,Dawson Inc,Australia,Sole Proprietor,Home,2023-01-24,5807387.0
S100956,Morse PLC,Australia,Private Limited,Automotive,2024-12-30,8031512.0
S100957,Haynes-Watson,Australia,LLP,Sports,2023-09-07,2901902.0
S100958,"Miller, Davis and Anderson",Singapore,Sole Proprietor,Fashion,2023-08-25,1687507.0
S100959,Jones-Bradley,Germany,Private Limited,Automotive,2023-06-14,9428994.0
S100960,Bates-Anderson,Singapore,Private Limited,Automotive,2023-11-19,1548202.0
S100961,Green-Edwards,USA,LLP,Fashion,2026-03-05,5202035.0
S100962,Haynes-Moss,Germany,LLP,Books,2023-06-18,9874246.0
S100963,Chavez-Hall,UK,Partnership,Home,2022-08-30,7944293.0
S100964,Taylor PLC,India,Sole Proprietor,Sports,2025-06-25,1244801.0
S100965,Moore and Sons,Germany,Private Limited,Sports,2022-09-03,6453346.0
S100966,Owens-Russell,india,LLP,Beauty,2022-04-21,2579642.0
S100967,"Howard, Townsend and Hayes",USA,Private Limited,Books,2024-04-18,9603006.0
S100968,Baker-Wilson,Germany,Private Limited,Books,2026-01-05,3075884.0
S100969,Aguirre LLC,Singapore,Individual,Beauty,2023-11-13,3016618.0
S100970,"Terry, Williams and Huff",UK,Individual,Electronics,2024-07-14,
S100971,Hernandez-Dawson,USA,Private Limited,Sports,2026-04-15,2708100.0
S100972,Foster-Williams,Germany,Individual,Fashion,2025-06-12,7326470.0
S100973,Green-Ewing,Australia,Partnership,Beauty,2024-05-28,8059447.0
S100974,Crane Group,Germany,Individual,Electronics,2024-12-29,3395615.0
S100975,"Adkins, Wright and Murray",Australia,LLP,Electronics,2023-10-22,8959268.0
S100976,Martinez Inc,USA,Individual,Automotive,2022-01-09,4224559.0
S100977,Anderson Group,USA,LLP,Books,2022-09-22,1773158.0
S100978,Parks-Pace,Germany,Sole Proprietor,Sports,2023-09-19,2852133.0
S100979,Aguilar LLC,India,Individual,Books,2023-08-19,7699174.0
S100980,Johnson Inc,Australia,Sole Proprietor,Sports,2024-12-09,5717933.0
S100981,Orr Group,IN,Private Limited,Books,2024-09-30,6077229.0
S100982,Davis LLC,Singapore,Private Limited,Fashion,2026-07-21,6817788.0
S100983,Williams Group,India,Private Limited,Fashion,2026-01-29,2251267.0
S100984,Jackson PLC,USA,Individual,Sports,2024-10-30,2885093.0
S100985,Underwood-Foster,India,LLP,Automotive,2025-08-25,676854.0
S100986,Reyes Group,Germany,LLP,Home,2024-12-31,865153.0
S100987,Gomez and Sons,Canada,Individual,Automotive,2022-08-10,381211.0
S100988,Ramirez-Stephenson,India,Individual,Beauty,2024-06-28,6429599.0
S100989,Mendez PLC,India,Sole Proprietor,Books,2024-08-29,2619046.0
S100990,Holland Group,USA,Individual,Books,2024-05-11,1744160.0
S100991,Andrade-Mendoza,Australia,Sole Proprietor,Books,2025-06-29,2351222.0
S100992,Ramirez and Sons,Germany,Individual,Sports,2026-01-12,2025258.0
S100993,Gonzalez-Wilkerson,UK,Individual,Home,2022-08-06,8400675.0
S100994,"Wright, Mcknight and Stephens",USA,Sole Proprietor,Fashion,2026-05-13,
S100995,Mayo Ltd,Singapore,Sole Proprietor,Fashion,2024-01-04,6924568.0
S100996,Castillo-Harrington,UK,Private Limited,Electronics,2025-01-27,8377450.0
S100997,Durham-Shaw,USA,Partnership,Books,2023-04-26,95936.0
S100998,Nelson-Johnson,India,Individual,Electronics,2025-03-21,8339690.0
S100999,"Robinson, Huang and Osborne",USA,Individual,Home,2024-11-13,1309100.0
S101000,Stokes Group,Australia,Individual,Books,2025-08-12,3928226.0
S101001,"Howard, Silva and Hall",Germany,LLP,Books,2024-08-08,890206.0
S101002,Garcia Ltd,India,Private Limited,Home,2022-03-22,4924908.0
S101003,Adams Ltd,UK,LLP,Beauty,2026-02-21,1994497.0
S101004,Gallagher and Sons,IN,Individual,Electronics,2022-10-11,2910721.0
S101005,"Bradford, Salinas and Kelly",UK,LLP,Beauty,2025-06-27,4551484.0
S101006,Thompson PLC,Australia,Individual,Books,2026-07-28,5799933.0
S101007,Drake-Wolfe,USA,Individual,Beauty,2024-03-30,7709448.0
S101008,"Johnson, Haynes and Meza",UK,Partnership,Automotive,2024-09-06,7125620.0
S101009,"Thomas, Vaughan and Copeland",Australia,Private Limited,Electronics,2022-09-29,1033923.0
S101010,Weaver-Thompson,Singapore,Private Limited,Electronics,2024-05-02,9961145.0
S101011,Davis and Sons,Germany,Sole Proprietor,Automotive,2024-06-16,3091047.0
S101012,"Robinson, Fox and Smith",Canada,Partnership,Home,2024-01-05,533456.0
S101013,"Harris, Anderson and Love",Singapore,Private Limited,Beauty,2024-09-26,1944776.0
S101014,Brown-Hernandez,Germany,Partnership,Electronics,2022-05-10,4439135.0
S101015,"Stark, Schroeder and Mathis",Australia,LLP,Electronics,2025-12-13,8854983.0
S101016,Yu-Brooks,Singapore,Sole Proprietor,Automotive,2025-03-03,3807843.0
S101017,"Foster, Garcia and Turner",Australia,LLP,Sports,2024-12-07,1647897.0
S101018,Daugherty Ltd,Germany,Private Limited,Beauty,2023-12-10,6507158.0
S101019,Conner-Yu,USA,Sole Proprietor,Sports,2022-04-22,245368.0
S101020,"Stewart, Mann and Hoffman",Australia,Private Limited,Sports,2024-08-19,8368729.0
S101021,"Buchanan, Walker and Chapman",Singapore,Private Limited,Electronics,2026-03-19,8298484.0
S101022,Gray Ltd,UK,Private Limited,Books,2023-07-24,894744.0
S101023,"Phillips, Thompson and Smith",Canada,Private Limited,Sports,2025-08-10,6402484.0
S101024,"Fry, Myers and Gamble",Germany,Private Limited,Electronics,2024-07-29,7502252.0
S101025,"Johnson, Guzman and Mccall",Singapore,Sole Proprietor,Beauty,2022-06-30,8412706.0
S101026,"Walker, Cunningham and Zuniga",Germany,LLP,Electronics,2024-10-15,348116.0
S101027,Rivera Inc,India,Partnership,Beauty,2022-03-15,9397107.0
S101028,Reed LLC,Canada,Individual,Home,2022-07-06,5160305.0
S101029,Fields Inc,Canada,Sole Proprietor,Fashion,2025-09-02,7703898.0
S101030,"Santiago, Daniel and Rogers",UK,LLP,Home,2022-04-22,3789945.0
S101031,Baker and Sons,Singapore,Partnership,Books,2025-02-21,
S101032,"Jones, Scott and Rodriguez",Australia,LLP,Automotive,2024-07-15,1962994.0
S101033,Williams Group,India,Private Limited,Electronics,2023-12-01,6008243.0
S101034,"Barnes, Jackson and Gutierrez",Singapore,LLP,Sports,2024-12-05,6322839.0
S101035,Bell-Bennett,Australia,Individual,Electronics,2022-12-03,8311472.0
S101036,Kramer-Lane,USA,Partnership,Electronics,2023-06-05,3337016.0
S101037,"Perez, Hayes and Lloyd",USA,Individual,Home,2024-03-15,3666991.0
S101038,Phillips LLC,Germany,Private Limited,Automotive,2023-11-24,1858009.0
S101039,Lynn-Jones,Singapore,Partnership,Electronics,2025-07-20,9928611.0
S101040,Barron and Sons,India,Partnership,Beauty,2025-09-10,9937084.0
S101041,"Jones, Mcmahon and Spence",Canada,Private Limited,Beauty,2022-01-09,8948037.0
S101042,Wheeler-Austin,Australia,Individual,Sports,2024-06-05,9866696.0
S101043,Bush-Reynolds,Germany,Sole Proprietor,Home,2022-12-29,9756531.0
S101044,"Martin, Preston and Moore",USA,Private Limited,Electronics,2024-03-04,5449642.0
S101045,Rivera and Sons,Canada,Partnership,Beauty,2025-06-01,4214755.0
S101046,Terry-Bowen,UK,Partnership,Books,2023-08-26,7647490.0
S101047,"Fernandez, Guerrero and Evans",Singapore,Private Limited,Fashion,2024-04-25,8644877.0
S101048,Williams PLC,UK,Sole Proprietor,Home,2023-10-05,9337557.0
S101049,"Larsen, Hernandez and Ward",Australia,Private Limited,Fashion,2023-03-06,4925114.0
S101050,Miller-Colon,Australia,LLP,Automotive,2022-09-29,3033202.0
S101051,"Greene, Gonzalez and Johnson",Canada,Sole Proprietor,Automotive,2025-07-28,5458662.0
S101052,Little Inc,Australia,Individual,Home,2023-12-23,9483496.0
S101053,Anthony-Parker,Germany,Sole Proprietor,Sports,2025-09-28,7054117.0
S101054,Ruiz-Jacobson,Australia,Sole Proprietor,Books,2024-05-15,264253.0
S101055,Davis-Stephens,Canada,Individual,Electronics,2024-02-20,2488177.0
S101056,Watson Group,India,Individual,Fashion,2023-07-01,2750047.0
S101057,Lopez-Williams,UK,LLP,Fashion,2022-05-08,5001637.0
S101058,Marshall-Perez,USA,Sole Proprietor,Electronics,2024-01-05,7643275.0
S101059,Elliott-Hernandez,India,Sole Proprietor,Home,2025-10-15,9476865.0
S101060,"Contreras, Miller and Cooper",Singapore,Private Limited,Automotive,2025-08-18,9466557.0
S101061,"Gutierrez, Avila and Perez",Germany,Private Limited,Sports,2026-05-26,4875775.0
S101062,Randall PLC,Australia,Individual,Beauty,2024-03-04,7038821.0
S101063,Sheppard-Mcdaniel,india,LLP,Sports,2022-04-21,267520.0
S101064,Armstrong-Young,Australia,LLP,Fashion,2025-06-24,7483377.0
S101065,Miller-Orr,Singapore,Private Limited,Automotive,2025-12-14,6219672.0
S101066,"Johnson, Duncan and Black",Singapore,Sole Proprietor,Sports,2026-02-21,3346204.0
S101067,"Byrd, Oliver and Martinez",Singapore,Private Limited,Books,2024-07-08,3026712.0
S101068,Thompson-Joyce,Australia,Individual,Fashion,2022-12-22,8670919.0
S101069,Stokes and Sons,India,Partnership,Electronics,2024-05-27,4732726.0
S101070,Henderson Ltd,Canada,LLP,Fashion,2022-11-26,9847660.0
S101071,Harris-Carson,Singapore,LLP,Electronics,2023-11-08,7873741.0
S101072,Flowers LLC,Australia,Private Limited,Electronics,2022-11-11,5462833.0
S101073,Bartlett-Sloan,Canada,Individual,Home,2025-07-04,5102539.0
S101074,Miller PLC,Germany,Sole Proprietor,Sports,2024-01-04,1272736.0
S101075,Arnold-Gates,Singapore,LLP,Sports,2023-03-27,3134811.0
S101076,"Ellis, Marks and Buchanan",Canada,Individual,Home,2024-10-31,2723793.0
S101077,"Matthews, Harrington and Rodriguez",Germany,Sole Proprietor,Sports,2024-04-06,1592590.0
S101078,Hernandez PLC,UK,Private Limited,Fashion,2025-09-20,5618081.0
S101079,"Chang, Ayers and Buckley",UK,LLP,Books,2023-03-24,8950294.0
S101080,"Chan, Floyd and Dillon",Germany,Sole Proprietor,Home,2026-03-21,197701.0
S101081,Humphrey-Baker,India,LLP,Beauty,2023-05-08,4140740.0
S101082,"Washington, Lynch and Johnson",India,LLP,Beauty,2026-06-19,1952100.0
S101083,Powell-Montgomery,Germany,LLP,Sports,2026-01-22,4795083.0
S101084,"Steele, Williams and Preston",India,Sole Proprietor,Home,2026-04-27,6340752.0
S101085,Vaughn-Williams,Canada,Sole Proprietor,Beauty,2024-09-23,785708.0
S101086,Mccall-Prince,UK,Private Limited,Books,2024-11-18,1431527.0
S101087,Morgan LLC,India,Private Limited,Home,2025-01-06,8995709.0
S101088,Ramirez-Vasquez,India,Individual,Fashion,2025-10-04,3626485.0
S101089,"Cohen, Compton and Perez",Singapore,Partnership,Home,2022-08-01,3499052.0
S101090,Mccann-Ramos,Canada,Partnership,Automotive,2026-07-31,1259981.0
S101091,Adams-Butler,Australia,Private Limited,Electronics,2024-07-29,5615260.0
S101092,"Davis, Alexander and Mcintyre",India,Individual,Electronics,2022-04-22,3036212.0
S101093,Figueroa-Malone,Singapore,LLP,Sports,2022-05-25,9696266.0
S101094,Nicholson-Robertson,Singapore,Private Limited,Books,2024-04-14,6560106.0
S101095,Jones Ltd,Germany,Partnership,Beauty,2023-10-10,333383.0
S101096,"Powell, Deleon and Warren",Germany,Individual,Sports,2022-01-13,1110950.0
S101097,"Johnson, Lee and Whitaker",Singapore,Sole Proprietor,Electronics,2025-12-06,1267848.0
S101098,Wright Group,UK,Sole Proprietor,Electronics,2023-08-17,5105825.0
S101099,Hull Ltd,Canada,Individual,Books,2026-04-17,7392987.0
S101100,Hill Group,Germany,Partnership,Home,2025-09-15,567059.0
S101101,"Sanders, Leblanc and Maldonado",Germany,Private Limited,Sports,2023-03-27,2338101.0
S101102,Watson PLC,Australia,Partnership,Home,2026-06-22,9205737.0
S101103,Thompson-Harrell,UK,Private Limited,Books,2025-10-19,6310091.0
S101104,"Arnold, Cooper and Monroe",India,Sole Proprietor,Home,2025-02-10,2421859.0
S101105,Curry-Barker,India,Individual,Electronics,2025-03-18,6661593.0
S101106,Johnson-Williams,Canada,Sole Proprietor,Electronics,2023-09-17,3574102.0
S101107,"Chan, Lewis and Walker",Australia,LLP,Fashion,2024-04-25,8649207.0
S101108,Byrd LLC,USA,Private Limited,Fashion,2023-03-29,4290303.0
S101109,"Ortiz, Smith and Deleon",USA,Individual,Fashion,2025-10-06,9567591.0
S101110,"Smith, Buck and Holland",Singapore,Individual,Home,2026-03-19,9258193.0
S101111,"Owen, Walker and Franklin",Germany,Sole Proprietor,Electronics,2023-08-19,1180159.0
S101112,Marquez-Fletcher,UK,Individual,Fashion,2026-01-26,9790778.0
S101113,Coleman-Bennett,Germany,LLP,Books,2022-09-20,3984808.0
S101114,Stevens-Robinson,India,LLP,Sports,2022-05-23,3296367.0
S101115,Byrd-Holloway,UK,Partnership,Beauty,2023-11-04,5178383.0
S101116,Silva-Smith,Australia,Sole Proprietor,Fashion,2025-03-04,9560364.0
S101117,"Levy, Franco and Hoffman",UK,LLP,Beauty,2022-12-12,131065.0
S101118,"Lynch, Evans and Rodriguez",UK,Private Limited,Home,2023-03-30,7366947.0
S101119,Rogers LLC,UK,LLP,Fashion,2025-10-23,5612703.0
S101120,"Nguyen, Hill and Douglas",Germany,Partnership,Beauty,2024-01-05,5174966.0
S101121,"Evans, Hernandez and Cannon",Germany,Sole Proprietor,Electronics,2022-12-26,1425290.0
S101122,Trujillo PLC,Singapore,LLP,Home,2022-10-14,9086511.0
S101123,Guerrero-Becker,USA,LLP,Automotive,2025-07-07,1332825.0
S101124,"Johnson, Jimenez and Phillips",Australia,Individual,Electronics,2024-11-04,573352.0
S101125,Sullivan-Doyle,Singapore,Sole Proprietor,Sports,2024-04-09,9949166.0
S101126,"Erickson, Armstrong and Lee",USA,Individual,Sports,2023-06-18,9167902.0
S101127,"Reeves, Parks and Little",Canada,Partnership,Automotive,2026-05-07,2543647.0
S101128,Knox-Powers,UK,Partnership,Fashion,2026-05-01,9941859.0
S101129,"Evans, Jackson and Sandoval",Australia,LLP,Fashion,2024-08-09,8457451.0
S101130,"White, Davis and Anderson",Canada,Individual,Beauty,2024-01-16,8474968.0
S101131,Hardy-Hansen,India,Private Limited,Home,2026-07-10,2832393.0
S101132,Arroyo LLC,Singapore,Sole Proprietor,Fashion,2024-07-02,2721308.0
S101133,"Davis, Kelly and Garner",USA,Sole Proprietor,Sports,2025-09-12,2502813.0
S101134,Fisher-Eaton,Australia,Partnership,Books,2022-03-24,3721175.0
S101135,Green-Carter,INDIA,Partnership,Fashion,2022-05-09,4485176.0
S101136,Ruiz Ltd,UK,Private Limited,Electronics,2025-10-01,3519093.0
S101137,"Carpenter, Oliver and Kennedy",Canada,LLP,Beauty,2024-08-19,7677651.0
S101138,Mason Ltd,India,Individual,Automotive,2023-10-26,1781828.0
S101139,Moreno-Gutierrez,Australia,Sole Proprietor,Automotive,2023-07-15,4467710.0
S101140,Taylor and Sons,Canada,Sole Proprietor,Sports,2022-12-23,6369298.0
S101141,Ortiz-Hudson,Australia,Partnership,Books,2025-04-18,1355896.0
S101142,Thomas-Huffman,Canada,LLP,Beauty,2023-04-02,8713280.0
S101143,Maxwell Group,Germany,LLP,Home,2023-12-08,8218181.0
S101144,Welch-Thompson,Singapore,Partnership,Sports,2022-01-14,8469427.0
S101145,"Brown, Hayes and Clark",USA,Partnership,Fashion,2023-04-17,1343325.0
S101146,Johnston and Sons,Canada,LLP,Fashion,2022-11-04,3185756.0
S101147,Glover-Chan,USA,LLP,Sports,2026-01-09,2035251.0
S101148,Mendez Ltd,Australia,Private Limited,Beauty,2026-07-20,5590252.0
S101149,Powell-Sanford,Australia,Individual,Beauty,2025-10-14,8083176.0
S101150,Smith-Ferguson,Germany,Private Limited,Sports,2022-11-27,6943744.0
S101151,"Watson, Smith and Morris",India,Private Limited,Electronics,2022-09-19,9671507.0
S101152,"Lee, Rhodes and Sims",Canada,Private Limited,Fashion,2025-07-13,8650719.0
S101153,Perez LLC,India,Sole Proprietor,Fashion,2022-04-25,2840745.0
S101154,Anderson-Reyes,UK,Private Limited,Sports,2024-04-10,9505717.0
S101155,"Torres, Brown and Williams",Australia,Individual,Automotive,2026-01-30,4805579.0
S101156,Bryant-Meyer,India,Private Limited,Beauty,2025-05-27,7959005.0
S101157,"Morgan, Barron and Cowan",Singapore,Partnership,Fashion,2023-03-26,6941524.0
S101158,Ferrell-Henry,Canada,Private Limited,Home,2025-04-08,3101509.0
S101159,Martin Group,Canada,Sole Proprietor,Books,2022-12-10,5799069.0
S101160,Perez Ltd,Germany,Sole Proprietor,Sports,2022-05-21,3905635.0
S101161,Clark Inc,Germany,Partnership,Fashion,2022-08-11,327874.0
S101162,"Wagner, Martinez and Dawson",USA,Sole Proprietor,Home,2024-10-29,7092991.0
S101163,Brooks Ltd,Singapore,Private Limited,Sports,2022-07-17,3026650.0
S101164,Wise-Dean,Germany,Sole Proprietor,Sports,2022-03-21,8965915.0
S101165,"Vang, Stanley and Valdez",Canada,Individual,Electronics,2024-09-14,2236555.0
S101166,Williams Inc,Canada,Sole Proprietor,Home,2022-01-03,7289315.0
S101167,Wallace-Martinez,Canada,Partnership,Books,2022-03-30,8938846.0
S101168,Wells-Hernandez,Germany,Private Limited,Home,2024-09-14,6446087.0
S101169,"Jennings, Smith and Fisher",UK,Sole Proprietor,Home,2026-02-27,9715703.0
S101170,Bates LLC,India,Partnership,Fashion,2023-06-06,8055101.0
S101171,"Obrien, Taylor and Rivas",Singapore,Private Limited,Home,2022-06-21,4802426.0
S101172,Hunt PLC,Canada,Sole Proprietor,Beauty,2023-06-12,3221246.0
S101173,Campbell Inc,India,Individual,Sports,2024-12-06,2026835.0
S101174,Gonzalez-Gonzalez,Canada,Individual,Beauty,2025-09-02,3496353.0
S101175,Decker-Dudley,Australia,LLP,Beauty,2024-01-12,1838169.0
S101176,Warner-Phillips,USA,Partnership,Automotive,2025-04-13,4305251.0
S101177,Kelley and Sons,IN,Sole Proprietor,Beauty,2025-03-02,6184489.0
S101178,"Fitzpatrick, Rivera and Smith",Canada,LLP,Automotive,2024-03-24,3467412.0
S101179,"Davis, Rodriguez and Andrews",Germany,Sole Proprietor,Home,2025-02-15,8144465.0
S101180,Hernandez-Davis,USA,LLP,Sports,2025-02-10,8166148.0
S101181,"Jones, Cummings and Conway",UK,LLP,Sports,2023-12-07,6729508.0
S101182,"Hall, Hinton and Phillips",Australia,Private Limited,Home,2025-09-12,2047927.0
S101183,Williams-Li,Australia,Private Limited,Beauty,2026-05-23,2764471.0
S101184,Phelps LLC,India,Private Limited,Sports,2024-03-31,5728044.0
S101185,"Edwards, Rodgers and Davis",Singapore,Sole Proprietor,Sports,2025-11-28,923301.0
S101186,Smith and Sons,USA,Partnership,Automotive,2022-01-11,1578212.0
S101187,"Holland, Murphy and Kline",Singapore,Private Limited,Beauty,2025-05-14,7354421.0
S101188,"Adams, Quinn and Watson",India,Individual,Books,2023-03-31,6271581.0
S101189,White-Morales,India,Sole Proprietor,Electronics,2026-01-23,6497920.0
S101190,Nelson-Cruz,Germany,Sole Proprietor,Automotive,2024-12-03,4856156.0
S101191,Marsh-Banks,Australia,Sole Proprietor,Electronics,2026-05-04,2990561.0
S101192,Wilson Ltd,Australia,Partnership,Beauty,2022-01-22,3434085.0
S101193,"Brown, Dunlap and Moore",Singapore,Sole Proprietor,Books,2023-02-03,613871.0
S101194,Pruitt-Webb,Singapore,Sole Proprietor,Sports,2024-11-22,3936793.0
S101195,"Gregory, White and James",Canada,Private Limited,Automotive,2022-03-15,6085435.0
S101196,Carr-Huffman,USA,Individual,Fashion,2022-06-27,4679452.0
S101197,"Mcpherson, Anderson and Knapp",INDIA,Partnership,Books,2025-10-03,6679401.0
S101198,Clay Group,Germany,Sole Proprietor,Fashion,2024-11-26,307807.0
S101199,Brown Ltd,Australia,Individual,Electronics,2025-01-30,4823013.0
S101200,Smith-Oneill,Australia,Sole Proprietor,Sports,2023-12-14,5879664.0
S101201,"Saunders, Ray and Cunningham",Singapore,LLP,Fashion,2025-05-26,3313591.0
S101202,"Marks, Stone and Watts",Germany,Partnership,Sports,2022-01-10,4430657.0
S101203,"Davis, Stanley and Wright",USA,Partnership,Sports,2022-08-07,9422268.0
S101204,Alvarado-Davidson,India,Sole Proprietor,Books,2023-11-28,2013085.0
S101205,Combs PLC,Singapore,Sole Proprietor,Books,2025-01-06,9695118.0
S101206,"Brown, Schneider and Moore",UK,Partnership,Beauty,2025-02-27,8163963.0
S101207,Christian-Booth,Singapore,Private Limited,Home,2023-11-27,7748199.0
S101208,Walton LLC,Australia,Partnership,Sports,2022-02-26,8136117.0
S101209,Rivera LLC,India,LLP,Electronics,2024-02-23,3747401.0
S101210,Hunter PLC,Australia,Private Limited,Home,2023-10-09,6969359.0
S101211,"Gray, Montoya and Miller",UK,Sole Proprietor,Sports,2022-01-20,4468274.0
S101212,Solis-West,USA,LLP,Electronics,2024-03-28,5787688.0
S101213,West-Wilson,India,Sole Proprietor,Fashion,2024-09-02,5315911.0
S101214,Mcgee-Smith,UK,Private Limited,Sports,2023-07-06,3116614.0
S101215,Gutierrez-Hawkins,Australia,Private Limited,Beauty,2026-02-18,3399848.0
S101216,Petersen PLC,USA,Private Limited,Home,2023-06-28,3519169.0
S101217,"Walsh, Wu and Hart",USA,Private Limited,Home,2023-05-27,6023148.0
S101218,"Powers, Clements and Cox",USA,Individual,Electronics,2022-06-10,8315544.0
S101219,Velasquez Group,Canada,Individual,Home,2025-01-13,759057.0
S101220,Castro-Harvey,Singapore,Partnership,Books,2025-06-25,5341817.0
S101221,Moran-Cox,Germany,Sole Proprietor,Home,2023-07-17,8284347.0
S101222,Wilson-Malone,USA,Sole Proprietor,Books,2024-03-25,3776098.0
S101223,Smith LLC,Singapore,Sole Proprietor,Fashion,2022-04-21,8870377.0
S101224,"Brandt, Carter and Boyd",Singapore,Partnership,Beauty,2025-01-12,596310.0
S101225,"Rodriguez, Prince and Vasquez",Canada,LLP,Beauty,2025-11-06,2982663.0
S101226,"Newton, Ortiz and King",Germany,Individual,Automotive,2024-11-27,7768703.0
S101227,Lopez Group,UK,Individual,Electronics,2025-10-12,3585838.0
S101228,Bryant and Sons,Germany,Sole Proprietor,Electronics,2023-10-29,6116680.0
S101229,"Morgan, Sherman and Williams",Canada,LLP,Fashion,2025-01-28,4459875.0
S101230,"Monroe, Chapman and Barton",USA,LLP,Beauty,2025-06-09,5806203.0
S101231,Ellis-Lawrence,UK,Private Limited,Beauty,2024-05-18,3582148.0
S101232,"Taylor, Porter and Moreno",Germany,LLP,Books,2024-03-31,4741405.0
S101233,Tran Group,Germany,Private Limited,Sports,2022-09-26,9711876.0
S101234,"Webb, Romero and Morse",Australia,Private Limited,Home,2022-07-24,4578994.0
S101235,Holt and Sons,Singapore,Private Limited,Sports,2024-06-04,6440162.0
S101236,"Ochoa, Garcia and Sandoval",USA,Private Limited,Home,2026-02-21,2559000.0
S101237,"Andrade, Gordon and Cruz",Germany,Individual,Fashion,2024-05-13,8431860.0
S101238,"Moon, Farmer and Hill",USA,Sole Proprietor,Sports,2026-01-15,5347024.0
S101239,Waller-Chavez,Singapore,Partnership,Books,2023-05-29,9481118.0
S101240,Taylor PLC,Singapore,Sole Proprietor,Electronics,2024-03-26,1710521.0
S101241,"Tanner, Hunt and Cameron",Australia,Private Limited,Electronics,2023-03-18,4316272.0
S101242,"Valencia, Joseph and Walls",Germany,Individual,Beauty,2026-03-05,5664605.0
S101243,"Robinson, Clark and Klein",UK,LLP,Books,2025-02-21,9403155.0
S101244,"Reed, Chambers and Zavala",Singapore,LLP,Books,2022-02-10,6958201.0
S101245,"Hester, Thompson and Daniels",India,LLP,Home,2025-10-23,3387963.0
S101246,"Morris, Wilson and Bell",Canada,Sole Proprietor,Automotive,2025-08-22,9083494.0
S101247,Aguilar-Bender,USA,LLP,Books,2023-10-28,8613838.0
S101248,"Butler, Adkins and Skinner",Germany,Partnership,Electronics,2024-02-20,4857067.0
S101249,Rich-Henderson,Germany,Private Limited,Home,2022-12-10,5710436.0
S101250,Mills Inc,Germany,Sole Proprietor,Sports,2024-04-08,1246955.0
S101251,Thomas-Santiago,India,Private Limited,Books,2023-04-13,5309356.0
S101252,Adams and Sons,UK,LLP,Automotive,2023-07-02,6684639.0
S101253,Vega-Thomas,UK,Partnership,Home,2024-01-14,9896879.0
S101254,Vaughn LLC,Canada,Partnership,Beauty,2022-12-09,3135098.0
S101255,Molina Inc,Singapore,Individual,Fashion,2026-01-30,3986391.0
S101256,Cervantes-Garcia,Australia,LLP,Automotive,2025-12-06,1393263.0
S101257,"Stevenson, Hancock and Newton",USA,Private Limited,Beauty,2022-07-30,1653125.0
S101258,"Price, Dixon and Robles",INDIA,Partnership,Sports,2022-04-21,492329.0
S101259,"Roberts, Beck and House",Singapore,Partnership,Sports,2026-04-16,1446723.0
S101260,Butler-French,India,LLP,Sports,2022-11-15,1464508.0
S101261,"Edwards, Arnold and Smith",Australia,Partnership,Books,2023-04-15,4200624.0
S101262,Harris-Melton,Australia,LLP,Beauty,2025-07-07,2170836.0
S101263,Greer-Pruitt,USA,Sole Proprietor,Home,2022-12-16,529346.0
S101264,"Mckinney, Richardson and Chapman",India,LLP,Home,2023-10-29,8038550.0
S101265,"Morrison, Parsons and Brandt",Germany,Sole Proprietor,Books,2025-01-28,7513259.0
S101266,Cole-Lucero,USA,Sole Proprietor,Fashion,2025-04-25,7709527.0
S101267,Lopez and Sons,Australia,Sole Proprietor,Beauty,2024-12-08,9005411.0
S101268,"Palmer, Bennett and Patterson",UK,LLP,Beauty,2025-01-10,3860582.0
S101269,"Baker, Martin and Singleton",Singapore,Individual,Beauty,2023-09-23,6186825.0
S101270,Rivera Ltd,Germany,LLP,Fashion,2023-09-14,227097.0
S101271,Williams LLC,India,Sole Proprietor,Home,2026-04-02,2336742.0
S101272,"Williams, Randolph and Gilbert",UK,LLP,Beauty,2024-12-31,189537.0
S101273,"Turner, Tyler and Pierce",Australia,Partnership,Home,2024-09-04,5076630.0
S101274,Bowers LLC,India,Partnership,Home,2023-08-23,3929150.0
S101275,"Robinson, White and Jones",Singapore,Individual,Sports,2024-02-05,3213696.0
S101276,"Moore, Daniels and Powell",Germany,Sole Proprietor,Beauty,2024-03-19,4242561.0
S101277,Walker-Lewis,USA,Partnership,Home,2024-02-14,3750926.0
S101278,Rivera-Carter,UK,Individual,Beauty,2025-07-04,4069180.0
S101279,"Moreno, Barajas and Colon",Canada,Sole Proprietor,Home,2025-11-22,4611139.0
S101280,"Smith, Caldwell and Griffin",UK,Sole Proprietor,Home,2023-07-05,
S101281,"Austin, Oliver and Haley",USA,Individual,Fashion,2022-10-07,4908602.0
S101282,"Blackwell, James and Hogan",India,Partnership,Sports,2024-07-16,4615653.0
S101283,Cruz PLC,Australia,Sole Proprietor,Beauty,2023-01-20,
S101284,"Campbell, Pruitt and Short",India,Private Limited,Electronics,2024-12-31,421294.0
S101285,Robertson-Hicks,USA,Individual,Books,2023-07-06,2147809.0
S101286,Williams-Villanueva,Australia,Partnership,Automotive,2022-01-17,3955912.0
S101287,Flores Inc,India,Private Limited,Electronics,2024-10-07,3693811.0
S101288,Jackson PLC,UK,Partnership,Books,2026-05-29,8411693.0
S101289,"Smith, Jones and Santiago",UK,Partnership,Automotive,2026-06-09,582460.0
S101290,Hancock Group,UK,Individual,Home,2026-03-18,2500947.0
S101291,Harris Ltd,India,LLP,Home,2024-03-14,1247636.0
S101292,"Rowe, Lucas and Case",Canada,Partnership,Fashion,2023-01-29,4245637.0
S101293,"Parks, Johnson and Love",Singapore,Partnership,Home,2022-01-26,2096175.0
S101294,Miller Inc,Singapore,Private Limited,Beauty,2026-04-29,7481651.0
S101295,Bauer PLC,USA,Individual,Fashion,2024-08-01,1626392.0
S101296,Andrews and Sons,Canada,Private Limited,Beauty,2024-03-07,5286326.0
S101297,Russell-Hayes,UK,Private Limited,Automotive,2026-01-31,757762.0
S101298,Hamilton-Smith,Australia,Sole Proprietor,Sports,2022-09-08,4299882.0
S101299,"Wilson, Smith and Cortez",Germany,LLP,Fashion,2024-01-09,923883.0
S101300,Avila PLC,Singapore,Private Limited,Electronics,2023-04-29,7334023.0
S101301,Haynes Inc,UK,Individual,Fashion,2026-06-15,4682190.0
S101302,Reilly-Rodriguez,Canada,Individual,Beauty,2026-06-05,4128362.0
S101303,"Turner, Miller and Hubbard",India,Individual,Sports,2026-05-24,8023718.0
S101304,James-Short,Australia,Sole Proprietor,Fashion,2024-01-31,1551223.0
S101305,Wells PLC,USA,Private Limited,Beauty,2022-07-07,5727780.0
S101306,Taylor Group,Singapore,Individual,Electronics,2023-12-30,2632322.0
S101307,"Phillips, Walters and Evans",Australia,Sole Proprietor,Home,2022-08-08,2161034.0
S101308,"Wong, Bernard and Smith",Germany,Private Limited,Books,2025-02-17,5877024.0
S101309,"Thomas, Williams and Armstrong",Singapore,Partnership,Automotive,2023-01-31,408241.0
S101310,Medina-Arroyo,Australia,Partnership,Books,2026-01-23,2310430.0
S101311,Clark-Figueroa,UK,Individual,Beauty,2025-12-18,7390032.0
S101312,"Cooper, Gutierrez and Brewer",Canada,LLP,Sports,2025-11-28,
S101313,"Thomas, White and Jensen",USA,Sole Proprietor,Fashion,2025-01-18,5882845.0
S101314,Lee-White,UK,Partnership,Books,2025-05-11,9353307.0
S101315,"Phelps, York and Randolph",USA,Individual,Sports,2022-11-14,7589415.0
S101316,"Murray, Dunn and Roberts",UK,LLP,Sports,2024-01-22,7668181.0
S101317,King and Sons,India,Sole Proprietor,Beauty,2026-02-11,3162748.0
S101318,"Carpenter, Lynn and Howard",India,Sole Proprietor,Home,2024-01-16,4056173.0
S101319,"Rios, Garcia and Harvey",UK,Individual,Automotive,2025-01-08,6551017.0
S101320,Stewart Group,USA,Sole Proprietor,Automotive,2024-10-15,9302094.0
S101321,Jensen-Torres,USA,Sole Proprietor,Books,2023-10-23,6925379.0
S101322,"Hernandez, Knight and Aguirre",Australia,LLP,Electronics,2022-07-17,8827848.0
S101323,Jackson-Edwards,Australia,Individual,Electronics,2022-09-23,3047061.0
S101324,Joseph Ltd,Singapore,Individual,Fashion,2022-08-08,8193162.0
S101325,Hill-Ward,USA,Individual,Electronics,2025-03-15,6569606.0
S101326,"Quinn, Humphrey and Ford",Australia,Partnership,Sports,2025-07-01,9953605.0
S101327,Hampton-Tucker,UK,Individual,Books,2023-03-29,1239067.0
S101328,Thompson PLC,India,Private Limited,Automotive,2024-10-03,1391452.0
S101329,Wilkinson and Sons,Germany,Individual,Books,2025-02-16,7028536.0
S101330,"Gonzalez, Gross and Sims",Singapore,LLP,Home,2025-12-21,1028112.0
S101331,"Jones, Smith and Hunter",Singapore,Sole Proprietor,Books,2024-12-19,732046.0
S101332,Hess PLC,Australia,Individual,Home,2023-09-15,1357538.0
S101333,Hammond-Lewis,USA,Sole Proprietor,Electronics,2022-07-27,3925838.0
S101334,Arnold PLC,Canada,Partnership,Fashion,2023-01-31,8878037.0
S101335,"Kennedy, Rowe and Diaz",Australia,Private Limited,Sports,2025-07-04,3051408.0
S101336,Vance PLC,Canada,Sole Proprietor,Beauty,2026-03-09,1820234.0
S101337,"Vincent, Anderson and Mason",Singapore,Sole Proprietor,Books,2025-10-13,7746054.0
S101338,Sanders PLC,Australia,Partnership,Electronics,2022-12-08,3076551.0
S101339,Bates PLC,Canada,Partnership,Sports,2023-11-23,2703760.0
S101340,"Martin, Palmer and Griffin",Canada,Sole Proprietor,Beauty,2023-12-23,5337423.0
S101341,Knight PLC,Canada,LLP,Home,2024-02-01,6967972.0
S101342,"Brennan, Thomas and Dennis",Singapore,Partnership,Home,2026-01-26,5476605.0
S101343,Williams-Juarez,india,Private Limited,Sports,2025-01-22,3639118.0
S101344,Brown LLC,Germany,Sole Proprietor,Automotive,2023-06-05,6089941.0
S101345,Williams and Sons,Germany,Partnership,Beauty,2022-01-01,631546.0
S101346,"Velez, Ward and Harrison",UK,Sole Proprietor,Electronics,2024-11-26,2316362.0
S101347,Keith-Williams,UK,Individual,Books,2023-03-31,3654128.0
S101348,"Nguyen, Padilla and Boyd",Singapore,LLP,Electronics,2026-04-30,4679792.0
S101349,Davenport-Baker,Canada,Sole Proprietor,Sports,2025-03-14,9640055.0
S101350,"Hudson, Bennett and Gray",IN,Individual,Electronics,2024-07-31,6016913.0
S101351,"Valdez, Houston and Black",USA,Private Limited,Books,2024-01-22,9816952.0
S101352,Kaufman-Walker,USA,Private Limited,Books,2026-07-20,5088238.0
S101353,Gomez-Parrish,India,Sole Proprietor,Beauty,2025-03-11,3697992.0
S101354,Sparks-Eaton,Australia,Individual,Automotive,2023-10-27,8145563.0
S101355,Shaw and Sons,USA,Partnership,Home,2025-11-13,9717576.0
S101356,Martin-Jones,Singapore,Individual,Sports,2025-08-08,5089762.0
S101357,"Campbell, Hernandez and Moore",India,Sole Proprietor,Beauty,2022-06-10,988227.0
S101358,"Love, Wilson and Hall",Singapore,LLP,Books,2024-06-08,7038074.0
S101359,Cortez-Olson,Singapore,Individual,Home,2026-04-27,3853691.0
S101360,Mendoza-Garza,Australia,Sole Proprietor,Electronics,2025-07-22,6467066.0
S101361,"Whitaker, Johnson and Williams",India,LLP,Sports,2022-03-26,5407242.0
S101362,"Vargas, Taylor and Hunt",Canada,Sole Proprietor,Fashion,2023-11-01,8478900.0
S101363,"Thomas, Jackson and Nielsen",Australia,Private Limited,Fashion,2022-04-14,6641477.0
S101364,"Mullen, Greene and Elliott",Germany,Sole Proprietor,Sports,2024-10-30,1561341.0
S101365,Johns Ltd,USA,Partnership,Books,2026-05-30,6665632.0
S101366,"Nicholson, Valentine and Robinson",USA,Private Limited,Books,2022-06-19,8033516.0
S101367,"Haney, Dillon and Jackson",Canada,Individual,Sports,2024-03-28,4454991.0
S101368,Burke-Norton,India,Partnership,Sports,2024-06-08,2237332.0
S101369,Hanson PLC,Singapore,Private Limited,Beauty,2025-02-19,3373709.0
S101370,Jackson-Jennings,Germany,Partnership,Automotive,2025-03-16,3340000.0
S101371,Carlson-Jones,Canada,Sole Proprietor,Automotive,2024-12-09,4181319.0
S101372,Cruz-Rodriguez,USA,Individual,Books,2026-05-10,7265305.0
S101373,Mills PLC,UK,Sole Proprietor,Electronics,2022-08-19,6988755.0
S101374,"Barnes, Hernandez and Davis",Germany,LLP,Books,2023-01-26,5431096.0
S101375,Valenzuela-Greene,UK,Sole Proprietor,Automotive,2022-02-19,5164011.0
S101376,"Gordon, Wilson and Olson",USA,LLP,Sports,2026-07-03,7469054.0
S101377,Winters PLC,Canada,Private Limited,Beauty,2022-04-02,3967305.0
S101378,Prince Ltd,USA,LLP,Fashion,2026-04-01,1489727.0
S101379,"Reynolds, Fisher and Golden",India,Individual,Fashion,2025-06-25,2527610.0
S101380,"Moreno, Perez and Lang",Singapore,LLP,Electronics,2023-12-05,1916934.0
S101381,Bell-Ballard,UK,Partnership,Beauty,2022-02-16,5617967.0
S101382,"Johnston, Coleman and Scott",USA,Sole Proprietor,Fashion,2023-02-22,9217477.0
S101383,Kent Inc,Canada,LLP,Sports,2024-09-16,2421416.0
S101384,George-Stephens,Australia,Individual,Beauty,2025-04-08,8888222.0
S101385,Lopez-Fletcher,India,LLP,Fashion,2022-05-04,4814956.0
S101386,Lane Inc,USA,Sole Proprietor,Books,2022-04-19,7850748.0
S101387,"Smith, Pena and Watts",Australia,Individual,Electronics,2024-03-06,4601832.0
S101388,Ortiz-Rodriguez,Australia,LLP,Home,2022-08-09,370081.0
S101389,Pearson-King,UK,Partnership,Fashion,2024-02-19,8581890.0
S101390,"Henderson, Diaz and Hill",Australia,Individual,Books,2024-09-19,8968107.0
S101391,"Sanders, Harris and Arnold",India,Private Limited,Fashion,2024-10-22,7733734.0
S101392,"Olson, Wood and Peters",Canada,Individual,Electronics,2023-05-22,8932115.0
S101393,Hinton-Lane,UK,LLP,Beauty,2024-03-16,2684111.0
S101394,"Sanders, Taylor and Shields",India,LLP,Automotive,2023-12-22,6012255.0
S101395,Adkins Group,Australia,LLP,Fashion,2024-10-23,4678469.0
S101396,"Avery, Garcia and Romero",Singapore,Individual,Automotive,2023-06-12,6545644.0
S101397,Owen-Mendez,Singapore,Individual,Sports,2023-07-28,3834649.0
S101398,"Mann, Martin and Oconnell",USA,LLP,Beauty,2025-09-07,2352852.0
S101399,Brock and Sons,India,Partnership,Sports,2025-10-20,3865608.0
S101400,Frost-Graham,Germany,Private Limited,Sports,2022-11-09,7204895.0
S101401,Baker LLC,UK,Sole Proprietor,Books,2024-07-08,9147172.0
S101402,Lynch Ltd,USA,Private Limited,Automotive,2022-10-11,9798077.0
S101403,Arias-Morales,Canada,Private Limited,Home,2022-10-10,5234132.0
S101404,"Meyer, Dawson and Harper",Australia,Sole Proprietor,Fashion,2024-05-30,2485253.0
S101405,Bowman Group,Australia,Sole Proprietor,Fashion,2023-10-13,1187730.0
S101406,Harris Ltd,Canada,Sole Proprietor,Automotive,2022-08-31,3139276.0
S101407,"Mitchell, Johnson and Greene",UK,Private Limited,Automotive,2022-03-02,5396688.0
S101408,"Hale, Gilbert and Craig",Germany,Partnership,Books,2024-06-26,4643537.0
S101409,Allen-Smith,USA,Private Limited,Electronics,2022-09-27,3149531.0
S101410,Miller LLC,India,Sole Proprietor,Sports,2023-07-01,9563404.0
S101411,Gomez-Foster,Canada,Private Limited,Sports,2023-04-21,3924066.0
S101412,"Gonzalez, Smith and Padilla",Australia,Individual,Books,2022-06-12,8046058.0
S101413,Dunn Ltd,USA,Sole Proprietor,Home,2025-05-23,7914546.0
S101414,"Herman, Bailey and Richmond",Australia,LLP,Fashion,2024-03-04,8295088.0
S101415,Perez-Mccarty,Germany,Private Limited,Fashion,2023-01-31,3846232.0
S101416,Spears-Andrews,India,Partnership,Home,2022-01-31,4577477.0
S101417,Thompson-Hunter,Germany,Private Limited,Automotive,2025-10-06,3452982.0
S101418,"Jones, Phillips and Arroyo",Singapore,Private Limited,Electronics,2022-12-29,7419982.0
S101419,"Frye, Walter and Li",Singapore,Sole Proprietor,Beauty,2025-11-09,5500844.0
S101420,"Wright, Ramos and Bennett",Singapore,Partnership,Fashion,2024-05-25,6842537.0
S101421,Carrillo-Todd,Singapore,Individual,Sports,2026-02-14,6431619.0
S101422,Maldonado-Mosley,Australia,LLP,Beauty,2025-06-06,9645467.0
S101423,Olson LLC,Canada,Sole Proprietor,Sports,2025-08-06,696123.0
S101424,Reyes and Sons,Canada,Individual,Beauty,2024-07-24,
S101425,"Haynes, Mcbride and Gutierrez",USA,Sole Proprietor,Sports,2024-03-21,708532.0
S101426,Black-Smith,Canada,Partnership,Sports,2026-04-17,877040.0
S101427,Wright-Davis,USA,LLP,Beauty,2024-03-26,5159570.0
S101428,"Goodman, Peterson and Spencer",Singapore,LLP,Beauty,2022-12-07,7137739.0
S101429,Woods LLC,UK,Sole Proprietor,Electronics,2025-11-14,8723311.0
S101430,Shannon LLC,USA,Partnership,Home,2025-08-16,7628236.0
S101431,Valentine Ltd,India,Sole Proprietor,Electronics,2023-01-04,9872182.0
S101432,Porter and Sons,Australia,Sole Proprietor,Fashion,2024-03-16,6988373.0
S101433,Moss LLC,UK,Partnership,Electronics,2023-01-02,7661499.0
S101434,Perez and Sons,Canada,Private Limited,Beauty,2022-07-04,4245684.0
S101435,"Kelly, Maxwell and Wilson",UK,Private Limited,Automotive,2026-02-10,2122728.0
S101436,Lowe Ltd,India,Individual,Automotive,2024-07-09,6139179.0
S101437,Austin-Duran,India,Sole Proprietor,Automotive,2024-02-26,8634338.0
S101438,"Rubio, Charles and Watson",Canada,Private Limited,Beauty,2025-02-01,6435526.0
S101439,Vasquez-Galloway,India,Private Limited,Books,2025-03-04,2568087.0
S101440,"Melton, Henry and Joyce",USA,Private Limited,Fashion,2026-04-25,910847.0
S101441,"Ramirez, Walker and Ray",Germany,LLP,Books,2026-02-04,7536970.0
S101442,Fox Group,UK,Private Limited,Electronics,2022-09-27,3453286.0
S101443,Ayers-Johnson,India,Sole Proprietor,Home,2023-06-03,254812.0
S101444,Long-Parks,Germany,Partnership,Home,2024-10-18,9168436.0
S101445,Bryant Inc,Singapore,Individual,Sports,2024-10-07,4040936.0
S101446,"Holmes, Stewart and Smith",USA,Sole Proprietor,Automotive,2024-09-01,7662468.0
S101447,"Clark, Carpenter and Nguyen",Germany,Partnership,Electronics,2025-05-16,160277.0
S101448,"Hensley, Lopez and Baker",USA,Sole Proprietor,Books,2025-06-23,9404114.0
S101449,Ruiz-Austin,Singapore,Private Limited,Electronics,2023-01-14,2537325.0
S101450,White-Coleman,India,LLP,Electronics,2022-10-25,594120.0
S101451,Haynes-Watson,Australia,Sole Proprietor,Home,2025-05-20,5057018.0
S101452,Ramirez-White,UK,Individual,Electronics,2022-08-12,7045376.0
S101453,Krause Ltd,USA,Private Limited,Automotive,2023-08-06,9651308.0
S101454,Olsen Ltd,Singapore,Sole Proprietor,Fashion,2024-07-21,9763442.0
S101455,Brock-Peters,UK,Individual,Electronics,2026-04-23,5071328.0
S101456,Gonzalez-Marsh,UK,LLP,Beauty,2022-05-19,7219304.0
S101457,"Hernandez, Shaffer and Thompson",Singapore,Sole Proprietor,Electronics,2023-08-23,7948995.0
S101458,Taylor-Barry,USA,Individual,Automotive,2023-07-17,5573202.0
S101459,"Holmes, Le and Floyd",Canada,Partnership,Sports,2023-03-06,3557293.0
S101460,King-Garrison,Canada,Individual,Electronics,2025-03-16,8924251.0
S101461,Ross Ltd,India,Partnership,Automotive,2025-11-11,4868203.0
S101462,Brown LLC,Germany,Sole Proprietor,Home,2023-10-11,4406372.0
S101463,Combs-Davis,Canada,Sole Proprietor,Sports,2023-12-26,2226225.0
S101464,"Cook, Ward and Castro",Canada,Sole Proprietor,Beauty,2024-11-30,8400710.0
S101465,Cooper-Jenkins,Germany,Private Limited,Sports,2023-04-22,4923580.0
S101466,Dillon-Mccarty,USA,Individual,Electronics,2022-02-19,7849486.0
S101467,Ray Ltd,Australia,Individual,Automotive,2023-03-01,7006372.0
S101468,"Ryan, Krause and Mitchell",Germany,Individual,Books,2023-12-18,9452211.0
S101469,Nunez-Freeman,Singapore,Private Limited,Electronics,2025-08-04,3425360.0
S101470,"Griffin, Miller and Austin",Australia,LLP,Books,2026-06-07,1188100.0
S101471,Welch-Thomas,UK,LLP,Sports,2025-01-31,5484540.0
S101472,Davidson LLC,Singapore,Individual,Electronics,2025-11-05,5641559.0
S101473,Welch-Duncan,UK,Partnership,Automotive,2025-03-11,538508.0
S101474,Miller LLC,Singapore,Private Limited,Fashion,2023-11-08,5719639.0
S101475,Edwards Ltd,Australia,Partnership,Beauty,2026-06-21,646568.0
S101476,Page-Jacobs,Australia,Private Limited,Beauty,2022-11-15,7777886.0
S101477,Nelson-Wallace,Singapore,Sole Proprietor,Books,2024-08-05,6994979.0
S101478,Adkins-Meyer,Australia,Individual,Home,2024-12-03,5072154.0
S101479,Gutierrez-White,Canada,LLP,Sports,2025-01-02,364043.0
S101480,Martinez and Sons,USA,Sole Proprietor,Automotive,2023-11-11,5982348.0
S101481,"King, Manning and Brady",India,Private Limited,Books,2022-03-05,5740033.0
S101482,Jackson Inc,Germany,Sole Proprietor,Home,2022-12-06,9629482.0
S101483,Brown Group,Canada,Partnership,Fashion,2025-05-03,2010327.0
S101484,"Brown, Wise and Warren",Singapore,LLP,Automotive,2023-10-07,580633.0
S101485,Garcia PLC,UK,Partnership,Electronics,2024-10-14,4036975.0
S101486,Miller Group,UK,Partnership,Home,2023-09-12,3676225.0
S101487,Perez-Rojas,Canada,LLP,Fashion,2022-08-18,6328297.0
S101488,Sims-Anderson,Singapore,Individual,Home,2023-02-18,1603639.0
S101489,Johnson Ltd,Germany,Sole Proprietor,Electronics,2026-06-25,8147744.0
S101490,Dalton-Nguyen,Canada,Private Limited,Fashion,2023-11-28,8161313.0
S101491,Mcdonald-Pitts,Australia,Sole Proprietor,Books,2026-05-08,5541819.0
S101492,Dunn-Taylor,USA,Individual,Home,2024-11-23,2276624.0
S101493,"Ryan, Garza and Bryant",USA,Individual,Beauty,2024-03-04,8813492.0
S101494,"Fields, Elliott and Mills",India,Individual,Books,2022-04-01,1510891.0
S101495,"Ferguson, Stout and Olson",UK,Partnership,Electronics,2022-07-31,8783844.0
S101496,Ballard Group,Singapore,LLP,Electronics,2025-03-28,5286888.0
S101497,Diaz-Green,Australia,Private Limited,Books,2023-02-15,3280379.0
S101498,Smith-Mills,UK,LLP,Sports,2023-10-16,7450692.0
S101499,Cooper Group,Australia,Individual,Books,2022-11-02,2692344.0
S101500,"Smith, Weeks and Arroyo",UK,Individual,Electronics,2025-06-29,9438962.0
S101501,Evans-Cannon,Canada,Individual,Fashion,2025-01-16,5927363.0
S101502,Harper-Robles,Canada,LLP,Books,2022-10-17,4802443.0
S101503,"Brooks, Jenkins and Castro",Canada,Private Limited,Fashion,2022-05-26,5274048.0
S101504,Wright-Espinoza,Canada,LLP,Sports,2024-06-27,901044.0
S101505,"Price, Gray and Baker",USA,Individual,Beauty,2025-10-15,896511.0
S101506,Garrett-Black,India,Partnership,Electronics,2022-06-26,7204907.0
S101507,"Aguirre, Cohen and Mitchell",Germany,Private Limited,Automotive,2025-05-05,9994799.0
S101508,"Patel, Adams and Lopez",Australia,Partnership,Sports,2023-12-30,5291884.0
S101509,White LLC,UK,Private Limited,Automotive,2026-04-03,9000391.0
S101510,Walsh PLC,India,Partnership,Sports,2022-09-27,1608874.0
S101511,Nelson-Dean,Singapore,Partnership,Electronics,2024-07-22,5257508.0
S101512,Flores and Sons,Australia,Partnership,Beauty,2023-04-20,3804647.0
S101513,Booker Inc,USA,Sole Proprietor,Books,2024-01-15,6627959.0
S101514,Compton LLC,USA,LLP,Home,2023-10-28,7654827.0
S101515,Martinez-Gonzales,Germany,Individual,Electronics,2024-08-31,1943930.0
S101516,Hall and Sons,UK,Partnership,Beauty,2022-12-16,4785492.0
S101517,Snyder LLC,Singapore,LLP,Sports,2025-03-22,2187316.0
S101518,Collins-Lloyd,Canada,Individual,Beauty,2026-01-02,1844848.0
S101519,Ford-Moody,UK,Sole Proprietor,Automotive,2022-05-26,5118701.0
S101520,Miller-Christensen,Canada,Partnership,Beauty,2025-04-24,6986404.0
S101521,Brown Group,USA,Sole Proprietor,Fashion,2025-01-27,2717917.0
S101522,Daniels and Sons,Germany,Partnership,Electronics,2023-11-29,3543656.0
S101523,Huang LLC,Singapore,Sole Proprietor,Beauty,2026-05-26,7354023.0
S101524,Clayton-Martinez,Canada,LLP,Sports,2025-11-22,4012012.0
S101525,"Wright, Wise and Ramos",USA,Individual,Automotive,2025-12-28,9683280.0
S101526,"Vang, Gonzalez and Moss",Singapore,Partnership,Electronics,2025-04-27,7816314.0
S101527,Boyd and Sons,UK,Sole Proprietor,Electronics,2024-06-30,3005709.0
S101528,Price-Ali,UK,Partnership,Electronics,2025-05-10,1874432.0
S101529,Moore-Chandler,Australia,Sole Proprietor,Home,2024-02-16,5542998.0
S101530,"Pineda, Meyer and King",Germany,Individual,Electronics,2023-03-22,2380636.0
S101531,"Evans, Ward and Williams",Canada,Individual,Home,2022-10-28,2553436.0
S101532,"Robinson, Rodriguez and Chen",Germany,Sole Proprietor,Books,2024-03-09,9746080.0
S101533,Smith-Bauer,Germany,Private Limited,Fashion,2025-10-27,5361628.0
S101534,"Wilson, Mccormick and Smith",UK,Sole Proprietor,Home,2025-10-23,5159503.0
S101535,Perkins Ltd,Germany,LLP,Electronics,2025-04-08,186218.0
S101536,Barker-Moore,Canada,Sole Proprietor,Beauty,2022-09-19,4985599.0
S101537,Wright Group,India,LLP,Sports,2022-04-19,64148.0
S101538,Parks LLC,Australia,Sole Proprietor,Home,2024-01-06,1890432.0
S101539,"Brown, Kelly and Moore",Singapore,LLP,Home,2022-03-05,3996691.0
S101540,"Moody, Martinez and Hall",Germany,Sole Proprietor,Beauty,2025-07-04,5387290.0
S101541,"Kramer, Sherman and Trujillo",Australia,Partnership,Beauty,2024-02-21,7351277.0
S101542,Quinn-Smith,Canada,Private Limited,Automotive,2022-12-22,8017020.0
S101543,Howard-Taylor,USA,Private Limited,Sports,2024-02-27,6094627.0
S101544,Washington Group,Singapore,Partnership,Fashion,2023-08-14,2156365.0
S101545,"Phillips, Terry and Lopez",USA,Individual,Electronics,2025-08-20,313533.0
S101546,Stephens LLC,USA,Partnership,Automotive,2024-06-13,2327939.0
S101547,"Mcdonald, Dillon and George",India,Private Limited,Automotive,2026-07-09,7026896.0
S101548,"Martin, Schmidt and Cole",Singapore,Partnership,Home,2025-11-25,7192130.0
S101549,Weaver-Gibson,Canada,Private Limited,Beauty,2024-11-09,7165631.0
S101550,"Hunter, Gross and Andrade",Canada,Partnership,Beauty,2023-12-29,3837304.0
S101551,"Vincent, Parsons and Allen",USA,Partnership,Sports,2022-01-16,9746199.0
S101552,"Brown, Coffey and Fuentes",Germany,Private Limited,Automotive,2024-10-24,4567272.0
S101553,Warren Group,Germany,Sole Proprietor,Sports,2024-01-22,611397.0
S101554,"Moore, Campbell and Ortiz",India,Sole Proprietor,Beauty,2025-12-14,6233722.0
S101555,Rodriguez-Mills,India,Sole Proprietor,Beauty,2025-11-15,1393236.0
S101556,Williams and Sons,USA,Sole Proprietor,Home,2026-03-18,4737895.0
S101557,Russo and Sons,Germany,Sole Proprietor,Electronics,2024-12-07,1533883.0
S101558,Washington Inc,USA,Partnership,Automotive,2026-02-27,1359997.0
S101559,Duncan Group,Australia,Sole Proprietor,Home,2025-04-02,5292875.0
S101560,"Burns, Hanson and Garza",Canada,Individual,Books,2024-12-31,230915.0
S101561,Diaz PLC,Germany,Partnership,Sports,2024-08-18,9679539.0
S101562,"Jones, Conrad and Clark",Australia,LLP,Beauty,2023-12-24,4992868.0
S101563,Hebert-Collier,UK,Private Limited,Electronics,2025-11-24,5151462.0
S101564,Owen-Brown,Australia,Sole Proprietor,Books,2022-05-06,7988316.0
S101565,"Paul, Zamora and Short",Canada,Private Limited,Sports,2022-04-16,4944806.0
S101566,"Brown, Jensen and Rice",Singapore,Sole Proprietor,Electronics,2023-08-11,8182926.0
S101567,"Jones, Torres and Blackburn",India,Private Limited,Sports,2022-06-07,4711529.0
S101568,"Davis, Hardy and Schmidt",UK,Private Limited,Sports,2023-07-30,4667376.0
S101569,Lee Ltd,Singapore,LLP,Electronics,2026-02-27,1921488.0
S101570,Hudson and Sons,Canada,Private Limited,Sports,2026-02-22,2585634.0
S101571,"Curry, Perry and Garcia",Australia,Partnership,Books,2026-07-13,2992713.0
S101572,"Ray, Craig and Park",UK,Private Limited,Beauty,2023-01-06,8898116.0
S101573,Andrade-Jackson,Singapore,Individual,Books,2022-06-22,2483874.0
S101574,Pierce PLC,Canada,Private Limited,Home,2024-10-12,6978115.0
S101575,Sandoval-Ferguson,Singapore,Partnership,Fashion,2025-09-15,7435078.0
S101576,"Ramos, Gomez and Edwards",Australia,Private Limited,Fashion,2025-03-29,5839409.0
S101577,Kirk-Gutierrez,India,LLP,Home,2022-08-26,931193.0
S101578,"Jordan, Swanson and Franklin",USA,Partnership,Beauty,2024-09-02,5106101.0
S101579,"Gardner, Brooks and Pierce",IN,Sole Proprietor,Fashion,2024-02-17,6594296.0
S101580,"King, Nixon and West",Germany,LLP,Fashion,2024-12-22,7343631.0
S101581,Smith-Johnson,India,LLP,Home,2024-07-08,
S101582,Larson-Holmes,Australia,LLP,Sports,2025-10-30,738161.0
S101583,Smith-Joyce,India,Sole Proprietor,Automotive,2023-12-26,7294164.0
S101584,Foley Inc,Canada,LLP,Books,2023-07-08,4530989.0
S101585,"Short, Ellison and Dixon",Singapore,Individual,Books,2025-09-02,9850860.0
S101586,"Howe, Moore and Johnson",Germany,Partnership,Home,2025-10-14,4106679.0
S101587,Moore-Baker,Australia,Sole Proprietor,Home,2023-02-04,8773352.0
S101588,"Wright, Scott and Evans",UK,Private Limited,Books,2025-01-26,227469.0
S101589,"Ross, Hardin and Navarro",Australia,Individual,Home,2022-05-20,250679.0
S101590,"Nguyen, Olson and Freeman",Germany,Individual,Sports,2022-08-01,7531668.0
S101591,"Warner, Weiss and Davis",UK,Private Limited,Automotive,2023-08-04,4276115.0
S101592,"Evans, Cross and Johnston",USA,Individual,Electronics,2025-06-22,1592518.0
S101593,Deleon LLC,India,Sole Proprietor,Automotive,2023-03-21,2093299.0
S101594,Hobbs-Hamilton,Australia,Individual,Electronics,2025-05-23,2229482.0
S101595,Kane and Sons,Germany,Sole Proprietor,Home,2023-01-14,1909671.0
S101596,"Delgado, Guzman and Smith",Australia,Private Limited,Books,2023-08-27,7884214.0
S101597,"Reyes, Torres and Williams",Australia,Individual,Automotive,2024-07-17,4686946.0
S101598,"Cunningham, Murphy and Wolfe",Singapore,Partnership,Automotive,2025-09-29,5475820.0
S101599,Williams Ltd,UK,Private Limited,Home,2022-06-01,4702111.0
S101600,Maddox-Mullins,Singapore,Individual,Beauty,2024-03-06,5631020.0
S101601,"Wagner, Walker and Roberts",India,LLP,Home,2023-06-27,3035161.0
S101602,Hernandez-Rogers,Germany,Individual,Beauty,2023-02-15,6637312.0
S101603,Duncan-Williams,USA,Partnership,Electronics,2022-10-22,9120302.0
S101604,Baker-Ross,Singapore,Partnership,Fashion,2025-06-11,1832574.0
S101605,Ayala-Anderson,Germany,LLP,Electronics,2022-03-13,1273386.0
S101606,Castillo and Sons,India,Sole Proprietor,Automotive,2023-05-29,7530659.0
S101607,Foster-Duncan,India,Partnership,Fashion,2025-08-30,64556.0
S101608,"Gilbert, Fitzgerald and Sanchez",India,Partnership,Books,2022-11-07,5583643.0
S101609,Adams Group,Germany,Sole Proprietor,Electronics,2024-11-21,8282235.0
S101610,Cohen-Johnston,Germany,Partnership,Beauty,2026-01-30,1226077.0
S101611,Powers Group,Canada,Private Limited,Electronics,2024-02-27,8137731.0
S101612,Bailey-Flores,India,Sole Proprietor,Sports,2024-01-06,5644190.0
S101613,"Rios, Carrillo and Jackson",Australia,LLP,Beauty,2022-04-24,1571139.0
S101614,Jensen-Branch,UK,Sole Proprietor,Home,2023-11-28,1399840.0
S101615,Hanson-Alexander,Singapore,Partnership,Home,2026-04-19,4914699.0
S101616,Gonzalez LLC,Australia,Private Limited,Fashion,2025-02-09,709867.0
S101617,Todd Inc,Germany,Private Limited,Books,2025-11-26,6594871.0
S101618,Singh and Sons,India,LLP,Beauty,2022-06-23,7398147.0
S101619,"Mcintosh, Melton and Wilkins",Australia,Private Limited,Fashion,2022-03-15,3289558.0
S101620,Cooper Inc,India,Sole Proprietor,Fashion,2024-09-28,6572436.0
S101621,Cole-Johnson,India,Sole Proprietor,Automotive,2023-09-23,8433308.0
S101622,Singh and Sons,Canada,Partnership,Electronics,2022-03-17,5742259.0
S101623,Payne LLC,India,LLP,Home,2026-01-16,768308.0
S101624,"Webb, Blair and Thomas",Germany,Individual,Fashion,2026-07-11,8826491.0
S101625,"Barnett, Bennett and Escobar",Germany,Sole Proprietor,Fashion,2026-02-26,9769808.0
S101626,"Williams, Jackson and Campbell",USA,Individual,Electronics,2026-02-15,2425493.0
S101627,"Williamson, Brown and Pena",Germany,Individual,Beauty,2025-06-20,818424.0
S101628,Jones Ltd,USA,Private Limited,Electronics,2022-12-19,888156.0
S101629,Alvarado-Durham,UK,Individual,Beauty,2025-06-05,2913692.0
S101630,Lin-Smith,Singapore,Sole Proprietor,Electronics,2022-08-06,1965617.0
S101631,"Hughes, Whitney and Romero",Germany,Sole Proprietor,Home,2025-06-14,3750592.0
S101632,"Garcia, Stewart and Delacruz",India,Private Limited,Beauty,2023-11-22,6794585.0
S101633,"Miller, Gonzalez and Rasmussen",UK,Individual,Automotive,2025-03-25,9208427.0
S101634,"House, Smith and Wright",USA,LLP,Home,2026-06-13,3627436.0
S101635,"Torres, Burns and Garner",Singapore,Individual,Sports,2022-12-22,5678818.0
S101636,Reed LLC,INDIA,Individual,Books,2022-10-17,7015133.0
S101637,Garrett-Young,USA,LLP,Sports,2022-12-04,7409513.0
S101638,"Hill, Brown and Scott",USA,Sole Proprietor,Electronics,2022-10-01,1727182.0
S101639,Zamora-Briggs,Singapore,Sole Proprietor,Beauty,2026-05-12,2696667.0
S101640,Raymond LLC,India,Partnership,Electronics,2022-01-14,171198.0
S101641,Hernandez Group,USA,Individual,Automotive,2025-08-27,4810225.0
S101642,"Taylor, Blair and Meyer",Germany,Partnership,Automotive,2022-09-17,3508794.0
S101643,"Salazar, Garrett and Perez",USA,LLP,Sports,2024-07-11,6962738.0
S101644,Berry Group,USA,Private Limited,Sports,2025-11-17,681179.0
S101645,Browning-Murphy,Canada,Private Limited,Automotive,2024-10-20,1526750.0
S101646,"Anderson, Delgado and Carpenter",Australia,LLP,Books,2024-05-07,126672.0
S101647,"Mcbride, Huffman and Parker",Canada,Private Limited,Fashion,2022-08-29,8945263.0
S101648,"Roach, Browning and Jordan",India,Sole Proprietor,Books,2026-04-08,9105046.0
S101649,Douglas PLC,Canada,Private Limited,Beauty,2026-04-27,3541484.0
S101650,Stewart PLC,UK,Individual,Fashion,2022-08-19,2553452.0
S101651,"Fry, Wilson and Stewart",Australia,Partnership,Beauty,2022-12-28,2730321.0
S101652,Acosta LLC,Australia,Individual,Electronics,2025-08-13,6160145.0
S101653,Ali-Turner,UK,Private Limited,Beauty,2023-05-30,5658533.0
S101654,"Peck, Shannon and Mahoney",Canada,Partnership,Electronics,2022-08-02,930075.0
S101655,Hernandez-Lopez,Canada,Private Limited,Fashion,2026-05-28,537633.0
S101656,Lopez PLC,Germany,Sole Proprietor,Electronics,2022-05-26,3997676.0
S101657,"Adams, Bradley and Hall",Australia,Partnership,Sports,2025-04-02,5518907.0
S101658,Hall Inc,Germany,Private Limited,Automotive,2025-10-18,5514086.0
S101659,Miller-Chan,USA,Individual,Books,2023-04-12,1695243.0
S101660,Shaw PLC,USA,Partnership,Home,2023-02-14,6350387.0
S101661,Joseph-Brooks,USA,Individual,Beauty,2025-04-13,8177012.0
S101662,Henry-Taylor,India,Partnership,Fashion,2023-03-19,7683480.0
S101663,Perez Group,USA,Partnership,Books,2022-10-07,7729606.0
S101664,Schaefer Group,Australia,Private Limited,Automotive,2024-01-05,4574723.0
S101665,Newton and Sons,USA,LLP,Fashion,2022-03-07,9590629.0
S101666,Jones Group,India,LLP,Fashion,2022-08-16,7860369.0
S101667,"Burns, Nguyen and Ellis",Germany,Partnership,Fashion,2026-04-07,5814248.0
S101668,Patterson Inc,USA,LLP,Sports,2022-11-18,2901044.0
S101669,"Moss, James and Edwards",Canada,Sole Proprietor,Home,2023-04-16,1500798.0
S101670,"Crosby, Armstrong and Herrera",Germany,Sole Proprietor,Beauty,2023-03-20,9975080.0
S101671,"Liu, Buchanan and Meyer",Germany,Partnership,Books,2022-01-30,7232500.0
S101672,Bryant-Rich,Australia,Private Limited,Fashion,2023-11-02,7335484.0
S101673,Stone Group,Canada,Private Limited,Sports,2022-11-02,9675101.0
S101674,"Williams, Hughes and Hubbard",India,Partnership,Electronics,2022-03-24,7946240.0
S101675,Lee Group,Australia,Sole Proprietor,Electronics,2024-05-21,8960743.0
S101676,Wilkerson-Ayala,Germany,Partnership,Home,2026-06-23,1694153.0
S101677,Murray-Henderson,Germany,Partnership,Fashion,2022-06-20,9419856.0
S101678,"Ellison, Vaughn and Mckee",Singapore,Individual,Automotive,2026-02-07,6871919.0
S101679,Gallegos-Hayes,USA,Private Limited,Books,2023-08-29,4060801.0
S101680,"Mason, White and Richards",Australia,Individual,Electronics,2024-09-09,5164309.0
S101681,"Payne, Long and Morris",USA,Partnership,Home,2025-03-14,9842191.0
S101682,White PLC,India,Partnership,Beauty,2026-04-30,2375723.0
S101683,"Huang, Khan and Davis",Singapore,Partnership,Fashion,2026-06-06,6264624.0
S101684,Holt-Meadows,Australia,Partnership,Automotive,2025-07-21,72878.0
S101685,Higgins Inc,Singapore,Individual,Beauty,2025-11-15,5635238.0
S101686,Wilson Group,Canada,Individual,Books,2024-05-22,4576314.0
S101687,"Cox, Mills and Cruz",Australia,Sole Proprietor,Sports,2025-03-24,3525340.0
S101688,"Salazar, Moore and Pierce",Singapore,Individual,Sports,2023-11-19,969587.0
S101689,Tate LLC,Canada,LLP,Electronics,2022-08-16,6474918.0
S101690,"Savage, Huffman and Martin",UK,Partnership,Sports,2022-03-25,6183266.0
S101691,White Ltd,UK,Private Limited,Automotive,2025-02-18,1174172.0
S101692,Barnes LLC,india,Private Limited,Fashion,2023-11-17,4053592.0
S101693,"Mack, Griffin and Sims",Canada,Individual,Automotive,2024-09-06,9782788.0
S101694,Roach and Sons,Singapore,Private Limited,Home,2026-03-06,3832209.0
S101695,Dean LLC,UK,LLP,Books,2024-10-28,7145573.0
S101696,Ellis Group,UK,Individual,Electronics,2024-02-03,5841940.0
S101697,"Aguirre, Franklin and Snyder",Germany,Partnership,Sports,2024-12-14,2108722.0
S101698,Chapman Group,Germany,Sole Proprietor,Automotive,2024-12-27,4953382.0
S101699,Ortiz-Miller,Germany,Sole Proprietor,Books,2026-06-27,1151048.0
S101700,"Smith, Khan and Ramirez",USA,Partnership,Electronics,2022-06-14,6604564.0
S101701,"Grant, Bryan and Williams",USA,LLP,Electronics,2022-08-12,2814318.0
S101702,Brown LLC,UK,Individual,Automotive,2022-10-31,8377014.0
S101703,Thomas Inc,USA,Private Limited,Sports,2025-07-08,430679.0
S101704,"Lane, Morrison and Rivera",UK,Partnership,Automotive,2025-01-13,2265051.0
S101705,Williams Group,Germany,LLP,Beauty,2024-06-28,410413.0
S101706,Martin LLC,UK,Private Limited,Electronics,2022-02-15,3947818.0
S101707,"Guerrero, Graves and Armstrong",Singapore,Sole Proprietor,Automotive,2023-11-19,6957041.0
S101708,"Thompson, Gibson and Riley",Canada,LLP,Automotive,2025-08-16,5524513.0
S101709,Davis LLC,Germany,Sole Proprietor,Automotive,2025-11-28,8944713.0
S101710,Richardson-Gray,Singapore,Sole Proprietor,Beauty,2024-07-26,5151655.0
S101711,Chang PLC,Canada,Private Limited,Home,2023-09-20,
S101712,Carter and Sons,Singapore,LLP,Fashion,2024-09-18,6289485.0
S101713,Neal LLC,UK,Individual,Fashion,2023-12-25,4821138.0
S101714,Rose-Warren,Germany,Private Limited,Sports,2022-11-26,9031123.0
S101715,"Clark, Brown and Duncan",UK,Private Limited,Fashion,2025-12-21,2625047.0
S101716,"Rice, Miller and Ramsey",USA,Private Limited,Electronics,2022-03-26,5362100.0
S101717,"Peck, Andersen and Mitchell",Canada,Private Limited,Beauty,2023-06-18,6252069.0
S101718,"Abbott, Green and Andrews",USA,Private Limited,Sports,2025-12-19,631986.0
S101719,"Gomez, Anderson and Hart",Australia,LLP,Books,2022-10-30,6306474.0
S101720,"Daniel, Jimenez and Morton",Germany,Sole Proprietor,Fashion,2024-12-28,5109333.0
S101721,"Hall, Roberts and Lee",India,Individual,Beauty,2024-10-19,2489136.0
S101722,Johnson Ltd,Germany,LLP,Fashion,2022-01-09,9212802.0
S101723,Mclaughlin and Sons,Canada,LLP,Automotive,2025-12-15,5008621.0
S101724,"Duarte, Gutierrez and Cook",Germany,LLP,Home,2025-03-20,2517651.0
S101725,"Shaffer, Lewis and Davidson",Singapore,Sole Proprietor,Automotive,2024-06-24,5732181.0
S101726,"Campbell, Tyler and Parker",Australia,Individual,Automotive,2024-09-07,722446.0
S101727,"Pierce, Wang and Wilson",USA,Sole Proprietor,Electronics,2023-09-23,466001.0
S101728,Peterson-Ramsey,Germany,Sole Proprietor,Home,2023-03-28,
S101729,"Choi, Collier and Lee",UK,Individual,Books,2022-04-23,3324069.0
S101730,Nielsen-Mendoza,Canada,Sole Proprietor,Fashion,2026-05-20,4712844.0
S101731,Robles-Brewer,USA,Individual,Electronics,2025-01-07,7523546.0
S101732,Moore-Murray,Australia,Individual,Sports,2024-03-18,3312330.0
S101733,"Huang, Ford and Olsen",Germany,LLP,Sports,2025-05-24,8632482.0
S101734,"Brown, Meyer and Cunningham",India,LLP,Beauty,2022-10-30,7224616.0
S101735,"Stewart, Herrera and Clark",UK,Partnership,Books,2022-01-25,4825640.0
S101736,"Rivera, Hendricks and Flynn",UK,LLP,Books,2024-07-01,9462572.0
S101737,Montes LLC,India,Private Limited,Automotive,2024-06-28,7022774.0
S101738,Morgan Group,Singapore,Partnership,Books,2022-12-02,7160724.0
S101739,"Ferguson, Martin and Obrien",Australia,Partnership,Fashion,2025-04-17,1494148.0
S101740,Larson LLC,USA,Private Limited,Books,2024-08-30,8863089.0
S101741,"Hodge, Mckinney and Nelson",UK,Individual,Sports,2026-03-29,6354414.0
S101742,Crawford and Sons,India,Individual,Beauty,2025-08-01,4635697.0
S101743,Hayes-Sampson,Germany,Private Limited,Sports,2024-08-04,9578054.0
S101744,Warren and Sons,Singapore,Private Limited,Fashion,2023-01-16,6455029.0
S101745,Brooks Inc,UK,Sole Proprietor,Beauty,2022-03-28,5116600.0
S101746,Gentry Group,Singapore,Sole Proprietor,Books,2024-10-08,9433179.0
S101747,"Johnson, Webb and Porter",Australia,Partnership,Fashion,2022-02-24,91048.0
S101748,Peterson Group,USA,LLP,Books,2025-08-04,7977925.0
S101749,"Russo, Collins and Murphy",India,LLP,Beauty,2023-01-03,8302486.0
S101750,Short PLC,Australia,Private Limited,Electronics,2022-09-02,4700930.0
S101751,"Haney, Harris and Johnson",Germany,Individual,Sports,2026-03-07,6119317.0
S101752,Reeves-Boyd,Canada,Partnership,Sports,2024-06-12,4377037.0
S101753,Collins Inc,Australia,Partnership,Automotive,2022-09-02,6311294.0
S101754,"Charles, Wiggins and Cook",Canada,Sole Proprietor,Electronics,2023-06-16,2782123.0
S101755,Garcia Ltd,Canada,Individual,Fashion,2023-10-17,7785034.0
S101756,"Edwards, Lane and Collins",Australia,Private Limited,Books,2022-12-01,937318.0
S101757,Flores and Sons,UK,LLP,Beauty,2025-07-27,6022425.0
S101758,Hill-Flores,India,LLP,Books,2024-12-20,1338937.0
S101759,Lambert-Nelson,Canada,Private Limited,Home,2025-07-10,3124382.0
S101760,Hill Inc,Singapore,Individual,Sports,2026-03-22,2854075.0
S101761,"Castro, Garcia and Daniels",Canada,LLP,Home,2023-10-10,5101155.0
S101762,"Flores, Thomas and Bush",UK,LLP,Electronics,2024-12-30,9781567.0
S101763,Andrews-Jackson,UK,Private Limited,Electronics,2022-10-08,8743462.0
S101764,Austin-Morgan,UK,LLP,Home,2024-09-20,6962120.0
S101765,Williams-Johnson,UK,Private Limited,Electronics,2023-03-23,2643001.0
S101766,"Williams, Reyes and Miller",Canada,Private Limited,Home,2023-01-21,9422679.0
S101767,White-Carlson,Canada,Sole Proprietor,Home,2024-12-25,9296138.0
S101768,"Soto, Vaughn and Griffin",Australia,Individual,Beauty,2024-08-01,1331784.0
S101769,Edwards-Roth,India,Private Limited,Electronics,2024-09-09,5891992.0
S101770,"Chang, Lamb and Miller",UK,LLP,Fashion,2024-06-24,8826515.0
S101771,Bradley-Davis,Singapore,LLP,Fashion,2025-12-24,5161753.0
S101772,"Mcdonald, Bryant and Cohen",India,Individual,Fashion,2022-09-21,2438393.0
S101773,"Miranda, Ruiz and Meza",Australia,Private Limited,Books,2022-09-14,3570547.0
S101774,Callahan PLC,USA,Individual,Beauty,2025-11-15,1924387.0
S101775,Durham-Myers,India,Individual,Home,2024-09-18,7285132.0
S101776,"Stark, Rivera and Valencia",India,Private Limited,Electronics,2022-03-09,8664751.0
S101777,Chavez-Johnson,Canada,Individual,Beauty,2022-09-01,4294844.0
S101778,Rodriguez-Mendoza,India,Individual,Books,2025-09-29,222342.0
S101779,Campbell LLC,Singapore,Individual,Home,2022-09-11,3496060.0
S101780,"Andrews, Romero and Sullivan",Canada,Private Limited,Fashion,2025-10-05,5947756.0
S101781,"Robles, Nguyen and Banks",India,Individual,Fashion,2026-03-09,4703591.0
S101782,Patel-Morales,Canada,LLP,Books,2022-11-25,8449251.0
S101783,Allen-Sanchez,Singapore,Sole Proprietor,Fashion,2024-10-31,9616961.0
S101784,Dickson Group,India,Individual,Home,2025-03-30,284617.0
S101785,Peterson Ltd,Canada,Private Limited,Automotive,2023-01-28,4778772.0
S101786,"Reynolds, Baird and Bradley",USA,Sole Proprietor,Electronics,2026-01-25,1705671.0
S101787,Stephens-Young,USA,Sole Proprietor,Home,2025-12-20,8014404.0
S101788,"Caldwell, Stevenson and Joseph",UK,Sole Proprietor,Fashion,2024-06-19,1850606.0
S101789,Wilson-Carlson,USA,LLP,Beauty,2024-05-18,3644921.0
S101790,Peters-Short,Canada,Private Limited,Beauty,2022-08-20,5322748.0
S101791,Parker Group,India,Partnership,Electronics,2024-11-30,2330231.0
S101792,George Ltd,Germany,LLP,Automotive,2023-08-14,9397125.0
S101793,"Wise, Gray and Snyder",Australia,Individual,Electronics,2023-11-03,8333126.0
S101794,"Brown, Robinson and Taylor",India,Partnership,Books,2024-07-24,5284607.0
S101795,"Berger, Fields and Smith",Australia,Partnership,Fashion,2025-02-08,6883061.0
S101796,Guerrero Group,UK,Partnership,Fashion,2022-05-23,8030532.0
S101797,"Carter, Gilbert and West",Australia,LLP,Fashion,2022-01-27,8298490.0
S101798,Maldonado LLC,Australia,Individual,Beauty,2024-06-16,8818819.0
S101799,Hudson-Gentry,Australia,Individual,Electronics,2022-10-21,6673837.0
S101800,Sellers-Zuniga,Germany,Sole Proprietor,Electronics,2026-02-27,2880705.0
S101801,"Haas, Cooper and Davis",India,LLP,Fashion,2023-11-25,3409863.0
S101802,Carr PLC,Canada,Partnership,Electronics,2023-04-22,7175354.0
S101803,Abbott-Phelps,Australia,Partnership,Books,2026-04-16,9812974.0
S101804,Wood PLC,Canada,LLP,Home,2026-06-05,6764837.0
S101805,Smith PLC,UK,Partnership,Automotive,2025-05-20,6835437.0
S101806,Rodriguez-Campbell,Germany,Sole Proprietor,Books,2022-10-29,7677505.0
S101807,Young Ltd,India,Individual,Books,2024-09-29,8392869.0
S101808,"Long, Flores and Reyes",USA,Private Limited,Electronics,2022-07-23,936716.0
S101809,Graham-Clark,Singapore,Individual,Beauty,2025-10-20,498771.0
S101810,Wells and Sons,USA,Partnership,Sports,2025-10-23,5535409.0
S101811,"Cruz, Middleton and Larsen",USA,LLP,Sports,2025-06-30,1666210.0
S101812,Roberts Ltd,india,Individual,Automotive,2026-03-20,8773295.0
S101813,Taylor Inc,Singapore,Partnership,Home,2024-08-12,3437852.0
S101814,"Smith, Griffith and Tucker",UK,Partnership,Beauty,2024-10-30,4440014.0
S101815,Proctor-Taylor,Canada,LLP,Home,2025-01-12,9220762.0
S101816,May Group,India,Individual,Beauty,2022-09-01,6486241.0
S101817,English-Dominguez,Germany,LLP,Home,2024-02-10,7474860.0
S101818,Hanson-Gibson,Germany,Individual,Electronics,2022-12-29,9389314.0
S101819,Arnold-Cole,Australia,LLP,Automotive,2022-12-03,8295659.0
S101820,Perez-Coleman,Germany,Private Limited,Books,2026-01-05,6577687.0
S101821,Lane Ltd,Germany,Individual,Sports,2025-10-14,8280125.0
S101822,Joseph LLC,Australia,Sole Proprietor,Automotive,2025-01-09,9650094.0
S101823,House-Johnston,Germany,Partnership,Sports,2022-11-17,8550764.0
S101824,Good PLC,India,Partnership,Books,2024-10-10,9966091.0
S101825,Bush-Wilson,Germany,Sole Proprietor,Automotive,2023-12-24,4822070.0
S101826,Nixon-Miller,UK,Individual,Electronics,2025-04-24,806962.0
S101827,"Simon, Terrell and Terrell",USA,LLP,Books,2026-07-16,9847340.0
S101828,Marshall-Miller,India,LLP,Beauty,2022-07-19,7233134.0
S101829,"Davis, Kennedy and Harmon",UK,LLP,Beauty,2023-12-21,997061.0
S101830,"Miller, Schultz and Yates",Australia,Private Limited,Fashion,2023-04-26,5286161.0
S101831,Austin-Berger,Canada,Individual,Automotive,2022-05-15,5165582.0
S101832,"Osborne, Harrison and Hunt",India,LLP,Fashion,2022-02-10,9083135.0
S101833,Berry-Rivera,UK,Individual,Beauty,2025-09-09,7137921.0
S101834,Yu-Yates,Canada,Sole Proprietor,Beauty,2023-07-01,392293.0
S101835,Jackson-Neal,Australia,Partnership,Sports,2022-02-15,5360229.0
S101836,"Curry, Acosta and Elliott",Germany,Sole Proprietor,Beauty,2023-10-23,9655604.0
S101837,Soto PLC,India,Partnership,Electronics,2025-11-15,3504568.0
S101838,Berry Ltd,UK,Partnership,Sports,2026-07-20,5746526.0
S101839,Lamb-Weber,USA,Sole Proprietor,Books,2024-01-15,7364717.0
S101840,Washington-Martinez,USA,Partnership,Automotive,2026-06-01,1313679.0
S101841,York LLC,Singapore,Sole Proprietor,Fashion,2023-08-12,4498564.0
S101842,Anderson-Campbell,India,LLP,Sports,2024-04-03,3839737.0
S101843,Smith-Rodriguez,Canada,Individual,Automotive,2025-03-30,1639366.0
S101844,Kent Ltd,Canada,LLP,Books,2022-05-18,9553089.0
S101845,Hopkins LLC,Singapore,Sole Proprietor,Beauty,2024-05-24,3568839.0
S101846,Green Ltd,UK,Individual,Automotive,2023-09-11,8516446.0
S101847,Washington PLC,Singapore,LLP,Beauty,2025-09-20,9108817.0
S101848,Cooper Inc,UK,Private Limited,Beauty,2024-04-03,4265523.0
S101849,Larson and Sons,Canada,Sole Proprietor,Beauty,2025-10-07,9236574.0
S101850,Mullins-Gutierrez,USA,Individual,Automotive,2025-12-11,8710803.0
S101851,Young-Alexander,Singapore,Private Limited,Sports,2024-10-19,3622755.0
S101852,"Jackson, Lane and Wilkinson",Australia,Partnership,Books,2025-07-30,8987547.0
S101853,May Inc,Singapore,Sole Proprietor,Home,2026-04-25,7326689.0
S101854,Jackson Group,Canada,Individual,Sports,2023-02-15,6161514.0
S101855,Turner-Reese,Germany,Private Limited,Fashion,2022-11-05,5087789.0
S101856,"Hall, Vega and Price",Singapore,Partnership,Beauty,2023-10-15,1130914.0
S101857,Thomas-Berg,Australia,Private Limited,Home,2024-04-24,4528422.0
S101858,Roberts Group,Singapore,LLP,Automotive,2022-11-25,4352460.0
S101859,Gregory-Nixon,Australia,Sole Proprietor,Fashion,2024-04-11,4051087.0
S101860,"Blanchard, Davis and Schmidt",India,Private Limited,Fashion,2022-02-26,4170259.0
S101861,Blanchard-Reynolds,Singapore,LLP,Beauty,2024-09-21,9442305.0
S101862,"Garrison, Rogers and Adams",Germany,Partnership,Automotive,2022-03-17,3438838.0
S101863,Scott PLC,USA,LLP,Fashion,2022-03-01,4385179.0
S101864,Murray-Leonard,Singapore,LLP,Automotive,2025-02-01,3002542.0
S101865,Navarro PLC,Australia,Individual,Automotive,2024-09-22,384013.0
S101866,Meyer Ltd,India,Individual,Books,2025-05-17,5049260.0
S101867,"Kaiser, Edwards and Smith",Singapore,Individual,Beauty,2024-01-15,1565088.0
S101868,Decker Inc,Germany,Private Limited,Fashion,2022-08-18,9629343.0
S101869,Davis-Garcia,Australia,Sole Proprietor,Electronics,2024-12-04,9787827.0
S101870,Bell-Hardy,Singapore,Sole Proprietor,Books,2024-10-13,1564123.0
S101871,Lee-Johnson,USA,Sole Proprietor,Electronics,2026-05-03,5308152.0
S101872,Brown PLC,UK,Sole Proprietor,Automotive,2024-03-09,4008384.0
S101873,"Shannon, Robinson and Greene",Germany,Private Limited,Fashion,2022-08-07,2988600.0
S101874,Erickson Inc,USA,LLP,Beauty,2024-04-16,4316545.0
S101875,Gates and Sons,Singapore,Sole Proprietor,Electronics,2024-10-01,9000140.0
S101876,Douglas-Yoder,UK,Individual,Books,2025-01-22,7159870.0
S101877,"Pratt, Lopez and Rodriguez",Germany,Private Limited,Books,2026-05-26,2481212.0
S101878,King Group,UK,Partnership,Automotive,2024-01-24,5220258.0
S101879,"Mayer, Fowler and Livingston",India,Sole Proprietor,Electronics,2026-02-23,967249.0
S101880,Hammond-Schwartz,Australia,Private Limited,Books,2025-02-05,6504030.0
S101881,"Carrillo, Morris and Martin",UK,LLP,Home,2025-11-04,2097722.0
S101882,Ramirez Inc,INDIA,Private Limited,Home,2024-06-25,6567462.0
S101883,Price-Ferrell,India,Partnership,Books,2023-09-09,1564149.0
S101884,Sosa-Baker,Singapore,Private Limited,Books,2023-03-07,2738166.0
S101885,Jones-Krause,Germany,LLP,Home,2026-04-20,6866395.0
S101886,Bishop and Sons,Singapore,Individual,Books,2022-06-14,8299220.0
S101887,"Vasquez, Thomas and Mack",Germany,Partnership,Home,2023-11-13,7136125.0
S101888,Mendez Inc,Singapore,Individual,Home,2022-11-25,4428351.0
S101889,Baldwin-Garcia,Canada,Individual,Books,2024-05-11,9239346.0
S101890,Jones Ltd,Australia,LLP,Beauty,2025-11-24,508871.0
S101891,Waters-Smith,Singapore,Individual,Automotive,2025-08-06,3132639.0
S101892,Hernandez-Bowman,Australia,Partnership,Home,2025-08-05,2333248.0
S101893,Ortega LLC,India,Partnership,Fashion,2025-07-10,5176237.0
S101894,Graves Group,UK,Sole Proprietor,Electronics,2022-08-15,2697821.0
S101895,"Smith, Zimmerman and Wise",INDIA,Sole Proprietor,Automotive,2026-04-22,2232597.0
S101896,Graham-Anthony,Singapore,Sole Proprietor,Automotive,2024-04-20,5408628.0
S101897,Fernandez Inc,Germany,Partnership,Home,2026-02-14,2289922.0
S101898,Finley-Meyers,UK,Private Limited,Automotive,2025-04-29,5545887.0
S101899,Martinez-Nichols,Singapore,LLP,Fashion,2022-06-22,7004096.0
S101900,Cook-Turner,UK,Private Limited,Beauty,2024-02-12,9619565.0
S101901,Chen Ltd,USA,Individual,Electronics,2025-02-17,3887070.0
S101902,Diaz LLC,India,Partnership,Fashion,2023-06-21,2881255.0
S101903,Randall LLC,India,Partnership,Sports,2024-05-28,4414723.0
S101904,"Harris, Spencer and Ponce",USA,Individual,Books,2022-12-15,9566756.0
S101905,"Lee, Dominguez and Mosley",India,Individual,Automotive,2024-12-12,7350752.0
S101906,"Barker, Tucker and Mcclure",Singapore,Partnership,Home,2025-10-11,
S101907,Moss-Taylor,India,Private Limited,Automotive,2023-02-21,3246800.0
S101908,Johnson PLC,Singapore,LLP,Books,2026-03-09,8340765.0
S101909,Burns Inc,INDIA,Private Limited,Beauty,2023-02-28,3666607.0
S101910,"Schneider, Porter and Hanna",Singapore,LLP,Automotive,2025-10-18,3226986.0
S101911,Levy-Smith,Germany,Private Limited,Beauty,2026-06-11,2498514.0
S101912,Brown-French,india,LLP,Books,2023-04-28,7616133.0
S101913,Sullivan and Sons,USA,LLP,Sports,2025-11-02,7736718.0
S101914,"Contreras, Ellis and Gregory",INDIA,Individual,Beauty,2022-09-30,5473167.0
S101915,"Hernandez, Riley and Buckley",Australia,Partnership,Automotive,2023-03-11,6483986.0
S101916,Moss Group,Australia,Partnership,Automotive,2025-05-08,4348752.0
S101917,"Smith, Meadows and Montgomery",India,Individual,Sports,2022-05-01,924304.0
S101918,Haynes and Sons,UK,Private Limited,Beauty,2023-12-27,813562.0
S101919,Jackson Inc,India,LLP,Sports,2025-06-23,6441073.0
S101920,Hoover-Davis,UK,Partnership,Automotive,2024-01-30,2268589.0
S101921,"Jackson, Garza and Meyers",Canada,Individual,Sports,2023-01-03,4416969.0
S101922,Wilson PLC,USA,Sole Proprietor,Beauty,2023-11-26,7903160.0
S101923,"Walker, Brock and Simmons",india,Individual,Books,2025-12-25,8949034.0
S101924,"Gregory, Nguyen and Daugherty",Germany,Private Limited,Books,2022-08-28,5305791.0
S101925,"Gardner, Morris and Oconnell",India,Private Limited,Beauty,2023-07-30,6099733.0
S101926,Duran PLC,Germany,LLP,Books,2025-06-09,4475123.0
S101927,Rogers Inc,Canada,LLP,Beauty,2022-12-04,5343931.0
S101928,Thomas-Perry,Australia,Partnership,Home,2022-11-06,9372674.0
S101929,"Wood, Martin and Sanchez",Singapore,Partnership,Electronics,2023-01-22,2543443.0
S101930,"Williams, Garcia and Boone",India,Private Limited,Fashion,2022-03-15,7939444.0
S101931,"Bennett, Moore and Hobbs",UK,Private Limited,Automotive,2024-08-14,7372078.0
S101932,Smith and Sons,India,Partnership,Electronics,2024-06-23,6031414.0
S101933,Mann PLC,Australia,Sole Proprietor,Beauty,2024-07-26,8320975.0
S101934,Butler-Aguirre,India,Private Limited,Electronics,2023-12-17,1619976.0
S101935,Schwartz-Harris,USA,LLP,Fashion,2022-12-11,8585203.0
S101936,"Nelson, Cole and Allen",Singapore,LLP,Sports,2025-09-20,9876036.0
S101937,Bishop Inc,USA,Sole Proprietor,Electronics,2024-12-13,9626230.0
S101938,"White, Porter and Clements",USA,Partnership,Electronics,2023-05-20,8406912.0
S101939,"Serrano, Turner and Barnes",Australia,Individual,Books,2022-02-23,4819447.0
S101940,"Young, Wilson and Moreno",Australia,Individual,Beauty,2024-02-05,9954236.0
S101941,Montgomery PLC,India,LLP,Fashion,2022-03-01,
S101942,"Robinson, Townsend and Hopkins",Germany,Partnership,Beauty,2025-07-10,4568413.0
S101943,Brown-Rodriguez,Canada,Individual,Books,2022-03-31,7651790.0
S101944,Jennings Group,UK,Sole Proprietor,Fashion,2023-03-09,866752.0
S101945,Thompson-Santiago,Singapore,LLP,Books,2026-06-23,981723.0
S101946,Brown LLC,Australia,Individual,Sports,2025-05-18,6448678.0
S101947,Clark-King,India,Partnership,Books,2022-12-31,4077876.0
S101948,"Trujillo, Chang and Williams",Singapore,Partnership,Electronics,2022-02-12,3543397.0
S101949,"Williams, Medina and Moore",USA,Partnership,Home,2024-04-04,4830430.0
S101950,Washington Inc,Australia,Private Limited,Electronics,2023-09-04,8285014.0
S101951,Jacobson Ltd,Singapore,Partnership,Automotive,2026-07-10,5252636.0
S101952,Watkins-Nguyen,Australia,Sole Proprietor,Fashion,2024-01-06,1662483.0
S101953,Burgess LLC,Singapore,LLP,Sports,2023-02-14,8264511.0
S101954,Maxwell LLC,Germany,Partnership,Beauty,2023-07-04,9496530.0
S101955,Garcia Ltd,Canada,Partnership,Electronics,2026-03-30,7138983.0
S101956,Kane-Bennett,Singapore,LLP,Sports,2023-01-17,7333088.0
S101957,Jones PLC,Australia,Partnership,Electronics,2022-03-24,8662440.0
S101958,Brown-Graham,UK,Partnership,Automotive,2023-04-05,2651637.0
S101959,Reilly Group,Germany,Sole Proprietor,Automotive,2025-08-18,8852632.0
S101960,Hughes and Sons,India,LLP,Beauty,2024-06-14,1378472.0
S101961,Cortez-Chen,Singapore,Partnership,Books,2022-11-01,2193956.0
S101962,Harris-Martinez,Australia,LLP,Home,2023-05-25,8826028.0
S101963,"Carroll, Ramirez and Rodriguez",Germany,LLP,Sports,2022-04-08,9294150.0
S101964,Ellis-Jackson,India,Individual,Sports,2022-08-09,8617311.0
S101965,Robinson-Phillips,Germany,Partnership,Electronics,2024-08-09,9587481.0
S101966,Clarke Ltd,Singapore,LLP,Books,2023-06-06,9874198.0
S101967,"Whitehead, Lane and Tran",India,Sole Proprietor,Electronics,2022-08-22,7815820.0
S101968,Miller PLC,USA,Private Limited,Home,2024-03-15,809315.0
S101969,Atkins-Robinson,India,Partnership,Automotive,2023-09-02,5317145.0
S101970,Hood-Ramirez,Canada,Partnership,Home,2025-10-04,7598873.0
S101971,"Patterson, Salas and Wright",Canada,LLP,Books,2026-07-17,3190556.0
S101972,Riley-Snow,USA,Private Limited,Electronics,2026-03-10,4400628.0
S101973,"Shah, Mcintyre and Villanueva",Singapore,Individual,Beauty,2024-12-30,350567.0
S101974,Baird-Williams,India,Partnership,Electronics,2022-01-28,2931241.0
S101975,Quinn-Gordon,Australia,Partnership,Beauty,2025-11-17,6846309.0
S101976,Schmidt-Mendoza,Singapore,Sole Proprietor,Automotive,2024-09-23,5130140.0
S101977,"Nicholson, Chavez and Allen",Canada,Sole Proprietor,Books,2025-11-15,6676953.0
S101978,"Mullins, Steele and Russell",Singapore,LLP,Electronics,2022-09-14,2316835.0
S101979,Anderson LLC,India,Private Limited,Electronics,2026-07-30,316510.0
S101980,Holland Inc,Australia,Private Limited,Home,2022-02-24,3560288.0
S101981,Castillo LLC,Germany,Private Limited,Automotive,2023-05-11,7361317.0
S101982,Warner PLC,Singapore,Sole Proprietor,Fashion,2022-06-26,5098564.0
S101983,"Silva, Bray and Ford",Singapore,Partnership,Fashion,2024-08-28,7127958.0
S101984,Sawyer Group,India,Individual,Fashion,2022-11-09,7520322.0
S101985,Clarke LLC,Germany,Partnership,Electronics,2024-07-09,9868467.0
S101986,"Marshall, Schultz and Dalton",USA,Private Limited,Books,2025-03-12,6622195.0
S101987,Cruz Ltd,India,LLP,Electronics,2022-07-30,7294199.0
S101988,Schmidt-Phillips,Germany,Partnership,Automotive,2025-03-31,9349686.0
S101989,Wolfe-Salazar,UK,Individual,Beauty,2024-03-29,8205420.0
S101990,"Norton, French and Miller",Canada,Sole Proprietor,Automotive,2025-06-06,8235628.0
S101991,Fitzgerald-Brown,USA,Individual,Sports,2022-02-08,7130061.0
S101992,"Cox, Williams and Reyes",Canada,LLP,Sports,2022-05-11,4543758.0
S101993,Harvey-Diaz,Australia,Partnership,Beauty,2022-08-28,8351178.0
S101994,Wong Ltd,Canada,LLP,Beauty,2025-11-29,7368725.0
S101995,Castro and Sons,India,Private Limited,Books,2026-01-27,3274602.0
S101996,Zavala and Sons,india,LLP,Beauty,2023-04-21,8566717.0
S101997,"Wilson, Mendoza and Crosby",USA,Sole Proprietor,Automotive,2023-11-26,7909576.0
S101998,"Pitts, Warner and Mullins",USA,LLP,Automotive,2025-12-27,6599342.0
S101999,Flores LLC,Germany,LLP,Home,2024-08-25,2768341.0
S102000,"Frazier, Ramirez and Brown",Canada,Private Limited,Books,2025-11-15,1496060.0
S102001,Chavez-Mason,Australia,Partnership,Fashion,2022-12-21,3396789.0
S102002,Harrison PLC,USA,Sole Proprietor,Beauty,2022-07-26,7029059.0
S102003,"Bryan, Lam and Hayes",Germany,LLP,Fashion,2023-03-05,9392065.0
S102004,Marsh-Dougherty,India,Individual,Books,2023-06-19,6040202.0
S102005,Lopez Group,Australia,Private Limited,Fashion,2024-10-28,586367.0
S102006,Miller and Sons,Singapore,Individual,Books,2024-05-31,1962087.0
S102007,Mullen-Jones,Canada,Private Limited,Electronics,2025-02-24,3809700.0
S102008,Hill Ltd,Germany,LLP,Books,2026-05-27,6009954.0
S102009,Crawford and Sons,Singapore,Individual,Home,2025-02-14,4537758.0
S102010,"Crane, Johnson and Butler",USA,Sole Proprietor,Sports,2025-10-03,1797213.0
S102011,"Weaver, Anderson and Reed",Australia,Individual,Beauty,2026-06-25,7719463.0
S102012,Rojas-Smith,Singapore,Individual,Electronics,2026-05-20,1759062.0
S102013,Brown and Sons,Singapore,Sole Proprietor,Electronics,2024-11-04,1818504.0
S102014,"Newman, Jenkins and Cooper",USA,Individual,Home,2023-02-25,6117286.0
S102015,"Buchanan, Tucker and Wade",USA,LLP,Automotive,2024-06-23,8537536.0
S102016,"Wilkinson, Wallace and Torres",Germany,Individual,Fashion,2025-08-18,6152492.0
S102017,Villanueva LLC,UK,Private Limited,Electronics,2023-02-18,7417017.0
S102018,Mccormick and Sons,Germany,Individual,Fashion,2026-07-16,7996752.0
S102019,Watson-Roberts,UK,LLP,Sports,2022-12-17,1479986.0
S102020,Hernandez LLC,UK,LLP,Automotive,2026-03-26,7012689.0
S102021,Huber-Montgomery,UK,Private Limited,Fashion,2026-03-23,8936057.0
S102022,Joseph LLC,Germany,Private Limited,Fashion,2026-07-01,7244453.0
S102023,Mcpherson Ltd,Germany,Partnership,Beauty,2024-11-23,6119566.0
S102024,"Conway, Bauer and Martin",India,Partnership,Fashion,2026-04-27,216911.0
S102025,Williams LLC,Australia,Sole Proprietor,Electronics,2022-06-23,5725793.0
S102026,"Martinez, Green and Lopez",UK,Partnership,Home,2022-12-03,7332524.0
S102027,"Mann, Wade and Spence",India,Partnership,Home,2022-03-17,2582555.0
S102028,Watson PLC,Canada,Individual,Automotive,2025-12-31,8770433.0
S102029,Ferguson Inc,UK,Partnership,Beauty,2025-10-26,9338041.0
S102030,Sullivan Group,Singapore,LLP,Automotive,2026-03-02,5312932.0
S102031,Gould LLC,UK,Individual,Home,2023-07-27,8904875.0
S102032,Smith Ltd,Canada,Private Limited,Automotive,2024-04-07,7535810.0
S102033,"Cantrell, Rivera and Thornton",Australia,Private Limited,Sports,2025-07-02,7467942.0
S102034,Kemp-Montes,Australia,LLP,Home,2026-05-20,6836479.0
S102035,"Estrada, Marsh and Chandler",Singapore,Private Limited,Books,2022-06-22,670256.0
S102036,Morgan-Rodriguez,Canada,LLP,Beauty,2026-01-25,2164023.0
S102037,Mccullough-Taylor,Canada,Sole Proprietor,Books,2023-03-14,1607253.0
S102038,"Wilson, Johnson and Williamson",Canada,Sole Proprietor,Books,2024-12-03,5766146.0
S102039,Griffin Inc,Singapore,Private Limited,Electronics,2022-02-27,9108566.0
S102040,Brown-Davidson,Canada,LLP,Fashion,2026-05-05,5149302.0
S102041,"Fox, Harrington and Wang",Australia,Partnership,Sports,2022-08-15,1055722.0
S102042,Johnson PLC,Singapore,LLP,Books,2025-07-08,8564426.0
S102043,Rhodes-Rosario,UK,Individual,Electronics,2026-03-30,2142954.0
S102044,"Foster, Henry and Morrison",Germany,LLP,Sports,2026-02-18,137466.0
S102045,"Harding, Kerr and Ward",Germany,LLP,Fashion,2026-07-08,9807525.0
S102046,Baldwin Group,Canada,Sole Proprietor,Home,2025-05-04,3973148.0
S102047,Hughes-Smith,UK,LLP,Books,2025-09-27,9659414.0
S102048,Bell-Madden,Australia,Private Limited,Automotive,2024-02-13,8768559.0
S102049,"Miller, Luna and Wallace",Australia,Private Limited,Electronics,2023-11-03,8714623.0
S102050,Lara-Roberts,Canada,Private Limited,Home,2026-05-14,6111063.0
S102051,"Waller, Coleman and Mosley",Germany,Individual,Fashion,2025-12-28,7191928.0
S102052,Houston PLC,Singapore,Partnership,Electronics,2022-07-08,1093436.0
S102053,Thomas LLC,Germany,Private Limited,Beauty,2023-03-16,7535391.0
S102054,Mcneil-Fox,India,LLP,Automotive,2024-12-13,6807085.0
S102055,Jones-Choi,Canada,Sole Proprietor,Sports,2026-05-15,6673350.0
S102056,Davis-Ortiz,Singapore,LLP,Sports,2024-10-18,7153845.0
S102057,Perry-Peters,Germany,Partnership,Automotive,2024-05-03,2782048.0
S102058,"Bradley, Melendez and Gonzalez",USA,Sole Proprietor,Fashion,2024-09-19,7729146.0
S102059,Roberts-Henry,USA,Sole Proprietor,Home,2024-12-19,2030687.0
S102060,Davenport-Torres,Australia,Private Limited,Beauty,2024-08-27,597061.0
S102061,"Singh, Walker and Moody",Australia,Private Limited,Sports,2024-01-27,2042563.0
S102062,Baker Ltd,Canada,Partnership,Electronics,2022-09-05,6250623.0
S102063,"Kennedy, Valdez and Stafford",Canada,LLP,Electronics,2024-12-06,2622022.0
S102064,White-Knox,India,LLP,Books,2024-02-06,5137859.0
S102065,"Sanchez, Wilson and Ramirez",UK,Partnership,Electronics,2026-06-09,2446950.0
S102066,George LLC,USA,Sole Proprietor,Beauty,2022-04-10,5169801.0
S102067,"Castillo, Graham and Scott",UK,Private Limited,Fashion,2026-02-23,8250596.0
S102068,"Alvarez, Benson and Wilson",India,Individual,Sports,2023-12-16,1183544.0
S102069,"Quinn, Smith and Green",Singapore,Individual,Beauty,2024-09-12,9664336.0
S102070,"Brown, Flores and Johns",UK,Sole Proprietor,Beauty,2023-11-23,6380138.0
S102071,Howard Inc,Germany,Sole Proprietor,Fashion,2026-04-10,2374018.0
S102072,Ward-Fields,Canada,Partnership,Home,2024-07-10,7584223.0
S102073,Williams-Carter,USA,LLP,Electronics,2026-06-27,6922422.0
S102074,"Mayer, Palmer and Miranda",Germany,Private Limited,Beauty,2023-11-26,9126380.0
S102075,Duran PLC,India,Partnership,Automotive,2023-07-23,1535285.0
S102076,Stephens LLC,Singapore,Private Limited,Automotive,2022-02-20,9646480.0
S102077,"Marsh, Nelson and Wolfe",Australia,LLP,Sports,2025-08-14,2126710.0
S102078,Davis-Carpenter,Australia,Sole Proprietor,Electronics,2023-01-30,9140471.0
S102079,Smith PLC,Canada,Individual,Sports,2024-12-04,3227535.0
S102080,Watson-Washington,Singapore,Partnership,Sports,2022-02-08,2068016.0
S102081,Mccall-Martin,Australia,Sole Proprietor,Fashion,2022-02-08,4663105.0
S102082,Moore and Sons,Singapore,Private Limited,Fashion,2025-12-16,9773281.0
S102083,Pope PLC,Germany,Individual,Home,2024-12-28,5425942.0
S102084,"Norris, Cisneros and Mathis",Germany,Sole Proprietor,Electronics,2024-10-03,440292.0
S102085,"Arnold, Avila and Wilson",UK,Partnership,Fashion,2024-04-29,453608.0
S102086,Moon-Wilson,Singapore,Sole Proprietor,Books,2024-02-22,
S102087,Mclean Group,India,Individual,Electronics,2025-01-14,2871189.0
S102088,Collins-Cox,INDIA,Private Limited,Fashion,2023-06-08,1553717.0
S102089,Preston-Harper,USA,LLP,Beauty,2025-10-21,2888554.0
S102090,Jackson-Torres,India,Sole Proprietor,Books,2023-01-07,505856.0
S102091,"Olsen, Walker and Vincent",Australia,Individual,Books,2024-03-09,1706653.0
S102092,Watts LLC,UK,Private Limited,Beauty,2023-10-26,4377419.0
S102093,Clark Inc,Germany,Individual,Electronics,2023-02-19,4070206.0
S102094,Vazquez-Bowers,IN,Sole Proprietor,Sports,2023-04-30,8320822.0
S102095,Smith Group,Canada,Sole Proprietor,Beauty,2022-08-24,4567895.0
S102096,Williams-Rodriguez,India,LLP,Beauty,2025-02-06,6879609.0
S102097,"Palmer, Brown and Wilson",India,Partnership,Electronics,2024-04-14,3971514.0
S102098,Williams-Turner,India,LLP,Sports,2025-04-15,1753045.0
S102099,Webster Inc,USA,Sole Proprietor,Automotive,2026-05-28,2156737.0
S102100,"Harris, Santana and Lopez",UK,Sole Proprietor,Beauty,2024-07-02,1457748.0
S102101,Johnson-Thomas,Singapore,Sole Proprietor,Fashion,2026-05-23,2438522.0
S102102,"Mcmahon, Rush and Bailey",UK,Sole Proprietor,Fashion,2026-05-21,4163127.0
S102103,Wyatt Ltd,Canada,Partnership,Sports,2024-07-14,751154.0
S102104,"Allen, Hudson and Garcia",India,Partnership,Home,2025-06-25,4902800.0
S102105,"Hines, Rice and Baldwin",Australia,Private Limited,Electronics,2022-05-04,8139743.0
S102106,Jackson-Webster,UK,Sole Proprietor,Books,2025-10-24,6427917.0
S102107,Beltran Inc,UK,Private Limited,Sports,2024-11-11,4769620.0
S102108,Knapp Ltd,India,Private Limited,Automotive,2024-12-29,9496941.0
S102109,Richardson-Lawrence,India,LLP,Electronics,2024-03-20,2113211.0
S102110,Nunez-Rodriguez,Singapore,Private Limited,Automotive,2025-02-13,4738532.0
S102111,Zavala-Coleman,Germany,Private Limited,Sports,2024-10-30,5390253.0
S102112,"Perez, Rodriguez and Rollins",Australia,LLP,Automotive,2023-06-20,7645349.0
S102113,Owens PLC,UK,Private Limited,Automotive,2023-10-21,5781597.0
S102114,Simpson LLC,USA,Partnership,Sports,2023-11-04,316331.0
S102115,"Roberts, Bowen and Miller",Australia,Private Limited,Automotive,2022-01-05,8044829.0
S102116,Wilson-Campbell,India,Individual,Automotive,2022-12-22,6981725.0
S102117,"Fitzgerald, Mcdaniel and Randall",Canada,Partnership,Home,2024-03-15,9078347.0
S102118,Spencer LLC,India,Individual,Sports,2022-03-05,7518826.0
S102119,Lopez-Jones,Australia,Individual,Books,2026-07-23,6364548.0
S102120,Crosby-Richardson,Singapore,Sole Proprietor,Books,2024-03-03,3022698.0
S102121,Lutz Group,Singapore,Individual,Electronics,2024-08-05,6265633.0
S102122,"Garcia, Kim and Barrett",USA,Partnership,Electronics,2023-03-30,381881.0
S102123,Wilson Group,Singapore,LLP,Automotive,2025-12-23,6053240.0
S102124,Neal-Madden,USA,Individual,Home,2025-06-10,5136491.0
S102125,"Schaefer, Levine and Brown",Singapore,Private Limited,Fashion,2024-10-08,6140115.0
S102126,Morgan PLC,India,LLP,Beauty,2025-12-12,3557886.0
S102127,Martinez-Massey,India,Private Limited,Home,2025-07-31,6695223.0
S102128,"Porter, Hubbard and Miranda",India,LLP,Sports,2024-10-21,8338134.0
S102129,"Nelson, Clarke and Schneider",USA,Sole Proprietor,Fashion,2025-09-13,9540989.0
S102130,Kelly-Estrada,INDIA,Sole Proprietor,Sports,2022-12-26,1146569.0
S102131,Archer-Dixon,Canada,Private Limited,Automotive,2022-05-14,2187935.0
S102132,Tate Inc,UK,Sole Proprietor,Home,2023-04-12,8825825.0
S102133,King Group,Australia,LLP,Fashion,2025-10-20,437847.0
S102134,Fuller and Sons,Australia,Sole Proprietor,Sports,2023-06-02,9447186.0
S102135,Garcia Inc,Germany,Individual,Beauty,2025-08-05,920113.0
S102136,Jimenez Inc,Singapore,LLP,Beauty,2024-04-13,4647554.0
S102137,Reyes Ltd,India,Sole Proprietor,Beauty,2024-10-11,6114491.0
S102138,Hernandez-Howell,Canada,Individual,Automotive,2023-04-05,837936.0
S102139,Wolf Ltd,UK,Partnership,Sports,2024-07-08,5355659.0
S102140,"Saunders, Sparks and Harris",India,Partnership,Fashion,2023-11-17,1422525.0
S102141,"Jimenez, Wagner and Daniels",Canada,Individual,Automotive,2023-04-08,7160523.0
S102142,"Payne, Cisneros and Johnson",India,Private Limited,Fashion,2022-12-03,5573472.0
S102143,Beard-Wilson,UK,Individual,Automotive,2025-07-04,1672794.0
S102144,Edwards-Bennett,India,Partnership,Beauty,2026-07-13,453047.0
S102145,Johnson-Thompson,Canada,LLP,Home,2023-05-28,4196548.0
S102146,"Dalton, Turner and Mccarthy",India,Partnership,Fashion,2023-11-29,963231.0
S102147,Jordan-Edwards,Singapore,LLP,Sports,2026-06-15,4021899.0
S102148,Freeman-Rodriguez,India,Sole Proprietor,Sports,2024-06-17,1655088.0
S102149,"Henry, Spencer and Ryan",Australia,Partnership,Sports,2022-09-13,1485034.0
S102150,Alvarez-Dickerson,India,Individual,Beauty,2023-10-04,1140992.0
S102151,"Brown, Baker and Garza",Singapore,Private Limited,Electronics,2026-07-02,7464160.0
S102152,Jensen-Gomez,India,LLP,Sports,2025-07-06,7295056.0
S102153,Flores-Johnson,India,Individual,Automotive,2022-04-25,9432793.0
S102154,Anderson LLC,India,LLP,Home,2024-02-21,6789123.0
S102155,Pacheco-Silva,India,Sole Proprietor,Home,2024-04-21,3960970.0
S102156,"Peterson, Davis and Reed",Singapore,Sole Proprietor,Home,2025-09-13,227948.0
S102157,Jenkins-Brown,Germany,Partnership,Beauty,2026-06-17,7232422.0
S102158,Wright Ltd,Canada,Sole Proprietor,Electronics,2023-11-27,485739.0
S102159,Watkins-Lozano,Germany,Sole Proprietor,Books,2025-04-18,3279300.0
S102160,Melton Inc,India,Individual,Electronics,2025-05-03,1183208.0
S102161,Jackson-Ryan,Canada,Private Limited,Sports,2022-09-16,8587891.0
S102162,Murray Group,UK,LLP,Beauty,2024-09-12,7509558.0
S102163,"Robertson, Fisher and Smith",USA,Private Limited,Fashion,2026-06-21,789385.0
S102164,Chapman-Odom,India,Private Limited,Books,2025-04-12,7362318.0
S102165,Hudson-Morris,Canada,LLP,Books,2025-04-10,9128884.0
S102166,Stokes Inc,Singapore,Private Limited,Fashion,2024-08-19,5228697.0
S102167,"Leonard, Rogers and Shaw",Canada,LLP,Books,2024-01-26,185590.0
S102168,"Morgan, Mendez and Cox",Canada,Sole Proprietor,Automotive,2025-10-21,2475991.0
S102169,Harris-Reid,India,Private Limited,Sports,2025-02-19,966158.0
S102170,Pittman PLC,Germany,LLP,Fashion,2023-02-15,3426603.0
S102171,Mitchell Inc,Singapore,Individual,Books,2023-01-23,8031342.0
S102172,Davies-Morales,Australia,Partnership,Sports,2025-11-19,5605698.0
S102173,Weber Inc,Singapore,Sole Proprietor,Sports,2023-11-19,5076983.0
S102174,"Richard, Davis and Rogers",Germany,LLP,Fashion,2022-08-03,7671924.0
S102175,Knight PLC,Singapore,Individual,Beauty,2023-03-26,112026.0
S102176,Simmons-Reed,Australia,Private Limited,Automotive,2023-04-17,7877187.0
S102177,Pearson LLC,Canada,Private Limited,Fashion,2024-09-11,5611900.0
S102178,"Brock, Reynolds and Fernandez",Singapore,Partnership,Fashion,2024-03-30,3141109.0
S102179,Perry LLC,Singapore,Individual,Books,2022-01-21,1287003.0
S102180,"Robertson, Powers and Kelley",UK,Individual,Sports,2022-08-24,2439108.0
S102181,Burton PLC,UK,Partnership,Fashion,2025-07-16,9876187.0
S102182,Ray and Sons,Singapore,LLP,Electronics,2022-03-02,3390727.0
S102183,"Hayden, Harmon and Mcdonald",USA,LLP,Fashion,2023-03-25,4445611.0
S102184,"Patel, Mendez and Hammond",Australia,Private Limited,Books,2025-02-09,4176595.0
S102185,Michael-Barber,USA,Private Limited,Electronics,2022-12-27,4442083.0
S102186,Boyd LLC,India,Individual,Home,2025-10-19,2352564.0
S102187,Hernandez-Hernandez,Germany,Individual,Books,2023-03-07,5168265.0
S102188,"Cannon, Richard and Jenkins",Germany,Private Limited,Books,2026-07-16,6297000.0
S102189,Walters Group,Australia,Private Limited,Sports,2026-06-25,7326581.0
S102190,Colon-Lucas,Australia,Individual,Electronics,2022-10-23,2244370.0
S102191,Mcdaniel-Young,Singapore,Private Limited,Fashion,2024-12-26,6395068.0
S102192,Wilson and Sons,Australia,LLP,Books,2025-05-12,7256488.0
S102193,Sanchez LLC,Australia,Private Limited,Electronics,2026-04-12,9903693.0
S102194,Washington-Esparza,USA,Sole Proprietor,Books,2026-06-06,2542539.0
S102195,Lucas-Johnson,UK,Private Limited,Electronics,2025-07-13,4748850.0
S102196,Nelson Inc,Singapore,Private Limited,Home,2024-11-06,9849273.0
S102197,Clarke-Ramirez,Germany,Private Limited,Automotive,2022-06-16,7946486.0
S102198,"Thompson, Phelps and Stuart",Singapore,Sole Proprietor,Electronics,2022-12-09,8583123.0
S102199,Casey-Brown,Germany,Sole Proprietor,Books,2024-10-18,8755569.0
S102200,Edwards LLC,Germany,Private Limited,Books,2025-12-30,6322644.0
S102201,Lester Group,Canada,Partnership,Automotive,2024-10-10,7998342.0
S102202,Powers-Blackwell,UK,Sole Proprietor,Beauty,2025-07-30,9847602.0
S102203,Hahn-Ramsey,Australia,Individual,Fashion,2023-03-26,3455783.0
S102204,Young PLC,Germany,Private Limited,Beauty,2023-03-24,5183811.0
S102205,"Mason, Martinez and Beck",Germany,Partnership,Sports,2022-11-18,6326479.0
S102206,"Herring, Huynh and King",UK,Sole Proprietor,Electronics,2022-10-03,1459758.0
S102207,Young Inc,UK,Partnership,Sports,2023-12-22,3911738.0
S102208,Murphy-Silva,Canada,Individual,Beauty,2024-11-15,5693418.0
S102209,Shaffer-Manning,Germany,Partnership,Beauty,2024-06-04,6911089.0
S102210,Robinson-Rodriguez,UK,Partnership,Books,2023-07-14,6465119.0
S102211,Booker Group,India,Private Limited,Beauty,2023-04-24,4506445.0
S102212,King-Lawrence,Australia,Individual,Books,2022-06-18,4991189.0
S102213,Ferguson-Lyons,Singapore,Sole Proprietor,Sports,2025-01-24,1361290.0
S102214,Stewart Group,INDIA,LLP,Fashion,2022-07-21,2039574.0
S102215,Vega-Richmond,India,LLP,Electronics,2025-01-23,3410587.0
S102216,Cox Ltd,UK,Private Limited,Automotive,2023-11-06,4244700.0
S102217,Underwood-Smith,UK,LLP,Fashion,2025-12-16,2362992.0
S102218,"Johnson, Stevenson and Lindsey",Singapore,Sole Proprietor,Books,2022-01-18,5074342.0
S102219,Vazquez Ltd,UK,LLP,Home,2024-04-07,6857497.0
S102220,King Group,Singapore,Sole Proprietor,Home,2025-09-04,249493.0
S102221,Fowler-Haynes,Germany,Sole Proprietor,Home,2022-11-02,6719032.0
S102222,"Martinez, Camacho and Mathews",USA,Private Limited,Automotive,2026-03-15,3571118.0
S102223,Smith-Yu,Germany,Private Limited,Sports,2025-04-17,9321345.0
S102224,Turner-Mayer,Singapore,Partnership,Automotive,2026-07-26,7791026.0
S102225,Evans and Sons,UK,Individual,Books,2023-01-20,7243952.0
S102226,Welch-Suarez,Singapore,Partnership,Fashion,2024-06-17,7599276.0
S102227,"Sullivan, Johnson and Delacruz",Singapore,Sole Proprietor,Electronics,2024-02-07,2381197.0
S102228,Ruiz-Gutierrez,Canada,Private Limited,Books,2026-02-20,212422.0
S102229,Love-Mcdowell,Germany,LLP,Books,2023-04-07,7082125.0
S102230,Holloway Ltd,Germany,Partnership,Home,2026-05-14,9069498.0
S102231,Hunter-Bell,UK,LLP,Sports,2022-02-17,9572369.0
S102232,"Daniel, Kelley and Murphy",Singapore,Individual,Fashion,2022-11-11,5590684.0
S102233,"Johnson, Williams and May",Canada,Sole Proprietor,Sports,2025-03-21,6607976.0
S102234,"Ramos, Davidson and Smith",Germany,Private Limited,Beauty,2022-05-11,9017263.0
S102235,Fuller LLC,Germany,Private Limited,Beauty,2022-08-11,5567042.0
S102236,"Miller, Moore and Black",Canada,Partnership,Automotive,2023-09-16,1614332.0
S102237,"Hines, Bradford and Jennings",USA,Individual,Automotive,2025-02-06,3030239.0
S102238,Hayes-Russo,India,Sole Proprietor,Beauty,2022-02-24,3182173.0
S102239,Green Ltd,USA,Individual,Beauty,2023-08-05,3504299.0
S102240,"Serrano, Marsh and Gonzalez",USA,LLP,Automotive,2024-12-09,1224060.0
S102241,Richardson-Long,Germany,Individual,Books,2024-11-27,235339.0
S102242,Duffy-Wilkerson,USA,LLP,Home,2024-04-21,6611657.0
S102243,Smith Inc,india,Individual,Fashion,2025-01-03,7069808.0
S102244,"Holland, Sims and Meadows",Germany,Individual,Beauty,2023-02-27,2229901.0
S102245,Gonzalez-Haynes,Singapore,Private Limited,Books,2024-06-04,8015487.0
S102246,Williams PLC,USA,Sole Proprietor,Sports,2023-09-28,9906479.0
S102247,Burke-Hernandez,USA,Sole Proprietor,Automotive,2025-11-03,7750011.0
S102248,Jackson-Bradley,UK,Private Limited,Electronics,2022-10-20,7528135.0
S102249,Higgins Group,India,Partnership,Sports,2026-07-12,4191290.0
S102250,Wilcox-Snyder,Canada,LLP,Sports,2024-10-02,7770951.0
S102251,Reeves and Sons,Germany,Sole Proprietor,Electronics,2026-02-18,1578449.0
S102252,Roberts-Snyder,UK,Partnership,Books,2025-12-05,5040361.0
S102253,Reynolds and Sons,Germany,Sole Proprietor,Home,2026-07-17,2988131.0
S102254,"Lewis, Holloway and Acosta",Germany,Private Limited,Fashion,2025-06-19,
S102255,Barnes Group,Germany,Partnership,Automotive,2023-01-11,9589781.0
S102256,Johnson LLC,India,Partnership,Automotive,2022-03-31,4071419.0
S102257,Williamson and Sons,Singapore,Private Limited,Books,2025-07-10,9071738.0
S102258,Aguilar-Holland,UK,Individual,Automotive,2026-01-27,3694931.0
S102259,Smith and Sons,Germany,Partnership,Home,2025-02-06,2083912.0
S102260,Mccann-Sanders,UK,Individual,Home,2022-08-04,8512341.0
S102261,Reeves Ltd,Singapore,LLP,Beauty,2024-07-12,2815541.0
S102262,Fitzgerald-Scott,UK,Private Limited,Sports,2022-04-02,7803883.0
S102263,Hawkins Inc,India,Individual,Automotive,2025-11-23,7799462.0
S102264,Galvan-Ruiz,Germany,LLP,Automotive,2024-03-28,3311550.0
S102265,Barajas-Crosby,Germany,Individual,Electronics,2023-05-29,1974056.0
S102266,"Mckinney, Pacheco and Smith",Australia,Private Limited,Books,2025-10-04,7838747.0
S102267,"Harvey, Turner and Foster",Germany,Partnership,Electronics,2022-06-19,9251104.0
S102268,Anderson-Mcclain,Australia,Private Limited,Automotive,2024-06-15,2403101.0
S102269,Carpenter LLC,Germany,LLP,Home,2022-11-27,2912010.0
S102270,Gordon LLC,Singapore,Individual,Sports,2022-07-25,3023536.0
S102271,Anderson-Stewart,UK,Individual,Sports,2026-02-27,6607366.0
S102272,"Hamilton, Green and Edwards",USA,Individual,Automotive,2026-04-13,238082.0
S102273,Porter LLC,Australia,LLP,Fashion,2024-06-21,6057702.0
S102274,"Ward, Jordan and Orr",USA,Private Limited,Automotive,2022-03-12,8980492.0
S102275,Austin-Juarez,USA,Partnership,Automotive,2022-04-08,8822377.0
S102276,Black-Graham,Australia,Individual,Beauty,2025-11-14,5222822.0
S102277,Stewart Group,Germany,Individual,Sports,2022-01-10,866458.0
S102278,Peters Ltd,Singapore,Partnership,Home,2023-02-18,4239267.0
S102279,"Yates, Brown and Hernandez",UK,Private Limited,Fashion,2022-07-07,319080.0
S102280,White Group,Germany,Individual,Electronics,2023-11-22,3273772.0
S102281,Martin-Mcdonald,Australia,Individual,Fashion,2022-07-17,2866607.0
S102282,Carney Group,Australia,Private Limited,Electronics,2024-05-01,8648324.0
S102283,Alexander Ltd,India,LLP,Books,2025-02-25,3230079.0
S102284,"Washington, Vasquez and Singleton",Canada,Private Limited,Sports,2024-03-20,7228640.0
S102285,Martinez Inc,India,Private Limited,Fashion,2022-08-05,6032358.0
S102286,Oneill and Sons,UK,Private Limited,Electronics,2024-04-03,5355630.0
S102287,Brady LLC,India,Partnership,Fashion,2024-07-28,3742601.0
S102288,"Macdonald, Willis and Silva",India,LLP,Automotive,2025-07-01,6240456.0
S102289,Fox PLC,India,Individual,Fashion,2024-04-21,5108905.0
S102290,Butler Inc,Singapore,Sole Proprietor,Beauty,2022-07-28,9045633.0
S102291,Tate Ltd,Singapore,Sole Proprietor,Fashion,2023-05-31,1639550.0
S102292,Clay Inc,Canada,LLP,Automotive,2025-11-27,6569046.0
S102293,Maldonado-Becker,Australia,Private Limited,Books,2022-12-26,5384600.0
S102294,Brooks-Hickman,Singapore,Partnership,Electronics,2023-11-18,346097.0
S102295,Hood and Sons,Canada,Sole Proprietor,Beauty,2024-02-23,8623595.0
S102296,Miller Ltd,Australia,Private Limited,Sports,2025-04-18,272997.0
S102297,"Castillo, Fuller and Adams",USA,Individual,Sports,2026-04-04,2131317.0
S102298,"Smith, Booker and Douglas",UK,Private Limited,Automotive,2024-05-27,4136019.0
S102299,Nguyen-Dennis,Canada,Individual,Electronics,2022-10-09,6333463.0
S102300,"Meadows, Robles and Anderson",Germany,LLP,Fashion,2022-11-07,6354004.0
S102301,Solis LLC,USA,Individual,Fashion,2026-01-25,7494490.0
S102302,Yates-Manning,Australia,LLP,Fashion,2023-07-24,5377414.0
S102303,"Crane, James and Ross",Australia,Individual,Sports,2026-06-10,7010756.0
S102304,Allen Group,Australia,LLP,Home,2022-02-18,3892150.0
S102305,Smith and Sons,Singapore,LLP,Books,2023-05-12,3503043.0
S102306,Price Group,Canada,Individual,Automotive,2023-05-24,3781991.0
S102307,Holland-Best,Canada,Partnership,Sports,2023-10-21,3129382.0
S102308,Martinez Group,Germany,Individual,Electronics,2024-10-03,1224152.0
S102309,Fitzgerald-Dorsey,USA,Individual,Automotive,2022-10-17,3476243.0
S102310,"Munoz, Howard and Davis",USA,Individual,Fashion,2025-04-28,9258126.0
S102311,Hunt-Burns,Singapore,Private Limited,Fashion,2024-11-05,1361382.0
S102312,Alvarez-Hart,Germany,Partnership,Books,2022-12-03,3364108.0
S102313,Davis-Henderson,USA,Partnership,Fashion,2025-05-25,4227013.0
S102314,Austin-Hamilton,UK,LLP,Sports,2024-07-07,3428948.0
S102315,Davis-Palmer,india,Partnership,Electronics,2024-01-07,6731433.0
S102316,Rhodes-Holland,Germany,Private Limited,Beauty,2024-06-22,7141683.0
S102317,"Moore, Simpson and Soto",Canada,Sole Proprietor,Automotive,2024-06-06,2665206.0
S102318,"Miller, Mcdonald and Miller",Singapore,Partnership,Electronics,2026-04-10,6449154.0
S102319,Evans-Joyce,Germany,Individual,Home,2023-09-07,9062681.0
S102320,"Leach, Skinner and Mills",USA,Sole Proprietor,Automotive,2022-12-26,4366638.0
S102321,Carroll-Arnold,Germany,Partnership,Books,2024-07-17,4801739.0
S102322,Palmer PLC,Germany,Sole Proprietor,Sports,2024-09-11,1256947.0
S102323,Gutierrez-Marshall,UK,Private Limited,Automotive,2024-08-19,3333565.0
S102324,"Carroll, King and Scott",USA,Private Limited,Electronics,2022-01-27,8450348.0
S102325,Mack Inc,Australia,LLP,Beauty,2024-04-08,7026304.0
S102326,Yang Group,Germany,LLP,Beauty,2024-09-29,5214208.0
S102327,Hartman Group,Australia,Sole Proprietor,Electronics,2024-04-17,701407.0
S102328,Miller Ltd,India,Partnership,Sports,2022-11-29,3308608.0
S102329,Edwards-Ramsey,Singapore,Partnership,Books,2026-04-29,5898179.0
S102330,"Cole, Morton and Peterson",Canada,Partnership,Automotive,2025-11-11,6227044.0
S102331,Clark Inc,Australia,Individual,Automotive,2024-02-29,7164216.0
S102332,"Hendrix, Green and Nunez",Australia,Private Limited,Fashion,2024-09-05,628940.0
S102333,Ferguson-Smith,india,LLP,Automotive,2025-12-18,524058.0
S102334,Smith Ltd,Australia,Private Limited,Books,2025-05-24,7691531.0
S102335,Stevens-Sullivan,Australia,Private Limited,Books,2023-05-22,9752965.0
S102336,"Church, Guzman and Tucker",Australia,Private Limited,Electronics,2022-08-28,1598634.0
S102337,"Li, Jensen and Vazquez",Australia,Partnership,Beauty,2025-12-17,9884140.0
S102338,"Leonard, Ballard and Miller",India,Sole Proprietor,Fashion,2024-05-16,2832058.0
S102339,Smith Inc,Singapore,Partnership,Books,2025-11-17,5120402.0
S102340,Horton and Sons,Canada,Sole Proprietor,Automotive,2024-02-23,9882786.0
S102341,Clark Ltd,UK,Partnership,Home,2026-01-30,1541048.0
S102342,Santos Group,India,Sole Proprietor,Home,2026-06-22,5827952.0
S102343,"Garrison, Ryan and Miller",Singapore,Private Limited,Books,2026-03-14,3565255.0
S102344,Hernandez-Henderson,Australia,Partnership,Automotive,2023-09-23,157714.0
S102345,Martin and Sons,USA,Partnership,Electronics,2022-07-18,1221745.0
S102346,"Park, Maynard and Ruiz",Singapore,Partnership,Sports,2024-05-03,4887546.0
S102347,Richards-Harris,Australia,Partnership,Fashion,2022-12-28,6335607.0
S102348,"Gallegos, Myers and Cook",USA,Private Limited,Fashion,2024-09-23,3103190.0
S102349,Mccoy Ltd,Canada,Individual,Beauty,2025-03-07,3616389.0
S102350,Petty-Allison,USA,Private Limited,Electronics,2026-03-16,3115690.0
S102351,"Lane, Simon and Duarte",Singapore,Private Limited,Books,2024-04-17,7444229.0
S102352,Freeman Group,Australia,Sole Proprietor,Electronics,2025-07-27,2837134.0
S102353,"Garza, Carr and Gregory",India,LLP,Electronics,2024-02-13,2141809.0
S102354,Hall-Brown,UK,Individual,Books,2022-03-02,9875516.0
S102355,Henderson LLC,USA,Partnership,Beauty,2025-10-09,1741296.0
S102356,"Brown, Orozco and Butler",India,Individual,Books,2026-03-20,171243.0
S102357,Wilson-Dean,Australia,Sole Proprietor,Home,2022-03-27,1674736.0
S102358,"Reed, Terry and Smith",USA,Sole Proprietor,Home,2022-01-15,6352626.0
S102359,Barber-Harrison,Canada,Sole Proprietor,Home,2023-06-29,8202488.0
S102360,Hall-Robinson,Germany,LLP,Sports,2024-05-29,5696375.0
S102361,"Morgan, Guzman and Kirby",UK,LLP,Books,2026-07-31,4069771.0
S102362,"Mcdonald, Ware and Sharp",UK,Partnership,Beauty,2025-06-04,1010353.0
S102363,Moyer-Whitaker,UK,LLP,Home,2022-07-25,101752.0
S102364,"Delgado, Ward and Kennedy",Germany,Partnership,Automotive,2022-10-12,480846.0
S102365,Howell LLC,Canada,Individual,Home,2024-12-22,4738687.0
S102366,"Curry, Estrada and Anderson",Australia,Private Limited,Books,2024-07-14,8022523.0
S102367,Moore Group,Canada,Partnership,Automotive,2023-01-20,102497.0
S102368,Leon Group,Australia,LLP,Electronics,2025-07-21,6093247.0
S102369,Young-Hawkins,Singapore,Individual,Home,2026-02-15,5511406.0
S102370,Howard LLC,Australia,Partnership,Fashion,2025-05-27,8179167.0
S102371,Rhodes-Thompson,Germany,Sole Proprietor,Home,2022-06-16,5894074.0
S102372,"Johnson, Brown and Jordan",Germany,Partnership,Automotive,2025-12-03,1735367.0
S102373,"Perez, Hoffman and Tucker",Australia,Partnership,Books,2025-05-28,3322848.0
S102374,Glover-Hammond,Australia,Private Limited,Home,2024-12-01,9644766.0
S102375,"Adams, Hernandez and Vaughn",Singapore,Sole Proprietor,Electronics,2022-09-19,8403796.0
S102376,"Munoz, Garcia and Williams",Singapore,Individual,Books,2025-10-10,9256441.0
S102377,Lloyd-Estes,Singapore,Partnership,Fashion,2024-07-02,1990765.0
S102378,Villegas PLC,Germany,Sole Proprietor,Fashion,2023-05-14,3600743.0
S102379,"Casey, Meza and Colon",USA,Individual,Electronics,2024-06-09,540260.0
S102380,Romero and Sons,USA,LLP,Beauty,2026-04-19,4753624.0
S102381,"Wilson, Harris and Ward",USA,LLP,Automotive,2024-09-02,2115243.0
S102382,"Carter, Alexander and Hunter",Australia,Private Limited,Sports,2025-07-21,8303698.0
S102383,"Harrell, Moore and Cox",India,LLP,Home,2023-04-04,9713208.0
S102384,Martinez and Sons,Singapore,Sole Proprietor,Electronics,2025-08-11,5808373.0
S102385,Montes-Hammond,Germany,Partnership,Automotive,2025-08-08,9477116.0
S102386,Sanchez Group,Singapore,Partnership,Home,2023-04-23,3800560.0
S102387,Mitchell-Jackson,UK,Individual,Books,2022-06-29,1918688.0
S102388,Watson-Fischer,India,LLP,Automotive,2025-04-27,3206740.0
S102389,Soto-Sanchez,Australia,Individual,Sports,2024-01-24,2187710.0
S102390,"Fisher, Perez and Pham",Singapore,LLP,Beauty,2025-03-27,78160.0
S102391,Hardin-Villanueva,UK,Individual,Sports,2025-01-01,3235283.0
S102392,"Norton, Cox and Johnson",Singapore,Partnership,Beauty,2023-10-17,6174083.0
S102393,Carrillo Ltd,Singapore,Private Limited,Sports,2025-09-21,9961576.0
S102394,"Acevedo, Miller and Edwards",USA,Individual,Beauty,2022-01-19,9081056.0
S102395,Hamilton Group,Singapore,Partnership,Books,2022-10-24,5029872.0
S102396,Keller Ltd,Singapore,Private Limited,Beauty,2025-10-24,7696795.0
S102397,Orr Inc,USA,Sole Proprietor,Books,2022-10-26,626194.0
S102398,"Whitney, Lloyd and Liu",Canada,LLP,Books,2024-10-25,2121382.0
S102399,Barnes-Blackwell,UK,Sole Proprietor,Beauty,2025-07-16,3668930.0
S102400,"Spencer, Torres and Newton",Germany,LLP,Automotive,2024-02-11,1036711.0
S102401,Smith-Ramirez,Singapore,LLP,Fashion,2026-01-07,3583501.0
S102402,"Bishop, Thomas and Powell",Singapore,Private Limited,Automotive,2026-02-15,931916.0
S102403,"Harris, Stephens and Kramer",Singapore,Private Limited,Home,2024-09-25,6623445.0
S102404,"Ramos, Reed and Cain",UK,Private Limited,Electronics,2025-01-27,6631459.0
S102405,"Sullivan, Gonzalez and Turner",UK,Partnership,Automotive,2024-08-27,5893624.0
S102406,Medina Group,Singapore,Partnership,Beauty,2022-05-28,8905760.0
S102407,"Higgins, Hobbs and Meyer",Australia,LLP,Books,2025-11-27,3323103.0
S102408,"Campbell, Davis and Arnold",Australia,Sole Proprietor,Beauty,2022-07-19,2246149.0
S102409,"Peterson, Reid and Johnson",UK,Sole Proprietor,Home,2026-07-07,958038.0
S102410,"Vargas, Allen and Schroeder",Singapore,LLP,Beauty,2025-09-02,2796337.0
S102411,"Henderson, Wagner and Dennis",Canada,Private Limited,Beauty,2025-11-26,8144028.0
S102412,Green-Romero,UK,Private Limited,Fashion,2023-03-23,3332547.0
S102413,Williams Ltd,Australia,Individual,Books,2026-01-26,9708342.0
S102414,West PLC,India,Private Limited,Beauty,2024-05-24,2872312.0
S102415,"Smith, Morgan and Young",India,Individual,Books,2024-08-28,3063739.0
S102416,"Zhang, Cunningham and Kline",India,Individual,Sports,2025-08-24,5728849.0
S102417,"Wade, Richard and Hall",Canada,Partnership,Fashion,2025-07-08,6827894.0
S102418,Mitchell-Glover,USA,Individual,Electronics,2023-05-09,6704595.0
S102419,"Armstrong, Taylor and Gray",Germany,LLP,Automotive,2025-05-05,2943851.0
S102420,"Wright, Murphy and Aguilar",Australia,Partnership,Home,2025-11-17,1553425.0
S102421,Gibson-Thomas,Singapore,Partnership,Home,2025-08-24,6460589.0
S102422,Poole-Miller,IN,Partnership,Books,2022-01-24,2063272.0
S102423,Coleman and Sons,India,Individual,Electronics,2024-09-28,8602160.0
S102424,Lewis-Miller,USA,Individual,Sports,2025-03-19,9657146.0
S102425,"Fox, Chapman and Stone",Germany,LLP,Automotive,2026-03-07,1636340.0
S102426,Wiggins-Silva,Singapore,Sole Proprietor,Fashion,2024-02-26,8173384.0
S102427,"Henderson, Alexander and Galvan",Australia,Partnership,Books,2025-03-16,2151118.0
S102428,Dennis-Butler,India,LLP,Electronics,2026-01-01,9067939.0
S102429,Thomas and Sons,USA,Partnership,Home,2025-12-06,381289.0
S102430,Dawson-Anderson,Germany,Sole Proprietor,Home,2025-01-03,8943395.0
S102431,"Palmer, Rice and Benson",Germany,Individual,Sports,2025-04-12,9092613.0
S102432,Kennedy-Francis,Australia,Individual,Home,2026-03-23,3530664.0
S102433,"Wood, Crane and Guzman",Australia,Individual,Fashion,2025-05-11,3068851.0
S102434,Rodriguez-Wood,India,Sole Proprietor,Beauty,2026-06-28,5323013.0
S102435,Williams-Hernandez,India,Individual,Fashion,2025-03-23,3509963.0
S102436,Torres-Brooks,Australia,Private Limited,Electronics,2025-02-25,4357726.0
S102437,Tucker-Moody,Singapore,Individual,Electronics,2022-09-13,8541759.0
S102438,Bowers Group,UK,LLP,Sports,2022-12-18,7147623.0
S102439,Zuniga LLC,Australia,Individual,Fashion,2023-09-08,824541.0
S102440,Lewis-Fuentes,Canada,LLP,Automotive,2024-12-29,7514523.0
S102441,Smith-Kelley,USA,Sole Proprietor,Beauty,2025-11-24,5300195.0
S102442,Harrell Group,Canada,LLP,Sports,2025-01-07,8616284.0
S102443,Berry-Knight,USA,Individual,Automotive,2022-04-02,4027883.0
S102444,Harrington-Alvarez,India,Private Limited,Fashion,2023-09-06,3660673.0
S102445,"Bass, Anderson and Taylor",USA,Sole Proprietor,Sports,2023-03-19,9978473.0
S102446,"Murray, Cole and Cole",UK,LLP,Fashion,2026-02-02,7130237.0
S102447,"Nguyen, Marsh and Beck",India,Sole Proprietor,Books,2023-06-18,6455244.0
S102448,Hughes-Mccullough,Australia,Private Limited,Beauty,2024-07-23,1446771.0
S102449,Weaver-Rubio,UK,Partnership,Automotive,2022-10-21,9040982.0
S102450,Fitzgerald-Brewer,USA,Individual,Automotive,2026-02-09,4569776.0
S102451,Mann PLC,Australia,Private Limited,Automotive,2024-02-02,9506346.0
S102452,"Hogan, Zimmerman and Hoffman",Australia,Sole Proprietor,Sports,2022-12-02,7091170.0
S102453,Schneider Inc,Singapore,Private Limited,Books,2026-06-02,7325056.0
S102454,Friedman PLC,Germany,Individual,Sports,2023-05-22,1350646.0
S102455,"Todd, Bernard and Boyd",UK,Individual,Sports,2022-08-14,9250101.0
S102456,Shaw-Smith,Germany,Individual,Books,2025-08-04,1542738.0
S102457,"Mayer, White and Smith",UK,LLP,Home,2023-07-14,2505003.0
S102458,Sanchez Ltd,Singapore,Private Limited,Books,2022-01-21,1693275.0
S102459,"Wallace, Roman and Lawson",Germany,Private Limited,Beauty,2022-08-04,2122044.0
S102460,Chapman-Henry,USA,Sole Proprietor,Automotive,2023-09-20,9928878.0
S102461,Morgan and Sons,Singapore,Partnership,Electronics,2024-12-19,5903574.0
S102462,Johnson-Rice,Australia,Sole Proprietor,Home,2023-08-01,9303343.0
S102463,Scott-Wilson,UK,Sole Proprietor,Electronics,2022-04-09,2914666.0
S102464,Weaver LLC,UK,Partnership,Fashion,2023-12-08,8970146.0
S102465,White Inc,Canada,Sole Proprietor,Home,2024-04-04,8050414.0
S102466,Parker Group,Canada,Private Limited,Books,2022-01-20,8666197.0
S102467,"Jackson, Mendez and Nguyen",Australia,Private Limited,Automotive,2022-09-16,2443607.0
S102468,Reeves LLC,Germany,Sole Proprietor,Automotive,2023-07-02,936921.0
S102469,Garcia-Thomas,Australia,LLP,Automotive,2026-05-12,4229399.0
S102470,Scott-David,Australia,Sole Proprietor,Beauty,2025-12-18,7730384.0
S102471,Williams and Sons,USA,Partnership,Books,2026-06-24,7912907.0
S102472,"Willis, Vasquez and Goodwin",Canada,LLP,Books,2024-05-26,8784129.0
S102473,Avery-Adams,Australia,Private Limited,Books,2025-07-25,1508649.0
S102474,Marshall-Russell,UK,Partnership,Home,2023-10-03,1562308.0
S102475,Johnson-Schultz,Australia,Individual,Electronics,2026-02-03,4077148.0
S102476,Adams PLC,India,Private Limited,Sports,2022-04-28,1469102.0
S102477,"Garcia, Hines and Pearson",Australia,LLP,Sports,2024-10-06,229426.0
S102478,Torres Group,Germany,Sole Proprietor,Automotive,2022-10-07,8097291.0
S102479,Miller-Fields,Germany,Sole Proprietor,Automotive,2025-10-18,8982346.0
S102480,Patton and Sons,Australia,Individual,Beauty,2022-01-29,3240758.0
S102481,Fernandez-Jackson,Singapore,Individual,Automotive,2024-05-20,9014482.0
S102482,Medina Group,Australia,LLP,Fashion,2026-02-22,8910239.0
S102483,"Hayes, Smith and Marshall",Australia,Sole Proprietor,Electronics,2025-05-28,7577132.0
S102484,"Roberts, Stanton and Smith",USA,Sole Proprietor,Fashion,2022-12-25,1310344.0
S102485,Nelson-King,UK,Private Limited,Sports,2023-12-25,904070.0
S102486,"James, Bell and Chen",Germany,Partnership,Beauty,2022-12-16,6312661.0
S102487,"Pittman, Campbell and Martin",India,LLP,Automotive,2023-05-27,9094926.0
S102488,"Hart, Turner and Foster",Singapore,Individual,Books,2023-09-05,8155487.0
S102489,Rivas Ltd,UK,LLP,Fashion,2022-01-05,9593584.0
S102490,"Lutz, Johns and Clark",Germany,Private Limited,Books,2025-08-09,8699141.0
S102491,"Bernard, Flores and Fleming",Singapore,Individual,Beauty,2025-06-19,8241751.0
S102492,Reid-Petty,India,LLP,Electronics,2025-06-14,7773456.0
S102493,"Chavez, Sanchez and Bird",UK,LLP,Books,2022-08-08,136476.0
S102494,Clark-Haley,UK,Private Limited,Beauty,2023-12-28,198708.0
S102495,Smith-Holt,India,Partnership,Beauty,2023-02-09,1471764.0
S102496,"Nielsen, Lynch and Smith",Canada,Sole Proprietor,Fashion,2024-04-21,2127734.0
S102497,Chambers Group,Germany,Individual,Fashion,2026-04-25,4246564.0
S102498,"Woodard, Warner and Farmer",USA,Partnership,Beauty,2024-02-06,5071168.0
S102499,"Miller, Mcdowell and Curtis",UK,Partnership,Fashion,2025-01-03,4571152.0
S102500,"Johnson, Collier and Powers",India,Partnership,Automotive,2024-06-18,2765129.0
S102501,"Martinez, Stanton and Bennett",USA,LLP,Automotive,2024-06-07,147479.0
S102502,"Howard, Thompson and Tate",UK,Private Limited,Electronics,2023-01-24,4829824.0
S102503,"Terrell, Martinez and Wood",India,Private Limited,Beauty,2024-05-12,5606840.0
S102504,Wallace and Sons,India,Private Limited,Automotive,2023-02-12,8091235.0
S102505,"Smith, Campbell and Morse",Australia,LLP,Electronics,2024-05-12,8255196.0
S102506,Lee-Velasquez,Canada,Partnership,Home,2025-10-28,2187987.0
S102507,"Turner, Robbins and Young",UK,Partnership,Sports,2026-01-26,6573795.0
S102508,Coffey-Johnson,USA,Individual,Electronics,2026-06-12,404875.0
S102509,Conway-Mann,USA,Private Limited,Books,2024-10-21,278991.0
S102510,Smith Ltd,Singapore,Private Limited,Electronics,2025-10-21,5790173.0
S102511,Rodriguez-Ramirez,Germany,Sole Proprietor,Automotive,2022-01-17,7336823.0
S102512,"Snyder, Arnold and Keller",Germany,LLP,Books,2024-09-22,1436047.0
S102513,"Chambers, Morrison and Thompson",Singapore,Partnership,Fashion,2025-06-18,2608453.0
S102514,"Anderson, Brown and Green",Australia,Sole Proprietor,Fashion,2023-05-26,4766726.0
S102515,"Foley, Ibarra and Daniel",Singapore,Individual,Home,2023-06-24,4199917.0
S102516,Lee-Gregory,Australia,Partnership,Fashion,2024-08-28,1779141.0
S102517,"Byrd, Mendez and Becker",Australia,Sole Proprietor,Sports,2023-01-07,3215340.0
S102518,Smith-Simmons,Singapore,Sole Proprietor,Automotive,2025-07-23,2545209.0
S102519,"Hahn, Williams and Mcmillan",USA,Individual,Fashion,2024-04-01,693681.0
S102520,Richard-Russell,UK,Private Limited,Fashion,2024-05-23,346308.0
S102521,Frazier Group,Canada,Private Limited,Electronics,2022-04-15,6431258.0
S102522,Ward-Blake,Germany,Sole Proprietor,Books,2025-12-04,3932711.0
S102523,"Walker, Ramirez and Fisher",USA,LLP,Beauty,2024-09-08,1079277.0
S102524,Stewart-Myers,Canada,Partnership,Automotive,2022-04-16,5155138.0
S102525,Miller-Armstrong,India,LLP,Books,2023-07-29,5939214.0
S102526,Mooney and Sons,Australia,Partnership,Fashion,2023-10-18,847863.0
S102527,"Coleman, Jones and Wright",USA,Individual,Electronics,2022-04-17,5446217.0
S102528,Murphy Inc,USA,LLP,Beauty,2023-07-28,1740500.0
S102529,"Garrett, Johnson and Reynolds",Germany,Private Limited,Books,2024-10-03,6149881.0
S102530,Watkins Ltd,UK,LLP,Electronics,2022-07-18,279203.0
S102531,Pittman-Wright,Australia,Sole Proprietor,Home,2022-09-24,5606810.0
S102532,Allen-Peterson,UK,LLP,Automotive,2026-05-14,9930288.0
S102533,Underwood PLC,Canada,Sole Proprietor,Books,2023-05-03,4679621.0
S102534,Harding PLC,USA,Sole Proprietor,Beauty,2022-06-28,1834517.0
S102535,"Gonzales, Davis and Griffin",USA,Sole Proprietor,Electronics,2022-03-26,9890868.0
S102536,Miller Inc,Australia,Private Limited,Fashion,2025-12-14,7528776.0
S102537,Bennett Ltd,India,Individual,Sports,2025-06-21,5802873.0
S102538,Patton Inc,UK,Partnership,Home,2023-02-18,9001610.0
S102539,Brown-Bishop,INDIA,Private Limited,Electronics,2022-09-19,3266305.0
S102540,Jones-Byrd,Germany,Sole Proprietor,Automotive,2023-06-02,9451046.0
S102541,"Williams, Horn and Morales",UK,LLP,Beauty,2025-07-13,2020130.0
S102542,"Walton, Hall and Greene",Germany,Individual,Beauty,2024-05-08,8837280.0
S102543,"Hanson, Chavez and Marshall",Canada,Individual,Fashion,2025-05-12,4649450.0
S102544,Hobbs-Harvey,Australia,Private Limited,Books,2022-04-04,9548836.0
S102545,Curtis-Lowe,India,Private Limited,Automotive,2026-07-27,6718839.0
S102546,Gibson LLC,Germany,Sole Proprietor,Home,2024-11-17,1308048.0
S102547,"Lee, Garcia and Larson",USA,Partnership,Home,2024-11-09,6494974.0
S102548,Watkins and Sons,Canada,Partnership,Beauty,2025-05-28,4604916.0
S102549,"Martinez, Hicks and Kelly",USA,Private Limited,Electronics,2022-11-24,9644855.0
S102550,Hardy-Wallace,USA,Sole Proprietor,Automotive,2022-01-19,8653283.0
S102551,Taylor Inc,Germany,Sole Proprietor,Automotive,2026-01-15,8859266.0
S102552,Anderson PLC,UK,LLP,Home,2023-03-28,5022157.0
S102553,Palmer-Pearson,Australia,LLP,Sports,2022-09-01,2920734.0
S102554,Collins-Mcclure,USA,Individual,Sports,2023-05-03,4946318.0
S102555,Hernandez LLC,India,Private Limited,Books,2022-09-30,4587143.0
S102556,"Cooper, Wood and Smith",Singapore,Individual,Automotive,2023-05-25,3572752.0
S102557,"Sandoval, Thomas and Young",Canada,Individual,Electronics,2025-08-21,5879443.0
S102558,"Trevino, Henderson and Gonzalez",Australia,Sole Proprietor,Books,2023-10-27,1446638.0
S102559,Davidson and Sons,Australia,Sole Proprietor,Books,2026-01-18,2291630.0
S102560,Peterson Ltd,Germany,Sole Proprietor,Books,2023-10-27,1010720.0
S102561,Neal-Holden,Australia,Individual,Home,2023-12-30,3728901.0
S102562,"Schwartz, Christian and Knight",Australia,LLP,Fashion,2023-06-09,312370.0
S102563,Jensen-Barnes,Canada,Sole Proprietor,Electronics,2026-01-19,6458577.0
S102564,Garcia Inc,Australia,LLP,Home,2025-07-06,9292195.0
S102565,Robinson-Smith,USA,Partnership,Fashion,2023-10-27,4559606.0
S102566,Steele Group,USA,Sole Proprietor,Automotive,2026-07-13,6684775.0
S102567,"Lewis, Castillo and Tate",USA,Partnership,Fashion,2026-02-03,7329693.0
S102568,Aguirre-Bennett,UK,Private Limited,Beauty,2022-07-11,8370847.0
S102569,Lopez-Fritz,USA,Partnership,Fashion,2026-07-29,3004644.0
S102570,Smith-Howard,USA,Sole Proprietor,Beauty,2026-02-02,3076721.0
S102571,"Wilson, Roberts and Lee",Australia,LLP,Electronics,2023-09-28,2783321.0
S102572,"Durham, Ward and Hester",USA,Partnership,Automotive,2025-05-29,3201566.0
S102573,Gonzalez and Sons,India,Private Limited,Electronics,2024-05-23,4164676.0
S102574,Mcclure Ltd,Germany,Partnership,Electronics,2026-01-23,8887877.0
S102575,Morgan PLC,USA,Individual,Sports,2022-07-24,6389692.0
S102576,White Inc,Germany,Individual,Electronics,2022-01-28,783836.0
S102577,Cameron Inc,USA,Private Limited,Home,2022-06-21,4540530.0
S102578,Decker and Sons,USA,Sole Proprietor,Electronics,2026-06-11,207641.0
S102579,Pena-Dyer,Singapore,Individual,Sports,2026-02-16,5727240.0
S102580,Boyle-Torres,Singapore,Individual,Fashion,2022-10-13,8110201.0
S102581,Wood LLC,Singapore,Sole Proprietor,Beauty,2026-07-29,2787109.0
S102582,"Jackson, Rose and Lloyd",UK,LLP,Beauty,2022-11-13,4140433.0
S102583,"Keith, Johns and Jones",India,Sole Proprietor,Automotive,2023-07-02,9170311.0
S102584,Andrade and Sons,India,Individual,Home,2022-04-02,1774954.0
S102585,Lee Group,IN,LLP,Electronics,2024-11-13,7017320.0
S102586,"Brooks, Greene and Rowland",USA,Individual,Fashion,2022-02-19,3852977.0
S102587,Mccall PLC,Germany,Partnership,Fashion,2023-12-25,4862480.0
S102588,"Lopez, Nichols and Clarke",USA,Partnership,Automotive,2026-01-04,1935904.0
S102589,Wright-Soto,Germany,Private Limited,Electronics,2023-04-05,1756851.0
S102590,Salas-York,UK,LLP,Electronics,2025-06-14,5648972.0
S102591,"Blackwell, Clark and Miller",India,LLP,Electronics,2022-03-30,2585087.0
S102592,Gibbs-Mendez,USA,Partnership,Sports,2023-11-17,3092807.0
S102593,Romero Ltd,Australia,Partnership,Fashion,2025-09-28,5109400.0
S102594,"Brooks, Stone and White",Canada,LLP,Books,2022-08-01,4598190.0
S102595,"Brooks, Neal and Baldwin",Germany,LLP,Books,2026-07-19,1331267.0
S102596,Wells-Perkins,Singapore,Individual,Home,2022-11-01,2509356.0
S102597,"Morse, Silva and Johnson",UK,Private Limited,Beauty,2024-07-03,8076757.0
S102598,Jacobson Group,Singapore,Individual,Electronics,2025-03-29,7221473.0
S102599,Foster LLC,Australia,LLP,Fashion,2022-07-05,5469936.0
S102600,Oneal-Duncan,USA,Private Limited,Home,2024-02-28,5965793.0
S102601,Scott-Miller,UK,Partnership,Beauty,2024-09-12,
S102602,Phillips PLC,Canada,LLP,Fashion,2026-07-01,4175653.0
S102603,Hall-Williams,Germany,Partnership,Sports,2024-10-15,9088678.0
S102604,"Oliver, Simmons and Mcdonald",Canada,Partnership,Sports,2025-01-03,3910680.0
S102605,Richardson-Jimenez,Germany,Individual,Sports,2026-01-04,7127313.0
S102606,Reyes-White,Canada,Sole Proprietor,Home,2025-11-21,3729813.0
S102607,Baker Inc,Australia,Individual,Fashion,2024-01-11,98085.0
S102608,Valenzuela-Phillips,USA,Individual,Books,2025-02-17,8001164.0
S102609,"Hunt, Schneider and Hartman",USA,Individual,Electronics,2023-12-17,6104201.0
S102610,Garcia Inc,Singapore,Private Limited,Books,2024-07-31,2468271.0
S102611,Johnson-Gonzalez,Singapore,Sole Proprietor,Beauty,2023-05-12,3585586.0
S102612,Leonard LLC,Singapore,Private Limited,Electronics,2026-03-10,2361922.0
S102613,Mcgee-Mack,India,Private Limited,Beauty,2026-02-10,492027.0
S102614,Lee-Munoz,Australia,Partnership,Books,2022-04-21,1828549.0
S102615,Murillo Ltd,Australia,Sole Proprietor,Electronics,2024-09-03,2703705.0
S102616,"Daniels, Green and Carrillo",India,Private Limited,Books,2022-10-17,1375287.0
S102617,Short-Logan,USA,Individual,Electronics,2025-03-11,
S102618,Bautista-Underwood,INDIA,Private Limited,Beauty,2026-03-03,2400695.0
S102619,"Smith, Valdez and Hays",Australia,Sole Proprietor,Automotive,2023-09-06,7938386.0
S102620,Grimes and Sons,Germany,LLP,Beauty,2026-05-20,271617.0
S102621,Cummings and Sons,UK,Individual,Fashion,2022-05-03,588869.0
S102622,Hall-Matthews,Canada,Private Limited,Sports,2022-11-25,232327.0
S102623,"Todd, Sharp and Murray",Germany,Partnership,Automotive,2024-07-19,9347193.0
S102624,Edwards and Sons,Australia,LLP,Sports,2024-10-24,5184397.0
S102625,Carrillo-Wolfe,Australia,Private Limited,Beauty,2022-11-18,4610510.0
S102626,Gonzales PLC,India,Sole Proprietor,Beauty,2022-09-14,3604492.0
S102627,Brooks PLC,Germany,Sole Proprietor,Electronics,2023-03-25,6631550.0
S102628,Torres Ltd,USA,Sole Proprietor,Sports,2022-06-08,7909053.0
S102629,Porter Ltd,Germany,LLP,Automotive,2025-08-07,6846448.0
S102630,Morgan-Barnes,Singapore,Partnership,Fashion,2022-04-22,6282368.0
S102631,"Goodwin, Farmer and Vaughn",india,Partnership,Fashion,2023-07-07,1868665.0
S102632,Nguyen-Johnson,India,Individual,Books,2025-05-20,5678280.0
S102633,Weeks and Sons,India,Private Limited,Books,2022-11-30,9136001.0
S102634,Carroll-Lloyd,India,Individual,Fashion,2025-05-07,234163.0
S102635,"Berry, Myers and James",Singapore,LLP,Fashion,2025-02-03,3434399.0
S102636,Brown-Hughes,Australia,Individual,Fashion,2023-07-06,1476723.0
S102637,Rodriguez-Hudson,Canada,Sole Proprietor,Electronics,2025-02-28,8166934.0
S102638,Fowler-Torres,India,Individual,Books,2022-07-10,5227530.0
S102639,Garcia PLC,India,LLP,Home,2023-08-02,6729620.0
S102640,Johnson Ltd,Canada,Private Limited,Books,2026-03-20,6603873.0
S102641,"Burns, Lopez and Jones",Australia,LLP,Fashion,2025-12-10,1683762.0
S102642,Campbell-Hall,UK,Partnership,Automotive,2024-10-28,1744547.0
S102643,"Warren, Gibson and Wood",Canada,Private Limited,Electronics,2025-04-17,6460771.0
S102644,Jackson Group,Germany,Sole Proprietor,Home,2022-03-18,4917395.0
S102645,Moore-Rodriguez,USA,Private Limited,Automotive,2024-08-06,1371253.0
S102646,"Barnes, Paul and Price",Australia,Individual,Automotive,2023-04-20,3667959.0
S102647,Anderson and Sons,Singapore,Private Limited,Home,2026-01-11,2751920.0
S102648,Reynolds-Mckinney,Canada,Sole Proprietor,Automotive,2025-05-31,8829300.0
S102649,Moore-Andrews,Singapore,LLP,Beauty,2026-05-28,2251130.0
S102650,Matthews-Shaw,UK,LLP,Books,2025-06-30,7279326.0
S102651,"Stevens, Harris and Ritter",India,Partnership,Fashion,2023-03-04,1308262.0
S102652,Brown-Ross,USA,Sole Proprietor,Automotive,2024-10-15,1684202.0
S102653,Fox PLC,Singapore,Individual,Fashion,2026-04-19,5243258.0
S102654,Stevens-Johnston,Canada,Individual,Beauty,2022-07-12,7680409.0
S102655,"Davis, Lucas and Ellison",UK,Private Limited,Books,2022-11-27,1193565.0
S102656,Graves-Dawson,UK,Sole Proprietor,Books,2023-12-25,1547018.0
S102657,Myers-Colon,India,Private Limited,Automotive,2026-04-30,7779953.0
S102658,Perry and Sons,UK,Partnership,Books,2026-04-12,7466290.0
S102659,"Quinn, Ellis and Bartlett",Australia,Private Limited,Electronics,2025-03-10,8241626.0
S102660,Hale Inc,India,LLP,Home,2023-08-11,6776643.0
S102661,Hale-Williams,Germany,Sole Proprietor,Automotive,2022-09-22,7445861.0
S102662,Hill Ltd,UK,Sole Proprietor,Home,2025-07-03,5312096.0
S102663,"Carter, Hendricks and Wolfe",UK,Individual,Automotive,2024-04-26,8538305.0
S102664,"Barrera, Kerr and Jenkins",Germany,LLP,Automotive,2022-03-29,1007285.0
S102665,"Martinez, Wood and Campos",Australia,Private Limited,Automotive,2025-02-22,183260.0
S102666,"Miranda, Nguyen and Hayes",USA,Individual,Books,2024-02-09,2704252.0
S102667,Clark-Williams,Canada,Partnership,Home,2022-05-30,3792179.0
S102668,Jones Ltd,Germany,Partnership,Automotive,2022-07-11,5904207.0
S102669,"Brady, James and Reese",Germany,Partnership,Automotive,2024-12-31,7848939.0
S102670,Sanders Inc,India,Individual,Fashion,2026-02-07,1867783.0
S102671,Wilson-Stark,INDIA,Partnership,Fashion,2024-04-02,5565017.0
S102672,Santiago-Marshall,India,LLP,Books,2025-05-22,8208676.0
S102673,Jones-Kelley,USA,Partnership,Electronics,2023-07-25,7676564.0
S102674,Reeves Group,India,Sole Proprietor,Fashion,2024-08-20,2491316.0
S102675,Ruiz LLC,Australia,Private Limited,Books,2025-03-09,575516.0
S102676,Jackson Inc,Canada,Partnership,Electronics,2026-07-14,6114842.0
S102677,"Garcia, Phillips and Nichols",Singapore,Partnership,Beauty,2023-03-14,957270.0
S102678,Jackson-Powers,india,Individual,Home,2025-11-01,7145426.0
S102679,Byrd and Sons,UK,LLP,Automotive,2022-12-27,1452429.0
S102680,Howard-Robinson,USA,Individual,Books,2024-04-09,1420851.0
S102681,Stafford PLC,UK,Partnership,Home,2024-05-09,8854312.0
S102682,Ramos Inc,USA,LLP,Fashion,2022-04-21,1600906.0
S102683,"Cain, Davidson and Moran",Germany,LLP,Home,2023-09-01,2810410.0
S102684,Myers LLC,USA,LLP,Beauty,2024-09-13,8027556.0
S102685,Williams-Smith,Canada,Private Limited,Automotive,2024-06-13,6000750.0
S102686,Wang-Mcfarland,Australia,Sole Proprietor,Beauty,2022-01-21,9460482.0
S102687,Kerr-Gonzalez,Singapore,Sole Proprietor,Fashion,2022-06-09,9755440.0
S102688,Fisher Inc,Canada,Private Limited,Books,2025-09-22,5360245.0
S102689,Hoover-Frazier,India,Private Limited,Beauty,2022-10-30,8429307.0
S102690,Walker Inc,Singapore,LLP,Electronics,2026-06-11,6868036.0
S102691,"Jackson, Jackson and Perry",UK,Sole Proprietor,Automotive,2022-01-08,7609125.0
S102692,Ochoa LLC,Singapore,Private Limited,Automotive,2024-07-09,9753556.0
S102693,"Sims, Weber and Villa",India,Individual,Fashion,2026-03-08,3198361.0
S102694,Mcmillan-Martinez,Germany,Sole Proprietor,Home,2022-12-07,6384348.0
S102695,Rodriguez LLC,USA,LLP,Fashion,2023-01-27,9727709.0
S102696,Smith Ltd,India,LLP,Home,2024-01-16,321644.0
S102697,Smith-Lewis,UK,LLP,Sports,2022-09-13,8424022.0
S102698,Jones LLC,Australia,Partnership,Beauty,2024-04-20,5951033.0
S102699,"Hanson, Williams and Mcclure",UK,Sole Proprietor,Beauty,2024-12-07,5684235.0
S102700,Turner-George,India,Private Limited,Beauty,2024-05-27,6309939.0
S102701,Marquez PLC,USA,Sole Proprietor,Sports,2022-11-30,9156050.0
S102702,King Inc,Germany,Partnership,Books,2025-09-12,7389925.0
S102703,"Nguyen, Mccoy and Price",Australia,LLP,Automotive,2025-06-24,1714720.0
S102704,"Anderson, Thompson and Gill",India,Individual,Electronics,2025-08-23,325590.0
S102705,"Stewart, York and Olson",Canada,Partnership,Electronics,2024-10-13,9189115.0
S102706,Smith-Barr,India,Partnership,Sports,2025-04-05,597533.0
S102707,Reyes-Davidson,Australia,LLP,Home,2024-05-11,3604607.0
S102708,Gordon Ltd,USA,Partnership,Sports,2024-02-20,1971009.0
S102709,Hall PLC,USA,Partnership,Electronics,2023-12-20,7833741.0
S102710,Parker Ltd,Germany,Partnership,Electronics,2024-02-07,3807032.0
S102711,Todd-Harvey,Canada,LLP,Books,2025-09-10,4487558.0
S102712,Taylor Group,UK,Partnership,Automotive,2023-05-10,119752.0
S102713,Harris-Bennett,Germany,Individual,Electronics,2022-02-23,2623211.0
S102714,"Johnson, Mclean and George",Singapore,LLP,Home,2026-07-31,8756758.0
S102715,Stevenson-Murphy,Singapore,Sole Proprietor,Books,2023-11-18,2909017.0
S102716,Stewart-Buchanan,Canada,Partnership,Fashion,2025-02-12,6615971.0
S102717,Meyer Group,USA,Sole Proprietor,Automotive,2024-03-16,915385.0
S102718,"Hess, Christensen and Perez",Singapore,Sole Proprietor,Beauty,2022-09-21,6600021.0
S102719,"Rivera, Allen and Ryan",Australia,Private Limited,Beauty,2023-10-14,8728469.0
S102720,"Mcneil, Solis and Horton",USA,Partnership,Fashion,2022-07-23,2169470.0
S102721,Franklin Group,Canada,Individual,Automotive,2025-03-27,6626872.0
S102722,"Morris, Ramos and Smith",Singapore,LLP,Home,2025-02-06,2718469.0
S102723,Jones-Lee,UK,Private Limited,Electronics,2022-07-11,480171.0
S102724,"Braun, Mays and Martinez",Germany,Individual,Automotive,2026-04-27,2617729.0
S102725,Watkins and Sons,India,Sole Proprietor,Automotive,2025-01-18,1371583.0
S102726,Romero Group,Canada,Partnership,Electronics,2026-03-01,2240232.0
S102727,"Mcdonald, Martin and Gonzalez",Germany,LLP,Fashion,2023-05-06,3770435.0
S102728,Thompson-Wright,UK,Private Limited,Sports,2023-05-18,6393582.0
S102729,Ray-Faulkner,Singapore,LLP,Automotive,2022-04-16,
S102730,Nelson Group,India,Private Limited,Automotive,2022-02-17,9769956.0
S102731,Tapia LLC,Singapore,Individual,Electronics,2024-07-29,2108301.0
S102732,Gray-Ruiz,India,Private Limited,Books,2023-06-21,3080429.0
S102733,Wagner-Moss,India,Individual,Beauty,2024-01-11,3539198.0
S102734,Weiss Group,Germany,Individual,Beauty,2026-06-18,418376.0
S102735,Gill Group,Germany,Individual,Beauty,2025-07-05,1330314.0
S102736,Blake LLC,USA,Partnership,Beauty,2023-10-05,7614486.0
S102737,"Medina, Tran and Thompson",Singapore,Private Limited,Fashion,2023-09-04,220125.0
S102738,Ford-Chavez,USA,Sole Proprietor,Automotive,2025-05-27,577651.0
S102739,Hart-Castillo,India,LLP,Books,2024-09-18,9218459.0
S102740,Taylor-Harrison,India,Private Limited,Sports,2026-02-27,4319818.0
S102741,Hendricks Inc,India,Private Limited,Sports,2022-03-02,9041819.0
S102742,Hensley Ltd,India,Sole Proprietor,Sports,2026-04-08,2605942.0
S102743,"Brooks, Sullivan and Perry",USA,LLP,Electronics,2023-03-21,544887.0
S102744,Waller-Brooks,UK,Private Limited,Fashion,2022-06-20,2173664.0
S102745,Parker-Archer,UK,LLP,Beauty,2023-02-13,1592997.0
S102746,Ortiz Inc,UK,Sole Proprietor,Automotive,2023-08-26,7885693.0
S102747,Cruz PLC,Australia,Partnership,Beauty,2024-11-15,6759915.0
S102748,Lee Group,USA,LLP,Fashion,2023-02-10,4765786.0
S102749,Wise-Walton,Germany,Individual,Sports,2026-06-13,9907937.0
S102750,Hicks-Burns,UK,Private Limited,Home,2023-02-26,8234459.0
S102751,"Richardson, Brown and Cruz",Germany,Partnership,Beauty,2025-05-06,4607932.0
S102752,Fitzgerald-Allen,Singapore,LLP,Sports,2022-08-09,6476442.0
S102753,Dorsey LLC,Germany,Private Limited,Sports,2023-12-24,6324015.0
S102754,"Mann, Johnson and Wade",Australia,Individual,Beauty,2022-12-09,616398.0
S102755,Green Group,Canada,LLP,Sports,2024-04-19,4973669.0
S102756,"Hernandez, Wright and Lane",Canada,Sole Proprietor,Books,2024-03-26,552309.0
S102757,"Skinner, Smith and Wise",India,Private Limited,Home,2023-10-23,7253915.0
S102758,"Dawson, Cruz and Mccarthy",Singapore,Private Limited,Books,2023-05-18,1268702.0
S102759,Stone and Sons,USA,LLP,Books,2022-10-25,5325644.0
S102760,Martin-Simmons,India,Individual,Books,2025-11-10,232888.0
S102761,"Turner, Ponce and Barrett",Australia,LLP,Fashion,2024-08-11,9570554.0
S102762,Willis-Gross,Singapore,LLP,Fashion,2025-02-24,1161241.0
S102763,"Booth, Rodriguez and Armstrong",Germany,LLP,Sports,2023-03-11,8895994.0
S102764,Olsen-Adams,USA,Individual,Sports,2023-07-24,1305341.0
S102765,Conrad Group,Canada,Partnership,Automotive,2026-03-29,7351537.0
S102766,"Parker, Benitez and Velasquez",UK,LLP,Fashion,2023-02-08,883152.0
S102767,Davis Ltd,Singapore,Partnership,Beauty,2022-04-06,4653927.0
S102768,Warren-Pena,Germany,Individual,Electronics,2024-07-16,2921248.0
S102769,"Jordan, Thompson and Lopez",Canada,LLP,Sports,2024-02-24,4016501.0
S102770,Gonzalez and Sons,Canada,Individual,Books,2022-02-06,9709628.0
S102771,"Fry, Hayes and Olsen",India,Partnership,Books,2022-09-26,6808043.0
S102772,Harris Ltd,India,Sole Proprietor,Sports,2022-03-22,5710462.0
S102773,Lamb and Sons,Australia,Individual,Electronics,2024-08-20,1645845.0
S102774,Bird-Savage,Singapore,Partnership,Automotive,2023-09-09,4658257.0
S102775,Sims-Weber,UK,LLP,Beauty,2022-06-13,9385685.0
S102776,"Martin, Carter and Gray",IN,LLP,Beauty,2025-06-08,839750.0
S102777,Brown-Johnson,Germany,LLP,Automotive,2024-07-19,8326815.0
S102778,Woods Ltd,Singapore,Individual,Home,2024-02-05,1773751.0
S102779,Smith LLC,India,Private Limited,Electronics,2022-01-22,2377577.0
S102780,Ortega Inc,India,LLP,Home,2025-11-09,7359538.0
S102781,Clark Inc,USA,Private Limited,Electronics,2023-01-27,6238771.0
S102782,Morrison-Hatfield,Singapore,Sole Proprietor,Electronics,2025-11-10,930652.0
S102783,Frederick-Kennedy,UK,Individual,Electronics,2022-04-09,5155140.0
S102784,Munoz-Rogers,India,LLP,Books,2025-11-09,6417900.0
S102785,"Wu, Key and Montoya",UK,Private Limited,Fashion,2025-04-09,7779158.0
S102786,Ortega-Gray,India,Private Limited,Books,2022-10-31,9850080.0
S102787,Hester LLC,Singapore,Partnership,Automotive,2024-07-04,2103083.0
S102788,Smith Ltd,Canada,Sole Proprietor,Fashion,2025-03-29,8068281.0
S102789,Hardy-Barron,Australia,Partnership,Books,2023-10-22,8148468.0
S102790,Johnson Inc,USA,Individual,Books,2026-04-19,5019984.0
S102791,"Ramirez, Lyons and Briggs",Australia,Individual,Books,2025-02-17,4116398.0
S102792,Hayes-Parks,Australia,Private Limited,Automotive,2022-06-09,1310713.0
S102793,Robertson-Keller,Germany,Individual,Fashion,2022-01-27,3676151.0
S102794,Andersen LLC,Germany,Partnership,Fashion,2024-09-25,1803801.0
S102795,Schultz Inc,UK,Private Limited,Home,2025-04-24,8902408.0
S102796,"Nguyen, Wallace and Lawson",Canada,LLP,Home,2023-10-01,7667224.0
S102797,Stevenson-Bauer,Australia,Private Limited,Home,2024-10-30,1822688.0
S102798,Patterson-Huynh,USA,Private Limited,Books,2024-02-29,7640547.0
S102799,Hatfield-Vincent,Singapore,Sole Proprietor,Sports,2023-02-20,6764324.0
S102800,Navarro LLC,USA,Individual,Books,2024-05-16,2804757.0
S102801,"Lee, Thomas and Meyer",Australia,LLP,Home,2025-03-28,1762355.0
S102802,"Glover, Moran and Johnson",USA,Partnership,Electronics,2026-03-06,1898835.0
S102803,Robles-Turner,USA,Individual,Beauty,2023-01-19,4525434.0
S102804,"Davies, Archer and Owens",India,Partnership,Automotive,2024-12-23,7644054.0
S102805,Friedman-Olson,UK,LLP,Electronics,2025-02-01,1460406.0
S102806,"Allen, Lewis and Mullins",UK,Partnership,Fashion,2022-11-05,6709346.0
S102807,"Graves, Garcia and Holder",Canada,Partnership,Sports,2023-11-15,941827.0
S102808,Martin LLC,Germany,LLP,Books,2022-07-20,874338.0
S102809,Miranda-Robinson,Australia,Partnership,Automotive,2024-05-15,3303632.0
S102810,Wade-Lynn,UK,Private Limited,Beauty,2022-12-28,4679265.0
S102811,"Martinez, Taylor and Nichols",Canada,Sole Proprietor,Beauty,2024-11-28,7324019.0
S102812,"Vasquez, Pope and Cook",India,Individual,Automotive,2023-05-25,1913660.0
S102813,Huynh PLC,USA,Individual,Electronics,2022-03-15,9700766.0
S102814,Schneider Group,UK,Private Limited,Electronics,2024-12-25,1745035.0
S102815,"Paul, Hardy and Valdez",UK,Private Limited,Sports,2025-12-03,6837380.0
S102816,"Burch, Kim and Hall",Germany,Partnership,Electronics,2023-03-27,4550772.0
S102817,Wilson-Miller,Germany,Private Limited,Fashion,2026-05-29,3465429.0
S102818,Peterson PLC,UK,LLP,Automotive,2025-05-06,4881479.0
S102819,Garner Inc,Australia,Individual,Electronics,2023-01-15,8492968.0
S102820,"Richardson, Castaneda and Finley",Australia,Sole Proprietor,Beauty,2026-02-22,5172489.0
S102821,"Mclaughlin, Collins and Lawrence",Singapore,Private Limited,Fashion,2023-10-08,1215255.0
S102822,Boone Group,USA,Private Limited,Books,2024-07-21,2429573.0
S102823,Wise-Salinas,India,Partnership,Beauty,2023-11-16,399416.0
S102824,Meyer PLC,USA,LLP,Electronics,2022-12-16,213307.0
S102825,"Walker, Foster and Medina",Canada,LLP,Beauty,2025-04-09,66885.0
S102826,Stewart-Cabrera,Germany,Private Limited,Beauty,2022-08-13,807936.0
S102827,Hood-Porter,Singapore,Individual,Sports,2025-10-24,4926441.0
S102828,Hernandez-Campbell,INDIA,Private Limited,Sports,2024-10-27,2856907.0
S102829,"Ortega, Solis and Warner",Singapore,Private Limited,Home,2022-07-12,1727595.0
S102830,"Flores, Shaw and Barker",UK,LLP,Beauty,2024-10-01,5935129.0
S102831,Shea-Mccarthy,Canada,LLP,Automotive,2024-09-23,4303642.0
S102832,Welch-Lewis,UK,Partnership,Electronics,2023-12-24,5102190.0
S102833,Padilla-Bennett,Australia,LLP,Sports,2026-05-06,8176125.0
S102834,Hernandez-Moran,India,LLP,Automotive,2024-11-29,397746.0
S102835,"Michael, Walker and Fitzgerald",USA,Partnership,Home,2023-03-28,2426209.0
S102836,Gates Ltd,UK,Partnership,Electronics,2023-05-16,9740254.0
S102837,Evans-Briggs,Australia,Partnership,Books,2023-02-27,1547768.0
S102838,Ritter PLC,USA,Partnership,Automotive,2022-08-10,4645680.0
S102839,Rogers-Gregory,Australia,Sole Proprietor,Beauty,2024-12-15,2985211.0
S102840,Todd-Myers,UK,LLP,Books,2024-03-11,9934260.0
S102841,"Acosta, Campbell and Leblanc",Germany,LLP,Books,2023-01-26,739543.0
S102842,"Chase, Long and Anderson",Canada,Sole Proprietor,Automotive,2023-12-05,2112947.0
S102843,"Glenn, Brown and Michael",Germany,Partnership,Sports,2026-06-12,5871657.0
S102844,Ellis-Martin,UK,Individual,Electronics,2024-10-18,2518450.0
S102845,Ramos Group,Germany,Private Limited,Sports,2023-08-17,9414049.0
S102846,Merritt-Clark,Australia,Private Limited,Books,2024-09-24,4886199.0
S102847,"Gonzalez, Curtis and Cox",India,LLP,Electronics,2024-07-18,737078.0
S102848,"Garcia, Floyd and Garrison",USA,LLP,Home,2025-04-29,2120908.0
S102849,Clements-Simmons,India,Partnership,Books,2022-01-11,7269619.0
S102850,Howe Inc,UK,Individual,Electronics,2023-05-30,2360537.0
S102851,Mccann-White,UK,LLP,Home,2024-10-25,9457809.0
S102852,Wilson PLC,USA,Individual,Automotive,2023-07-09,2443173.0
S102853,"Morgan, Hamilton and Hernandez",Australia,Private Limited,Beauty,2025-04-13,1404222.0
S102854,"Powell, Johnson and Allen",UK,Private Limited,Electronics,2024-08-27,5999741.0
S102855,Turner-Carlson,USA,Partnership,Beauty,2024-03-28,1696494.0
S102856,Delgado Group,UK,LLP,Sports,2023-09-29,2957524.0
S102857,"Esparza, Lambert and Davis",Canada,Partnership,Automotive,2023-10-23,9750039.0
S102858,Hancock-Santos,USA,Private Limited,Books,2022-10-05,7034561.0
S102859,Chen-Wallace,Canada,Private Limited,Books,2023-09-17,1486094.0
S102860,Wilson Inc,UK,Sole Proprietor,Automotive,2024-08-02,9207519.0
S102861,Burns Ltd,USA,Partnership,Home,2024-06-13,1661322.0
S102862,"Walker, Matthews and Archer",USA,Sole Proprietor,Beauty,2025-11-22,5305638.0
S102863,Hill-Mcgee,Canada,LLP,Beauty,2023-12-27,7225098.0
S102864,"White, Washington and Newman",Germany,Partnership,Beauty,2024-08-02,514274.0
S102865,Evans-Martinez,Canada,Individual,Home,2024-05-12,1533592.0
S102866,Brown-Stout,Singapore,Private Limited,Sports,2023-09-12,4120918.0
S102867,"Lopez, Hess and Smith",Canada,Sole Proprietor,Books,2022-09-18,9164550.0
S102868,"Roth, Logan and Moreno",Canada,LLP,Electronics,2026-03-27,6637730.0
S102869,Stone PLC,USA,Partnership,Automotive,2022-01-13,7814626.0
S102870,"Reeves, Tyler and Martinez",Singapore,Sole Proprietor,Beauty,2022-04-22,1470343.0
S102871,Sheppard Inc,India,LLP,Home,2025-08-23,1845982.0
S102872,Atkins Ltd,UK,Sole Proprietor,Electronics,2023-08-19,9536566.0
S102873,Smith Group,Germany,LLP,Home,2022-05-05,2087470.0
S102874,Martinez-Anderson,Australia,Sole Proprietor,Automotive,2024-11-12,939532.0
S102875,Delgado Inc,Australia,Private Limited,Sports,2022-10-23,9479621.0
S102876,"Scott, Mullins and Miller",Australia,Partnership,Fashion,2023-04-03,2646701.0
S102877,Hunter LLC,UK,LLP,Automotive,2022-01-14,8186197.0
S102878,"Jackson, Rowland and Barrett",Canada,Private Limited,Electronics,2022-05-18,50599.0
S102879,Turner PLC,USA,Sole Proprietor,Electronics,2024-11-30,1675102.0
S102880,Hopkins-Wallace,USA,Private Limited,Electronics,2024-08-28,463665.0
S102881,"Henry, Edwards and Bartlett",Singapore,Sole Proprietor,Beauty,2024-03-11,983705.0
S102882,Obrien-Dixon,India,LLP,Beauty,2024-09-17,3137744.0
S102883,"Garcia, Weiss and Young",Singapore,Private Limited,Home,2025-01-24,4416631.0
S102884,Thomas and Sons,Singapore,Sole Proprietor,Automotive,2024-06-18,2116894.0
S102885,Guzman and Sons,Germany,Private Limited,Automotive,2022-02-14,3150561.0
S102886,"Howard, Anderson and Dean",USA,Private Limited,Fashion,2024-11-13,9221785.0
S102887,Pierce LLC,USA,Partnership,Beauty,2023-08-17,4906148.0
S102888,Santos-Martin,Australia,Individual,Sports,2024-10-06,6212932.0
S102889,Miller-King,Australia,LLP,Beauty,2024-03-01,1850796.0
S102890,Bentley-Thomas,Germany,Partnership,Home,2024-05-20,2535821.0
S102891,Jones Ltd,India,LLP,Beauty,2022-09-04,9515857.0
S102892,Cowan-Terry,Germany,Individual,Sports,2023-09-13,621826.0
S102893,Klein PLC,Australia,Sole Proprietor,Beauty,2022-03-29,6001329.0
S102894,"Holland, Dixon and Martin",USA,Partnership,Automotive,2024-07-27,4695678.0
S102895,Stewart Group,India,Private Limited,Books,2024-10-22,8492389.0
S102896,Johnson-Munoz,USA,LLP,Automotive,2024-12-11,6603588.0
S102897,Nelson PLC,Canada,Individual,Fashion,2025-09-05,2590116.0
S102898,Sutton Group,UK,Sole Proprietor,Books,2024-07-30,2399469.0
S102899,Murphy Inc,UK,LLP,Beauty,2022-05-20,8165888.0
S102900,Blankenship-Strickland,Germany,Partnership,Sports,2025-09-11,3076182.0
S102901,Melton and Sons,Canada,Sole Proprietor,Home,2025-09-11,8865318.0
S102902,Smith-Bennett,UK,Private Limited,Automotive,2023-10-26,9929298.0
S102903,Gray Inc,Canada,LLP,Sports,2025-06-18,6824201.0
S102904,Thompson Ltd,India,Individual,Electronics,2026-02-09,2720591.0
S102905,Chapman-Roman,USA,Individual,Automotive,2022-08-06,8429110.0
S102906,Rice Ltd,Australia,Partnership,Books,2026-04-06,3934505.0
S102907,"Grimes, Arnold and Lawson",Singapore,Private Limited,Electronics,2022-12-23,6493851.0
S102908,Jackson Group,Singapore,Partnership,Electronics,2022-05-07,4252421.0
S102909,Reed Ltd,India,Individual,Home,2026-03-16,1272751.0
S102910,"Faulkner, Schmidt and Wheeler",Germany,LLP,Sports,2025-07-16,544247.0
S102911,Woods-Anderson,USA,LLP,Electronics,2025-12-01,7591520.0
S102912,Parks Ltd,Germany,Private Limited,Automotive,2025-03-21,9385987.0
S102913,Sandoval and Sons,USA,Private Limited,Books,2024-10-02,7390281.0
S102914,Bradley-Adams,Australia,LLP,Fashion,2023-02-17,2769411.0
S102915,"Fowler, Wood and Waters",Germany,Sole Proprietor,Home,2026-06-06,3276188.0
S102916,"Franklin, Mann and White",India,Sole Proprietor,Electronics,2025-07-12,1664070.0
S102917,Lindsey-Shaw,USA,Individual,Home,2022-10-15,
S102918,Cisneros-Meyer,UK,Partnership,Sports,2025-01-24,1257374.0
S102919,"Keith, Cervantes and Torres",UK,Private Limited,Automotive,2026-02-03,8910962.0
S102920,Meza Group,Germany,Private Limited,Home,2023-03-01,9619221.0
S102921,Bruce-Walters,Singapore,Partnership,Sports,2023-12-23,6030829.0
S102922,Blair Inc,Canada,Sole Proprietor,Home,2022-10-10,1176668.0
S102923,Johnston Inc,Germany,Partnership,Automotive,2024-02-10,1238961.0
S102924,"Mitchell, Noble and Stokes",Canada,Individual,Fashion,2026-05-22,8727962.0
S102925,Hayden Group,UK,Individual,Electronics,2024-10-18,3918381.0
S102926,"Romero, Cross and Castillo",India,Sole Proprietor,Sports,2023-11-09,428200.0
S102927,"Jennings, Rhodes and Patel",USA,LLP,Home,2023-05-30,6600268.0
S102928,Sullivan PLC,Australia,LLP,Electronics,2022-11-20,4882995.0
S102929,Bartlett Ltd,India,Sole Proprietor,Sports,2023-05-10,8736567.0
S102930,Klein Ltd,Canada,Sole Proprietor,Books,2024-03-28,1000399.0
S102931,"Brady, Sanchez and Stevenson",Canada,Individual,Sports,2024-08-22,4463298.0
S102932,"Sutton, Williams and West",Australia,Individual,Electronics,2023-11-24,7120014.0
S102933,Craig PLC,UK,Private Limited,Books,2026-04-16,1046431.0
S102934,Thompson LLC,USA,Private Limited,Sports,2026-07-31,5579924.0
S102935,Palmer Inc,Singapore,Individual,Fashion,2024-10-07,1273258.0
S102936,Simpson-Jackson,Singapore,Sole Proprietor,Sports,2025-12-10,643277.0
S102937,Morgan Ltd,UK,Individual,Beauty,2025-05-10,1402134.0
S102938,Decker Inc,Canada,Partnership,Fashion,2023-07-09,750297.0
S102939,Evans-Carter,India,Individual,Beauty,2024-11-05,3828984.0
S102940,Smith Ltd,Australia,LLP,Beauty,2024-09-05,5140515.0
S102941,"Long, Leblanc and Hickman",Singapore,Private Limited,Electronics,2022-04-24,492143.0
S102942,"Robertson, Barry and Walls",Singapore,Private Limited,Sports,2025-05-30,6415080.0
S102943,"Charles, Brown and Smith",Australia,Individual,Sports,2024-09-14,924771.0
S102944,Murphy-Gomez,Germany,Partnership,Automotive,2022-09-14,7259482.0
S102945,Bailey Ltd,Australia,Partnership,Sports,2022-10-10,1989164.0
S102946,Morales Inc,Germany,Individual,Sports,2024-01-24,5952041.0
S102947,Jordan and Sons,USA,LLP,Beauty,2022-04-29,4045833.0
S102948,Rice and Sons,USA,Individual,Sports,2022-01-21,3860540.0
S102949,Martinez-Freeman,Germany,Sole Proprietor,Sports,2022-04-04,299956.0
S102950,Hammond LLC,Singapore,Private Limited,Home,2022-04-27,1335330.0
S102951,Ruiz LLC,India,Private Limited,Beauty,2023-01-05,4791173.0
S102952,Diaz-Mcclain,India,LLP,Books,2025-05-18,4147740.0
S102953,"Cain, Rodriguez and Gonzales",UK,Private Limited,Sports,2024-03-25,8081276.0
S102954,Martin-Gomez,Australia,Individual,Automotive,2022-06-07,1331408.0
S102955,Smith-Stephenson,UK,Sole Proprietor,Fashion,2024-10-10,6038766.0
S102956,"Gonzalez, Lopez and Williams",Singapore,Private Limited,Beauty,2025-12-31,5128780.0
S102957,Fisher-Rivera,UK,Sole Proprietor,Books,2025-08-31,4147093.0
S102958,Martin and Sons,Canada,LLP,Books,2025-11-30,9133506.0
S102959,Moyer-Bird,INDIA,Individual,Electronics,2023-12-11,6942648.0
S102960,Fisher PLC,Australia,Sole Proprietor,Beauty,2023-07-27,1366106.0
S102961,Marsh-Klein,USA,Private Limited,Home,2024-12-02,3917751.0
S102962,Potter-Deleon,UK,Sole Proprietor,Fashion,2022-09-09,6297667.0
S102963,Shaw-Mclean,Australia,Private Limited,Electronics,2023-04-27,7436629.0
S102964,Anderson-Rosario,Australia,Partnership,Electronics,2022-02-13,8420278.0
S102965,Martinez LLC,Singapore,Individual,Books,2023-07-24,9919032.0
S102966,"Smith, Cohen and Williams",Germany,LLP,Home,2022-06-23,1051936.0
S102967,Jordan-Harper,UK,Sole Proprietor,Beauty,2024-10-11,366224.0
S102968,Hamilton LLC,Singapore,Partnership,Beauty,2024-06-28,795169.0
S102969,Tucker-Hodges,USA,Private Limited,Beauty,2023-01-13,7282405.0
S102970,Williamson Ltd,Canada,Individual,Automotive,2023-09-17,575229.0
S102971,"Lopez, Campbell and Wilson",Canada,LLP,Electronics,2025-05-31,5690806.0
S102972,Gamble-Wright,Singapore,LLP,Home,2026-03-23,9964640.0
S102973,Gonzalez-Mccarthy,USA,Individual,Books,2026-01-26,7332586.0
S102974,Haynes PLC,Singapore,Partnership,Home,2026-02-02,1008290.0
S102975,"White, Riddle and Garza",Singapore,Individual,Sports,2024-03-05,4872081.0
S102976,"Hernandez, Martinez and Morales",Singapore,Sole Proprietor,Beauty,2024-05-18,9656676.0
S102977,Mooney-Hickman,Australia,Sole Proprietor,Home,2024-11-28,4413765.0
S102978,Smith-Gonzalez,USA,Partnership,Beauty,2026-03-08,4046784.0
S102979,James PLC,USA,Individual,Books,2026-06-26,4653547.0
S102980,Graves-Baird,India,Private Limited,Home,2025-01-16,5013118.0
S102981,Rogers Group,UK,Sole Proprietor,Beauty,2022-03-21,4651485.0
S102982,Hicks Ltd,UK,LLP,Automotive,2023-05-29,257016.0
S102983,Torres LLC,India,LLP,Sports,2025-09-15,5435308.0
S102984,Ramirez-Bell,Singapore,LLP,Home,2023-01-02,7495874.0
S102985,Wright-Jacobson,Germany,Individual,Beauty,2022-01-19,7875556.0
S102986,Williams Inc,India,LLP,Beauty,2025-07-30,9388339.0
S102987,"Garner, Lewis and Kennedy",USA,Partnership,Electronics,2025-04-01,1384575.0
S102988,"Garcia, Lopez and Vaughan",UK,Sole Proprietor,Sports,2023-10-06,
S102989,Cook-Rodriguez,Germany,Private Limited,Books,2026-04-18,4682933.0
S102990,"Smith, Arnold and Atkins",UK,Partnership,Fashion,2023-04-11,2977545.0
S102991,Ward-Patrick,USA,Sole Proprietor,Automotive,2022-04-12,3953596.0
S102992,"Maxwell, Rice and Watson",India,Individual,Fashion,2025-11-02,8551337.0
S102993,"Hill, Silva and Miller",Singapore,Partnership,Sports,2023-10-12,753897.0
S102994,Anderson Ltd,Canada,Private Limited,Electronics,2026-01-03,4396217.0
S102995,"Martinez, Willis and Barr",UK,Individual,Automotive,2023-12-25,9117101.0
S102996,"Roth, Lee and Griffin",Australia,Individual,Sports,2023-04-26,5917489.0
S102997,Jones PLC,India,Individual,Sports,2024-06-27,1948888.0
S102998,"Cooper, Swanson and Mayo",Canada,Individual,Fashion,2023-02-22,5515833.0
S102999,Ferguson and Sons,Canada,LLP,Home,2025-10-26,7028813.0
S103000,Anderson Group,India,Partnership,Books,2022-10-21,464306.0
S103001,"Dawson, Snow and Malone",UK,Sole Proprietor,Home,2024-01-08,5670128.0
S103002,"Hester, Jacobson and West",IN,LLP,Beauty,2023-08-26,572734.0
S103003,"Wilson, Graham and Webb",USA,LLP,Electronics,2023-08-19,2567643.0
S103004,"Velazquez, Gordon and Johnson",Canada,Individual,Electronics,2025-06-01,3598039.0
S103005,"Hill, Ponce and Roberts",Singapore,LLP,Sports,2026-01-05,8575883.0
S103006,"Brown, Compton and Lee",Singapore,Sole Proprietor,Automotive,2023-12-06,3654898.0
S103007,Simpson-Patel,Germany,Sole Proprietor,Electronics,2025-09-07,2567835.0
S103008,"Mata, Martin and Christensen",Germany,Individual,Electronics,2023-04-05,9535877.0
S103009,Hart-Myers,Canada,Sole Proprietor,Automotive,2025-01-27,7064220.0
S103010,"Nelson, White and Moore",Canada,Individual,Home,2024-12-16,912877.0
S103011,Vargas Inc,Canada,Partnership,Automotive,2024-12-10,8779789.0
S103012,"Gibson, Zimmerman and Warren",Germany,LLP,Books,2023-02-04,9700988.0
S103013,Phelps-Phillips,UK,Private Limited,Books,2023-05-13,6122764.0
S103014,Arnold-Jackson,USA,Partnership,Books,2026-03-13,1986374.0
S103015,Ferguson LLC,Australia,Private Limited,Beauty,2026-02-09,6927413.0
S103016,Bowman LLC,UK,Individual,Books,2025-02-21,8533289.0
S103017,Nelson Inc,India,LLP,Automotive,2024-09-18,3914628.0
S103018,"Whitney, Mayo and Clark",Germany,Partnership,Fashion,2025-03-12,2151870.0
S103019,Smith LLC,Canada,Private Limited,Home,2024-04-14,9860566.0
S103020,"Jacobs, Wood and Miller",Australia,Private Limited,Sports,2023-06-18,4863134.0
S103021,"Henson, Baker and Anderson",UK,LLP,Electronics,2022-06-16,6903539.0
S103022,"Phillips, Galloway and Garrett",Germany,Sole Proprietor,Fashion,2025-03-25,8341304.0
S103023,Holloway and Sons,Australia,Private Limited,Fashion,2024-07-18,310252.0
S103024,"Sanford, Thompson and Bonilla",USA,Individual,Beauty,2023-06-24,9354287.0
S103025,"Sandoval, Parrish and Crosby",Australia,Partnership,Automotive,2022-07-26,2170605.0
S103026,"Rodriguez, Reese and Reyes",Singapore,Individual,Home,2024-06-02,451503.0
S103027,"Scott, Sims and Munoz",Australia,Private Limited,Electronics,2022-09-29,8688539.0
S103028,Montoya and Sons,Singapore,Sole Proprietor,Beauty,2024-05-14,5995304.0
S103029,Adams-Perkins,USA,Partnership,Automotive,2025-02-14,4100605.0
S103030,Moore-Hall,Australia,LLP,Electronics,2023-11-21,5697890.0
S103031,"Hamilton, Hernandez and Mendoza",Canada,Sole Proprietor,Sports,2022-08-09,808962.0
S103032,White-Lopez,India,LLP,Beauty,2024-04-17,7595615.0
S103033,Lopez Group,Australia,Partnership,Books,2026-04-01,8054511.0
S103034,"White, Campbell and Collins",Australia,Private Limited,Automotive,2023-01-11,9941144.0
S103035,Roth Ltd,Singapore,Sole Proprietor,Electronics,2022-11-08,180589.0
S103036,"Lopez, Thomas and Simmons",Canada,Sole Proprietor,Books,2025-10-12,7658923.0
S103037,Stout-Waller,Germany,LLP,Beauty,2022-12-28,8584019.0
S103038,Ramsey and Sons,Australia,Sole Proprietor,Books,2026-05-03,1675688.0
S103039,"Christensen, Smith and Garcia",USA,LLP,Beauty,2023-11-30,860137.0
S103040,Smith-Serrano,Canada,Sole Proprietor,Sports,2025-04-02,8576649.0
S103041,"Michael, Anderson and Carrillo",Singapore,Partnership,Books,2023-10-24,6493587.0
S103042,Thomas-Burton,UK,Private Limited,Fashion,2022-03-27,3584635.0
S103043,Sparks Inc,Germany,Sole Proprietor,Books,2025-03-23,5324209.0
S103044,Daniels LLC,India,LLP,Books,2022-12-06,2038957.0
S103045,"Miller, Taylor and Malone",UK,LLP,Beauty,2024-06-17,3801945.0
S103046,Ochoa-Parker,USA,LLP,Books,2025-05-26,1830388.0
S103047,Moore-Brown,USA,LLP,Fashion,2022-07-16,3520251.0
S103048,"Adams, Stephens and Smith",Canada,Sole Proprietor,Home,2022-12-12,508858.0
S103049,Garcia LLC,Canada,Individual,Sports,2025-01-06,3323782.0
S103050,Hunt Group,India,Partnership,Home,2022-02-22,6249861.0
S103051,Smith and Sons,USA,LLP,Sports,2024-05-23,7512919.0
S103052,Perez Group,Canada,Private Limited,Home,2024-07-18,4998298.0
S103053,Gomez LLC,India,Individual,Beauty,2024-06-04,8325454.0
S103054,Dorsey Ltd,UK,Individual,Home,2022-10-08,4721669.0
S103055,Mcdaniel-Espinoza,Australia,Individual,Books,2026-07-04,1376525.0
S103056,Vasquez Inc,Australia,Private Limited,Automotive,2022-06-02,5538091.0
S103057,Garcia LLC,USA,Sole Proprietor,Books,2023-07-20,7657864.0
S103058,Jones-Cook,Australia,Sole Proprietor,Automotive,2026-05-11,1292998.0
S103059,Mclean-Gillespie,Australia,LLP,Electronics,2024-06-06,1735083.0
S103060,Munoz and Sons,Australia,Sole Proprietor,Books,2023-01-25,9414543.0
S103061,Moreno-Greene,Australia,Individual,Automotive,2025-07-08,183724.0
S103062,"Coleman, Barry and Mcdaniel",USA,Private Limited,Sports,2024-02-10,3744503.0
S103063,"Roth, Bailey and Garcia",Australia,Private Limited,Books,2024-08-20,2590625.0
S103064,Stanley-Cantu,Germany,Private Limited,Automotive,2024-10-14,4791235.0
S103065,"Lindsey, Mccormick and Hensley",USA,Private Limited,Automotive,2022-07-01,8712181.0
S103066,Strickland and Sons,Singapore,Private Limited,Electronics,2024-06-08,1178456.0
S103067,Hernandez-Griffin,Germany,Sole Proprietor,Sports,2023-03-04,3038274.0
S103068,Briggs-Wilson,India,Partnership,Automotive,2023-06-23,6430211.0
S103069,Moyer-Ramirez,Australia,Sole Proprietor,Fashion,2025-07-30,5900278.0
S103070,Morris and Sons,Germany,Sole Proprietor,Automotive,2023-01-04,5084852.0
S103071,Saunders LLC,Singapore,Private Limited,Books,2025-09-30,8187955.0
S103072,Snyder-Olson,Germany,Partnership,Sports,2024-01-02,9166962.0
S103073,Guzman-Fields,Germany,LLP,Electronics,2023-03-25,1935212.0
S103074,Pham Ltd,Singapore,LLP,Beauty,2024-07-04,5509256.0
S103075,Reyes PLC,USA,Partnership,Electronics,2022-12-27,7846975.0
S103076,Ryan-Vasquez,UK,Individual,Books,2025-11-28,6728830.0
S103077,"Underwood, Cruz and Carpenter",Australia,Private Limited,Home,2024-09-17,8256984.0
S103078,Rose-Frank,Canada,Partnership,Automotive,2023-04-26,535910.0
S103079,"Robinson, Miller and Ward",UK,LLP,Sports,2023-03-17,6911979.0
S103080,Mcknight Inc,India,Sole Proprietor,Home,2023-10-24,4439007.0
S103081,Grant-Rosario,Australia,LLP,Beauty,2024-03-12,7464716.0
S103082,Brown LLC,Germany,Partnership,Books,2022-04-22,4551616.0
S103083,Allison-Delacruz,Germany,Private Limited,Books,2025-07-27,815519.0
S103084,Phillips and Sons,UK,Partnership,Beauty,2023-03-30,9655051.0
S103085,"Bonilla, Durham and Sanchez",USA,Sole Proprietor,Fashion,2026-05-16,1900788.0
S103086,Brown and Sons,Canada,Sole Proprietor,Books,2022-09-22,9105792.0
S103087,Hayden Ltd,India,Individual,Home,2024-02-16,1564189.0
S103088,Bennett Inc,Singapore,LLP,Books,2026-04-20,9326025.0
S103089,"Hanna, Watson and Miles",India,Individual,Sports,2023-03-08,6124992.0
S103090,"Perkins, Woods and Wheeler",Canada,Private Limited,Fashion,2025-01-02,6685829.0
S103091,Johnson LLC,Singapore,Private Limited,Books,2026-06-30,2757912.0
S103092,Miller Inc,UK,LLP,Beauty,2023-03-18,9326981.0
S103093,Carroll Group,Australia,Private Limited,Electronics,2022-03-15,386020.0
S103094,Cannon Group,Singapore,Sole Proprietor,Electronics,2024-10-24,6726281.0
S103095,"Taylor, Rose and Rush",Singapore,Partnership,Electronics,2022-11-18,4799457.0
S103096,Jenkins-Rogers,UK,Individual,Fashion,2025-07-17,4199152.0
S103097,"Dominguez, Mitchell and Moore",INDIA,LLP,Automotive,2022-09-11,6389384.0
S103098,"Johnson, Potter and Gordon",Australia,Partnership,Fashion,2026-02-25,4579825.0
S103099,Sanders Group,Singapore,Individual,Electronics,2022-06-01,8514267.0
S103100,"Vaughan, Gibson and Dawson",Australia,Partnership,Electronics,2022-01-31,9138183.0
S103101,Ellison-Shaw,Canada,Private Limited,Electronics,2026-02-16,9918287.0
S103102,"Perez, Huynh and Nelson",Singapore,Partnership,Fashion,2025-05-25,5287674.0
S103103,Boyd and Sons,Singapore,LLP,Beauty,2024-11-15,443122.0
S103104,"Lewis, Montgomery and Robinson",INDIA,LLP,Beauty,2023-02-20,1722339.0
S103105,Carson PLC,UK,Sole Proprietor,Beauty,2024-02-11,4936173.0
S103106,"Skinner, Velasquez and Mcdonald",Germany,Individual,Fashion,2024-04-12,9461955.0
S103107,Delgado-Sullivan,UK,Partnership,Books,2025-12-10,8995677.0
S103108,Martin-Pratt,Canada,Private Limited,Beauty,2022-02-05,8388861.0
S103109,"Coleman, Nelson and Garcia",Australia,Partnership,Books,2026-04-12,9220114.0
S103110,Morrison-Bradford,Australia,Individual,Beauty,2023-04-04,9745208.0
S103111,Allen and Sons,India,Partnership,Home,2023-04-21,7550846.0
S103112,"Rodriguez, Lewis and Smith",UK,Partnership,Sports,2022-08-12,5261168.0
S103113,Lopez-Harris,UK,Private Limited,Home,2025-07-14,1453154.0
S103114,Allen Inc,India,Sole Proprietor,Fashion,2023-03-02,8267672.0
S103115,"Cunningham, Elliott and Tyler",Canada,Private Limited,Electronics,2022-10-17,6814490.0
S103116,Williams Inc,Canada,Partnership,Sports,2026-01-20,9556628.0
S103117,Smith-Kelly,Singapore,Private Limited,Electronics,2026-04-21,8328176.0
S103118,Benjamin-Porter,UK,Partnership,Books,2026-02-25,5718492.0
S103119,Walton-Swanson,Singapore,Private Limited,Electronics,2023-10-21,9534367.0
S103120,Park Inc,Canada,Partnership,Home,2022-01-12,4548724.0
S103121,Russell-Figueroa,Australia,Private Limited,Home,2025-02-25,8249476.0
S103122,Shaw and Sons,Canada,Partnership,Books,2025-08-28,4005049.0
S103123,Matthews Group,UK,Partnership,Automotive,2024-09-16,8680721.0
S103124,Willis-Christian,Canada,Individual,Electronics,2024-05-21,1350308.0
S103125,Martin-Fleming,Germany,Private Limited,Home,2022-01-28,2769471.0
S103126,Mcclure Inc,Canada,Individual,Fashion,2023-02-09,
S103127,"Hall, Lewis and Maldonado",Singapore,Individual,Electronics,2024-05-18,8357817.0
S103128,Mack and Sons,USA,Sole Proprietor,Beauty,2022-10-14,9228564.0
S103129,"Black, Chandler and Curtis",Germany,Partnership,Electronics,2023-08-31,2022720.0
S103130,West-Anderson,Germany,LLP,Automotive,2025-10-17,4598431.0
S103131,Ward-Chase,Canada,LLP,Sports,2024-02-01,9509168.0
S103132,Williams-Marquez,Australia,Private Limited,Fashion,2023-08-18,8828699.0
S103133,"Hughes, Clark and Bishop",Australia,Private Limited,Home,2025-06-11,6278596.0
S103134,Rubio PLC,Canada,Sole Proprietor,Books,2024-08-24,7815840.0
S103135,"Gamble, Davis and Smith",USA,LLP,Automotive,2026-01-14,2320615.0
S103136,Payne-Novak,USA,Sole Proprietor,Automotive,2024-08-28,214772.0
S103137,Porter Group,UK,Partnership,Fashion,2022-11-04,7943570.0
S103138,Jackson-Phillips,India,Individual,Books,2025-12-07,3198654.0
S103139,Ramirez LLC,USA,Individual,Sports,2024-07-28,5603847.0
S103140,Davis-White,India,Individual,Sports,2024-08-17,2674846.0
S103141,Scott-Kennedy,India,LLP,Automotive,2025-02-19,3842145.0
S103142,Hines-Ramos,UK,Individual,Fashion,2023-07-17,4817876.0
S103143,Case PLC,Singapore,Partnership,Sports,2026-02-02,5179639.0
S103144,Williams-Trevino,UK,Sole Proprietor,Home,2024-04-05,4323985.0
S103145,Ortiz-Harvey,Canada,Sole Proprietor,Automotive,2025-09-12,3448864.0
S103146,"Anderson, Richardson and Kirk",India,Sole Proprietor,Fashion,2022-07-30,3681285.0
S103147,Brooks-Fleming,UK,Private Limited,Books,2025-02-28,1766680.0
S103148,"Cole, Rich and Esparza",USA,Sole Proprietor,Sports,2025-08-13,6474776.0
S103149,Oliver Ltd,UK,Sole Proprietor,Home,2025-04-27,4701273.0
S103150,Figueroa and Sons,Singapore,Sole Proprietor,Automotive,2024-08-27,3561583.0
S103151,"Nicholson, Smith and Farrell",USA,Individual,Home,2023-04-20,3681318.0
S103152,Bennett-Hudson,India,Sole Proprietor,Fashion,2022-10-21,2815193.0
S103153,Walker Group,Germany,Individual,Books,2022-06-09,925589.0
S103154,"Davis, Owens and Day",USA,Sole Proprietor,Home,2024-06-19,7187123.0
S103155,Rodriguez-White,Australia,Partnership,Books,2023-09-12,8444901.0
S103156,Lowery Group,Singapore,Individual,Fashion,2025-02-21,6647584.0
S103157,Gonzalez-Murphy,Germany,Partnership,Automotive,2024-08-29,6005771.0
S103158,Peterson-Munoz,UK,Sole Proprietor,Books,2024-12-22,1361972.0
S103159,Park Group,Canada,Private Limited,Fashion,2025-07-21,4709649.0
S103160,Ramirez Inc,Australia,Private Limited,Home,2024-06-14,9453392.0
S103161,"Moore, Harrison and Bowman",Germany,Partnership,Automotive,2026-06-04,4253347.0
S103162,Carroll-Huerta,Australia,Individual,Sports,2024-06-10,5891499.0
S103163,Brown-Stokes,USA,Individual,Home,2024-01-19,7869455.0
S103164,Irwin-Lewis,Singapore,LLP,Automotive,2024-05-18,3636632.0
S103165,Parrish Ltd,Canada,Sole Proprietor,Fashion,2024-02-23,6328132.0
S103166,Nelson-Reid,USA,Individual,Fashion,2024-06-24,6106430.0
S103167,Thomas LLC,Canada,Private Limited,Electronics,2025-04-15,5257491.0
S103168,Miller-Russo,UK,Individual,Books,2023-06-04,8485472.0
S103169,Savage-Warren,India,Sole Proprietor,Books,2022-03-10,4662919.0
S103170,"Orozco, White and Brown",Australia,Partnership,Beauty,2022-03-31,4295272.0
S103171,Peterson-Mullins,UK,Individual,Sports,2022-03-04,7948869.0
S103172,Gonzalez Group,Canada,Partnership,Beauty,2022-12-22,7993146.0
S103173,Alvarez-Barker,Australia,Sole Proprietor,Home,2022-08-01,690782.0
S103174,Sheppard Group,UK,Individual,Sports,2025-12-31,2620131.0
S103175,Gaines-Hudson,Australia,Private Limited,Home,2022-09-27,1439566.0
S103176,Hoffman PLC,Germany,Individual,Electronics,2024-06-27,1095647.0
S103177,Miller Ltd,UK,Individual,Home,2025-01-19,4705311.0
S103178,"Jensen, Morris and Downs",Singapore,Private Limited,Automotive,2025-06-11,329750.0
S103179,"Newton, Doyle and Stewart",UK,LLP,Automotive,2022-12-13,9895667.0
S103180,Mosley and Sons,Australia,LLP,Sports,2022-01-30,6814121.0
S103181,Lin-Wilson,Germany,Individual,Electronics,2023-01-31,8464204.0
S103182,"Russell, Meyer and Smith",USA,LLP,Electronics,2022-12-20,7488998.0
S103183,Harding-Mathews,India,LLP,Sports,2023-02-11,8530309.0
S103184,"Cole, Montes and Davis",Germany,Private Limited,Automotive,2026-03-10,104096.0
S103185,Reese and Sons,UK,LLP,Sports,2023-12-20,2024922.0
S103186,Horton-Schroeder,UK,Partnership,Sports,2025-11-27,1494438.0
S103187,"Gray, Bailey and Farley",Canada,Partnership,Electronics,2022-08-27,1569373.0
S103188,"Ray, Smith and Cervantes",USA,Individual,Fashion,2023-10-13,9967826.0
S103189,Turner LLC,Australia,Individual,Home,2022-12-13,225132.0
S103190,"Fuentes, Martinez and Porter",USA,LLP,Beauty,2022-06-16,4189478.0
S103191,Gutierrez-Bell,UK,Private Limited,Automotive,2026-03-28,2276920.0
S103192,"Simmons, Dickson and Rogers",UK,Individual,Beauty,2025-12-16,4866345.0
S103193,Ellis LLC,USA,LLP,Fashion,2025-03-03,5343899.0
S103194,Tran and Sons,Germany,Private Limited,Home,2023-01-21,4626814.0
S103195,"Graham, Mitchell and Keller",USA,Private Limited,Books,2023-06-16,7425236.0
S103196,"Kim, Campbell and Oliver",UK,Individual,Beauty,2023-12-29,9758910.0
S103197,Cowan Inc,UK,LLP,Home,2025-08-07,8825200.0
S103198,Banks PLC,Germany,Private Limited,Electronics,2025-04-13,6520648.0
S103199,Garcia-Brady,USA,Sole Proprietor,Sports,2023-03-08,7328852.0
S103200,"Ho, Garcia and Wallace",UK,LLP,Fashion,2023-12-02,8501778.0
S103201,"Shaffer, Contreras and Christian",Canada,LLP,Electronics,2024-11-17,3585328.0
S103202,Walker Group,UK,Private Limited,Beauty,2023-06-19,577610.0
S103203,"James, Gonzalez and Harrison",India,Sole Proprietor,Automotive,2025-07-16,3177701.0
S103204,Bell Group,Germany,Private Limited,Beauty,2025-04-16,5468889.0
S103205,Odonnell-Newman,UK,Sole Proprietor,Beauty,2025-09-10,9921559.0
S103206,"Foster, Ayers and Casey",India,LLP,Automotive,2022-08-03,6071076.0
S103207,"Campbell, Hobbs and Baker",Singapore,Individual,Fashion,2024-05-13,8027497.0
S103208,Nunez-Smith,UK,LLP,Automotive,2022-07-25,3189210.0
S103209,Johnson-Johnson,UK,LLP,Fashion,2024-08-14,9223414.0
S103210,Randall-Stone,USA,Individual,Beauty,2026-07-16,7707887.0
S103211,"Greene, Rogers and Haley",Canada,Sole Proprietor,Automotive,2024-06-09,6749704.0
S103212,Allen-Beltran,Germany,Private Limited,Books,2026-01-21,6311504.0
S103213,Jensen Group,Canada,LLP,Beauty,2025-10-21,6780232.0
S103214,Solis PLC,UK,Individual,Fashion,2026-04-12,8555390.0
S103215,Anderson-Fields,India,Partnership,Beauty,2026-05-05,4569127.0
S103216,"Thompson, Strong and Holmes",Canada,Partnership,Sports,2022-02-28,2801899.0
S103217,Hall-Mckinney,Canada,Private Limited,Books,2025-05-07,8842694.0
S103218,Gordon Ltd,USA,Sole Proprietor,Home,2022-10-13,2229206.0
S103219,"Mueller, Cameron and Burton",Australia,LLP,Home,2022-04-21,1566637.0
S103220,Hood-Moore,IN,Private Limited,Home,2023-12-10,7745935.0
S103221,Harris-Davis,Germany,Private Limited,Beauty,2022-01-02,2524488.0
S103222,Smith-Carrillo,USA,Private Limited,Books,2023-09-22,1398473.0
S103223,Johnson Ltd,USA,Private Limited,Home,2023-02-21,7374074.0
S103224,"Knapp, Miller and Reyes",India,Private Limited,Fashion,2025-11-03,9367197.0
S103225,"Gross, Lucero and Walters",IN,LLP,Electronics,2024-09-04,2723110.0
S103226,Lopez-Delgado,UK,Individual,Beauty,2025-01-31,6661016.0
S103227,Phillips PLC,Australia,Private Limited,Beauty,2025-09-30,6363125.0
S103228,Barber Group,Singapore,Partnership,Automotive,2023-05-13,1657674.0
S103229,Hopkins-Hill,Germany,Private Limited,Books,2026-04-12,2290199.0
S103230,Burton Ltd,Germany,LLP,Books,2025-10-13,7173479.0
S103231,"Camacho, Rodriguez and Ho",Canada,Partnership,Sports,2022-05-27,5869465.0
S103232,Rodriguez LLC,Germany,Sole Proprietor,Electronics,2023-03-31,3039029.0
S103233,Kline-Davis,Singapore,Private Limited,Books,2024-01-12,5751752.0
S103234,Kirk-Durham,Canada,Individual,Sports,2025-05-12,6730364.0
S103235,Myers Group,India,Private Limited,Fashion,2024-10-20,3203622.0
S103236,Gutierrez Group,India,Private Limited,Books,2024-06-10,1607770.0
S103237,"Jones, Mcdaniel and Brooks",UK,Partnership,Automotive,2023-01-04,7192250.0
S103238,Schultz-Hayes,USA,LLP,Books,2024-03-03,8114003.0
S103239,White Inc,India,LLP,Beauty,2023-01-03,2793794.0
S103240,Keller Ltd,Germany,Sole Proprietor,Home,2022-08-06,7850108.0
S103241,"Bond, Wilson and Cooper",Singapore,Individual,Books,2025-11-06,1751295.0
S103242,Webb-Mendez,Australia,Partnership,Home,2026-07-11,255092.0
S103243,"Smith, Boyd and Scott",USA,LLP,Fashion,2025-03-22,8555552.0
S103244,Lee Inc,Germany,Partnership,Electronics,2024-09-22,6789464.0
S103245,"Johnson, Hunt and Hernandez",Germany,Individual,Books,2024-05-20,4389410.0
S103246,Wilson-Robinson,Australia,Individual,Sports,2026-07-11,7604276.0
S103247,Taylor-Miller,Canada,LLP,Home,2024-08-27,5671432.0
S103248,"Case, Adams and Olson",Singapore,Sole Proprietor,Books,2022-08-17,3050429.0
S103249,Bailey PLC,Germany,Sole Proprietor,Home,2024-02-25,1392330.0
S103250,"Phillips, Mcgee and Simpson",USA,Individual,Books,2025-12-20,9951124.0
S103251,"Potts, Nielsen and Wright",UK,Private Limited,Sports,2026-07-23,7683454.0
S103252,Mcdaniel Ltd,Germany,Individual,Beauty,2023-07-31,718478.0
S103253,Hayden-Garcia,India,Partnership,Beauty,2024-01-22,890094.0
S103254,"Collins, Bauer and Mckay",Canada,LLP,Books,2024-05-21,5711668.0
S103255,Hamilton-Griffin,Australia,LLP,Home,2022-02-18,9155808.0
S103256,"Burgess, Cabrera and Dean",UK,Private Limited,Books,2024-01-01,7047109.0
S103257,"Reyes, Gonzalez and Gomez",India,Partnership,Books,2023-09-02,647521.0
S103258,"Weiss, Cole and Preston",Canada,Individual,Books,2026-02-07,664253.0
S103259,"King, Ortiz and Munoz",Canada,Partnership,Fashion,2022-12-25,1460072.0
S103260,"Clements, Moreno and Sanders",Canada,Individual,Fashion,2026-01-28,2476728.0
S103261,White LLC,Australia,Partnership,Beauty,2023-07-17,5844620.0
S103262,Gibbs-Howard,Germany,Sole Proprietor,Fashion,2026-02-09,8833858.0
S103263,Lewis LLC,Canada,Partnership,Electronics,2022-06-06,5529245.0
S103264,Thomas-Edwards,UK,Individual,Fashion,2025-06-01,1746557.0
S103265,Flores Inc,Germany,Sole Proprietor,Automotive,2022-06-11,5716886.0
S103266,"Murphy, Marshall and Pope",Australia,LLP,Beauty,2024-03-31,425532.0
S103267,Hoffman Group,USA,LLP,Automotive,2025-08-30,1380152.0
S103268,Guzman-Rose,Singapore,Partnership,Electronics,2026-06-14,3265246.0
S103269,Hoffman Ltd,Canada,LLP,Books,2025-06-14,8674152.0
S103270,"Shah, Aguirre and Powers",Canada,Private Limited,Automotive,2026-06-25,869251.0
S103271,"Stafford, Fisher and Avila",UK,Sole Proprietor,Beauty,2023-03-17,7380731.0
S103272,Li-Gonzalez,UK,Private Limited,Books,2024-10-24,817426.0
S103273,Lang Group,Canada,Partnership,Fashion,2025-10-20,4830038.0
S103274,Mooney Group,UK,Individual,Beauty,2023-03-01,364051.0
S103275,Martinez and Sons,Singapore,Partnership,Automotive,2022-09-23,4659853.0
S103276,"Murphy, Reyes and Ray",UK,Partnership,Sports,2026-06-07,5387828.0
S103277,Smith-Logan,India,Private Limited,Fashion,2022-02-07,5496032.0
S103278,"Travis, Buck and Mitchell",USA,Individual,Sports,2023-08-13,7778326.0
S103279,Johnson-Ferguson,Canada,Partnership,Automotive,2025-05-04,5565543.0
S103280,"Williams, Newman and Jones",Canada,Partnership,Beauty,2025-02-16,260843.0
S103281,Gallegos Group,UK,LLP,Books,2023-12-11,7505510.0
S103282,"Turner, Stewart and Reed",USA,Partnership,Home,2026-03-01,8421405.0
S103283,Hawkins LLC,USA,Sole Proprietor,Automotive,2022-12-15,6594141.0
S103284,Salazar-Long,UK,Partnership,Electronics,2025-09-15,9635046.0
S103285,"Riggs, Snyder and Davidson",India,Partnership,Sports,2023-12-09,1444052.0
S103286,Cameron PLC,USA,Sole Proprietor,Books,2023-09-15,4945978.0
S103287,Johnson Inc,Singapore,LLP,Beauty,2025-10-13,7891337.0
S103288,Taylor LLC,India,Private Limited,Sports,2025-04-12,2847337.0
S103289,"Ramsey, Perez and Miller",Canada,LLP,Sports,2024-06-02,7019137.0
S103290,"Barrera, Wood and Leach",Singapore,Individual,Home,2023-08-05,9385505.0
S103291,Villa Inc,Australia,Partnership,Fashion,2024-02-08,9069309.0
S103292,Ware-Williams,USA,Partnership,Sports,2022-09-10,1677051.0
S103293,Valentine Inc,Germany,Private Limited,Fashion,2022-08-15,9625512.0
S103294,Murphy-Salazar,UK,Private Limited,Home,2022-11-22,6779618.0
S103295,Nelson-Jackson,Canada,Partnership,Books,2026-03-19,3703282.0
S103296,Silva Inc,Germany,Sole Proprietor,Books,2023-10-17,6143060.0
S103297,Flores and Sons,Australia,Individual,Automotive,2025-11-07,5381381.0
S103298,"Barron, Church and Gutierrez",Canada,Sole Proprietor,Sports,2024-03-14,3826538.0
S103299,Barnett-Boyd,Singapore,Partnership,Beauty,2026-03-30,7833184.0
S103300,Lane Ltd,UK,Partnership,Fashion,2022-12-30,6761798.0
S103301,Bray-Morris,UK,Individual,Sports,2023-11-16,7834988.0
S103302,"Webb, Davis and Miranda",Australia,Private Limited,Automotive,2022-07-21,
S103303,"Miller, Hansen and Salas",Canada,Partnership,Beauty,2024-04-20,3218795.0
S103304,"Holland, Foley and Neal",Australia,Individual,Sports,2023-04-05,2374853.0
S103305,Bonilla Inc,IN,Sole Proprietor,Sports,2022-06-14,9622822.0
S103306,Smith and Sons,Australia,Partnership,Electronics,2023-10-28,4243310.0
S103307,Cardenas-Lopez,USA,Sole Proprietor,Automotive,2024-08-24,1576163.0
S103308,Peterson PLC,UK,Individual,Automotive,2025-05-16,6582030.0
S103309,"Palmer, Edwards and Blackburn",Canada,Sole Proprietor,Home,2023-01-31,2757494.0
S103310,"Gibson, Moore and Wagner",Germany,LLP,Automotive,2023-05-06,2989552.0
S103311,Robinson LLC,Germany,Private Limited,Books,2022-09-29,4965420.0
S103312,Hester-Parrish,India,Individual,Fashion,2025-03-28,7787309.0
S103313,"Harris, Ross and Jones",Germany,Private Limited,Automotive,2025-05-20,7493265.0
S103314,Martin-Parker,USA,Private Limited,Beauty,2024-10-21,1914909.0
S103315,"Wong, Thomas and Walter",Singapore,Sole Proprietor,Home,2023-11-10,2722049.0
S103316,"Rodriguez, Smith and Murray",USA,Partnership,Automotive,2022-05-24,165482.0
S103317,Johnson-Stanley,Australia,Individual,Automotive,2025-10-18,6867366.0
S103318,Bell-Wilson,Singapore,Sole Proprietor,Beauty,2024-02-29,1230539.0
S103319,"Miller, Reynolds and Hernandez",Singapore,Partnership,Books,2026-01-06,9065093.0
S103320,"Jordan, Cook and Alexander",India,Sole Proprietor,Automotive,2024-12-29,447957.0
S103321,Davis-Wong,Germany,Partnership,Home,2026-01-26,1053047.0
S103322,"Reilly, Lee and Lopez",UK,Partnership,Home,2026-01-25,719519.0
S103323,Wheeler PLC,UK,Partnership,Automotive,2024-11-13,7432743.0
S103324,"Snyder, Hamilton and Maldonado",Germany,Individual,Electronics,2022-10-26,
S103325,"Wright, Rodriguez and Wilson",Singapore,Sole Proprietor,Home,2026-06-10,1925419.0
S103326,Johnston and Sons,Australia,Private Limited,Books,2024-04-25,5751478.0
S103327,Patel LLC,USA,Private Limited,Home,2024-09-15,3574641.0
S103328,Andrade Ltd,UK,Individual,Books,2025-08-07,1292680.0
S103329,"Sullivan, Long and Robinson",Germany,Partnership,Home,2023-05-17,4412068.0
S103330,"Adams, Harris and Floyd",UK,LLP,Automotive,2024-06-29,5597574.0
S103331,Walsh-Mccarthy,Singapore,Partnership,Automotive,2023-06-13,9583337.0
S103332,Gross-Davis,UK,Sole Proprietor,Electronics,2026-04-09,2399162.0
S103333,"Velez, Howell and Stevenson",USA,Sole Proprietor,Books,2022-02-23,3758126.0
S103334,"Allen, Edwards and Jones",UK,Sole Proprietor,Books,2026-01-01,4935832.0
S103335,Cook Group,UK,Private Limited,Sports,2025-07-22,5162711.0
S103336,Rivers Ltd,Germany,Partnership,Automotive,2023-08-27,2641094.0
S103337,Patterson-Smith,Australia,Private Limited,Fashion,2025-05-29,4954531.0
S103338,Ibarra-Jackson,Singapore,Partnership,Books,2025-07-28,3873830.0
S103339,Wheeler Group,India,Private Limited,Sports,2023-09-13,2539124.0
S103340,"Smith, Marks and Kennedy",Canada,Individual,Books,2024-01-16,8582750.0
S103341,Fuentes PLC,Australia,Sole Proprietor,Beauty,2024-09-03,2909007.0
S103342,"Mooney, Conley and Fox",UK,Private Limited,Sports,2024-10-23,5323015.0
S103343,Fischer Inc,Canada,LLP,Beauty,2024-09-20,2887377.0
S103344,Torres Ltd,Singapore,Sole Proprietor,Beauty,2022-12-26,8170146.0
S103345,Chavez-Navarro,Germany,Individual,Automotive,2022-05-13,5793965.0
S103346,"Scott, Tucker and Diaz",USA,LLP,Fashion,2023-04-05,2568067.0
S103347,Carey LLC,UK,Sole Proprietor,Home,2026-02-01,2056411.0
S103348,"Cook, Holmes and Beck",Australia,Private Limited,Books,2024-10-18,7756139.0
S103349,"Washington, Nelson and Stone",Canada,Individual,Home,2026-03-09,8843246.0
S103350,"Smith, Irwin and Chase",USA,Private Limited,Books,2025-09-22,600972.0
S103351,"Mcknight, Howard and Johnson",Germany,Individual,Books,2024-11-05,1177390.0
S103352,"Figueroa, Mcpherson and Howard",UK,Sole Proprietor,Sports,2026-02-27,9071597.0
S103353,"Davis, Knapp and Gray",Singapore,Individual,Home,2022-04-25,7543255.0
S103354,Sheppard Ltd,Canada,Sole Proprietor,Fashion,2023-05-17,4346176.0
S103355,"Gardner, Gaines and Archer",Singapore,Private Limited,Automotive,2025-08-25,4161878.0
S103356,"Thompson, Lozano and Bailey",USA,Partnership,Fashion,2022-03-24,4508768.0
S103357,Myers-Butler,Canada,LLP,Electronics,2026-03-02,3237908.0
S103358,Parker-Williams,Australia,Individual,Fashion,2024-12-06,5129484.0
S103359,"Miles, Flowers and Martinez",India,Private Limited,Fashion,2023-05-15,9876036.0
S103360,Knight-Sparks,Singapore,Sole Proprietor,Beauty,2024-08-08,1698700.0
S103361,Roberts-Montes,Canada,Individual,Books,2026-06-06,1275651.0
S103362,Ho-Thomas,USA,Partnership,Electronics,2024-06-24,1448988.0
S103363,"Hernandez, Levy and Hanson",Germany,Private Limited,Electronics,2025-01-15,9938086.0
S103364,"Martin, Tucker and Brown",USA,Sole Proprietor,Beauty,2023-09-07,9601760.0
S103365,Smith-Williams,India,Sole Proprietor,Beauty,2022-08-17,7476297.0
S103366,Petersen-Martinez,Singapore,Private Limited,Sports,2026-07-09,7704679.0
S103367,Torres-Jordan,India,LLP,Home,2024-04-13,4592317.0
S103368,"Flowers, Williams and Taylor",Germany,Private Limited,Books,2024-11-04,8158087.0
S103369,Glover-Shaw,Canada,LLP,Automotive,2023-09-06,4482538.0
S103370,"Moore, Miller and Nelson",Singapore,Sole Proprietor,Fashion,2023-11-30,4668572.0
S103371,"Gonzalez, Richards and Miller",Australia,Sole Proprietor,Sports,2023-09-25,7432709.0
S103372,Johnson LLC,India,Private Limited,Beauty,2022-01-14,5405413.0
S103373,Cain Ltd,Canada,Partnership,Beauty,2022-12-01,3049685.0
S103374,Henderson-Rasmussen,India,Partnership,Automotive,2023-09-16,1636587.0
S103375,Orozco LLC,Singapore,Partnership,Books,2025-07-30,9086042.0
S103376,"Collins, Elliott and Shelton",Singapore,Private Limited,Fashion,2026-05-14,1873879.0
S103377,Brock-Taylor,IN,Private Limited,Fashion,2023-09-22,8468465.0
S103378,Wright Group,UK,LLP,Home,2024-12-22,7966759.0
S103379,"Gonzalez, Torres and Evans",India,LLP,Sports,2023-03-07,9629931.0
S103380,"Murray, White and Patton",Australia,Private Limited,Books,2022-11-17,3269615.0
S103381,Davis-Rose,Singapore,Partnership,Home,2022-12-18,2699846.0
S103382,"Edwards, Donovan and Marquez",Canada,Private Limited,Books,2024-11-23,7998628.0
S103383,Gomez-Owens,Australia,Sole Proprietor,Home,2024-05-03,4569499.0
S103384,Murray-Gaines,USA,LLP,Beauty,2023-09-14,6270842.0
S103385,Bernard Group,USA,LLP,Books,2026-01-28,5988019.0
S103386,Campos PLC,Singapore,LLP,Beauty,2023-09-23,7185314.0
S103387,Buchanan-Carpenter,Canada,Partnership,Home,2024-05-04,145169.0
S103388,Martinez-Daniels,Singapore,Partnership,Electronics,2024-04-17,5982624.0
S103389,"Rich, Brown and Bruce",Australia,Private Limited,Beauty,2026-04-20,4650435.0
S103390,Powell Inc,India,Private Limited,Fashion,2025-09-17,4343781.0
S103391,Aguirre-Golden,UK,LLP,Electronics,2023-10-22,
S103392,Combs-Miller,Singapore,Partnership,Books,2025-02-16,9444775.0
S103393,Gallegos-Santos,Australia,Private Limited,Home,2023-03-17,8487990.0
S103394,Wheeler-Short,Germany,LLP,Electronics,2022-06-02,4129175.0
S103395,"Olson, Rivera and Brown",USA,LLP,Automotive,2024-09-09,9997886.0
S103396,"Richards, Dixon and Love",Germany,Individual,Home,2025-09-12,6594171.0
S103397,"Harris, Thomas and Yang",Australia,Partnership,Fashion,2023-07-28,9883367.0
S103398,Taylor-Jacobson,Germany,Individual,Electronics,2022-04-25,5799416.0
S103399,"Phelps, Turner and Collins",UK,Sole Proprietor,Books,2024-06-16,4818677.0
S103400,Shaffer PLC,India,Partnership,Fashion,2026-03-16,1291325.0
S103401,"Gonzalez, Jones and Hernandez",UK,Partnership,Home,2022-11-07,2573621.0
S103402,Meyer and Sons,Canada,LLP,Sports,2023-02-14,9476050.0
S103403,Garcia Inc,India,Partnership,Fashion,2023-11-03,9658868.0
S103404,"Wallace, Brown and Martinez",Canada,LLP,Sports,2024-12-23,4939205.0
S103405,Webb-White,Australia,Individual,Fashion,2026-05-01,1190916.0
S103406,Skinner PLC,Singapore,LLP,Home,2024-01-10,7529960.0
S103407,Underwood-Maldonado,Australia,Private Limited,Fashion,2023-10-20,7907213.0
S103408,"Williamson, Reynolds and Fields",USA,Partnership,Books,2023-11-14,3388417.0
S103409,Thomas Ltd,Australia,LLP,Books,2025-05-21,438196.0
S103410,"Allen, Hunt and Lyons",USA,Individual,Automotive,2024-04-21,7219423.0
S103411,Alvarez LLC,Germany,Partnership,Home,2022-04-09,8915037.0
S103412,Contreras-Haley,India,Sole Proprietor,Books,2022-02-03,9541115.0
S103413,Richardson-Hill,Germany,Individual,Sports,2026-06-23,5537324.0
S103414,Wolfe-Rodriguez,Singapore,Sole Proprietor,Beauty,2023-08-02,9693803.0
S103415,Li-Hernandez,UK,Individual,Automotive,2022-06-04,9534274.0
S103416,Bryant-Elliott,India,Sole Proprietor,Home,2022-08-19,8971493.0
S103417,Carpenter Inc,USA,Sole Proprietor,Home,2022-06-29,9678867.0
S103418,"Santos, Sandoval and Wallace",IN,Sole Proprietor,Automotive,2023-01-26,1276138.0
S103419,Estes-Mcdonald,Singapore,Partnership,Home,2023-07-22,7863403.0
S103420,"Ellis, Smith and Moore",IN,Private Limited,Automotive,2023-11-08,1275169.0
S103421,"Foley, Gordon and Bailey",USA,Sole Proprietor,Books,2024-07-18,8903571.0
S103422,"Warren, Palmer and Thompson",Singapore,Partnership,Electronics,2024-04-02,9692500.0
S103423,Bell Ltd,UK,Individual,Sports,2024-03-09,366613.0
S103424,"Morgan, Espinoza and Buchanan",India,Private Limited,Books,2024-05-24,2574885.0
S103425,Glover-Barrett,UK,Private Limited,Sports,2025-10-13,5529762.0
S103426,Jones-Franco,Canada,Partnership,Automotive,2025-09-24,3411005.0
S103427,Bennett-Ruiz,Singapore,Sole Proprietor,Books,2026-01-04,9728039.0
S103428,"White, Erickson and Hunter",USA,Private Limited,Home,2022-10-31,3508525.0
S103429,"Fox, Anderson and Nguyen",UK,Private Limited,Electronics,2022-02-23,8999336.0
S103430,"Bailey, Williamson and Powell",Canada,Individual,Home,2022-09-18,9110975.0
S103431,Johnson Ltd,UK,Individual,Books,2023-10-08,3910502.0
S103432,Hall Ltd,Australia,Private Limited,Fashion,2023-09-13,2789533.0
S103433,Porter Ltd,Germany,LLP,Fashion,2023-03-21,6011695.0
S103434,Morris-Hall,India,Private Limited,Beauty,2022-09-10,6343367.0
S103435,"Flynn, Garcia and Gilmore",INDIA,Partnership,Home,2026-03-04,3549464.0
S103436,"Stafford, Campos and Fisher",Germany,Individual,Beauty,2024-06-17,6747098.0
S103437,Brown LLC,USA,Private Limited,Home,2024-02-19,9952201.0
S103438,Johnson Ltd,Singapore,Individual,Electronics,2022-12-25,8551071.0
S103439,Alexander LLC,india,Sole Proprietor,Electronics,2022-11-30,3567141.0
S103440,"Welch, Johnson and Thompson",India,Partnership,Automotive,2025-05-23,6062792.0
S103441,Hale Group,Australia,LLP,Beauty,2023-01-27,3578709.0
S103442,Zhang PLC,India,Sole Proprietor,Books,2024-09-05,4332963.0
S103443,"Gonzalez, King and Kim",Canada,Individual,Beauty,2022-02-03,171728.0
S103444,Perez-Harmon,Germany,Partnership,Beauty,2022-07-24,6000561.0
S103445,Cervantes-Stokes,UK,LLP,Home,2022-05-14,7333809.0
S103446,Miller Inc,Singapore,LLP,Fashion,2025-12-07,1466860.0
S103447,"Moyer, Davis and Johnson",Australia,Partnership,Beauty,2022-02-02,4658971.0
S103448,Barry LLC,Australia,LLP,Electronics,2022-10-16,4227495.0
S103449,Carroll-Lin,USA,Sole Proprietor,Electronics,2022-09-20,8751033.0
S103450,Lopez-Blair,USA,Private Limited,Automotive,2024-08-20,704157.0
S103451,"May, Crawford and Collier",India,Sole Proprietor,Home,2023-03-06,4967143.0
S103452,"Carey, Mason and Kelly",UK,Sole Proprietor,Beauty,2022-11-19,7083665.0
S103453,"Castaneda, Solis and Gonzales",USA,Private Limited,Sports,2022-11-07,3096988.0
S103454,"Bennett, Jones and Miller",UK,Individual,Home,2022-11-29,552983.0
S103455,"Evans, Wilson and Hall",Germany,Private Limited,Books,2024-04-06,6310990.0
S103456,"Fernandez, Johnson and Nicholson",Singapore,LLP,Sports,2023-10-20,527784.0
S103457,Nielsen-King,Singapore,Individual,Books,2022-02-28,7943719.0
S103458,"Howard, Brennan and Moore",India,Private Limited,Beauty,2022-04-06,9100887.0
S103459,Jones-Johnston,Germany,Sole Proprietor,Automotive,2024-12-11,2897768.0
S103460,"Frederick, Porter and Ross",USA,Individual,Electronics,2023-12-16,3786280.0
S103461,Gardner Inc,India,Partnership,Electronics,2022-08-19,8030743.0
S103462,"Ruiz, Lowery and Baker",Germany,Partnership,Home,2025-01-04,
S103463,Johnson Group,USA,Sole Proprietor,Home,2025-07-28,62106.0
S103464,Gonzalez-Barron,UK,Partnership,Beauty,2023-06-11,2200815.0
S103465,Taylor PLC,UK,Sole Proprietor,Books,2025-06-10,1667294.0
S103466,"Rivera, Todd and Gaines",Germany,Partnership,Automotive,2025-03-15,3343151.0
S103467,Young Inc,USA,Private Limited,Sports,2022-09-23,2442356.0
S103468,"Strong, Warner and Cannon",IN,Individual,Automotive,2022-07-14,6825286.0
S103469,Reed Inc,UK,Sole Proprietor,Electronics,2023-05-27,3845398.0
S103470,George-Salazar,UK,Private Limited,Automotive,2025-09-12,5101756.0
S103471,Clay Group,UK,Partnership,Automotive,2025-04-24,8772758.0
S103472,Nelson Inc,Canada,Sole Proprietor,Books,2026-04-06,2259678.0
S103473,Johnson PLC,UK,Partnership,Books,2025-09-16,2486404.0
S103474,Santos Group,Canada,Individual,Automotive,2026-06-26,6509731.0
S103475,Turner-Horn,Australia,Individual,Home,2023-02-10,3106346.0
S103476,Smith Inc,India,Private Limited,Automotive,2022-03-11,4040114.0
S103477,Ayala and Sons,USA,Partnership,Books,2022-01-24,9648022.0
S103478,"Franklin, Gray and Sutton",Germany,Partnership,Home,2023-12-06,3199893.0
S103479,Tran Inc,Australia,Sole Proprietor,Beauty,2024-07-14,3654353.0
S103480,Cannon-Dominguez,Germany,Sole Proprietor,Books,2025-01-22,7429676.0
S103481,Miles-Dunn,India,LLP,Automotive,2026-04-23,8681725.0
S103482,Kim PLC,UK,LLP,Fashion,2023-06-07,5770745.0
S103483,Bell-Cooper,Singapore,Partnership,Home,2025-01-29,7705712.0
S103484,Allen Inc,Australia,Individual,Automotive,2023-12-03,8758598.0
S103485,"Smith, Gutierrez and Goodwin",UK,Individual,Home,2024-01-19,7205726.0
S103486,"Bradley, Ritter and Smith",Australia,Individual,Sports,2022-09-16,1636848.0
S103487,"Wright, Brown and Brown",USA,Partnership,Home,2022-08-16,2067925.0
S103488,White-Williams,Canada,LLP,Fashion,2023-12-13,5201115.0
S103489,Morrison-Zamora,Germany,Partnership,Sports,2022-06-19,8517858.0
S103490,Anderson-Sanders,USA,Partnership,Home,2024-11-12,3319510.0
S103491,"Martinez, Jones and Wright",USA,Private Limited,Home,2022-02-04,3383248.0
S103492,"Harris, Thornton and Li",Australia,LLP,Sports,2025-05-15,2596298.0
S103493,Wallace LLC,Canada,Sole Proprietor,Sports,2022-04-07,8994877.0
S103494,Deleon-Carter,UK,Sole Proprietor,Fashion,2025-11-21,8956521.0
S103495,"Sanchez, Orozco and Flores",USA,LLP,Fashion,2022-07-25,2828902.0
S103496,"Gordon, Brown and Mccullough",Australia,Sole Proprietor,Fashion,2026-03-19,2600993.0
S103497,"Sampson, Tucker and Miller",Canada,Sole Proprietor,Beauty,2023-02-19,4721135.0
S103498,Skinner PLC,India,Partnership,Books,2024-03-09,8803488.0
S103499,Torres PLC,Germany,Partnership,Beauty,2023-10-22,2333712.0
S103500,Martinez Ltd,Australia,LLP,Electronics,2022-06-03,4266604.0
S103501,Johnson and Sons,Australia,Sole Proprietor,Automotive,2023-10-01,3552324.0
S103502,"Alexander, Duran and Benton",Australia,Sole Proprietor,Sports,2022-05-17,1043584.0
S103503,Porter Inc,Singapore,Partnership,Fashion,2022-10-22,8118702.0
S103504,Ramirez-Cruz,Singapore,Private Limited,Home,2026-07-11,4117855.0
S103505,Brown PLC,Germany,Private Limited,Automotive,2024-05-08,6609885.0
S103506,Simpson-Roy,Canada,Private Limited,Fashion,2023-12-19,1233324.0
S103507,Wallace-Walker,USA,LLP,Fashion,2024-04-02,2121506.0
S103508,Lopez-Jordan,Australia,Sole Proprietor,Automotive,2022-11-07,3503272.0
S103509,Guerrero Inc,Germany,Private Limited,Automotive,2023-07-19,5544025.0
S103510,"Hines, Pineda and Kent",India,Individual,Sports,2023-09-30,8845303.0
S103511,Livingston-Solomon,India,Sole Proprietor,Beauty,2023-04-21,7402983.0
S103512,"Robinson, Johnson and Swanson",UK,Individual,Sports,2026-03-02,7673020.0
S103513,"Hamilton, Patterson and Daniel",USA,Individual,Home,2026-01-14,5777358.0
S103514,"Goodwin, Aguirre and Tran",UK,Individual,Beauty,2023-06-08,1943100.0
S103515,"Randolph, Mitchell and Ritter",Australia,Partnership,Beauty,2025-04-13,2876222.0
S103516,"Ford, Armstrong and Carroll",Australia,Partnership,Home,2023-08-20,3818723.0
S103517,"Green, Horne and Mcdonald",Canada,Individual,Electronics,2026-02-07,6132569.0
S103518,Anderson Inc,USA,Partnership,Home,2025-12-07,7305765.0
S103519,Marsh-Tapia,Germany,Individual,Automotive,2022-08-04,4751035.0
S103520,Lutz PLC,Singapore,LLP,Books,2025-08-04,8569865.0
S103521,Morgan-Foster,UK,Partnership,Automotive,2023-05-30,6033783.0
S103522,"Hill, Adams and King",India,Individual,Electronics,2025-12-31,8196156.0
S103523,"Patrick, Franklin and Martinez",USA,Sole Proprietor,Beauty,2023-03-30,9966751.0
S103524,"Guerrero, Huff and Abbott",Germany,LLP,Electronics,2026-05-19,8234965.0
S103525,Ford-Gonzales,Canada,Sole Proprietor,Home,2025-03-04,6355252.0
S103526,Johnson-Howard,Canada,Sole Proprietor,Home,2025-09-29,6468748.0
S103527,"Richard, Robinson and Brown",India,Sole Proprietor,Electronics,2025-04-24,1703843.0
S103528,Hill PLC,Canada,Individual,Electronics,2026-04-14,4053283.0
S103529,"Edwards, Brown and White",UK,Sole Proprietor,Automotive,2025-12-23,7127121.0
S103530,Green-Simpson,Singapore,Partnership,Automotive,2026-03-05,
S103531,Mccoy and Sons,UK,Partnership,Home,2024-08-01,9669131.0
S103532,"Douglas, Hall and Pena",Singapore,Sole Proprietor,Electronics,2024-03-27,7294357.0
S103533,Cohen Group,Australia,Individual,Fashion,2025-03-07,3082275.0
S103534,"Stewart, Tran and Perez",India,LLP,Electronics,2023-08-22,6964627.0
S103535,"Braun, Hester and Smith",Singapore,Individual,Automotive,2024-07-24,4303262.0
S103536,Fernandez-Williams,UK,LLP,Books,2023-05-25,4691122.0
S103537,Bailey Inc,Germany,Individual,Books,2024-07-27,4465321.0
S103538,"Wallace, Dixon and Young",IN,Private Limited,Fashion,2025-02-17,9231796.0
S103539,Hudson-Calderon,Australia,LLP,Automotive,2024-04-01,5897516.0
S103540,"Perry, May and Liu",Singapore,Private Limited,Home,2024-10-20,1540982.0
S103541,Johnson PLC,UK,LLP,Sports,2025-01-07,3868006.0
S103542,Rogers-Russell,UK,LLP,Electronics,2026-01-18,1567205.0
S103543,"Brooks, Dunlap and Carter",Australia,Partnership,Books,2025-06-27,8391509.0
S103544,Martin Inc,Australia,Private Limited,Home,2024-02-23,3441499.0
S103545,Conrad-Buck,UK,Partnership,Books,2023-11-22,7394546.0
S103546,Rodriguez and Sons,UK,Private Limited,Fashion,2023-10-24,317216.0
S103547,Dixon-Norman,India,Private Limited,Sports,2023-09-28,8541272.0
S103548,"Logan, Marquez and Case",Australia,Sole Proprietor,Books,2026-03-30,9443919.0
S103549,Rivas-Johnson,Canada,Private Limited,Beauty,2025-06-20,1323983.0
S103550,"Hernandez, Farmer and Banks",USA,Individual,Electronics,2025-12-28,6838683.0
S103551,Benjamin and Sons,Singapore,LLP,Fashion,2026-01-06,5757004.0
S103552,"Gordon, Andrews and Kelley",Canada,LLP,Beauty,2022-09-30,6513257.0
S103553,Ryan-Martinez,India,LLP,Sports,2025-03-13,1429281.0
S103554,"Yates, Lawson and Hopkins",UK,Private Limited,Beauty,2022-03-25,4175577.0
S103555,"Alexander, Adams and Huff",Canada,Private Limited,Automotive,2023-07-15,492233.0
S103556,Bartlett-Murphy,Germany,Private Limited,Home,2025-11-24,3723793.0
S103557,Hall-Edwards,USA,Private Limited,Beauty,2025-08-19,3673343.0
S103558,Steele Group,USA,Individual,Books,2023-05-15,398529.0
S103559,"Rosario, Ortiz and Miller",Singapore,Sole Proprietor,Beauty,2024-06-17,7004589.0
S103560,"Wagner, Melendez and Valdez",Canada,Sole Proprietor,Sports,2023-01-29,6967641.0
S103561,"Hall, Hartman and Hall",USA,Sole Proprietor,Sports,2024-03-29,9704564.0
S103562,Frost and Sons,Germany,LLP,Automotive,2026-06-20,6156385.0
S103563,Craig-Wade,Singapore,LLP,Beauty,2024-01-29,6165538.0
S103564,"Green, Mitchell and Edwards",USA,LLP,Sports,2024-01-02,1342524.0
S103565,Ortiz PLC,Australia,Private Limited,Books,2025-12-09,
S103566,Johnston Ltd,Singapore,Sole Proprietor,Sports,2022-09-21,1671038.0
S103567,Yoder Group,Singapore,Sole Proprietor,Automotive,2024-09-01,9031848.0
S103568,Jackson Group,UK,Individual,Home,2025-05-22,3872259.0
S103569,Cannon-Dawson,Australia,LLP,Automotive,2025-12-08,9345799.0
S103570,Newton-Martinez,Singapore,Private Limited,Beauty,2023-07-06,9684469.0
S103571,Bass Inc,Singapore,Individual,Beauty,2025-06-21,7396255.0
S103572,"Jackson, Jones and Robertson",Germany,Sole Proprietor,Beauty,2022-05-13,2924628.0
S103573,"Sellers, Strong and Gomez",India,Sole Proprietor,Beauty,2025-02-18,1015457.0
S103574,Terry-Allen,UK,Partnership,Home,2025-12-17,2531016.0
S103575,Wilson-Merritt,India,LLP,Electronics,2026-01-12,4682027.0
S103576,Vargas-Jensen,Canada,LLP,Automotive,2022-02-26,8284422.0
S103577,"Williams, Rodgers and Kelly",Germany,Private Limited,Beauty,2023-03-17,7635176.0
S103578,Lozano-Mccoy,UK,Sole Proprietor,Automotive,2025-10-13,5161364.0
S103579,"Davenport, Roberts and Woods",UK,Private Limited,Sports,2026-06-24,8572069.0
S103580,Quinn Ltd,Germany,Private Limited,Home,2025-01-10,9896086.0
S103581,"Hendricks, Zuniga and Miller",UK,Individual,Sports,2022-04-19,6062107.0
S103582,Watkins LLC,Canada,Individual,Home,2022-05-26,1117513.0
S103583,"Banks, Gray and Gonzales",Canada,Partnership,Automotive,2022-11-27,3315164.0
S103584,"Sharp, Ramirez and Mejia",USA,Sole Proprietor,Home,2026-04-04,3058839.0
S103585,Evans LLC,Singapore,Private Limited,Electronics,2025-08-22,8354303.0
S103586,Elliott PLC,Australia,Individual,Books,2022-07-02,1629766.0
S103587,"Romero, Reilly and Mitchell",Germany,Sole Proprietor,Automotive,2025-11-04,6550351.0
S103588,Flores-White,Singapore,Partnership,Beauty,2025-11-27,8009238.0
S103589,Williams Ltd,USA,LLP,Fashion,2022-07-16,5270992.0
S103590,"Clark, Stone and Andrews",UK,Private Limited,Automotive,2024-05-31,4278095.0
S103591,"Edwards, Reed and Martin",Germany,Individual,Fashion,2023-06-18,6784840.0
S103592,Hill-Gonzales,USA,Private Limited,Books,2025-08-18,1418490.0
S103593,Roberts LLC,UK,Partnership,Home,2022-07-12,8839034.0
S103594,"Molina, Middleton and Estrada",UK,Individual,Sports,2022-05-05,9397063.0
S103595,Davis PLC,India,LLP,Electronics,2022-12-12,79006.0
S103596,"Fischer, Johnson and Orr",Canada,Individual,Electronics,2023-11-01,6505092.0
S103597,"Medina, Lee and Freeman",UK,Individual,Home,2025-03-09,9501691.0
S103598,Wood LLC,UK,Individual,Fashion,2023-01-22,8408431.0
S103599,"Simmons, Wallace and Martinez",USA,Sole Proprietor,Fashion,2023-12-09,1676815.0
S103600,Phillips-Rodriguez,Singapore,Private Limited,Sports,2024-02-06,9679870.0
S103601,"Calhoun, Wilson and Oneal",USA,Partnership,Automotive,2026-05-01,3027821.0
S103602,Baker-Lin,Canada,Private Limited,Home,2024-06-30,559048.0
S103603,Dennis-Wilson,Canada,Individual,Sports,2026-06-14,2068015.0
S103604,Lara-Garner,Singapore,LLP,Books,2022-08-09,5906154.0
S103605,Luna LLC,india,Private Limited,Sports,2024-11-27,2858259.0
S103606,Hunter LLC,India,Partnership,Fashion,2025-05-20,2654706.0
S103607,Mccoy-Hunt,Canada,LLP,Beauty,2025-09-10,9243586.0
S103608,Mann LLC,INDIA,Partnership,Home,2024-07-06,2002559.0
S103609,Hamilton Ltd,Australia,Sole Proprietor,Electronics,2023-11-24,4180922.0
S103610,"Stewart, Skinner and Guerrero",UK,Private Limited,Fashion,2024-10-02,3209823.0
S103611,"Johnson, Walters and Smith",Singapore,Partnership,Electronics,2024-01-04,1033550.0
S103612,Willis and Sons,Germany,Sole Proprietor,Electronics,2024-11-30,1575946.0
S103613,"Gonzalez, Harrison and Washington",Australia,LLP,Sports,2025-02-27,9698355.0
S103614,Gross LLC,Australia,Sole Proprietor,Sports,2024-03-18,9216754.0
S103615,Gonzalez Inc,Australia,Private Limited,Books,2023-10-19,2322904.0
S103616,"Vincent, Curry and Smith",Germany,Private Limited,Books,2025-07-06,7202449.0
S103617,Henry PLC,Germany,Partnership,Beauty,2022-06-18,8278643.0
S103618,Mckinney Inc,India,Partnership,Electronics,2023-10-21,9466262.0
S103619,Watts-Austin,Germany,Sole Proprietor,Beauty,2023-09-19,8398587.0
S103620,"Silva, Little and Washington",Singapore,LLP,Home,2025-11-01,974685.0
S103621,"Best, Humphrey and Pittman",Canada,Individual,Fashion,2022-07-02,5202615.0
S103622,Contreras-Henry,Canada,Sole Proprietor,Sports,2022-12-22,5312234.0
S103623,"Myers, Howard and Castillo",Australia,Individual,Sports,2022-02-27,842011.0
S103624,Robinson LLC,UK,Partnership,Fashion,2023-12-22,9072177.0
S103625,Montes-Nguyen,India,Partnership,Automotive,2024-11-07,8841000.0
S103626,"Coleman, Thompson and Huber",Singapore,Private Limited,Sports,2024-01-30,800288.0
S103627,"Wilson, Terry and Bush",USA,Individual,Beauty,2023-01-16,3767279.0
S103628,Larsen-Shields,Australia,LLP,Electronics,2026-01-02,3465979.0
S103629,"Jenkins, Young and Carter",Germany,Private Limited,Sports,2025-08-04,311602.0
S103630,"Lewis, Rosales and Ortiz",India,Partnership,Fashion,2025-11-12,2001710.0
S103631,"Ingram, Green and Stewart",UK,Individual,Fashion,2025-09-12,5599075.0
S103632,Lamb-Coleman,USA,Partnership,Home,2023-04-13,6287496.0
S103633,Gaines-Adams,Singapore,Partnership,Electronics,2022-11-16,2426818.0
S103634,"Robinson, Fields and Williams",Canada,Private Limited,Sports,2025-10-01,4381630.0
S103635,Ortiz-Armstrong,Germany,Sole Proprietor,Automotive,2025-07-06,5246562.0
S103636,Herrera Ltd,USA,LLP,Beauty,2025-11-14,221587.0
S103637,Gould PLC,Germany,Partnership,Beauty,2023-07-24,3229223.0
S103638,"Rivera, Jacobs and Smith",Singapore,Partnership,Books,2025-05-14,224981.0
S103639,"Smith, Gray and Deleon",Australia,Partnership,Electronics,2025-11-26,7585120.0
S103640,Barr-Wang,USA,Private Limited,Electronics,2025-07-29,1968984.0
S103641,"Brown, Williams and Clark",India,Private Limited,Home,2024-09-27,1165690.0
S103642,"Gonzalez, Moore and Nichols",USA,Sole Proprietor,Books,2022-12-09,4353341.0
S103643,"Perez, Solis and Lozano",Australia,Partnership,Books,2025-01-03,4855648.0
S103644,Gutierrez-Tran,UK,Sole Proprietor,Books,2022-08-11,2053211.0
S103645,Case Inc,Germany,Private Limited,Electronics,2025-02-10,8404503.0
S103646,Fischer PLC,USA,Private Limited,Sports,2022-03-15,7917792.0
S103647,Mason Group,india,Individual,Electronics,2023-04-14,688058.0
S103648,Moore LLC,Singapore,Partnership,Fashion,2022-06-21,1180790.0
S103649,Hall Ltd,USA,Partnership,Sports,2024-01-30,7400241.0
S103650,Johnson Ltd,Australia,Private Limited,Beauty,2025-05-07,738736.0
S103651,Hess Group,Australia,Sole Proprietor,Home,2023-01-23,3580452.0
S103652,"Morales, Cardenas and Mcdowell",Australia,LLP,Electronics,2025-03-10,288423.0
S103653,Jones PLC,USA,LLP,Home,2023-05-29,2994888.0
S103654,"Warner, Oconnor and Smith",UK,Partnership,Fashion,2025-08-12,996707.0
S103655,"Greer, Jacobs and Hernandez",Germany,Partnership,Fashion,2023-08-21,8532469.0
S103656,"Chapman, Myers and Decker",India,Private Limited,Fashion,2025-07-08,3310468.0
S103657,Glover-Coleman,UK,Partnership,Electronics,2024-06-21,1214051.0
S103658,"Johnson, Hill and Harris",Singapore,Private Limited,Sports,2024-12-18,4878592.0
S103659,Costa-Johnston,Canada,Private Limited,Fashion,2025-01-25,5377664.0
S103660,Carter-Davis,India,Individual,Automotive,2022-05-14,6927386.0
S103661,Hoffman-Webb,Canada,Sole Proprietor,Electronics,2025-06-20,2900704.0
S103662,"Ferguson, Sanchez and Smith",Australia,LLP,Books,2022-03-20,2457303.0
S103663,Luna-Bean,India,Private Limited,Electronics,2024-02-20,107394.0
S103664,"Klein, Chavez and Lane",Canada,Individual,Home,2024-03-04,9561922.0
S103665,Sanders and Sons,India,Private Limited,Home,2025-07-10,640477.0
S103666,Wood-Hart,Canada,Sole Proprietor,Electronics,2022-02-10,8043139.0
S103667,"Collins, Thomas and Soto",Canada,Partnership,Books,2025-11-05,6538875.0
S103668,Davis and Sons,Germany,Private Limited,Automotive,2024-10-01,4245013.0
S103669,Hancock Group,UK,Partnership,Beauty,2022-11-10,7670600.0
S103670,"Wright, Thomas and Jensen",Canada,LLP,Fashion,2022-10-23,4862771.0
S103671,Mills-Franco,Australia,Private Limited,Beauty,2023-06-11,2739667.0
S103672,Brown Group,UK,Individual,Beauty,2026-07-08,5080776.0
S103673,Jenkins-Yang,USA,Individual,Beauty,2024-04-20,9134837.0
S103674,Johnson Ltd,Singapore,Private Limited,Beauty,2022-09-14,5971373.0
S103675,"George, Savage and Adams",USA,Partnership,Beauty,2024-05-05,7777275.0
S103676,Fischer Group,Australia,Partnership,Beauty,2024-03-06,7826527.0
S103677,"Porter, Chung and Young",UK,LLP,Books,2025-09-24,6742147.0
S103678,Fletcher-Robertson,USA,Sole Proprietor,Fashion,2023-05-19,3689973.0
S103679,"Haney, Miller and Garcia",Australia,Private Limited,Sports,2023-02-03,6147090.0
S103680,"Jones, Martinez and Smith",Germany,Sole Proprietor,Home,2026-04-14,6898595.0
S103681,"Goodman, Martin and Kim",UK,LLP,Fashion,2024-03-15,2421148.0
S103682,Williams Group,Germany,Individual,Sports,2025-08-28,7638667.0
S103683,Jackson-Pratt,UK,Sole Proprietor,Beauty,2022-04-15,3395540.0
S103684,Taylor-Sawyer,USA,LLP,Sports,2022-11-17,6497324.0
S103685,Ross-Phillips,Canada,Partnership,Fashion,2024-06-26,449891.0
S103686,Forbes-Cortez,INDIA,Private Limited,Beauty,2025-03-08,2941398.0
S103687,"Nelson, Morris and Preston",UK,Sole Proprietor,Home,2022-11-16,6792368.0
S103688,"Santos, Thomas and Mills",Canada,Private Limited,Fashion,2024-04-22,5359832.0
S103689,Lang Ltd,Germany,Private Limited,Home,2026-02-21,2240350.0
S103690,Stone-King,Singapore,Partnership,Books,2025-06-04,8951791.0
S103691,Clark-Rivera,Australia,Individual,Automotive,2022-07-18,1146542.0
S103692,"Cortez, Phelps and Taylor",India,Individual,Electronics,2022-04-19,5611791.0
S103693,"Espinoza, Wells and Stewart",Singapore,Individual,Books,2024-01-01,3455893.0
S103694,Hernandez Inc,Australia,Private Limited,Fashion,2023-09-22,1157683.0
S103695,Collins and Sons,UK,Sole Proprietor,Books,2025-04-09,7542990.0
S103696,Benson PLC,Germany,LLP,Automotive,2022-12-25,4911048.0
S103697,Rivera-Brown,UK,Individual,Home,2025-02-24,2731207.0
S103698,Wheeler-Jones,USA,Private Limited,Beauty,2022-08-31,8980598.0
S103699,"Hansen, Perez and Fuller",Canada,Partnership,Fashion,2025-02-24,9316412.0
S103700,Hill Group,Australia,Partnership,Automotive,2023-07-30,4234066.0
S103701,"Daniel, Richardson and Wang",India,Private Limited,Beauty,2022-07-18,710659.0
S103702,Hoffman-May,USA,Partnership,Beauty,2024-02-16,8050719.0
S103703,Jones and Sons,USA,Individual,Sports,2025-11-10,6129798.0
S103704,Cross LLC,Germany,Sole Proprietor,Sports,2023-01-08,7555009.0
S103705,Baker Inc,India,Partnership,Automotive,2025-03-06,5818490.0
S103706,Robles PLC,UK,Individual,Books,2022-05-22,3023517.0
S103707,"Miranda, Rivera and Ingram",USA,Sole Proprietor,Books,2025-10-19,6653776.0
S103708,"Jacobs, Levy and Mclaughlin",USA,Individual,Home,2025-10-01,3357323.0
S103709,"Barnett, Kennedy and Jackson",Australia,LLP,Books,2025-12-27,1443728.0
S103710,Hays Inc,UK,Sole Proprietor,Home,2024-10-10,317689.0
S103711,"Thomas, Martin and Baxter",Canada,Sole Proprietor,Beauty,2022-12-13,6177307.0
S103712,Miller-Booker,Singapore,LLP,Fashion,2024-11-17,4751744.0
S103713,Hunt Group,Canada,Individual,Beauty,2023-10-15,2849814.0
S103714,Ortega-Murphy,India,Private Limited,Automotive,2023-09-20,4464310.0
S103715,"Wolf, Allen and Long",Germany,Partnership,Books,2022-03-24,4627437.0
S103716,Mccarthy-Kelly,Australia,Partnership,Automotive,2022-06-14,5635451.0
S103717,"Stewart, Miller and Jacobs",Canada,Individual,Fashion,2025-07-02,229145.0
S103718,Moses Ltd,Australia,Sole Proprietor,Electronics,2023-09-12,6436601.0
S103719,Dawson-Larsen,USA,Partnership,Beauty,2024-03-06,653697.0
S103720,"Alexander, Neal and King",Australia,LLP,Automotive,2024-02-08,5681019.0
S103721,Grant Group,UK,Sole Proprietor,Home,2026-05-25,7172166.0
S103722,"Bailey, Johnson and Diaz",Germany,LLP,Fashion,2023-12-11,4438717.0
S103723,Townsend-Reed,Canada,Private Limited,Beauty,2023-07-31,4524022.0
S103724,Lewis-Castro,India,Partnership,Automotive,2022-06-23,5395454.0
S103725,Reyes and Sons,india,Sole Proprietor,Electronics,2022-02-17,2206305.0
S103726,"Cowan, Gonzalez and Ward",Singapore,Individual,Fashion,2022-06-02,3021366.0
S103727,Smith LLC,UK,Individual,Fashion,2025-03-17,4025282.0
S103728,Davis-Wood,Singapore,Individual,Home,2022-06-04,211820.0
S103729,Shaw-Smith,Australia,Individual,Automotive,2026-07-11,5773292.0
S103730,Johnson-Hill,Singapore,Sole Proprietor,Electronics,2022-11-16,9827005.0
S103731,Sanders-Forbes,Australia,Partnership,Automotive,2023-11-09,1825578.0
S103732,"King, Garrett and Maddox",Canada,Individual,Electronics,2025-12-13,2377250.0
S103733,Roy Group,USA,Individual,Fashion,2022-07-07,1586556.0
S103734,"Chen, Henry and Wells",India,Partnership,Home,2025-11-05,3960362.0
S103735,"Christensen, Aguirre and Johnson",USA,Individual,Automotive,2022-06-12,6541120.0
S103736,Salazar Ltd,UK,Sole Proprietor,Fashion,2024-09-01,3360140.0
S103737,Thornton and Sons,Australia,Partnership,Sports,2025-12-17,3171650.0
S103738,Miller Inc,Germany,LLP,Automotive,2025-10-16,
S103739,Ramos Ltd,Singapore,Individual,Beauty,2023-01-14,8565853.0
S103740,Edwards PLC,India,Individual,Fashion,2023-02-09,4466796.0
S103741,Lucero-Lee,USA,Sole Proprietor,Sports,2023-01-23,2130547.0
S103742,"Mclaughlin, Cook and Powers",Australia,Individual,Fashion,2023-01-19,5442288.0
S103743,Hurst-Jackson,Singapore,Private Limited,Fashion,2024-03-19,9987282.0
S103744,"Bowen, Diaz and Smith",UK,Sole Proprietor,Beauty,2024-11-03,4838268.0
S103745,"Powell, Monroe and Caldwell",USA,Partnership,Books,2023-12-08,4089461.0
S103746,Lee PLC,Canada,Individual,Automotive,2025-10-31,4272291.0
S103747,Daniel Inc,UK,Private Limited,Electronics,2022-05-07,1103323.0
S103748,Ramos LLC,Germany,LLP,Automotive,2022-05-04,7265793.0
S103749,"Gonzalez, Wagner and Thompson",India,Partnership,Electronics,2026-03-05,1530282.0
S103750,"Wilkinson, Everett and Collins",UK,Sole Proprietor,Home,2024-01-11,1155263.0
S103751,"Bell, Peterson and Carroll",Canada,LLP,Automotive,2023-10-16,7612950.0
S103752,"Miller, Conrad and Davis",UK,Partnership,Books,2024-10-20,5087311.0
S103753,White Inc,Singapore,Partnership,Books,2025-01-23,3242453.0
S103754,Stewart Ltd,USA,Sole Proprietor,Fashion,2022-03-29,
S103755,Wang Inc,Germany,Partnership,Beauty,2023-10-27,6815272.0
S103756,Little Group,Germany,Partnership,Beauty,2022-11-09,2433755.0
S103757,Wiley and Sons,Australia,Partnership,Beauty,2022-02-20,2389281.0
S103758,Hood-May,Singapore,LLP,Beauty,2025-07-18,2556246.0
S103759,Burgess Ltd,Germany,LLP,Electronics,2024-06-08,2948766.0
S103760,Collins Group,USA,Sole Proprietor,Fashion,2023-03-21,1641255.0
S103761,"Mitchell, Ramirez and Cunningham",India,Partnership,Beauty,2022-11-03,4594781.0
S103762,Perez-Lopez,UK,Private Limited,Electronics,2024-10-15,6630559.0
S103763,Thompson LLC,USA,LLP,Home,2025-01-30,
S103764,Wolfe-Baker,USA,Private Limited,Beauty,2025-05-27,8424127.0
S103765,Kelly-Cox,Germany,Partnership,Home,2022-11-24,8226244.0
S103766,"Mills, Gallegos and Mcdaniel",Australia,Individual,Books,2022-08-06,1172497.0
S103767,Johnson PLC,UK,Partnership,Sports,2023-08-16,2423603.0
S103768,Moore-Carroll,USA,Sole Proprietor,Beauty,2026-07-04,3680654.0
S103769,"Hamilton, Brewer and Fleming",Germany,Partnership,Electronics,2023-09-23,2710906.0
S103770,Clark-Lyons,UK,LLP,Automotive,2025-06-20,7247382.0
S103771,"Arnold, Paul and Adams",Canada,Individual,Sports,2022-09-23,8935829.0
S103772,"Ayala, Scott and Mcdonald",UK,LLP,Automotive,2024-02-04,2199723.0
S103773,Weeks PLC,UK,Sole Proprietor,Beauty,2022-05-10,347120.0
S103774,"Welch, Alvarez and Mcdonald",Germany,LLP,Beauty,2023-05-20,3564088.0
S103775,Watson-Gray,UK,Private Limited,Home,2023-10-03,8039103.0
S103776,"Valenzuela, Morris and Garcia",Singapore,LLP,Sports,2023-11-29,9734141.0
S103777,Booth-Smith,Singapore,LLP,Automotive,2023-02-03,2182935.0
S103778,Alvarez-Rogers,UK,Sole Proprietor,Fashion,2025-12-21,9996117.0
S103779,Lopez LLC,Canada,Private Limited,Home,2023-05-26,8247145.0
S103780,Martin-Payne,Canada,Partnership,Electronics,2023-10-04,8622494.0
S103781,Gonzales PLC,India,Partnership,Home,2022-10-31,5446474.0
S103782,Watkins-Neal,India,Sole Proprietor,Beauty,2024-08-05,4512862.0
S103783,"Ross, Flowers and King",India,Partnership,Beauty,2026-05-12,3291051.0
S103784,Burke-Olson,Singapore,LLP,Automotive,2022-10-21,6153256.0
S103785,Evans-Arellano,Singapore,Individual,Beauty,2023-05-21,3796911.0
S103786,Hines PLC,Australia,Individual,Books,2023-12-31,8145897.0
S103787,Fisher LLC,Canada,Private Limited,Home,2023-07-13,5419307.0
S103788,"Morales, Johnson and Hunt",Germany,LLP,Sports,2025-01-03,3406421.0
S103789,Tanner-Sanford,Singapore,Private Limited,Sports,2025-05-24,2069346.0
S103790,"Gonzalez, Compton and Walton",UK,Individual,Automotive,2023-02-04,8832909.0
S103791,Alvarado Inc,Singapore,Sole Proprietor,Books,2023-05-24,6358382.0
S103792,Parker and Sons,Germany,Individual,Books,2023-06-19,3476579.0
S103793,Ellis-Martin,USA,LLP,Electronics,2022-03-01,7120308.0
S103794,Hopkins and Sons,India,LLP,Beauty,2026-05-08,2526564.0
S103795,Turner Inc,Germany,Partnership,Sports,2022-11-18,7501420.0
S103796,Young and Sons,Singapore,LLP,Electronics,2023-07-15,7699458.0
S103797,Davis-Sanchez,UK,Private Limited,Automotive,2025-05-27,7655673.0
S103798,"Peters, Rowe and Smith",UK,Private Limited,Sports,2022-09-21,5465747.0
S103799,Cooper Group,India,Individual,Electronics,2023-10-31,
S103800,"Mcdaniel, Hale and Durham",Germany,LLP,Fashion,2023-10-08,6341943.0
S103801,"Bennett, Ford and Sanchez",Canada,Individual,Automotive,2024-06-08,5483875.0
S103802,Hughes LLC,Germany,Private Limited,Books,2025-06-09,629384.0
S103803,Ross LLC,Australia,LLP,Books,2025-03-04,9588344.0
S103804,Weiss-Cross,India,Sole Proprietor,Electronics,2026-01-20,2262357.0
S103805,Carlson-Ferguson,Germany,Individual,Electronics,2022-10-14,2592921.0
S103806,Freeman-Yang,India,Sole Proprietor,Fashion,2026-01-01,3992873.0
S103807,"Johnson, Blackwell and Thompson",India,LLP,Books,2023-11-24,1411617.0
S103808,Wood LLC,Germany,LLP,Home,2022-05-23,8312035.0
S103809,"Morrow, Bishop and Walton",Germany,Sole Proprietor,Electronics,2024-12-10,7035242.0
S103810,Brewer and Sons,Australia,Partnership,Automotive,2022-11-14,9245550.0
S103811,Lopez-Clark,Singapore,Individual,Home,2023-03-01,7574550.0
S103812,Davis-Cruz,USA,Individual,Home,2023-06-19,3865074.0
S103813,Simmons LLC,USA,Individual,Automotive,2025-10-31,9406394.0
S103814,Hughes-Nicholson,India,Individual,Automotive,2025-11-29,3833595.0
S103815,Green Group,Germany,Individual,Electronics,2023-03-25,3953481.0
S103816,Martin Ltd,USA,Private Limited,Sports,2023-10-17,5468206.0
S103817,"Flowers, Marshall and Miller",Germany,Partnership,Electronics,2024-11-10,4909342.0
S103818,"Oconnor, Rios and Sullivan",Germany,Individual,Automotive,2026-01-03,7011516.0
S103819,Martin and Sons,Canada,Individual,Electronics,2023-02-14,9942998.0
S103820,"Hunter, Parks and Smith",India,Private Limited,Fashion,2025-04-08,8295415.0
S103821,"Choi, Morales and Wise",India,LLP,Automotive,2022-06-15,9807347.0
S103822,Coleman-Harmon,UK,Sole Proprietor,Home,2022-12-03,6713599.0
S103823,Munoz Group,USA,Private Limited,Sports,2022-01-16,4771396.0
S103824,"Watson, Wells and Rogers",UK,Sole Proprietor,Books,2024-11-12,6566602.0
S103825,"Bonilla, Rodriguez and White",USA,Private Limited,Home,2025-05-29,4349635.0
S103826,Schmidt-Reyes,UK,Private Limited,Books,2023-06-18,6637279.0
S103827,"Miller, Smith and Vaughan",India,LLP,Beauty,2022-03-01,7524978.0
S103828,"Lawrence, Gonzalez and Hess",Canada,Sole Proprietor,Home,2024-04-10,3482451.0
S103829,"Brennan, Graham and Marshall",USA,Individual,Electronics,2024-03-04,1840625.0
S103830,Martinez Group,Australia,Private Limited,Fashion,2026-04-05,9616485.0
S103831,Richardson-Small,Australia,LLP,Home,2025-11-13,3646069.0
S103832,"Wood, Simmons and Leonard",Canada,LLP,Books,2024-08-07,962136.0
S103833,Daniels and Sons,Australia,Private Limited,Sports,2023-06-01,3687402.0
S103834,Kelly-Smith,Canada,Individual,Books,2022-01-26,3680984.0
S103835,Evans-Johnson,Singapore,Private Limited,Home,2023-11-15,3512023.0
S103836,Howard Inc,Germany,Partnership,Automotive,2023-11-02,7732024.0
S103837,"Rodgers, Wright and Miller",IN,Sole Proprietor,Home,2022-12-05,8299059.0
S103838,Martinez and Sons,Germany,Sole Proprietor,Sports,2023-08-08,4219447.0
S103839,"Snyder, Orozco and Reed",India,Sole Proprietor,Electronics,2022-01-01,573448.0
S103840,Barker-Sanchez,Canada,Individual,Home,2022-01-23,4650838.0
S103841,"Hoover, Carroll and Williams",India,LLP,Beauty,2024-02-21,9581319.0
S103842,Watson-Thomas,USA,Individual,Electronics,2024-01-24,3662279.0
S103843,"Little, Macias and Reyes",Australia,Private Limited,Beauty,2026-02-28,6304897.0
S103844,"Miller, Pennington and Curry",India,LLP,Beauty,2025-08-31,425717.0
S103845,Morales-White,UK,Individual,Electronics,2023-09-11,2429648.0
S103846,"Scott, Delgado and Andrade",UK,Partnership,Home,2023-02-24,2068718.0
S103847,Sanford-Leon,Australia,Individual,Beauty,2022-12-24,290653.0
S103848,"Green, Turner and Palmer",India,Individual,Automotive,2023-04-26,7687736.0
S103849,Benson Inc,Singapore,Sole Proprietor,Automotive,2025-02-15,4632437.0
S103850,Berry-Lewis,UK,Individual,Automotive,2025-02-27,8098449.0
S103851,Hill-Barker,India,Private Limited,Fashion,2022-05-14,6719596.0
S103852,Hill Ltd,Australia,Partnership,Electronics,2022-03-18,8395380.0
S103853,Jacobs and Sons,Germany,Partnership,Beauty,2022-12-25,272617.0
S103854,"Mitchell, Smith and Clark",Canada,Individual,Automotive,2022-05-10,4761426.0
S103855,Sandoval-Hill,Australia,LLP,Automotive,2024-09-08,3450718.0
S103856,George-Daugherty,Singapore,LLP,Electronics,2025-10-06,4612772.0
S103857,Davis-Walker,Singapore,Private Limited,Fashion,2025-11-13,7566010.0
S103858,"Nguyen, Brown and Roberts",Singapore,Individual,Automotive,2022-04-01,9499128.0
S103859,"Lynch, Murray and Fisher",Singapore,Partnership,Sports,2025-12-10,8246133.0
S103860,"Murphy, Price and Spears",Singapore,Private Limited,Automotive,2026-03-01,843470.0
S103861,Cooper LLC,UK,LLP,Electronics,2025-05-09,6212223.0
S103862,Carson-Hernandez,india,Partnership,Sports,2022-12-02,6312388.0
S103863,"Porter, Patel and Jackson",Australia,LLP,Automotive,2025-02-02,9122565.0
S103864,Scott-Johnson,USA,LLP,Automotive,2025-08-02,5868132.0
S103865,"Faulkner, Welch and Hoffman",Germany,Private Limited,Sports,2024-04-02,6292968.0
S103866,Miller-Adkins,Germany,LLP,Home,2023-08-22,2526873.0
S103867,"Wood, Carter and Stewart",Singapore,Partnership,Automotive,2025-01-15,6892181.0
S103868,"Mcdonald, Moore and Richards",UK,Partnership,Electronics,2025-05-18,4297996.0
S103869,"Bell, Reynolds and Forbes",USA,LLP,Books,2025-08-14,7877496.0
S103870,Potter LLC,Germany,Sole Proprietor,Home,2025-10-25,2806096.0
S103871,"Manning, Fritz and Brooks",India,LLP,Sports,2025-07-04,2483543.0
S103872,"Anderson, Lawson and Atkinson",Canada,LLP,Sports,2025-07-19,2724757.0
S103873,Foster and Sons,Singapore,Sole Proprietor,Fashion,2026-07-30,3502965.0
S103874,Duncan and Sons,Singapore,Partnership,Electronics,2024-05-08,1927034.0
S103875,Wang Ltd,Canada,Sole Proprietor,Electronics,2024-11-30,1791731.0
S103876,Pierce-Bell,Canada,Individual,Books,2025-02-01,2813239.0
S103877,Barnes PLC,Australia,Private Limited,Automotive,2025-12-24,5668685.0
S103878,Flores-Cox,Germany,Individual,Books,2026-02-07,6313305.0
S103879,Beck Ltd,Canada,Partnership,Sports,2025-09-07,6640085.0
S103880,"Gill, Stewart and Nichols",USA,Sole Proprietor,Books,2026-03-16,6895078.0
S103881,Perez-Powell,Australia,Individual,Fashion,2025-08-04,7661052.0
S103882,Mitchell-Middleton,USA,Private Limited,Automotive,2022-01-02,8514291.0
S103883,Bradshaw and Sons,Singapore,Individual,Beauty,2022-10-23,1261426.0
S103884,Roberts-Patel,Australia,LLP,Fashion,2026-03-28,6863560.0
S103885,Hines-Douglas,UK,Private Limited,Sports,2025-07-31,1670464.0
S103886,"Solomon, Reyes and Delgado",Singapore,Private Limited,Electronics,2022-02-03,571728.0
S103887,Jenkins-Fields,UK,Individual,Fashion,2023-01-16,1246822.0
S103888,"Walker, Lynch and Gordon",India,LLP,Beauty,2022-09-01,7128601.0
S103889,Greene Ltd,UK,Partnership,Electronics,2025-11-30,5086779.0
S103890,Dougherty-Nguyen,UK,Partnership,Books,2023-03-03,5146693.0
S103891,Jackson Ltd,Germany,Sole Proprietor,Sports,2024-09-06,752543.0
S103892,Cohen-Crane,Australia,Partnership,Electronics,2024-10-20,5412532.0
S103893,Paul Ltd,UK,Individual,Books,2025-12-05,7995647.0
S103894,Arnold-Boyer,Singapore,Partnership,Home,2025-01-08,1694281.0
S103895,Ellis Ltd,Germany,Sole Proprietor,Sports,2023-12-20,8276010.0
S103896,Thompson Ltd,india,Partnership,Electronics,2024-09-25,1506742.0
S103897,Morris LLC,Germany,LLP,Sports,2022-07-08,1441916.0
S103898,Kline and Sons,USA,Individual,Beauty,2024-02-17,5710342.0
S103899,"Murray, Sanchez and Morrison",USA,Sole Proprietor,Beauty,2022-03-12,5466901.0
S103900,Robles Group,UK,Sole Proprietor,Home,2025-12-12,7619862.0
S103901,"Davidson, Lara and Massey",USA,Sole Proprietor,Beauty,2022-07-14,222703.0
S103902,Sanchez Ltd,Australia,Private Limited,Sports,2025-10-14,523717.0
S103903,Smith Inc,Canada,Partnership,Electronics,2024-10-25,3090589.0
S103904,"Rhodes, Camacho and Cowan",Germany,LLP,Automotive,2025-03-03,6562547.0
S103905,Jones-Butler,Singapore,Sole Proprietor,Automotive,2026-01-23,867300.0
S103906,Ware-Medina,UK,Sole Proprietor,Electronics,2025-11-30,8719396.0
S103907,"Frank, Holland and Ferguson",Germany,Private Limited,Beauty,2023-08-24,2780427.0
S103908,Gonzales Ltd,India,LLP,Sports,2023-11-10,7209368.0
S103909,Carter Group,India,Private Limited,Home,2022-06-07,3390730.0
S103910,"Mack, Cox and Moran",Germany,Partnership,Fashion,2022-01-12,6547877.0
S103911,"Soto, Alexander and Cobb",Singapore,Private Limited,Home,2024-02-11,786094.0
S103912,Thomas LLC,UK,Private Limited,Fashion,2023-11-28,9840676.0
S103913,"Molina, Rodriguez and Jackson",Singapore,Partnership,Fashion,2026-01-01,7510264.0
S103914,Douglas-Thomas,Singapore,Individual,Electronics,2022-12-03,2385477.0
S103915,Pope and Sons,USA,Sole Proprietor,Sports,2022-02-18,7400052.0
S103916,Davis-May,Germany,LLP,Home,2025-12-02,7263757.0
S103917,Ellis Ltd,INDIA,Sole Proprietor,Automotive,2024-01-25,9168159.0
S103918,Goodwin-Sherman,India,Partnership,Beauty,2022-03-10,4729202.0
S103919,Phillips-Wallace,Germany,Sole Proprietor,Automotive,2024-05-14,1173042.0
S103920,Lyons-Carroll,India,Individual,Books,2025-09-23,6050246.0
S103921,"Johnson, Taylor and Boyd",Germany,Partnership,Sports,2023-05-14,2357324.0
S103922,Walker LLC,India,Individual,Fashion,2022-06-26,9620070.0
S103923,"Cox, Carter and Duffy",USA,Private Limited,Beauty,2025-09-13,9208999.0
S103924,Bradley LLC,UK,Sole Proprietor,Books,2024-09-05,1171034.0
S103925,Marquez-Nunez,Singapore,Private Limited,Sports,2024-04-26,1993637.0
S103926,Manning Ltd,Canada,Individual,Fashion,2023-02-19,2522747.0
S103927,Thomas LLC,UK,Private Limited,Automotive,2025-12-07,6605022.0
S103928,Scott-Perez,India,LLP,Electronics,2024-11-10,254101.0
S103929,Aguilar and Sons,INDIA,Sole Proprietor,Automotive,2023-06-29,9874282.0
S103930,"Smith, Diaz and Romero",Canada,Individual,Books,2026-07-20,2349515.0
S103931,"Sullivan, Montgomery and Jackson",UK,Private Limited,Home,2024-09-10,3632959.0
S103932,Schneider-Matthews,USA,Partnership,Beauty,2024-09-07,3642379.0
S103933,"Edwards, Brooks and Grimes",India,Private Limited,Beauty,2025-02-06,9133232.0
S103934,Wong-Harrell,Singapore,Individual,Fashion,2025-09-28,2179961.0
S103935,Thompson-Prince,Singapore,Sole Proprietor,Fashion,2026-04-07,1190750.0
S103936,Barnett Inc,Germany,Sole Proprietor,Electronics,2025-03-05,2813756.0
S103937,Walker-Clark,USA,Partnership,Home,2025-07-05,6118696.0
S103938,Ramirez Ltd,USA,LLP,Beauty,2022-05-03,7295593.0
S103939,Santos LLC,India,LLP,Home,2024-03-19,514145.0
S103940,Stevens-Durham,USA,LLP,Beauty,2024-07-10,3820193.0
S103941,Larsen PLC,Australia,Private Limited,Beauty,2025-06-13,
S103942,Figueroa LLC,Germany,Private Limited,Fashion,2025-05-11,8795266.0
S103943,"Johnson, Sims and Crane",UK,Partnership,Home,2022-06-03,7310198.0
S103944,"Jones, Tran and Nichols",Canada,Individual,Beauty,2022-05-16,9473538.0
S103945,"Medina, Miller and Yates",India,Private Limited,Home,2025-08-06,720225.0
S103946,Knight-Wright,UK,LLP,Beauty,2023-07-30,7843135.0
S103947,Robles-White,Australia,LLP,Books,2025-01-01,5537622.0
S103948,"Mathews, Perez and Love",UK,Partnership,Sports,2024-09-25,6527579.0
S103949,Williams PLC,Singapore,Sole Proprietor,Automotive,2025-02-21,9679922.0
S103950,Arnold-Davis,USA,Partnership,Books,2022-07-06,8265392.0
S103951,Quinn Inc,UK,Sole Proprietor,Sports,2025-06-16,1105863.0
S103952,Mills Inc,UK,LLP,Books,2023-08-15,8665400.0
S103953,Perez PLC,USA,LLP,Books,2023-05-06,9546154.0
S103954,"Woods, Garcia and Keith",USA,LLP,Books,2023-01-28,5670341.0
S103955,Flores Ltd,Canada,Partnership,Books,2023-06-25,7160991.0
S103956,Gonzalez Inc,Australia,Private Limited,Home,2025-06-09,2386691.0
S103957,Miller-Gonzalez,Singapore,LLP,Fashion,2025-11-08,6114744.0
S103958,"Lawrence, George and Evans",Australia,Sole Proprietor,Sports,2023-10-20,3480344.0
S103959,Perkins Inc,Singapore,Partnership,Sports,2024-12-01,2959431.0
S103960,"Tanner, Waters and Lee",India,LLP,Automotive,2023-05-21,3501640.0
S103961,"Mendez, Bryant and Smith",Canada,LLP,Fashion,2025-08-19,8387532.0
S103962,Guzman-Vasquez,UK,Private Limited,Beauty,2024-09-18,4592271.0
S103963,Murphy Group,Canada,Partnership,Sports,2023-12-01,2505176.0
S103964,"Campbell, Brewer and Baker",UK,Sole Proprietor,Electronics,2023-06-02,2137576.0
S103965,"Wright, Hill and Hoffman",Germany,Sole Proprietor,Beauty,2022-01-07,1166463.0
S103966,Garrett-Rodriguez,USA,LLP,Beauty,2024-07-20,9288276.0
S103967,Freeman LLC,Canada,LLP,Sports,2025-03-08,7104705.0
S103968,"Ruiz, Martin and Jones",USA,LLP,Electronics,2024-05-25,8263447.0
S103969,Chambers-Davis,Canada,Individual,Beauty,2024-06-14,6540848.0
S103970,Peterson-Mcdaniel,UK,Individual,Fashion,2023-01-06,2112198.0
S103971,Lee Inc,UK,Individual,Electronics,2022-05-24,4703261.0
S103972,Lewis PLC,India,Sole Proprietor,Sports,2023-07-04,2187788.0
S103973,Flores-Moreno,Singapore,Individual,Automotive,2025-11-07,7151189.0
S103974,Cohen PLC,USA,Individual,Automotive,2025-03-06,1054617.0
S103975,Duncan and Sons,India,Individual,Books,2025-07-02,4700204.0
S103976,Moore-Miranda,UK,Partnership,Fashion,2023-04-18,3748329.0
S103977,Phelps PLC,Canada,Sole Proprietor,Sports,2026-03-20,4525083.0
S103978,"Moore, Frye and Zavala",Canada,LLP,Home,2023-04-30,2595152.0
S103979,"Larson, Butler and Barber",India,Sole Proprietor,Sports,2023-10-11,3738845.0
S103980,Cantu Group,USA,Partnership,Fashion,2025-01-14,342604.0
S103981,Wood-Torres,USA,Individual,Sports,2026-02-25,4575304.0
S103982,"Gomez, Mcgee and Cole",Singapore,Partnership,Electronics,2022-07-15,4180432.0
S103983,Elliott-Farmer,Singapore,Partnership,Fashion,2023-05-11,7759241.0
S103984,Gill Group,Canada,Private Limited,Fashion,2023-03-28,4738740.0
S103985,Schmitt LLC,India,Individual,Fashion,2025-10-06,5225674.0
S103986,"Trujillo, Proctor and Wang",Germany,Sole Proprietor,Home,2025-05-13,6537804.0
S103987,Cardenas and Sons,Germany,Private Limited,Fashion,2022-07-25,1425683.0
S103988,Bates LLC,Germany,Partnership,Beauty,2022-11-04,6500428.0
S103989,Wall-Johnson,Singapore,Sole Proprietor,Home,2024-02-18,436322.0
S103990,Gibbs-Nguyen,Canada,LLP,Fashion,2025-10-10,8296334.0
S103991,"Stevenson, Salinas and Williamson",Germany,Sole Proprietor,Books,2023-10-22,397553.0
S103992,Gates-Rodriguez,Germany,Sole Proprietor,Sports,2024-03-05,7468708.0
S103993,Martin Ltd,Canada,Private Limited,Books,2022-10-23,1347834.0
S103994,David-Watkins,Canada,Partnership,Fashion,2026-06-02,6828101.0
S103995,Harrington Group,USA,Private Limited,Books,2023-12-25,6846488.0
S103996,"Moyer, Mccarthy and Wright",UK,Private Limited,Automotive,2023-08-19,3923783.0
S103997,"Willis, Brown and Brown",Germany,Sole Proprietor,Beauty,2022-02-19,9500758.0
S103998,Hill-Wood,USA,Individual,Beauty,2025-12-31,417073.0
S103999,Rodriguez-Taylor,Germany,Sole Proprietor,Books,2024-01-07,6441631.0
S104000,"Jones, Rowland and Oconnor",India,Partnership,Beauty,2026-01-23,7521356.0
S104001,Sawyer PLC,Germany,Individual,Beauty,2023-06-07,5892330.0
S104002,Andrews-Hoffman,USA,LLP,Books,2023-06-17,8078413.0
S104003,Sanchez-Armstrong,USA,Private Limited,Fashion,2025-04-14,8726669.0
S104004,"Green, Schmidt and Carter",Canada,Sole Proprietor,Home,2023-02-05,658900.0
S104005,Taylor Inc,Germany,LLP,Electronics,2026-04-07,3884939.0
S104006,"Dawson, Edwards and Castaneda",India,Private Limited,Electronics,2025-06-14,9324848.0
S104007,Burgess-Lewis,India,LLP,Electronics,2024-12-11,4330628.0
S104008,Mcdonald-Murray,Germany,Private Limited,Books,2022-10-18,7363083.0
S104009,Gonzalez-Mata,UK,Private Limited,Fashion,2024-04-18,5277752.0
S104010,Scott-Adkins,USA,Sole Proprietor,Electronics,2023-04-20,1598050.0
S104011,Taylor Ltd,Canada,Individual,Sports,2025-09-02,3001849.0
S104012,Simmons-Shaffer,UK,Sole Proprietor,Beauty,2024-05-16,2867334.0
S104013,Decker Inc,USA,Individual,Home,2023-02-05,1342642.0
S104014,"Brooks, Knight and Forbes",India,Individual,Books,2026-05-23,3048601.0
S104015,"Marks, Murphy and Ryan",Canada,Individual,Home,2024-08-05,9335159.0
S104016,Andrews-Walters,Singapore,LLP,Automotive,2023-01-02,2612193.0
S104017,"Jones, Davis and Grant",Canada,Private Limited,Fashion,2026-05-31,196741.0
S104018,Schmidt PLC,UK,Private Limited,Home,2023-07-12,8660837.0
S104019,Berry Group,Singapore,Individual,Sports,2024-10-30,1003785.0
S104020,"Santos, Lee and Jones",Germany,Private Limited,Fashion,2022-04-10,7919636.0
S104021,"Jordan, Hill and Hayes",INDIA,Private Limited,Fashion,2025-06-01,6210440.0
S104022,"Hernandez, Rivera and White",IN,LLP,Beauty,2023-05-19,7682696.0
S104023,"Morgan, Rose and Schwartz",USA,Individual,Automotive,2023-05-24,2769366.0
S104024,Preston-Morales,Australia,Sole Proprietor,Home,2022-03-28,1175315.0
S104025,Smith-Clayton,Germany,Private Limited,Electronics,2023-08-12,7780483.0
S104026,Smith LLC,Canada,Partnership,Automotive,2026-03-25,6677284.0
S104027,Hernandez-Foley,Canada,Sole Proprietor,Automotive,2024-04-07,8858890.0
S104028,"Craig, Nguyen and Ellis",Germany,Sole Proprietor,Books,2026-05-30,9738370.0
S104029,"Gonzalez, Underwood and Schaefer",Australia,Partnership,Home,2023-05-30,8832376.0
S104030,"Camacho, Hernandez and Mejia",Germany,Private Limited,Sports,2024-10-20,2167953.0
S104031,Parker Inc,Singapore,Individual,Fashion,2022-05-31,6215648.0
S104032,Ferguson Inc,Singapore,LLP,Electronics,2025-05-22,6969142.0
S104033,Fernandez Inc,Germany,Partnership,Books,2024-02-05,450570.0
S104034,Harrell-Hebert,UK,Partnership,Fashion,2026-03-17,319132.0
S104035,"Clark, Turner and Coleman",USA,Partnership,Home,2025-07-31,2519105.0
S104036,Hall-Gillespie,Germany,Sole Proprietor,Home,2026-04-03,2396211.0
S104037,Johnson-Rich,Australia,LLP,Beauty,2023-05-16,2437655.0
S104038,Martinez-Gould,India,Private Limited,Beauty,2023-06-02,8216743.0
S104039,Wallace Ltd,Germany,Partnership,Automotive,2024-08-10,6283861.0
S104040,"Clark, Williams and Gonzales",USA,Partnership,Fashion,2024-05-01,911447.0
S104041,Harris Group,USA,Private Limited,Automotive,2022-07-27,5006293.0
S104042,"Olsen, Davis and Thompson",UK,Individual,Books,2024-08-10,6535347.0
S104043,"Ramsey, Martinez and Sherman",Australia,Partnership,Electronics,2025-05-10,4981680.0
S104044,Shepard Ltd,UK,Sole Proprietor,Sports,2024-09-04,729886.0
S104045,"Howard, Cowan and Perry",Singapore,Partnership,Electronics,2023-12-23,5610848.0
S104046,Galloway PLC,USA,LLP,Sports,2022-12-06,235491.0
S104047,Woods-Hicks,India,Private Limited,Automotive,2025-12-27,9471918.0
S104048,Smith-James,UK,Individual,Electronics,2024-11-09,3719073.0
S104049,Ross-Mathews,Australia,Sole Proprietor,Books,2022-02-19,7572210.0
S104050,Ward-Collins,Germany,LLP,Home,2025-06-09,7772401.0
S104051,Hamilton Ltd,UK,Sole Proprietor,Books,2023-08-07,6223470.0
S104052,Perez-Haynes,India,Sole Proprietor,Sports,2022-09-10,7405095.0
S104053,"Schneider, Price and Ruiz",Singapore,Partnership,Beauty,2026-04-13,8673013.0
S104054,Blair-Merritt,India,Sole Proprietor,Automotive,2026-03-14,9551785.0
S104055,Taylor and Sons,Canada,Individual,Fashion,2024-02-13,5589032.0
S104056,Cunningham and Sons,Australia,Partnership,Automotive,2026-01-19,4531292.0
S104057,"Moore, Neal and Farmer",USA,Private Limited,Home,2023-02-07,1613462.0
S104058,Carlson and Sons,Canada,Partnership,Books,2024-03-18,3744972.0
S104059,"Guerrero, Watson and Perry",India,Individual,Books,2022-01-25,2280397.0
S104060,Barnes and Sons,USA,Partnership,Sports,2023-02-01,7055981.0
S104061,"Sanford, Harmon and Patrick",Singapore,Private Limited,Beauty,2025-01-25,9582593.0
S104062,Diaz Inc,UK,Private Limited,Electronics,2022-05-16,2791253.0
S104063,Johnson and Sons,Singapore,Individual,Books,2026-01-29,8147767.0
S104064,Powell-Brooks,Singapore,Individual,Fashion,2024-08-17,2828372.0
S104065,Howell-Johnson,Australia,Partnership,Electronics,2022-06-13,7760913.0
S104066,Rivera Group,Singapore,LLP,Sports,2026-01-30,6293076.0
S104067,Moss and Sons,Singapore,Partnership,Books,2025-03-27,9421225.0
S104068,Williams-Bennett,Canada,LLP,Automotive,2025-09-23,5528315.0
S104069,"Sharp, Jackson and Garcia",Canada,Private Limited,Automotive,2025-10-28,9944859.0
S104070,Prince-Davis,Canada,LLP,Home,2025-05-01,4165393.0
S104071,Rodriguez Group,USA,Individual,Beauty,2024-09-16,4616565.0
S104072,Lucero-Chase,UK,Sole Proprietor,Books,2024-10-18,6839891.0
S104073,"Alexander, Vincent and Pacheco",India,Sole Proprietor,Books,2026-06-30,4372520.0
S104074,Collins Group,India,Private Limited,Sports,2023-04-03,3723414.0
S104075,Anderson-Douglas,USA,Partnership,Fashion,2022-07-21,9146762.0
S104076,Krueger-Barnett,Canada,LLP,Beauty,2026-03-01,6758381.0
S104077,Woods Ltd,Germany,Sole Proprietor,Books,2023-09-05,1411122.0
S104078,"Gonzalez, Robinson and Anderson",USA,Private Limited,Sports,2024-09-12,1162674.0
S104079,Perez Inc,Singapore,LLP,Electronics,2024-06-11,6860286.0
S104080,"Davis, Powell and Eaton",Singapore,Partnership,Fashion,2024-04-28,7988544.0
S104081,Wright LLC,India,LLP,Books,2022-08-31,5217506.0
S104082,Blair LLC,USA,Partnership,Beauty,2024-03-22,9922103.0
S104083,Page-Murray,USA,Partnership,Beauty,2023-04-27,4856128.0
S104084,"Meyer, Ray and Stephenson",USA,Sole Proprietor,Home,2022-12-04,5689011.0
S104085,Murphy LLC,USA,Sole Proprietor,Books,2025-04-30,6372454.0
S104086,"Thomas, Doyle and Rosales",Singapore,Individual,Electronics,2022-06-18,1430936.0
S104087,"Bullock, Cruz and Williams",Singapore,Individual,Fashion,2025-01-11,7239752.0
S104088,Petty Inc,Germany,Individual,Home,2026-07-13,2598252.0
S104089,Walters and Sons,India,Individual,Beauty,2022-12-30,598357.0
S104090,Sanders Inc,india,LLP,Home,2024-01-22,6043668.0
S104091,"Castillo, Mathews and Lopez",Australia,Sole Proprietor,Electronics,2022-03-24,2821957.0
S104092,"Sullivan, Haney and Chavez",UK,LLP,Electronics,2022-03-21,9828826.0
S104093,Gardner-Wilson,India,Individual,Sports,2022-01-01,3275388.0
S104094,Rios-Robertson,Singapore,Private Limited,Beauty,2024-10-01,1854196.0
S104095,Rogers-Stafford,UK,Sole Proprietor,Books,2025-06-14,8876283.0
S104096,Peterson-Wiggins,India,Sole Proprietor,Books,2022-10-11,1139554.0
S104097,"Bryant, Davis and Chase",Germany,Sole Proprietor,Home,2023-06-17,2690633.0
S104098,"Baker, Casey and Simmons",Australia,Sole Proprietor,Electronics,2024-10-13,3804605.0
S104099,Oconnell and Sons,Australia,LLP,Electronics,2024-03-16,5731731.0
S104100,Perez Group,Australia,Private Limited,Automotive,2024-08-26,7641832.0
S104101,Martinez Ltd,UK,Sole Proprietor,Books,2023-08-25,6779241.0
S104102,Martinez-Bailey,Germany,Private Limited,Home,2023-09-26,5529600.0
S104103,Graham-Joyce,USA,Private Limited,Beauty,2022-11-01,2654144.0
S104104,Burch PLC,India,Individual,Electronics,2025-04-18,2024982.0
S104105,Sanders PLC,USA,Individual,Beauty,2022-09-16,2555288.0
S104106,Thomas Ltd,Australia,Individual,Books,2026-04-27,5632253.0
S104107,Parsons and Sons,Australia,LLP,Sports,2023-05-05,8129852.0
S104108,"Garner, Fox and Chan",Germany,Partnership,Electronics,2025-08-12,9313040.0
S104109,"Heath, Warren and Mcbride",Australia,Sole Proprietor,Books,2025-12-23,3569388.0
S104110,Ryan-Steele,Germany,Individual,Books,2022-11-17,6606440.0
S104111,"Jackson, Moore and Becker",USA,LLP,Electronics,2022-04-11,576460.0
S104112,"Walters, Montgomery and Bridges",Singapore,LLP,Beauty,2023-01-18,8398626.0
S104113,"Hernandez, Dunlap and Lynch",Germany,Partnership,Home,2025-12-23,5478764.0
S104114,Ramirez Group,Germany,Private Limited,Home,2023-11-01,7135830.0
S104115,Price-Boyd,Australia,LLP,Home,2025-03-06,3136368.0
S104116,English-Mcdonald,India,Private Limited,Books,2024-05-01,1613910.0
S104117,Griffith LLC,Germany,LLP,Fashion,2022-03-28,2404531.0
S104118,Jones Ltd,USA,Sole Proprietor,Sports,2024-10-11,4711755.0
S104119,"Barnett, Clark and Quinn",USA,Private Limited,Beauty,2022-03-20,204772.0
S104120,"Chung, Brown and Jenkins",Australia,LLP,Automotive,2023-12-04,6308302.0
S104121,Castillo and Sons,UK,Individual,Electronics,2024-09-15,8456675.0
S104122,Myers and Sons,USA,Private Limited,Fashion,2023-11-12,8522177.0
S104123,"Barnes, Vargas and Wright",UK,Sole Proprietor,Beauty,2024-12-18,9956741.0
S104124,Jones-Richmond,Canada,Sole Proprietor,Fashion,2024-06-09,711445.0
S104125,Taylor-Morales,Germany,Sole Proprietor,Sports,2023-08-18,9089433.0
S104126,"Singh, Blackburn and Hernandez",Singapore,Partnership,Electronics,2023-08-06,5630192.0
S104127,Thomas-Hill,India,Partnership,Sports,2025-07-08,1103583.0
S104128,Smith-Wilson,Germany,Partnership,Beauty,2025-05-31,9644850.0
S104129,Warren-Ingram,USA,LLP,Home,2025-04-25,3789633.0
S104130,"Ruiz, Guerrero and Evans",Germany,LLP,Books,2025-08-28,699453.0
S104131,Weaver PLC,Singapore,Private Limited,Automotive,2025-04-01,4313793.0
S104132,Hernandez-Beard,Germany,LLP,Electronics,2024-12-22,3895687.0
S104133,"Peterson, Nelson and Travis",India,Private Limited,Home,2024-07-09,4059418.0
S104134,Massey-Scott,Germany,Individual,Beauty,2022-04-08,1326841.0
S104135,"Owens, Richards and Walter",Singapore,LLP,Sports,2026-07-26,9219519.0
S104136,"Glenn, Freeman and Carter",Germany,Individual,Sports,2026-02-09,5187252.0
S104137,"Garcia, Bright and Morrison",Singapore,Sole Proprietor,Automotive,2022-04-15,8382162.0
S104138,"Grimes, Allen and Horn",Canada,Private Limited,Sports,2025-09-16,9317050.0
S104139,Copeland-Richmond,UK,Individual,Home,2023-04-26,6576781.0
S104140,Brown-Garcia,Canada,LLP,Fashion,2025-01-21,3409756.0
S104141,Kirby-Oconnor,India,Partnership,Electronics,2023-11-05,4170422.0
S104142,Bowman-Murphy,Germany,Individual,Electronics,2022-09-23,4381763.0
S104143,"Huff, Bird and Miller",USA,LLP,Automotive,2023-06-11,7022202.0
S104144,Marquez Group,USA,Partnership,Fashion,2026-02-02,2799908.0
S104145,Willis and Sons,UK,Individual,Home,2023-08-15,5242421.0
S104146,"Hamilton, Baker and Osborn",Canada,Sole Proprietor,Automotive,2022-05-21,1328856.0
S104147,"Freeman, Obrien and Cunningham",USA,Individual,Home,2022-01-07,4069005.0
S104148,"Stone, Schaefer and Reyes",India,LLP,Fashion,2022-08-21,7621416.0
S104149,"Rodriguez, Massey and Day",UK,Individual,Sports,2026-04-18,9018963.0
S104150,Johnston Inc,Germany,Sole Proprietor,Electronics,2024-09-12,4719108.0
S104151,Ward Ltd,Singapore,Individual,Books,2026-06-04,1594008.0
S104152,"Mckee, Fisher and Long",UK,Private Limited,Beauty,2026-07-10,3225929.0
S104153,"Williams, Holland and Alexander",Canada,LLP,Automotive,2022-02-07,1499957.0
S104154,Berry-Mills,India,Private Limited,Fashion,2023-12-02,2740055.0
S104155,Li-Fuller,Canada,Sole Proprietor,Fashion,2024-09-07,5945221.0
S104156,Caldwell-Johnson,India,LLP,Home,2024-03-08,7304494.0
S104157,"White, Mccoy and Murphy",India,Sole Proprietor,Home,2026-07-21,6802148.0
S104158,Knapp-Pham,USA,Private Limited,Fashion,2025-06-25,8160494.0
S104159,"Bryant, Macdonald and Howard",Singapore,Sole Proprietor,Automotive,2025-11-29,1172405.0
S104160,"Cooper, Beltran and Wright",Australia,Private Limited,Home,2025-09-07,8344239.0
S104161,Bowers-Nguyen,Canada,Partnership,Beauty,2023-10-22,6238625.0
S104162,"Ritter, Baker and Leon",USA,Individual,Electronics,2024-07-16,3205467.0
S104163,Hansen PLC,India,Sole Proprietor,Books,2022-02-05,6300140.0
S104164,"Morris, Morales and Bailey",Australia,LLP,Beauty,2026-03-16,174785.0
S104165,Kirk Inc,UK,Partnership,Electronics,2022-10-02,1660232.0
S104166,Bell-Medina,Canada,Sole Proprietor,Sports,2026-04-19,2004443.0
S104167,Stewart LLC,Canada,Private Limited,Beauty,2024-10-09,9337616.0
S104168,Sloan Inc,Canada,LLP,Electronics,2025-07-03,594925.0
S104169,"Sullivan, Howell and Fowler",Singapore,LLP,Fashion,2023-10-02,9060732.0
S104170,Harris-Chase,Singapore,Partnership,Books,2022-03-21,1838019.0
S104171,Bell-Shaffer,India,LLP,Automotive,2022-10-08,4383242.0
S104172,Fischer-Chung,Singapore,Partnership,Fashion,2023-07-29,5753266.0
S104173,Smith-Lopez,Singapore,Partnership,Electronics,2024-12-23,6153303.0
S104174,Stout-Graves,India,Partnership,Books,2026-02-21,5080147.0
S104175,"Phillips, Castro and Thompson",Germany,Individual,Electronics,2023-08-07,5548797.0
S104176,"Dominguez, Gonzalez and Davis",USA,Individual,Home,2022-10-09,8857272.0
S104177,"Melendez, Alvarado and Phelps",Canada,Sole Proprietor,Home,2022-07-25,6132280.0
S104178,Baldwin PLC,India,Individual,Books,2026-04-22,5649985.0
S104179,Sanders-Morse,UK,Individual,Fashion,2025-03-26,3611978.0
S104180,Kirk Ltd,Canada,Individual,Fashion,2022-04-11,4689150.0
S104181,Austin-Arellano,india,Sole Proprietor,Home,2025-01-13,1386525.0
S104182,Key-Ramos,Singapore,Sole Proprietor,Sports,2025-11-15,9211444.0
S104183,Sanchez and Sons,UK,Sole Proprietor,Automotive,2023-09-02,1735031.0
S104184,"Haney, Johnson and Walker",Germany,Individual,Books,2024-05-10,1609735.0
S104185,"Lucero, Sanchez and Perez",Australia,LLP,Books,2026-02-26,923312.0
S104186,"Cain, Thomas and Phillips",USA,Individual,Electronics,2025-04-19,117267.0
S104187,Mathews Group,India,Partnership,Electronics,2024-08-18,6108725.0
S104188,Perry-Arnold,Germany,Sole Proprietor,Electronics,2023-06-26,2714338.0
S104189,"Lee, Lopez and Stone",Canada,Sole Proprietor,Home,2023-05-23,1425880.0
S104190,Burton-Oneal,UK,Private Limited,Fashion,2025-08-21,9596491.0
S104191,Francis-Mann,Australia,Individual,Automotive,2026-07-22,332620.0
S104192,Lara-Baker,Germany,Private Limited,Automotive,2025-12-21,2175026.0
S104193,Diaz-Schaefer,USA,Sole Proprietor,Fashion,2024-04-15,138692.0
S104194,Flores LLC,Australia,Sole Proprietor,Books,2025-03-27,3196566.0
S104195,Rubio and Sons,Germany,Sole Proprietor,Fashion,2022-05-02,7259557.0
S104196,Heath-Andersen,USA,Sole Proprietor,Automotive,2024-03-06,3279140.0
S104197,Pope PLC,Singapore,Sole Proprietor,Books,2023-12-07,2335233.0
S104198,Davis PLC,Germany,Sole Proprietor,Beauty,2025-03-30,4876180.0
S104199,"Alvarez, Edwards and Aguirre",UK,Private Limited,Sports,2022-09-13,7100191.0
S104200,"Perez, Bailey and Park",UK,Sole Proprietor,Beauty,2022-01-03,1972848.0
S104201,"Nicholson, Walker and Adams",Germany,Sole Proprietor,Fashion,2026-03-10,4293565.0
S104202,Stevens Group,Australia,Private Limited,Sports,2023-01-13,9784209.0
S104203,Garza-Brown,India,Private Limited,Fashion,2025-12-27,724548.0
S104204,Johnson Group,USA,Private Limited,Automotive,2022-04-06,1261302.0
S104205,"Santos, Huang and Woods",Australia,Partnership,Fashion,2023-03-23,4689723.0
S104206,"Hernandez, Fleming and Jones",India,Sole Proprietor,Electronics,2025-08-27,3576654.0
S104207,"Hill, King and Mosley",Australia,Individual,Home,2025-11-26,280853.0
S104208,Reeves Group,Germany,Individual,Books,2023-02-27,7550665.0
S104209,Padilla-Bender,USA,Private Limited,Automotive,2025-08-20,2117693.0
S104210,Lewis-Hayes,Singapore,LLP,Books,2024-04-21,6403945.0
S104211,"Terry, Torres and Hall",Australia,Sole Proprietor,Automotive,2023-07-18,7489215.0
S104212,"Shah, Thomas and Ryan",Australia,Private Limited,Home,2025-07-24,2498055.0
S104213,"Matthews, Huffman and Arellano",USA,Partnership,Books,2023-01-21,4122979.0
S104214,Joseph LLC,Germany,Partnership,Books,2024-06-14,870966.0
S104215,"Wilson, Madden and Austin",UK,Individual,Beauty,2024-08-07,2710952.0
S104216,"Gutierrez, Martin and Lee",India,Individual,Automotive,2024-07-28,8845992.0
S104217,"Ayala, Mayo and Houston",UK,Private Limited,Beauty,2022-08-15,4868583.0
S104218,Banks Group,USA,LLP,Books,2022-12-29,7199648.0
S104219,"Wilson, Davis and Shah",Singapore,Individual,Beauty,2026-05-29,8935085.0
S104220,"Haynes, Jennings and Ballard",India,Sole Proprietor,Beauty,2023-12-14,5136779.0
S104221,Horton-Taylor,Australia,Private Limited,Beauty,2023-02-16,4674061.0
S104222,White-Collins,Singapore,Partnership,Beauty,2023-07-07,2742043.0
S104223,Mann LLC,Germany,Private Limited,Beauty,2022-10-01,337658.0
S104224,Davis-Green,Singapore,Private Limited,Automotive,2024-09-22,6502209.0
S104225,Perez Ltd,USA,Sole Proprietor,Sports,2025-08-07,2477531.0
S104226,"Miller, Hayes and Davis",India,LLP,Automotive,2024-01-30,
S104227,Smith-Obrien,UK,Individual,Books,2025-09-10,8715105.0
S104228,"Brown, Brooks and Jackson",Singapore,LLP,Automotive,2024-04-06,390570.0
S104229,"Smith, Murphy and Torres",India,Sole Proprietor,Electronics,2023-05-10,4794820.0
S104230,"Elliott, Villarreal and Sosa",UK,Private Limited,Home,2025-09-30,9377431.0
S104231,Fields Group,Singapore,Sole Proprietor,Sports,2026-06-25,8940570.0
S104232,Nichols LLC,USA,Partnership,Sports,2022-01-07,2551420.0
S104233,Wiggins and Sons,India,LLP,Home,2025-11-13,9342436.0
S104234,"Brooks, Thompson and Alexander",Germany,Sole Proprietor,Books,2022-01-03,8120163.0
S104235,Romero Group,USA,Private Limited,Electronics,2026-02-09,5189499.0
S104236,Howell PLC,Australia,Partnership,Books,2025-11-26,4612422.0
S104237,Aguirre LLC,Canada,Private Limited,Automotive,2024-04-03,9532745.0
S104238,Rodriguez-Vega,Canada,LLP,Electronics,2024-02-18,7966404.0
S104239,"Stone, Mccullough and Jimenez",Canada,Private Limited,Fashion,2023-10-28,818454.0
S104240,"Moore, Austin and Rogers",Singapore,LLP,Books,2024-08-23,4096113.0
S104241,Mcfarland-Kelley,Canada,LLP,Beauty,2023-04-12,7278013.0
S104242,Bowers-Raymond,Canada,Individual,Automotive,2022-06-06,1781281.0
S104243,"Spencer, Morgan and Diaz",Canada,Private Limited,Fashion,2024-04-21,786129.0
S104244,Horne Group,USA,Partnership,Beauty,2024-12-31,1268092.0
S104245,Bauer Inc,India,Sole Proprietor,Beauty,2026-01-11,2327024.0
S104246,Brown-Haas,USA,Private Limited,Fashion,2024-01-30,1674977.0
S104247,Cochran-Browning,India,LLP,Electronics,2025-04-18,6914199.0
S104248,"Webster, Garza and Abbott",India,LLP,Automotive,2025-04-20,7597010.0
S104249,Alvarado LLC,USA,Individual,Books,2023-04-30,2042782.0
S104250,"Hart, Park and Boyd",India,LLP,Home,2025-05-10,9057537.0
S104251,"Day, Campbell and Taylor",Australia,Private Limited,Electronics,2024-09-01,4698656.0
S104252,Carter Ltd,Canada,Private Limited,Automotive,2026-04-01,156646.0
S104253,Powell-Bennett,Singapore,Partnership,Home,2023-03-20,6959008.0
S104254,Johnson-Garcia,UK,Individual,Electronics,2024-10-28,9829090.0
S104255,"Webb, Price and Jimenez",USA,Sole Proprietor,Books,2022-01-01,7215644.0
S104256,Townsend-Hale,Australia,LLP,Books,2026-03-23,7639271.0
S104257,"Guerra, Lopez and Davis",Canada,Private Limited,Electronics,2026-02-22,1685966.0
S104258,"Adkins, Duncan and Thompson",Australia,Sole Proprietor,Electronics,2025-09-28,4668061.0
S104259,Stevenson-Ferguson,USA,Private Limited,Home,2022-11-18,3979552.0
S104260,Rasmussen Group,Australia,Individual,Automotive,2023-01-03,3335919.0
S104261,Bell PLC,Singapore,Private Limited,Fashion,2022-09-29,4999278.0
S104262,Colon Ltd,Germany,Individual,Automotive,2024-07-09,3835362.0
S104263,Rodgers-Warren,Canada,Private Limited,Electronics,2022-08-30,3475296.0
S104264,Hicks Ltd,UK,LLP,Home,2025-11-07,7294779.0
S104265,"Williams, Lewis and Bryant",USA,Individual,Home,2022-11-22,7997871.0
S104266,Stafford Ltd,Germany,Individual,Fashion,2024-02-07,639375.0
S104267,Jones-Harris,Canada,Private Limited,Automotive,2024-05-10,1870737.0
S104268,Duncan PLC,India,Private Limited,Fashion,2022-05-30,2629324.0
S104269,Williams Group,Germany,Individual,Beauty,2023-04-15,2838191.0
S104270,Mccullough Inc,UK,Sole Proprietor,Automotive,2025-02-10,8956450.0
S104271,Smith-Allen,Canada,Sole Proprietor,Books,2024-07-16,2690686.0
S104272,Joyce-Benitez,Singapore,Sole Proprietor,Sports,2025-09-14,9567607.0
S104273,Watson Group,USA,Partnership,Beauty,2022-12-19,7517132.0
S104274,Moore PLC,UK,LLP,Books,2025-05-26,3642792.0
S104275,Howell LLC,Australia,Individual,Fashion,2024-04-11,5008241.0
S104276,Becker-Mckinney,Germany,Sole Proprietor,Beauty,2022-07-06,9804315.0
S104277,"Collins, Bentley and Valdez",India,Private Limited,Electronics,2023-04-16,9001364.0
S104278,Ortiz-Smith,Singapore,Individual,Sports,2024-09-08,6670407.0
S104279,Bennett-Kirby,Australia,Sole Proprietor,Automotive,2026-02-19,2318584.0
S104280,Montoya Group,India,Sole Proprietor,Fashion,2025-01-08,3938965.0
S104281,Greene-Sims,Singapore,Private Limited,Fashion,2022-04-14,8579804.0
S104282,Williams-Wang,Singapore,Sole Proprietor,Sports,2022-06-01,4101609.0
S104283,Alvarado and Sons,Canada,Sole Proprietor,Electronics,2023-11-26,8859311.0
S104284,Walsh Inc,Canada,Individual,Books,2023-06-19,5621308.0
S104285,Barrera Group,Canada,Private Limited,Home,2023-01-01,788508.0
S104286,White LLC,Germany,Partnership,Home,2023-02-25,2393985.0
S104287,Harding LLC,Singapore,Private Limited,Automotive,2025-07-27,1549599.0
S104288,"Espinoza, Neal and Mitchell",Canada,Private Limited,Sports,2024-06-24,1248484.0
S104289,Mitchell-Hudson,Germany,Sole Proprietor,Electronics,2026-02-19,5449619.0
S104290,Juarez Group,Germany,Private Limited,Automotive,2023-07-20,5715355.0
S104291,Clements PLC,India,Individual,Home,2022-01-24,508383.0
S104292,Gonzalez-Holmes,Singapore,Individual,Home,2026-07-17,559145.0
S104293,Harrison Inc,India,LLP,Fashion,2026-04-01,9878773.0
S104294,Perez Group,India,Individual,Automotive,2023-01-25,8116147.0
S104295,Miller Ltd,Singapore,Individual,Beauty,2026-05-24,9093445.0
S104296,Allen PLC,Australia,LLP,Electronics,2026-06-01,483544.0
S104297,Kim-Thomas,Australia,Private Limited,Books,2023-10-03,6409320.0
S104298,"Hammond, Bates and Gordon",Australia,Individual,Home,2024-10-29,4913073.0
S104299,Mack Ltd,Singapore,LLP,Books,2022-11-23,1476741.0
S104300,Williams-Smith,Canada,Private Limited,Sports,2025-09-30,9720135.0
S104301,Peterson LLC,Canada,Partnership,Books,2024-10-02,8811433.0
S104302,Bell and Sons,Singapore,Individual,Fashion,2022-12-26,4898232.0
S104303,"Brown, James and Arroyo",Canada,Sole Proprietor,Home,2022-03-28,5319952.0
S104304,"Brown, White and Lee",Germany,Partnership,Electronics,2024-11-04,7342886.0
S104305,"Griffith, Johnson and Alexander",Germany,Individual,Electronics,2025-05-12,869619.0
S104306,Guzman LLC,India,LLP,Fashion,2024-02-13,5844047.0
S104307,"Martin, Payne and Stewart",Australia,LLP,Electronics,2024-01-11,8705209.0
S104308,Cohen Group,UK,Sole Proprietor,Fashion,2024-04-09,6387109.0
S104309,"Ferguson, Montgomery and Jackson",Canada,Individual,Fashion,2024-04-25,2554386.0
S104310,Wood-Thomas,Singapore,LLP,Sports,2023-04-12,5446230.0
S104311,Sutton Inc,UK,Individual,Books,2023-09-28,2906080.0
S104312,Smith-Brown,Singapore,Sole Proprietor,Beauty,2026-02-03,752514.0
S104313,Mack-Wilson,Canada,Individual,Automotive,2024-08-20,939808.0
S104314,Gill Inc,Germany,Private Limited,Fashion,2024-04-20,9416088.0
S104315,"Gardner, Smith and Holloway",Germany,Sole Proprietor,Books,2026-05-30,335118.0
S104316,Pineda-Newman,INDIA,Sole Proprietor,Home,2025-07-27,8871826.0
S104317,Jennings-Hughes,USA,Private Limited,Electronics,2022-05-05,4543117.0
S104318,"Young, Henry and Wright",Singapore,Individual,Electronics,2024-03-13,4291533.0
S104319,"Gibson, Calhoun and Hernandez",Singapore,Sole Proprietor,Electronics,2025-02-12,8930006.0
S104320,"Suarez, Walker and Mitchell",Australia,Individual,Books,2025-07-05,4389621.0
S104321,"Thompson, Coffey and Kidd",Singapore,Private Limited,Sports,2024-08-28,8412556.0
S104322,Richardson Inc,USA,Sole Proprietor,Fashion,2024-02-14,3198815.0
S104323,Trujillo-Thomas,Canada,Individual,Beauty,2023-07-03,4113897.0
S104324,Jenkins-Hobbs,USA,Individual,Fashion,2025-11-27,6762272.0
S104325,Archer and Sons,Canada,LLP,Automotive,2022-12-16,8803067.0
S104326,"Gomez, Mcmahon and Fisher",Canada,LLP,Beauty,2023-09-02,2710746.0
S104327,Murray-Chavez,India,Private Limited,Beauty,2026-03-30,2239600.0
S104328,Ford-Morgan,UK,Sole Proprietor,Beauty,2023-03-15,1796388.0
S104329,"Ross, Cummings and Harris",UK,LLP,Electronics,2024-08-04,734155.0
S104330,Marquez PLC,Singapore,Partnership,Books,2025-07-17,6591115.0
S104331,Gould Ltd,INDIA,LLP,Home,2024-02-05,4925658.0
S104332,"Mueller, Cox and Ford",Singapore,Individual,Fashion,2024-04-05,3893308.0
S104333,Brooks-Parker,Australia,LLP,Books,2025-01-18,3186589.0
S104334,Thomas-Rodriguez,UK,Private Limited,Home,2026-02-02,440306.0
S104335,"Chavez, Conway and Sosa",Australia,Individual,Beauty,2024-02-12,
S104336,"Jenkins, Gonzalez and Morgan",Germany,LLP,Home,2023-08-19,8656378.0
S104337,Keller PLC,Canada,Sole Proprietor,Sports,2022-02-16,3839409.0
S104338,White-Ramos,Australia,Individual,Books,2023-05-10,9379647.0
S104339,"Clark, Bradley and Jackson",Australia,Sole Proprietor,Sports,2023-01-01,4671002.0
S104340,"Becker, Hammond and Davidson",UK,Private Limited,Beauty,2025-06-03,1082303.0
S104341,"Casey, Gonzalez and Jenkins",Australia,LLP,Electronics,2023-08-17,1015082.0
S104342,Sanchez-Rodgers,Singapore,LLP,Fashion,2023-02-24,3676117.0
S104343,Stewart-Fitzpatrick,USA,LLP,Fashion,2024-12-13,4373775.0
S104344,"Schmidt, Fuller and Johnson",Canada,LLP,Automotive,2022-09-08,6672302.0
S104345,Buchanan Inc,Australia,Private Limited,Home,2022-10-17,1764223.0
S104346,Smith Inc,India,Individual,Automotive,2025-05-13,7679336.0
S104347,Phelps-Edwards,Canada,Partnership,Automotive,2026-06-01,2126663.0
S104348,Harris-Hernandez,Canada,Individual,Sports,2023-02-11,4094925.0
S104349,Parker Inc,Canada,Individual,Automotive,2025-10-22,3371723.0
S104350,Hanson-Stewart,Germany,Private Limited,Fashion,2024-04-09,5469379.0
S104351,Alvarez-Padilla,USA,Individual,Beauty,2022-03-13,1339171.0
S104352,Turner-Lang,India,Sole Proprietor,Home,2024-10-31,8382679.0
S104353,Lester and Sons,Singapore,LLP,Beauty,2022-07-15,7796260.0
S104354,Perry PLC,Canada,Partnership,Home,2025-02-05,8849214.0
S104355,"Ortiz, Hoffman and Fuller",India,Individual,Fashion,2023-03-04,495758.0
S104356,"Lucero, Vaughn and Mckee",Singapore,Individual,Sports,2022-08-07,5663463.0
S104357,Beck and Sons,Singapore,Partnership,Electronics,2025-01-30,2195923.0
S104358,Davis-Williams,Singapore,Sole Proprietor,Sports,2022-01-27,4150113.0
S104359,Kennedy-Woods,Australia,Partnership,Books,2024-08-25,8394176.0
S104360,Willis LLC,UK,LLP,Home,2025-05-05,2058248.0
S104361,Richards-White,Australia,Partnership,Electronics,2025-06-25,3635320.0
S104362,Waller Ltd,Germany,LLP,Sports,2026-06-11,5851436.0
S104363,"Cooper, Morgan and Miller",USA,Individual,Electronics,2023-09-30,1239717.0
S104364,Jones-Taylor,Singapore,Individual,Home,2024-12-13,9697372.0
S104365,Byrd-Rangel,UK,Individual,Sports,2023-08-22,3839035.0
S104366,Haney Ltd,USA,Partnership,Sports,2024-09-04,5803751.0
S104367,Nixon LLC,Singapore,Individual,Sports,2022-10-13,6883008.0
S104368,Dawson-Rush,USA,Private Limited,Home,2026-01-20,2695399.0
S104369,Gomez Group,USA,Sole Proprietor,Sports,2024-11-01,2531053.0
S104370,Howell PLC,India,Private Limited,Beauty,2023-07-18,5673576.0
S104371,Frey-Diaz,UK,Partnership,Electronics,2022-07-08,4330661.0
S104372,Lee-Ramirez,India,LLP,Fashion,2024-11-30,9044349.0
S104373,"Strong, Johnson and Flores",Germany,Individual,Home,2024-01-22,406586.0
S104374,Williams and Sons,Singapore,LLP,Fashion,2024-10-05,6685331.0
S104375,"Parker, Cole and Hamilton",Germany,Partnership,Home,2026-03-04,827764.0
S104376,Nelson Ltd,Canada,Individual,Electronics,2026-03-09,2210678.0
S104377,Hopkins-Cook,Germany,Individual,Electronics,2023-01-31,979247.0
S104378,Anderson PLC,Canada,Private Limited,Books,2024-03-10,6724485.0
S104379,Navarro Inc,Canada,Individual,Home,2026-04-12,507506.0
S104380,James-Conway,Germany,Private Limited,Automotive,2024-07-22,1269358.0
S104381,Price-Dominguez,UK,Private Limited,Electronics,2022-12-26,3717567.0
S104382,Terry-Rogers,UK,LLP,Books,2022-04-17,7260737.0
S104383,"Nash, Mueller and Russell",Canada,Sole Proprietor,Fashion,2024-06-12,9647263.0
S104384,Anderson-Reed,India,Partnership,Automotive,2024-09-20,7171484.0
S104385,Tran-Burns,Singapore,Sole Proprietor,Automotive,2022-10-20,3587620.0
S104386,Miller-Cole,Canada,LLP,Books,2026-03-16,726823.0
S104387,"Miller, Wade and Flores",India,Private Limited,Books,2025-02-09,133198.0
S104388,"Huang, Johnson and Anderson",Singapore,Sole Proprietor,Beauty,2026-05-17,3305940.0
S104389,Sanchez and Sons,UK,LLP,Fashion,2024-09-03,9282304.0
S104390,Brown-Armstrong,Australia,Sole Proprietor,Fashion,2024-04-14,823774.0
S104391,Maxwell Inc,USA,Private Limited,Automotive,2024-02-06,2132675.0
S104392,Sharp Ltd,India,Individual,Automotive,2024-01-29,7625481.0
S104393,Berg-Williamson,Australia,Individual,Sports,2022-04-08,8562750.0
S104394,Aguilar Group,UK,Sole Proprietor,Sports,2025-12-20,1137833.0
S104395,"Marks, Hartman and Rodriguez",Singapore,LLP,Books,2025-03-21,3099729.0
S104396,Brown and Sons,India,Partnership,Books,2025-04-08,2828324.0
S104397,Hardin Inc,Germany,Sole Proprietor,Automotive,2025-03-19,7108810.0
S104398,Davis Inc,Singapore,Sole Proprietor,Sports,2026-07-13,6356018.0
S104399,Hamilton Ltd,Singapore,LLP,Home,2025-02-05,7703803.0
S104400,Clark Ltd,India,Sole Proprietor,Books,2022-10-25,9030249.0
S104401,Hughes Ltd,Singapore,LLP,Sports,2024-02-26,9592229.0
S104402,"Lee, Roth and Erickson",USA,Private Limited,Books,2025-03-03,1777113.0
S104403,Jacobs-Lopez,UK,Individual,Home,2024-10-21,5244113.0
S104404,Dennis-Vargas,Canada,Sole Proprietor,Home,2023-02-03,2988087.0
S104405,Ramos PLC,USA,Individual,Fashion,2026-05-18,3791787.0
S104406,Miller and Sons,UK,Private Limited,Home,2024-05-30,6831554.0
S104407,Thomas-Weaver,Canada,Sole Proprietor,Electronics,2024-04-15,435216.0
S104408,Graves Ltd,Canada,Partnership,Fashion,2024-03-26,2024957.0
S104409,Lopez LLC,Germany,Partnership,Electronics,2025-08-07,7465350.0
S104410,Martin Ltd,USA,Private Limited,Books,2025-02-24,3877056.0
S104411,"Phillips, Gutierrez and Davidson",Canada,Sole Proprietor,Fashion,2023-10-30,6120025.0
S104412,Simmons LLC,Australia,Private Limited,Sports,2022-10-11,9464589.0
S104413,"Allen, Smith and Zamora",Singapore,Individual,Home,2023-08-07,101543.0
S104414,"King, Webster and Brown",UK,Partnership,Automotive,2022-08-30,2440019.0
S104415,Snyder Ltd,Australia,Sole Proprietor,Sports,2024-06-08,5776730.0
S104416,Harvey Group,India,Sole Proprietor,Home,2026-05-25,2520317.0
S104417,Craig Ltd,Germany,Sole Proprietor,Home,2024-01-05,9185201.0
S104418,Smith-Garner,Australia,Private Limited,Beauty,2025-09-15,4513386.0
S104419,Flores LLC,India,Sole Proprietor,Beauty,2025-03-19,6396755.0
S104420,"Becker, Gregory and Jones",UK,Partnership,Automotive,2022-05-30,3684483.0
S104421,Acosta-Flores,India,Sole Proprietor,Beauty,2026-07-15,7196319.0
S104422,Harmon-Castillo,India,Private Limited,Home,2023-01-25,8916836.0
S104423,Evans-Burns,UK,Sole Proprietor,Books,2026-03-17,2066385.0
S104424,"Duarte, Lee and Matthews",UK,Private Limited,Home,2023-07-01,6738580.0
S104425,Vazquez Group,Canada,Private Limited,Fashion,2025-04-18,5263397.0
S104426,Hobbs-Nguyen,Singapore,Sole Proprietor,Books,2025-07-06,730518.0
S104427,Ford-Nolan,Singapore,Individual,Home,2022-12-03,8076510.0
S104428,Hernandez-Rojas,Singapore,Private Limited,Electronics,2022-01-14,8671787.0
S104429,Barnes-Johnson,Germany,Sole Proprietor,Beauty,2024-03-08,1100336.0
S104430,Kramer Group,India,Individual,Home,2026-04-13,6545927.0
S104431,"Hernandez, Diaz and Hamilton",Canada,Private Limited,Electronics,2022-06-16,3293587.0
S104432,"Whitehead, Hernandez and Shah",Singapore,Sole Proprietor,Books,2022-02-22,853899.0
S104433,Davis Group,India,Partnership,Sports,2022-04-25,4734988.0
S104434,Hernandez-Rogers,India,LLP,Automotive,2025-05-27,1277468.0
S104435,Crawford and Sons,Singapore,LLP,Electronics,2024-07-17,6891598.0
S104436,Gallegos-Nash,Singapore,Private Limited,Home,2025-07-13,8804480.0
S104437,Perez-Tucker,USA,Sole Proprietor,Beauty,2025-08-07,6947700.0
S104438,"Porter, Graham and York",Australia,Private Limited,Electronics,2026-02-03,6230073.0
S104439,Costa-Brown,USA,LLP,Books,2022-02-04,8359231.0
S104440,Jones LLC,Germany,Partnership,Sports,2023-07-31,6605495.0
S104441,"Woods, Roberts and Young",USA,Individual,Automotive,2024-07-08,2394288.0
S104442,Lara-Butler,Australia,Partnership,Home,2024-04-23,2231520.0
S104443,Frye Ltd,Canada,Private Limited,Books,2022-02-09,9369147.0
S104444,Morgan LLC,Singapore,Individual,Automotive,2024-10-04,8004738.0
S104445,"Montgomery, Carr and George",Germany,Individual,Fashion,2025-03-03,1170619.0
S104446,"Campbell, Hardy and Roman",Singapore,LLP,Electronics,2024-03-24,8840949.0
S104447,Wood Group,Australia,Sole Proprietor,Books,2022-05-18,3326062.0
S104448,Smith LLC,USA,Private Limited,Beauty,2023-04-21,1546306.0
S104449,Sanchez-Blackburn,USA,LLP,Books,2026-01-04,2923072.0
S104450,"Hall, Wiggins and Edwards",USA,LLP,Beauty,2022-08-11,7888194.0
S104451,Buchanan-Peters,Canada,Individual,Beauty,2022-01-22,3487937.0
S104452,"Leon, Hale and Winters",Singapore,Private Limited,Automotive,2022-07-28,1368598.0
S104453,Harrington-Armstrong,Canada,Private Limited,Electronics,2024-02-17,1939450.0
S104454,Erickson PLC,USA,Partnership,Fashion,2024-11-17,5381060.0
S104455,Li and Sons,USA,Partnership,Beauty,2025-01-23,9670653.0
S104456,Elliott-Zamora,UK,Partnership,Electronics,2023-01-25,3711689.0
S104457,Dixon-Davis,Germany,Individual,Automotive,2025-01-21,5028272.0
S104458,Hanson Inc,UK,LLP,Sports,2022-04-11,2880208.0
S104459,"Henry, Morrison and Macdonald",Singapore,Sole Proprietor,Books,2022-04-08,2413089.0
S104460,"Adams, Cole and Waters",Singapore,Partnership,Books,2024-11-11,771441.0
S104461,Joseph-Cox,Singapore,Individual,Beauty,2023-07-19,4827490.0
S104462,Wells and Sons,India,Private Limited,Beauty,2023-02-24,4246416.0
S104463,"Smith, Kelly and Oliver",Singapore,Individual,Beauty,2024-08-21,9012083.0
S104464,"Thomas, Nelson and Flores",India,Private Limited,Beauty,2026-02-26,8432875.0
S104465,Jacobs-Herrera,Australia,Sole Proprietor,Fashion,2023-01-18,1311287.0
S104466,"Lopez, Bradshaw and Jacobs",India,Private Limited,Automotive,2022-07-08,8297265.0
S104467,Quinn-Moss,Singapore,Sole Proprietor,Sports,2023-01-09,1766946.0
S104468,Mills PLC,Australia,Private Limited,Books,2024-11-29,7094211.0
S104469,Wright-Bennett,USA,Sole Proprietor,Sports,2023-11-28,8292744.0
S104470,"Cardenas, Smith and Green",Singapore,Sole Proprietor,Beauty,2023-04-24,7197437.0
S104471,Phillips Inc,Singapore,Private Limited,Home,2025-01-09,4127356.0
S104472,"Schneider, Fisher and Richardson",India,Sole Proprietor,Fashion,2025-01-18,5392564.0
S104473,Griffin Group,Germany,Individual,Books,2023-04-14,9653703.0
S104474,"Moore, Wallace and Edwards",Singapore,Partnership,Automotive,2022-02-16,8318249.0
S104475,Bryant-Gonzalez,Singapore,Sole Proprietor,Sports,2026-01-12,7242211.0
S104476,"Chavez, Martin and Anderson",Germany,Individual,Beauty,2024-09-06,1074902.0
S104477,Martinez LLC,Germany,Partnership,Fashion,2024-04-09,8745251.0
S104478,"Woods, Thomas and Decker",Singapore,Private Limited,Home,2026-06-11,309406.0
S104479,Pierce-Fuller,UK,Individual,Beauty,2025-01-12,2459702.0
S104480,"Nguyen, Thompson and Austin",India,Private Limited,Fashion,2023-04-04,5910345.0
S104481,Schneider LLC,UK,Private Limited,Electronics,2024-03-16,6191140.0
S104482,"Avila, Williams and Hunt",India,LLP,Sports,2024-07-05,1809945.0
S104483,"Love, Anderson and Brown",Australia,LLP,Beauty,2025-03-12,2572295.0
S104484,Taylor Inc,Australia,Individual,Sports,2025-08-26,2972838.0
S104485,"Martin, Reeves and Davis",India,Sole Proprietor,Fashion,2023-11-02,9577227.0
S104486,Compton-Morgan,Germany,Partnership,Home,2025-05-01,711606.0
S104487,Cooper-Jones,Canada,Sole Proprietor,Sports,2026-05-02,4554975.0
S104488,Gardner-Warren,USA,Partnership,Sports,2025-06-01,9140862.0
S104489,"Clarke, Neal and Kelley",UK,Sole Proprietor,Home,2022-02-03,2706453.0
S104490,Olsen Group,USA,Individual,Home,2023-11-09,618932.0
S104491,Wilson LLC,Canada,Private Limited,Automotive,2025-01-15,7317065.0
S104492,Allen Ltd,Australia,Sole Proprietor,Automotive,2025-11-17,4257244.0
S104493,"Grant, Williams and Cameron",Canada,LLP,Automotive,2022-09-24,5051913.0
S104494,Mendoza Inc,Canada,LLP,Home,2026-02-15,8643384.0
S104495,Blake and Sons,Canada,Individual,Automotive,2022-06-22,4807446.0
S104496,Mason LLC,UK,Partnership,Automotive,2025-01-22,8565022.0
S104497,Avila-Santiago,Germany,Individual,Automotive,2025-09-03,7455556.0
S104498,Dixon LLC,India,LLP,Fashion,2023-04-27,9176283.0
S104499,Johnson-Espinoza,Germany,Partnership,Beauty,2024-09-05,3338145.0
S104500,Pierce-Williams,Canada,Private Limited,Electronics,2025-06-14,7633409.0
S104501,"Johnson, Perez and Henry",UK,Partnership,Home,2022-06-09,1115035.0
S104502,Miles-Perkins,Australia,Partnership,Beauty,2025-06-04,8978789.0
S104503,Hicks-Calderon,Germany,Partnership,Sports,2022-11-04,9690068.0
S104504,Lewis-Herrera,Germany,Sole Proprietor,Beauty,2026-01-11,2632270.0
S104505,"Garner, Campbell and Hawkins",Singapore,Private Limited,Books,2024-11-23,9727169.0
S104506,"Price, Davenport and Webster",USA,Partnership,Automotive,2022-03-20,8977838.0
S104507,Cook-Murphy,UK,Sole Proprietor,Electronics,2024-03-27,3174541.0
S104508,Long-Santos,Australia,Private Limited,Books,2022-04-17,4568560.0
S104509,Johnson-Morrison,India,LLP,Home,2024-03-10,6441099.0
S104510,"Powers, Carrillo and Harris",Australia,Sole Proprietor,Books,2025-11-05,7711071.0
S104511,Williams Inc,Canada,Individual,Electronics,2025-10-10,2144224.0
S104512,"Fitzpatrick, Harris and Wolf",USA,LLP,Sports,2022-12-27,5798402.0
S104513,"Burgess, Whitaker and Craig",Singapore,LLP,Books,2023-05-30,3112782.0
S104514,"Meyers, Ward and Brown",Canada,Partnership,Beauty,2025-04-30,6661347.0
S104515,"Hall, Zamora and Bridges",USA,Private Limited,Books,2026-07-28,4985250.0
S104516,Dixon LLC,IN,Private Limited,Automotive,2022-09-30,8987275.0
S104517,Robinson and Sons,Australia,Sole Proprietor,Home,2023-07-06,6616356.0
S104518,Clark-Arroyo,Singapore,Private Limited,Home,2023-02-03,9213414.0
S104519,Cortez-Ellis,Canada,Individual,Books,2024-04-09,2808535.0
S104520,Guzman-Martin,UK,Individual,Automotive,2025-10-25,5550924.0
S104521,Castillo-Carlson,USA,Sole Proprietor,Home,2023-11-23,8158476.0
S104522,"Mathews, Wright and Jensen",USA,LLP,Beauty,2022-12-10,9704342.0
S104523,Farrell PLC,USA,Partnership,Sports,2023-03-30,3779079.0
S104524,Vincent LLC,UK,Sole Proprietor,Sports,2026-05-20,6258440.0
S104525,Turner Group,India,Private Limited,Home,2024-10-30,1831918.0
S104526,"Carroll, Moore and Brown",Canada,Partnership,Books,2024-01-20,480491.0
S104527,Brewer Group,Australia,Partnership,Sports,2023-06-23,6530687.0
S104528,"Walter, Jones and Butler",Singapore,Sole Proprietor,Books,2022-02-02,5426114.0
S104529,Evans Inc,Singapore,Partnership,Home,2025-10-24,4870173.0
S104530,Turner LLC,Singapore,LLP,Fashion,2022-01-16,3307456.0
S104531,Conrad-Clay,UK,Sole Proprietor,Electronics,2025-10-15,8645138.0
S104532,Martinez Ltd,Singapore,Sole Proprietor,Electronics,2022-08-20,8123487.0
S104533,"Farley, Mcguire and Beard",Canada,Partnership,Fashion,2022-04-07,3391145.0
S104534,Thompson-Rodriguez,Canada,LLP,Sports,2023-04-29,4565315.0
S104535,"Young, Kane and Riley",Singapore,Individual,Electronics,2024-01-16,3576333.0
S104536,"Nelson, Johnson and Hart",Germany,LLP,Electronics,2023-10-29,4976629.0
S104537,Simon and Sons,Germany,Individual,Books,2023-11-03,3443983.0
S104538,Brown Ltd,India,Private Limited,Automotive,2022-12-22,6192308.0
S104539,Johnson-Jimenez,Canada,Private Limited,Home,2024-05-09,8033532.0
S104540,Gutierrez-Dudley,IN,Sole Proprietor,Electronics,2023-05-03,7201289.0
S104541,"Merritt, Douglas and Chung",Germany,LLP,Electronics,2022-02-02,
S104542,Mckinney-Higgins,Singapore,Private Limited,Automotive,2025-08-10,1880473.0
S104543,Pham Inc,UK,Individual,Electronics,2026-05-09,5986777.0
S104544,"Nelson, Wiggins and Young",USA,Partnership,Beauty,2025-06-14,8928705.0
S104545,Patrick-Forbes,India,Sole Proprietor,Sports,2024-08-26,9470165.0
S104546,Russo Group,India,Sole Proprietor,Automotive,2022-09-27,8069741.0
S104547,"Crane, Freeman and Hall",India,LLP,Books,2022-09-23,3992812.0
S104548,"Williams, Cox and George",Singapore,Sole Proprietor,Sports,2025-02-16,5893777.0
S104549,Hoover-Stephens,Germany,Private Limited,Fashion,2023-11-09,9401730.0
S104550,Hopkins-Watson,Singapore,Partnership,Beauty,2022-04-30,5493454.0
S104551,"Fernandez, Flores and Fowler",Singapore,Sole Proprietor,Sports,2024-04-30,7596050.0
S104552,Thompson-Morales,Canada,Partnership,Books,2023-09-04,2861691.0
S104553,Lucero-Saunders,INDIA,Partnership,Automotive,2023-11-23,8609875.0
S104554,Olsen Group,UK,LLP,Sports,2025-07-18,5746472.0
S104555,"Daniels, Ward and Reynolds",Australia,Sole Proprietor,Beauty,2024-01-15,5373868.0
S104556,"King, Taylor and Middleton",Singapore,Sole Proprietor,Books,2022-12-31,8472685.0
S104557,"Owens, Molina and Hensley",USA,LLP,Sports,2022-09-01,1442137.0
S104558,Preston LLC,Singapore,Partnership,Books,2022-02-22,2333803.0
S104559,"Hull, Mcgrath and Thomas",Singapore,Individual,Electronics,2022-03-29,2666291.0
S104560,Fernandez-Collier,Singapore,LLP,Books,2025-08-02,3901602.0
S104561,Rosales PLC,Canada,Private Limited,Electronics,2023-04-30,2249961.0
S104562,Rowland and Sons,Australia,Individual,Home,2023-10-30,5374701.0
S104563,"Sanders, Colon and Gilmore",India,Private Limited,Electronics,2023-10-26,5753075.0
S104564,"Stephens, Stone and Johnston",Germany,Individual,Sports,2023-02-22,7191772.0
S104565,Michael-Ortega,india,Private Limited,Automotive,2022-07-25,4813210.0
S104566,Singh Ltd,UK,LLP,Home,2024-11-30,8854546.0
S104567,"French, Burns and Nguyen",Canada,Partnership,Beauty,2025-04-16,8281395.0
S104568,Kelley-Foster,USA,Partnership,Home,2025-11-14,3775976.0
S104569,"Weiss, Robinson and Bell",Germany,Partnership,Automotive,2026-06-04,7449823.0
S104570,Watts-Travis,Australia,LLP,Automotive,2024-04-26,2561627.0
S104571,Bowman Group,Australia,Individual,Fashion,2024-01-21,8695534.0
S104572,Flowers and Sons,Australia,Private Limited,Books,2023-08-13,3558968.0
S104573,"Smith, Leon and Wagner",India,Sole Proprietor,Fashion,2026-07-08,2950342.0
S104574,Simpson Inc,Australia,Sole Proprietor,Home,2026-07-30,1826056.0
S104575,"Clements, Allen and Sullivan",Australia,Private Limited,Fashion,2022-05-09,2168885.0
S104576,Weaver Inc,USA,Sole Proprietor,Fashion,2025-08-14,168854.0
S104577,Johnson Inc,Australia,LLP,Sports,2022-07-09,1039595.0
S104578,Martinez-Lopez,Germany,Individual,Electronics,2024-11-30,4156198.0
S104579,"Jones, King and Tapia",Germany,LLP,Beauty,2022-11-24,3471831.0
S104580,Duffy-Stanley,Australia,Sole Proprietor,Beauty,2023-12-08,456434.0
S104581,Wolfe LLC,Canada,Private Limited,Home,2024-08-23,
S104582,Hughes-Clark,Canada,Individual,Automotive,2024-07-22,3018580.0
S104583,Harvey-Gillespie,Singapore,Private Limited,Books,2024-09-10,7839014.0
S104584,"Mendez, Williams and Henry",UK,LLP,Automotive,2024-01-14,9479488.0
S104585,Porter LLC,Australia,LLP,Beauty,2022-10-05,6407048.0
S104586,Scott Group,USA,Sole Proprietor,Electronics,2023-10-29,2439843.0
S104587,Mullins-Carrillo,Canada,Individual,Sports,2026-07-31,7659696.0
S104588,Barker-Oliver,Germany,Sole Proprietor,Fashion,2026-02-03,1765469.0
S104589,Avery-Cohen,Germany,Individual,Sports,2023-01-08,7424199.0
S104590,James Group,India,Partnership,Fashion,2022-05-10,7719985.0
S104591,Wells PLC,Australia,Private Limited,Fashion,2024-06-26,3695184.0
S104592,Miller Ltd,Canada,Sole Proprietor,Fashion,2022-03-01,5516396.0
S104593,"Welch, Davis and James",USA,Private Limited,Fashion,2025-03-26,9560577.0
S104594,Allen-Riggs,Canada,Private Limited,Automotive,2024-04-23,2922134.0
S104595,Morris PLC,India,Partnership,Home,2023-11-01,9867636.0
S104596,"Bond, Robinson and Jenkins",India,LLP,Fashion,2025-02-06,9288523.0
S104597,Sutton PLC,USA,Private Limited,Fashion,2023-10-28,6151744.0
S104598,"Norman, Walls and Wallace",Australia,Private Limited,Home,2025-03-28,9112440.0
S104599,"White, Hill and Cunningham",USA,LLP,Sports,2023-09-23,4525796.0
S104600,"Valdez, Williams and Richards",Germany,Individual,Beauty,2026-01-24,7818311.0
S104601,"Black, Thompson and Hayes",Australia,Partnership,Fashion,2022-11-27,6644818.0
S104602,Williams PLC,UK,Private Limited,Electronics,2025-03-15,5630507.0
S104603,Simmons-Mcdaniel,UK,LLP,Sports,2026-07-19,8407022.0
S104604,Gonzalez Group,Canada,Individual,Fashion,2024-07-04,9818798.0
S104605,Smith Ltd,Germany,Individual,Fashion,2025-03-15,2974781.0
S104606,"Whitehead, Barton and Williams",Germany,Individual,Fashion,2022-04-24,5605099.0
S104607,Walker Ltd,USA,Sole Proprietor,Beauty,2026-04-05,8891593.0
S104608,"Bruce, Perez and Wallace",Germany,Individual,Fashion,2024-10-01,5534082.0
S104609,"Gould, Wilson and Martin",USA,Sole Proprietor,Sports,2024-11-28,4127319.0
S104610,Yang PLC,USA,Private Limited,Electronics,2026-07-22,1703502.0
S104611,"Johnson, Crawford and Bauer",USA,LLP,Beauty,2026-02-02,960845.0
S104612,Smith-Warren,Canada,Private Limited,Fashion,2022-03-19,796009.0
S104613,"Richardson, Stephens and Barnes",UK,Sole Proprietor,Beauty,2025-05-27,7861505.0
S104614,Ramirez PLC,Canada,Sole Proprietor,Sports,2025-03-11,7404627.0
S104615,"Henderson, Brown and Baker",UK,Private Limited,Automotive,2026-02-24,6294360.0
S104616,"Howard, Morales and Calhoun",Australia,Sole Proprietor,Books,2023-01-14,4022775.0
S104617,Martinez and Sons,Australia,Sole Proprietor,Beauty,2022-05-05,728433.0
S104618,Hudson Ltd,USA,Individual,Books,2023-09-11,4014243.0
S104619,Griffin PLC,Germany,Individual,Home,2025-03-18,9677644.0
S104620,Grant-Woods,UK,Individual,Beauty,2022-05-17,5869805.0
S104621,"Lopez, Gutierrez and Castro",Singapore,Private Limited,Fashion,2026-01-30,9621672.0
S104622,Harris LLC,Singapore,Individual,Electronics,2026-05-15,2553418.0
S104623,Francis Group,Australia,Sole Proprietor,Fashion,2026-05-15,9896204.0
S104624,Watson PLC,Australia,LLP,Automotive,2022-02-19,1601474.0
S104625,Rodriguez Ltd,UK,Private Limited,Beauty,2023-07-22,8629549.0
S104626,Richards-Smith,USA,Individual,Sports,2023-02-07,132417.0
S104627,Flores and Sons,Canada,Partnership,Beauty,2022-06-19,3580213.0
S104628,Solis-Lopez,Australia,Sole Proprietor,Beauty,2022-07-10,1982234.0
S104629,Mendoza-Lewis,USA,Partnership,Electronics,2025-07-20,2582214.0
S104630,Hughes Ltd,Australia,Private Limited,Electronics,2023-03-01,2690810.0
S104631,"Weaver, Lara and Thomas",India,Partnership,Beauty,2024-08-13,2392687.0
S104632,Hodge and Sons,India,Individual,Sports,2026-04-29,1547141.0
S104633,Woods Inc,India,Individual,Beauty,2024-04-04,1803311.0
S104634,"Martin, Sims and Gutierrez",USA,Private Limited,Electronics,2022-09-05,585484.0
S104635,"Ward, Perez and Baker",Germany,Private Limited,Automotive,2023-12-04,8927751.0
S104636,Goodwin Inc,Singapore,Partnership,Fashion,2023-02-10,3641821.0
S104637,Norman-Johnson,India,LLP,Sports,2023-01-30,7288505.0
S104638,"Barber, Brooks and Cole",Germany,LLP,Fashion,2025-01-03,274966.0
S104639,Goodman and Sons,Australia,Private Limited,Beauty,2025-08-25,5107746.0
S104640,Mendez-Tyler,Singapore,Sole Proprietor,Electronics,2022-11-03,4781929.0
S104641,Lucas-Campos,USA,Individual,Electronics,2023-08-06,431001.0
S104642,Allen PLC,Singapore,Sole Proprietor,Automotive,2024-03-19,8854957.0
S104643,Crawford-Jones,USA,LLP,Home,2022-01-18,9720883.0
S104644,"Johnson, Jones and Miller",Australia,LLP,Fashion,2022-11-04,4860245.0
S104645,Mejia Inc,Germany,Private Limited,Electronics,2025-04-26,3298973.0
S104646,Ramirez-Campbell,Australia,LLP,Books,2026-01-17,6433657.0
S104647,"Roman, Stark and Turner",Singapore,Individual,Home,2026-02-28,70737.0
S104648,"Jacobs, Calhoun and Wyatt",Singapore,Private Limited,Automotive,2025-09-27,9594056.0
S104649,Dixon-Hughes,Canada,LLP,Fashion,2026-05-15,9838815.0
S104650,"Lawrence, Castro and Fleming",Germany,Individual,Home,2022-07-19,3889687.0
S104651,"Guerrero, Berry and Harrison",Germany,Individual,Fashion,2023-07-19,3250361.0
S104652,Holt LLC,Germany,LLP,Sports,2023-10-31,9103645.0
S104653,"Black, Welch and King",UK,Partnership,Books,2026-04-11,2236635.0
S104654,Villa-Baxter,USA,Individual,Books,2022-06-03,2670107.0
S104655,"Palmer, Edwards and Bullock",India,Private Limited,Beauty,2022-04-21,7137699.0
S104656,Knight LLC,India,LLP,Sports,2022-11-28,8091495.0
S104657,Lee-Rogers,USA,Sole Proprietor,Beauty,2023-07-24,1061816.0
S104658,"Jenkins, Baker and Coleman",USA,Sole Proprietor,Sports,2022-05-06,7484228.0
S104659,"Lopez, Austin and Buchanan",Australia,Individual,Beauty,2024-05-22,9962191.0
S104660,"Phillips, Mcdaniel and Ward",India,Partnership,Fashion,2022-09-24,2172028.0
S104661,"Tran, Harris and Ford",Singapore,LLP,Sports,2025-08-24,1845827.0
S104662,"Thompson, Hardy and Walter",UK,LLP,Books,2022-11-21,177128.0
S104663,"Wright, George and Schultz",USA,LLP,Electronics,2023-05-27,1033946.0
S104664,White-Holland,India,Individual,Sports,2024-01-14,6853832.0
S104665,Brooks-Myers,Germany,Sole Proprietor,Home,2025-08-03,7624470.0
S104666,"Nelson, Carroll and Medina",UK,Partnership,Home,2023-09-24,1138545.0
S104667,Scott Inc,UK,Partnership,Sports,2025-10-18,5889010.0
S104668,Martinez-Bennett,UK,LLP,Beauty,2022-12-20,
S104669,"Riggs, Smith and Lopez",UK,Partnership,Home,2022-08-06,2346115.0
S104670,Reilly-Gibson,Singapore,LLP,Beauty,2024-06-08,95835.0
S104671,"Silva, Hill and Bradley",India,Individual,Sports,2022-05-02,2038260.0
S104672,Baker Group,Singapore,Sole Proprietor,Electronics,2022-03-21,3526565.0
S104673,"Holden, Larson and Alvarez",India,Partnership,Sports,2023-04-16,1734049.0
S104674,Edwards-Taylor,Germany,Partnership,Books,2026-04-13,1559625.0
S104675,Ward Inc,Germany,Private Limited,Beauty,2024-11-23,765102.0
S104676,Boone LLC,Canada,Individual,Sports,2022-07-19,6194552.0
S104677,Dunn LLC,Germany,Individual,Fashion,2025-04-28,561403.0
S104678,Bowers Ltd,Singapore,Individual,Books,2025-12-13,1070095.0
S104679,"Henderson, Williams and Keller",Germany,Individual,Fashion,2024-11-07,762203.0
S104680,Smith LLC,Germany,Partnership,Electronics,2023-05-20,954008.0
S104681,"Ball, Mitchell and Allen",Germany,Private Limited,Books,2022-06-13,851923.0
S104682,Montgomery PLC,Singapore,LLP,Books,2024-12-22,4672924.0
S104683,Reilly-Gomez,Germany,LLP,Fashion,2026-06-29,6771240.0
S104684,Hernandez PLC,USA,Individual,Automotive,2023-02-07,465909.0
S104685,"Stewart, Robinson and Shaffer",India,Sole Proprietor,Beauty,2023-01-08,5904133.0
S104686,Harris-Jensen,Canada,Sole Proprietor,Automotive,2023-12-29,7546392.0
S104687,Davis Ltd,Germany,Partnership,Sports,2023-06-04,8374420.0
S104688,"Irwin, Nelson and Tucker",India,Private Limited,Electronics,2025-02-23,141715.0
S104689,Sanchez Group,UK,Private Limited,Automotive,2026-07-04,3411577.0
S104690,Allen PLC,Canada,Partnership,Fashion,2026-07-17,7423187.0
S104691,Mcclain and Sons,UK,Partnership,Beauty,2024-06-13,2548354.0
S104692,Rodriguez-Allen,India,LLP,Sports,2022-05-12,8851594.0
S104693,Graham-Valencia,USA,Private Limited,Automotive,2024-08-30,368441.0
S104694,Griffin-Hall,India,Individual,Books,2024-04-05,7009256.0
S104695,Ortiz Group,Germany,Individual,Books,2023-11-08,9937051.0
S104696,Hernandez-Beasley,India,Individual,Home,2022-08-27,898550.0
S104697,"Christensen, Johnson and Hubbard",Germany,Sole Proprietor,Beauty,2025-09-27,7890976.0
S104698,Macias Group,India,LLP,Electronics,2022-02-10,4457277.0
S104699,Clarke-Warren,Canada,Private Limited,Sports,2026-04-23,9311604.0
S104700,Smith-Romero,India,Sole Proprietor,Home,2025-12-04,4572403.0
S104701,Massey-Obrien,Canada,Individual,Books,2023-05-26,1153585.0
S104702,Thomas-Jones,UK,Private Limited,Electronics,2023-06-08,8469411.0
S104703,"Vega, Jackson and Powell",India,Sole Proprietor,Books,2025-08-17,8386696.0
S104704,Edwards Group,Germany,Sole Proprietor,Sports,2024-10-06,3802739.0
S104705,Wright-Roberts,Australia,Individual,Fashion,2024-08-06,9953878.0
S104706,Gray Group,Germany,Individual,Home,2024-04-29,6462608.0
S104707,Parks PLC,Canada,Sole Proprietor,Automotive,2023-08-23,1762205.0
S104708,Brewer Inc,Germany,Partnership,Electronics,2022-11-01,3678636.0
S104709,Marquez-Johnson,Germany,LLP,Electronics,2024-09-20,8101249.0
S104710,"Reed, James and Henry",Canada,LLP,Fashion,2023-04-23,2972514.0
S104711,"Griffin, Coleman and Kim",Singapore,LLP,Beauty,2023-01-10,3588909.0
S104712,Perez-Richardson,Australia,Sole Proprietor,Automotive,2025-04-25,4900391.0
S104713,Mendoza-Jackson,Canada,Sole Proprietor,Electronics,2025-06-04,
S104714,"Newman, George and Patrick",Singapore,Individual,Electronics,2025-12-28,4481092.0
S104715,Werner LLC,USA,Partnership,Home,2025-09-14,2391538.0
S104716,Hodges Inc,India,Private Limited,Beauty,2022-04-15,8699850.0
S104717,"Moon, Davis and Dominguez",Germany,Sole Proprietor,Home,2022-12-18,1823203.0
S104718,Wright PLC,India,Partnership,Electronics,2022-11-21,510189.0
S104719,Chavez-Carter,Australia,LLP,Electronics,2025-01-22,1454057.0
S104720,Ramirez-Moon,USA,LLP,Automotive,2025-12-08,9639226.0
S104721,Ortiz and Sons,Canada,Sole Proprietor,Sports,2026-05-17,9859855.0
S104722,"Jones, Wiggins and Oliver",Germany,Private Limited,Electronics,2022-06-21,7506747.0
S104723,"Pena, Mueller and Mckay",India,Sole Proprietor,Sports,2025-07-05,9909087.0
S104724,"Thompson, Kelley and Mcmahon",UK,Sole Proprietor,Electronics,2026-07-28,1234628.0
S104725,Young and Sons,Canada,Partnership,Books,2023-09-15,9027554.0
S104726,"Marquez, Jones and Garcia",USA,Private Limited,Home,2022-09-04,7621412.0
S104727,Ferguson Group,UK,Sole Proprietor,Sports,2026-02-19,3961403.0
S104728,"Hodges, Cummings and Hernandez",Canada,Partnership,Sports,2024-02-05,7392847.0
S104729,Sanchez Inc,India,Sole Proprietor,Fashion,2022-05-07,481056.0
S104730,Foley-Miranda,UK,Sole Proprietor,Electronics,2024-05-07,8007561.0
S104731,"Li, Mason and Jacobson",UK,Partnership,Automotive,2022-07-11,3067046.0
S104732,Taylor-Williams,Singapore,Private Limited,Beauty,2025-02-27,1478211.0
S104733,Bradford and Sons,UK,Sole Proprietor,Beauty,2022-07-07,1459831.0
S104734,"Flowers, Berry and Ramirez",USA,Sole Proprietor,Beauty,2025-10-13,9955770.0
S104735,Gibson Ltd,UK,Private Limited,Sports,2025-10-05,7154723.0
S104736,Reeves and Sons,Canada,Sole Proprietor,Fashion,2024-08-06,6628422.0
S104737,"Obrien, Williams and Mcgrath",Canada,Partnership,Automotive,2025-07-25,889286.0
S104738,Smith Group,UK,Individual,Sports,2023-12-28,3897640.0
S104739,"Lindsey, Byrd and Foster",Australia,Individual,Books,2026-06-07,1533726.0
S104740,"Barber, Oneal and Owens",Singapore,Sole Proprietor,Beauty,2022-08-19,5999369.0
S104741,"Harding, Gomez and Jacobs",Germany,Individual,Beauty,2025-02-04,4212620.0
S104742,"Monroe, Sullivan and King",USA,Partnership,Books,2025-10-12,9331346.0
S104743,Jackson-Hodge,Canada,Private Limited,Books,2026-01-20,6381500.0
S104744,Ballard and Sons,UK,Individual,Home,2024-07-31,9798128.0
S104745,Greene LLC,Singapore,Partnership,Fashion,2023-08-23,807786.0
S104746,Wilson-Strong,Canada,Partnership,Automotive,2025-08-03,4798622.0
S104747,Bennett-Brooks,Singapore,Sole Proprietor,Beauty,2024-02-25,9223755.0
S104748,Freeman-Christensen,USA,LLP,Sports,2024-05-29,479849.0
S104749,Graham Ltd,UK,Partnership,Sports,2023-10-02,2594925.0
S104750,Cole PLC,India,Partnership,Electronics,2022-11-10,9459218.0
S104751,"Taylor, Leon and Sanders",UK,Individual,Beauty,2022-10-19,2731120.0
S104752,Smith and Sons,UK,Sole Proprietor,Home,2023-05-13,
S104753,King-Ross,UK,Sole Proprietor,Sports,2022-09-14,55759.0
S104754,"Marshall, Khan and Ford",Canada,Sole Proprietor,Home,2026-05-14,3774585.0
S104755,Moyer-Sanchez,UK,Sole Proprietor,Beauty,2024-12-26,8468954.0
S104756,Prince Inc,INDIA,Sole Proprietor,Electronics,2024-06-11,2356185.0
S104757,Brooks-Bell,INDIA,Partnership,Beauty,2022-11-06,8895104.0
S104758,Eaton-Wiggins,Germany,Sole Proprietor,Sports,2022-05-20,7178881.0
S104759,George LLC,India,Sole Proprietor,Home,2022-05-10,1546223.0
S104760,"Arnold, Williams and Jarvis",UK,Individual,Fashion,2022-08-20,9889802.0
S104761,Jones-Rivera,Singapore,Private Limited,Books,2025-09-16,2788798.0
S104762,Weeks-Martin,Singapore,Private Limited,Automotive,2024-04-14,1861276.0
S104763,Thomas Ltd,USA,Private Limited,Beauty,2026-01-13,6888938.0
S104764,"Nelson, Johnson and Robinson",India,LLP,Fashion,2023-05-25,784688.0
S104765,"Watson, West and Cook",UK,LLP,Sports,2024-11-12,1633694.0
S104766,"Stevens, Howell and Mitchell",Germany,LLP,Home,2025-12-05,417938.0
S104767,Solis PLC,USA,LLP,Books,2026-03-17,5118198.0
S104768,Stephenson Group,Germany,Private Limited,Books,2022-09-13,1683454.0
S104769,Gallagher-Johnson,Germany,LLP,Automotive,2022-03-06,3292173.0
S104770,"Chandler, Knight and Jones",Australia,LLP,Books,2022-02-27,9566361.0
S104771,Fitzpatrick Group,Germany,Partnership,Home,2022-05-10,7936066.0
S104772,Guerrero-Gonzales,Singapore,Partnership,Automotive,2022-05-14,8703473.0
S104773,"Reid, Thomas and Gill",USA,LLP,Sports,2025-01-07,9667280.0
S104774,Davis Group,Singapore,Sole Proprietor,Automotive,2022-03-27,9222177.0
S104775,Foster-Williams,Canada,Individual,Home,2024-03-31,7796461.0
S104776,Smith-Anderson,Singapore,Sole Proprietor,Fashion,2022-07-18,4604990.0
S104777,Hudson-Butler,India,Partnership,Books,2024-04-27,8723344.0
S104778,Simmons PLC,Singapore,Individual,Home,2023-04-09,5526889.0
S104779,Mooney-Clark,INDIA,Private Limited,Beauty,2025-07-07,6367154.0
S104780,Martin Inc,UK,Sole Proprietor,Beauty,2025-06-16,9082916.0
S104781,Acosta-Buchanan,Canada,Private Limited,Automotive,2025-04-06,6690884.0
S104782,Mcdonald and Sons,Australia,Sole Proprietor,Sports,2024-06-20,5278045.0
S104783,"Snyder, Miller and Stevens",Canada,Partnership,Sports,2023-10-02,1564913.0
S104784,Jensen-Krause,UK,LLP,Sports,2023-06-19,5310591.0
S104785,Sosa-Scott,Singapore,Individual,Electronics,2022-09-12,2311026.0
S104786,"Kelley, Valenzuela and Harmon",Australia,Sole Proprietor,Automotive,2023-01-05,1032944.0
S104787,"Ortega, Rose and Contreras",Singapore,Partnership,Books,2023-05-20,6450338.0
S104788,"Lawrence, Fleming and Drake",Australia,Individual,Books,2022-08-21,1230841.0
S104789,Perez Inc,Germany,Individual,Beauty,2025-10-30,1087958.0
S104790,Webb-Murphy,USA,Sole Proprietor,Sports,2026-03-22,9365371.0
S104791,"Turner, Kaufman and Esparza",Singapore,Partnership,Fashion,2024-05-12,5324555.0
S104792,Crane LLC,USA,Partnership,Automotive,2025-08-19,2159953.0
S104793,Rodriguez-Hernandez,India,Sole Proprietor,Sports,2023-06-17,5547119.0
S104794,Richard and Sons,UK,Sole Proprietor,Electronics,2024-02-16,8195474.0
S104795,Marshall and Sons,India,Individual,Electronics,2025-05-01,9653275.0
S104796,Terry PLC,UK,Private Limited,Books,2024-12-22,9786890.0
S104797,Gutierrez-Ross,UK,Private Limited,Electronics,2023-08-24,6363862.0
S104798,"Rivera, Miller and Martin",Germany,LLP,Home,2026-02-25,9390754.0
S104799,Fry-Bates,Canada,Partnership,Beauty,2024-10-15,6936381.0
S104800,Howe-Brown,India,LLP,Home,2024-06-11,4447825.0
S104801,Briggs-Moore,USA,Individual,Home,2026-06-07,5263387.0
S104802,Good-Cook,UK,Partnership,Home,2024-01-16,8271327.0
S104803,Wilson-Young,Singapore,Partnership,Books,2025-01-05,539629.0
S104804,Reilly-Sanders,Canada,Partnership,Home,2023-09-24,5400795.0
S104805,Sullivan and Sons,USA,Private Limited,Home,2024-11-03,534716.0
S104806,Sanchez-Ballard,Germany,Private Limited,Fashion,2026-05-22,6249679.0
S104807,Moore-Murphy,UK,Partnership,Beauty,2026-05-24,2244562.0
S104808,Castaneda-Garcia,Singapore,Private Limited,Home,2024-05-07,5695656.0
S104809,Hogan Inc,Australia,LLP,Electronics,2022-08-11,6702004.0
S104810,Fernandez Group,Australia,LLP,Sports,2025-05-30,5872087.0
S104811,Michael Ltd,USA,Individual,Electronics,2025-11-23,7188632.0
S104812,"Hernandez, Williams and Ruiz",USA,Private Limited,Electronics,2022-12-25,2602751.0
S104813,Anderson LLC,UK,Private Limited,Home,2026-06-23,7632065.0
S104814,"Jennings, Serrano and Howard",Germany,Partnership,Automotive,2025-09-06,8001535.0
S104815,"Miller, Martin and Collins",UK,Partnership,Fashion,2026-04-14,5351688.0
S104816,Williams PLC,Canada,Individual,Beauty,2022-02-26,1789064.0
S104817,Mcneil PLC,India,Private Limited,Books,2025-12-23,1726290.0
S104818,Underwood and Sons,India,LLP,Home,2024-10-27,4264454.0
S104819,Prince Group,Canada,Sole Proprietor,Automotive,2024-03-06,1056106.0
S104820,Adams LLC,India,Sole Proprietor,Electronics,2022-08-10,8012220.0
S104821,"Copeland, Jones and Salazar",Canada,Sole Proprietor,Beauty,2024-09-12,8346907.0
S104822,Brown PLC,Canada,Private Limited,Fashion,2022-06-12,2950598.0
S104823,Moore-Parsons,INDIA,Sole Proprietor,Books,2024-06-28,278505.0
S104824,"Davis, Obrien and Barker",Singapore,LLP,Beauty,2022-10-04,6904309.0
S104825,Long LLC,Singapore,LLP,Home,2022-12-03,7180118.0
S104826,"Martin, Kennedy and Chavez",India,Private Limited,Automotive,2022-08-16,2811930.0
S104827,"Torres, Valdez and Briggs",India,Private Limited,Sports,2023-05-30,3888753.0
S104828,Roman-Young,Australia,Partnership,Books,2023-04-12,7265607.0
S104829,Wade-Clark,UK,Sole Proprietor,Automotive,2024-03-01,8980343.0
S104830,Hernandez-Moore,India,Partnership,Sports,2023-12-19,2882054.0
S104831,Brown Inc,UK,LLP,Sports,2022-12-25,5246959.0
S104832,Rodriguez Group,USA,Individual,Automotive,2025-02-15,3951721.0
S104833,Hernandez Inc,Canada,LLP,Books,2024-01-12,4552245.0
S104834,Townsend-Watts,India,Individual,Automotive,2024-05-29,4319208.0
S104835,"Allen, Olson and Ortiz",UK,LLP,Books,2025-08-28,7888718.0
S104836,"Barnett, Powers and Daniel",UK,Private Limited,Home,2023-02-08,1336876.0
S104837,Pineda-Clark,India,Private Limited,Fashion,2022-11-12,7556955.0
S104838,Douglas-Diaz,UK,Sole Proprietor,Sports,2026-04-17,8291865.0
S104839,Lee-Jones,Australia,Sole Proprietor,Automotive,2026-07-29,1473828.0
S104840,Randall LLC,Germany,Partnership,Home,2024-03-26,3510803.0
S104841,Lopez-Jimenez,USA,LLP,Automotive,2025-08-06,2841018.0
S104842,"Levy, Bowers and Huffman",Germany,Private Limited,Electronics,2023-01-28,9362845.0
S104843,Anderson-Murphy,Canada,Partnership,Automotive,2022-12-14,1270978.0
S104844,"Henderson, Edwards and Sexton",Germany,LLP,Automotive,2022-01-26,9158383.0
S104845,"Parrish, White and Booth",India,Individual,Sports,2026-05-25,6543199.0
S104846,Best Group,USA,Individual,Books,2023-11-05,3310851.0
S104847,Tucker LLC,India,Partnership,Sports,2026-06-12,3901116.0
S104848,Williams and Sons,UK,Sole Proprietor,Sports,2022-10-24,4525579.0
S104849,Hunt Group,Canada,Private Limited,Books,2023-04-16,5176843.0
S104850,Solomon-Le,India,Individual,Home,2025-12-04,1792095.0
S104851,Johnson-Smith,Canada,Individual,Automotive,2024-03-22,7441061.0
S104852,Dawson-Mcbride,Germany,Sole Proprietor,Books,2024-11-19,1173416.0
S104853,Rogers-Garcia,Singapore,Partnership,Books,2022-12-19,4728396.0
S104854,"Harris, Hernandez and Becker",UK,LLP,Automotive,2024-01-07,4439804.0
S104855,"Manning, Hill and Myers",UK,Partnership,Electronics,2024-12-24,
S104856,"Chaney, Salazar and Salazar",Singapore,Sole Proprietor,Books,2025-11-10,1156581.0
S104857,Carrillo-Simon,Germany,Sole Proprietor,Sports,2023-03-22,7605391.0
S104858,Gibson Ltd,Australia,Sole Proprietor,Electronics,2022-02-01,5427073.0
S104859,"Payne, Ryan and Campos",USA,Sole Proprietor,Electronics,2022-10-29,9053172.0
S104860,Mitchell Inc,Germany,Sole Proprietor,Sports,2025-09-15,4335853.0
S104861,Lawrence-Hanna,Singapore,Sole Proprietor,Automotive,2024-03-01,9577756.0
S104862,Wells Group,Canada,Partnership,Sports,2024-12-16,8681751.0
S104863,Sloan-Lynch,Singapore,Private Limited,Home,2025-11-15,1072082.0
S104864,Leblanc PLC,UK,LLP,Beauty,2025-03-31,2278767.0
S104865,Cole LLC,Singapore,Partnership,Electronics,2023-07-16,7589918.0
S104866,"Phelps, Montoya and Barnett",Australia,Private Limited,Books,2024-02-11,3951561.0
S104867,"King, Baker and Schmidt",India,Individual,Home,2026-02-01,9117196.0
S104868,Walker Group,Australia,Partnership,Automotive,2023-06-02,2986508.0
S104869,Sanders Group,UK,Private Limited,Fashion,2025-02-14,3848095.0
S104870,Benjamin LLC,Canada,Partnership,Fashion,2024-12-03,4000461.0
S104871,"Olsen, Payne and Butler",USA,Sole Proprietor,Home,2022-07-31,2582485.0
S104872,"Oneill, Oconnor and Wang",India,Sole Proprietor,Beauty,2022-03-03,6624943.0
S104873,Mack-Alvarado,Singapore,Private Limited,Sports,2023-03-07,2942433.0
S104874,Zhang-Lewis,Canada,Sole Proprietor,Electronics,2025-12-28,9748473.0
S104875,"Tran, Chan and Wyatt",Canada,Private Limited,Fashion,2022-10-26,2082166.0
S104876,Castro-Murphy,India,Individual,Electronics,2023-01-15,3909085.0
S104877,"Douglas, Smith and Jordan",USA,Individual,Electronics,2022-05-10,8808068.0
S104878,Lucas-Potts,Germany,Partnership,Beauty,2024-02-17,1972909.0
S104879,Garcia Ltd,India,Individual,Sports,2025-07-17,9413505.0
S104880,"Scott, Sandoval and Powers",Singapore,Partnership,Automotive,2024-03-02,2091832.0
S104881,Martin-Simmons,India,Sole Proprietor,Electronics,2023-08-29,3226779.0
S104882,"Martin, Davis and Huynh",UK,Partnership,Home,2022-07-10,4894654.0
S104883,Cuevas-Holt,India,Private Limited,Sports,2023-08-16,5407379.0
S104884,"Jones, Mcgrath and Marks",Australia,Private Limited,Automotive,2022-06-24,9942394.0
S104885,Mckay Inc,Canada,Individual,Home,2024-09-15,4686611.0
S104886,Sanford-Wilson,Germany,Sole Proprietor,Automotive,2022-10-11,3321345.0
S104887,Morgan-Mason,UK,LLP,Beauty,2025-04-20,5358180.0
S104888,"Marshall, Martinez and Contreras",Singapore,Individual,Electronics,2022-01-08,3381212.0
S104889,Floyd-Kelly,Australia,Individual,Beauty,2026-03-20,6832654.0
S104890,Gomez Group,USA,Individual,Books,2026-07-29,4729965.0
S104891,Gardner LLC,UK,Sole Proprietor,Beauty,2024-06-15,1300454.0
S104892,"Smith, Sloan and Brock",UK,Individual,Automotive,2022-04-05,7363384.0
S104893,Gay and Sons,Germany,Partnership,Beauty,2023-07-05,1593965.0
S104894,Peterson PLC,India,Individual,Automotive,2024-03-15,6273817.0
S104895,"Nichols, Mendoza and Middleton",UK,Individual,Automotive,2022-07-04,3821441.0
S104896,"Bell, Peterson and Price",UK,Individual,Home,2024-07-04,9137443.0
S104897,Garcia-Hunt,UK,Individual,Beauty,2025-06-11,9973409.0
S104898,Lewis-Lee,UK,Sole Proprietor,Beauty,2022-03-27,8821006.0
S104899,"Webb, Willis and Terry",Canada,Individual,Books,2026-05-03,9473725.0
S104900,"Perez, Sandoval and Durham",Singapore,Private Limited,Beauty,2024-05-09,9247853.0
S104901,Grant-Ellis,USA,LLP,Sports,2022-10-16,6390456.0
S104902,Day-Gonzalez,Canada,Sole Proprietor,Sports,2025-06-27,6849074.0
S104903,Johnson and Sons,USA,Partnership,Sports,2024-07-29,308815.0
S104904,Duncan Inc,Canada,Private Limited,Sports,2024-06-06,9412190.0
S104905,"Peck, Wong and Perry",Canada,Sole Proprietor,Automotive,2025-03-04,2034967.0
S104906,Montes Group,Germany,Sole Proprietor,Automotive,2025-09-14,8191900.0
S104907,Anderson Inc,INDIA,Sole Proprietor,Electronics,2024-01-16,563967.0
S104908,"Meyer, Miranda and Watkins",UK,Sole Proprietor,Beauty,2023-01-05,6140487.0
S104909,Snyder-Ferrell,Germany,Individual,Sports,2024-07-19,6375925.0
S104910,"Juarez, Wilson and Cochran",India,Sole Proprietor,Fashion,2022-09-17,423745.0
S104911,"Stewart, Collins and Short",India,Private Limited,Beauty,2025-12-07,6064744.0
S104912,Williams-Rodriguez,Germany,Sole Proprietor,Sports,2025-02-18,3183513.0
S104913,Ortega-Murillo,india,Individual,Books,2022-06-11,9332766.0
S104914,"Green, Gray and Hernandez",Singapore,Individual,Home,2025-03-16,6233138.0
S104915,Atkinson-Zavala,USA,Individual,Home,2024-08-02,6110046.0
S104916,"Cox, Jimenez and Rodgers",UK,Sole Proprietor,Books,2022-08-30,7777093.0
S104917,Johnson-Zavala,Germany,Partnership,Books,2025-12-17,1563511.0
S104918,Lopez-Davis,Australia,Private Limited,Beauty,2023-08-31,6510848.0
S104919,Velazquez PLC,Canada,Private Limited,Home,2022-06-02,1670209.0
S104920,"York, Cox and Davis",Canada,Sole Proprietor,Fashion,2023-07-29,1591860.0
S104921,Tate-Flores,Canada,Sole Proprietor,Beauty,2022-10-10,7360545.0
S104922,White and Sons,UK,Private Limited,Fashion,2022-10-16,8061589.0
S104923,"Mcbride, Hall and Hill",UK,Sole Proprietor,Sports,2022-06-02,7587652.0
S104924,"Fischer, Durham and Miller",India,LLP,Automotive,2026-02-06,6197865.0
S104925,"Dunn, Ray and Vaughn",UK,Private Limited,Electronics,2025-02-07,5865175.0
S104926,Escobar-Barrett,Australia,LLP,Books,2024-09-22,811206.0
S104927,Woodard Inc,UK,Partnership,Home,2024-11-01,2170959.0
S104928,Ellison-Fisher,India,Sole Proprietor,Fashion,2022-09-16,6210071.0
S104929,"Cook, Figueroa and Taylor",Germany,Individual,Automotive,2025-03-22,353026.0
S104930,Rush PLC,Australia,Individual,Electronics,2025-07-18,6749116.0
S104931,Rodriguez Group,USA,LLP,Beauty,2023-07-18,936527.0
S104932,Harrison LLC,Germany,Private Limited,Fashion,2022-10-06,4721550.0
S104933,Weaver-Baker,Singapore,Partnership,Fashion,2024-10-27,2783931.0
S104934,"Ayers, Jacobson and Wright",Canada,Sole Proprietor,Books,2026-01-16,4747596.0
S104935,Jackson-Wong,India,Individual,Electronics,2024-09-21,8777015.0
S104936,"Haynes, Garcia and Burnett",Australia,Sole Proprietor,Fashion,2022-11-26,4442569.0
S104937,Robinson-Erickson,Australia,Partnership,Fashion,2022-07-04,2335890.0
S104938,Rojas Ltd,Germany,Individual,Beauty,2025-01-15,6310277.0
S104939,"Allen, Russell and Maldonado",India,Partnership,Electronics,2022-05-01,5946055.0
S104940,Ray-Blair,Canada,Individual,Electronics,2022-08-26,9686177.0
S104941,Vasquez and Sons,UK,Individual,Sports,2022-12-31,7831639.0
S104942,Jordan PLC,Singapore,Individual,Home,2025-09-07,1495753.0
S104943,"Price, Bryan and Carter",UK,Private Limited,Beauty,2022-06-15,781815.0
S104944,Sullivan PLC,Australia,LLP,Fashion,2026-06-14,7441855.0
S104945,Bartlett-Roberts,India,Sole Proprietor,Fashion,2023-02-13,785683.0
S104946,Jensen Inc,India,Partnership,Electronics,2026-07-17,7267356.0
S104947,"Fisher, Wong and Jimenez",Canada,LLP,Automotive,2022-01-31,127233.0
S104948,Sullivan and Sons,Germany,LLP,Automotive,2025-08-31,1503304.0
S104949,"King, Anderson and Lopez",Canada,Sole Proprietor,Home,2023-10-02,9475010.0
S104950,"Carpenter, Coffey and Wright",Australia,LLP,Automotive,2023-08-24,3858484.0
S104951,"Williams, Bolton and Mcgee",Singapore,Private Limited,Home,2025-03-08,8806078.0
S104952,"Jones, Foster and Sanford",Germany,Partnership,Sports,2025-02-11,9664759.0
S104953,Chung-Andrews,USA,Partnership,Books,2022-09-27,4363268.0
S104954,"Clark, Rodriguez and Horton",UK,Partnership,Home,2022-08-25,6986029.0
S104955,Rodriguez-Clark,Singapore,Individual,Sports,2026-06-13,8684736.0
S104956,Thomas Ltd,USA,Partnership,Fashion,2026-07-07,5265275.0
S104957,Melton LLC,Singapore,Sole Proprietor,Electronics,2023-03-13,1236539.0
S104958,Gray-Stone,India,LLP,Books,2022-04-03,2629145.0
S104959,Ramos-Harris,UK,Sole Proprietor,Automotive,2025-06-04,6815944.0
S104960,"Thomas, Price and Lopez",USA,Private Limited,Electronics,2024-08-17,5028973.0
S104961,"Hodge, Bates and Burns",USA,LLP,Beauty,2023-06-09,8841561.0
S104962,Kim-King,Singapore,Private Limited,Books,2022-11-07,7107786.0
S104963,Ford-Brown,india,Individual,Beauty,2023-07-14,9204823.0
S104964,Goodman PLC,Germany,Individual,Automotive,2024-05-29,7562915.0
S104965,Harris-Rodriguez,USA,Sole Proprietor,Sports,2023-03-25,4267304.0
S104966,Taylor-Ramirez,UK,Sole Proprietor,Sports,2023-02-04,9229862.0
S104967,Hammond-Kennedy,UK,Private Limited,Books,2026-06-27,3872713.0
S104968,"Brown, Gibson and Turner",Germany,LLP,Beauty,2022-10-10,9112919.0
S104969,Cole Ltd,India,LLP,Books,2022-04-19,7524519.0
S104970,Franco-Stuart,Singapore,Partnership,Books,2025-12-14,890890.0
S104971,Martin-Walker,Germany,LLP,Beauty,2025-06-23,5679822.0
S104972,Smith and Sons,UK,Individual,Books,2024-03-24,2725223.0
S104973,"Tucker, Robinson and Fry",USA,Sole Proprietor,Fashion,2026-02-02,213295.0
S104974,"May, Thomas and Adams",Canada,Individual,Sports,2023-11-14,5495086.0
S104975,Boyd-Vaughn,India,Individual,Beauty,2025-07-12,5242100.0
S104976,Atkins-Black,Australia,Individual,Automotive,2025-05-13,1756522.0
S104977,Francis-Smith,USA,Individual,Electronics,2022-07-25,7812813.0
S104978,"Krueger, Rodriguez and Roach",Singapore,Sole Proprietor,Beauty,2022-07-14,370387.0
S104979,Pacheco-Todd,USA,LLP,Home,2023-08-28,7518968.0
S104980,"Velazquez, Foley and Andrews",Australia,Partnership,Electronics,2025-11-07,3022043.0
S104981,"Weeks, Burton and Madden",USA,Individual,Beauty,2026-01-08,6273492.0
S104982,Hernandez Inc,USA,LLP,Home,2023-07-03,1445156.0
S104983,Mack-Carrillo,Australia,Private Limited,Electronics,2022-06-19,2318836.0
S104984,Bradley-Smith,USA,Partnership,Books,2026-05-27,9544063.0
S104985,Lopez Ltd,UK,Individual,Electronics,2022-11-20,7057520.0
S104986,Le-Coleman,Singapore,Individual,Electronics,2023-10-17,1912166.0
S104987,"Ballard, Willis and Fuller",UK,Private Limited,Home,2026-01-13,3121787.0
S104988,"Wilkinson, Guzman and Elliott",UK,Sole Proprietor,Books,2024-06-20,5750634.0
S104989,James PLC,India,Partnership,Books,2022-03-31,8309636.0
S104990,Zamora LLC,India,Partnership,Automotive,2023-01-27,2216528.0
S104991,Hodge LLC,Germany,Sole Proprietor,Sports,2022-04-12,5986879.0
S104992,Blake-Patel,Australia,Sole Proprietor,Automotive,2024-01-20,520606.0
S104993,Perez-Bernard,USA,Individual,Electronics,2022-01-20,6637916.0
S104994,Norris Inc,UK,Sole Proprietor,Fashion,2023-09-15,254762.0
S104995,"Huang, Hall and Delacruz",USA,Sole Proprietor,Electronics,2022-01-07,4704572.0
S104996,Mcdonald PLC,INDIA,Private Limited,Electronics,2023-03-16,7237497.0
S104997,"Jones, Becker and Daugherty",India,Sole Proprietor,Sports,2025-12-01,4818275.0
S104998,Higgins-Walker,India,Individual,Sports,2023-09-07,1623623.0
S104999,Robinson Inc,USA,LLP,Sports,2025-06-16,2973638.0
S105000,Scott PLC,Canada,LLP,Books,2026-04-06,4137449.0
S105001,Martinez-Ramirez,UK,Sole Proprietor,Books,2022-10-28,816796.0
S105002,"Wu, Orozco and Davis",UK,Partnership,Electronics,2022-03-10,1045306.0
S105003,Carr Inc,Germany,Partnership,Sports,2025-03-28,268912.0
S105004,Moody-Herrera,Australia,Individual,Beauty,2025-03-15,7238586.0
S105005,"Mays, Allen and Alvarez",Singapore,Sole Proprietor,Electronics,2022-05-31,9222696.0
S105006,Weaver-Sandoval,Germany,Partnership,Beauty,2023-06-23,789687.0
S105007,"Chandler, Howe and Burns",Singapore,Private Limited,Beauty,2024-10-22,4530454.0
S105008,Flynn LLC,Australia,Private Limited,Automotive,2023-03-23,3302186.0
S105009,Davis PLC,Canada,LLP,Books,2025-04-04,6340929.0
S105010,Buckley LLC,Singapore,Private Limited,Electronics,2022-01-06,6637246.0
S105011,Simmons LLC,Germany,Partnership,Beauty,2026-04-03,2686967.0
S105012,Mullins-Hawkins,UK,LLP,Electronics,2023-03-23,2745764.0
S105013,Johnson Inc,Australia,LLP,Home,2022-01-23,1272698.0
S105014,"Armstrong, Contreras and Lee",Germany,Private Limited,Beauty,2023-10-04,4329932.0
S105015,Young Inc,USA,Partnership,Fashion,2023-08-09,1824490.0
S105016,"White, Wilcox and Gonzalez",Germany,Sole Proprietor,Books,2023-01-12,9816234.0
S105017,Murray-Stanley,IN,Private Limited,Automotive,2025-03-18,2557382.0
S105018,Montgomery Inc,USA,Private Limited,Books,2023-11-09,1648011.0
S105019,Swanson Ltd,India,Individual,Automotive,2026-06-01,586003.0
S105020,Richardson LLC,Canada,Individual,Automotive,2024-05-13,828376.0
S105021,"Reynolds, Watts and Bass",UK,Private Limited,Electronics,2025-07-28,9126706.0
S105022,Wells Inc,Canada,Partnership,Sports,2023-06-03,4126456.0
S105023,Brooks PLC,India,Private Limited,Electronics,2022-07-01,6492888.0
S105024,Cohen Group,Germany,Partnership,Fashion,2026-06-16,2333061.0
S105025,Miller and Sons,Canada,Individual,Books,2025-10-21,5662175.0
S105026,Jones Group,india,LLP,Home,2025-02-26,9386244.0
S105027,Hamilton Ltd,Singapore,Sole Proprietor,Beauty,2023-10-25,9539086.0
S105028,Adams PLC,Singapore,Private Limited,Electronics,2022-12-17,7155112.0
S105029,"Peters, Byrd and Dodson",UK,Private Limited,Beauty,2022-04-06,3924616.0
S105030,"Nolan, Stark and Joyce",Singapore,Private Limited,Beauty,2025-10-06,3056157.0
S105031,Moore-Osborn,Singapore,Individual,Automotive,2022-10-17,7726803.0
S105032,"Guerrero, Lewis and Cole",UK,LLP,Sports,2023-01-18,1354221.0
S105033,Carr Group,UK,Partnership,Beauty,2022-02-20,2165310.0
S105034,Stewart-Obrien,India,Partnership,Electronics,2022-07-06,5825594.0
S105035,"Yates, Houston and Gonzalez",Singapore,Private Limited,Fashion,2026-01-01,9289729.0
S105036,Bennett-Nichols,India,Private Limited,Fashion,2024-06-02,2872741.0
S105037,Baxter Inc,India,Sole Proprietor,Automotive,2025-09-14,2917507.0
S105038,"Martinez, Brown and Mclaughlin",India,LLP,Sports,2026-05-29,2138644.0
S105039,"Herring, Wilson and Mendoza",Canada,Sole Proprietor,Beauty,2026-01-20,121738.0
S105040,"Carpenter, Rojas and Taylor",Australia,LLP,Sports,2022-07-13,7326863.0
S105041,"White, Liu and Lindsey",India,Individual,Sports,2024-06-13,3597307.0
S105042,Odonnell PLC,Canada,LLP,Books,2025-01-31,9287553.0
S105043,"Stephens, Jones and Ryan",India,Sole Proprietor,Books,2025-03-11,7830433.0
S105044,Morgan PLC,Australia,Partnership,Fashion,2025-12-12,1630352.0
S105045,Green LLC,Germany,Sole Proprietor,Sports,2022-04-02,894630.0
S105046,"Taylor, White and Patterson",Singapore,LLP,Fashion,2024-09-07,9025441.0
S105047,Taylor and Sons,Singapore,Sole Proprietor,Home,2023-03-19,1176904.0
S105048,"Fields, Holmes and Weber",Canada,Partnership,Sports,2022-11-13,8581555.0
S105049,Henderson Ltd,Canada,Partnership,Fashion,2026-07-04,8590685.0
S105050,"Miller, Wolf and Murray",UK,LLP,Books,2022-04-20,1660184.0
S105051,"Hill, Boone and Johnson",Canada,Private Limited,Fashion,2026-01-19,8048907.0
S105052,Deleon Ltd,USA,Individual,Electronics,2022-12-30,9297598.0
S105053,"Johnson, Pacheco and Johnson",USA,Sole Proprietor,Books,2025-01-04,2188437.0
S105054,Martin-Harmon,Australia,Private Limited,Fashion,2025-09-18,2658640.0
S105055,"Willis, Miller and Lee",India,LLP,Electronics,2023-07-23,4726558.0
S105056,Gonzales PLC,Germany,LLP,Automotive,2023-03-09,2259208.0
S105057,"Watson, Cobb and Goodman",Australia,Sole Proprietor,Automotive,2022-08-13,1157950.0
S105058,"Johnson, Hernandez and Gomez",Germany,LLP,Sports,2025-05-18,3343083.0
S105059,Chambers-Norton,Australia,Individual,Automotive,2022-09-17,268871.0
S105060,"Brewer, Goodwin and Green",USA,Individual,Automotive,2023-03-02,900733.0
S105061,Gardner and Sons,UK,Private Limited,Fashion,2022-09-26,2240844.0
S105062,"Barnett, Fernandez and Mitchell",Australia,Partnership,Beauty,2024-01-06,2183929.0
S105063,"Kent, Jones and Thompson",Australia,Individual,Fashion,2024-02-03,3304164.0
S105064,Mason-Kramer,India,Private Limited,Sports,2022-07-11,7061679.0
S105065,Gray-Williams,UK,Individual,Beauty,2023-06-04,6691644.0
S105066,Mcdonald-Williams,USA,Individual,Automotive,2022-04-28,5828649.0
S105067,Smith LLC,Australia,Sole Proprietor,Fashion,2024-06-20,7715812.0
S105068,Gray Ltd,Germany,LLP,Beauty,2025-04-12,1659837.0
S105069,Davis-Ramsey,Canada,Sole Proprietor,Fashion,2022-09-28,1241814.0
S105070,Moreno-Sullivan,Australia,Individual,Automotive,2022-11-28,1554225.0
S105071,"Martinez, Gutierrez and Salinas",Germany,Individual,Beauty,2023-09-04,6393802.0
S105072,"Perez, Morris and Stanley",Singapore,Sole Proprietor,Electronics,2022-11-22,9815015.0
S105073,Collins-Jackson,Australia,Sole Proprietor,Fashion,2022-09-02,539418.0
S105074,"Bennett, Williams and Klein",UK,Private Limited,Home,2026-02-28,9130034.0
S105075,"Harrison, Russell and Allen",Singapore,LLP,Electronics,2025-06-23,6544449.0
S105076,"Chase, Grant and Montgomery",Germany,Private Limited,Fashion,2025-03-08,1411636.0
S105077,Barton Ltd,Singapore,Private Limited,Electronics,2024-05-09,8217952.0
S105078,"Lopez, Brown and Adams",India,Sole Proprietor,Electronics,2024-01-22,6859247.0
S105079,Hebert Group,Canada,LLP,Home,2024-05-05,6647744.0
S105080,Davenport-Martinez,Germany,Individual,Beauty,2023-04-24,6660243.0
S105081,"Herman, Rodgers and Green",USA,Individual,Sports,2024-11-14,6655464.0
S105082,"Green, Vincent and Thompson",UK,LLP,Electronics,2023-09-13,9801144.0
S105083,Jimenez-Galvan,UK,LLP,Books,2025-09-05,656961.0
S105084,"Lee, Robbins and Lopez",Germany,Partnership,Beauty,2023-02-07,5186672.0
S105085,"Brown, Adams and Moore",Canada,Private Limited,Automotive,2023-04-06,9571957.0
S105086,Thomas Group,Germany,LLP,Electronics,2023-09-12,6373816.0
S105087,"Gregory, Barber and Boyd",USA,Partnership,Fashion,2022-09-23,2884398.0
S105088,"Caldwell, Cross and Russell",Germany,Private Limited,Beauty,2022-08-29,1534106.0
S105089,Smith Group,UK,Private Limited,Books,2023-03-20,6944356.0
S105090,"Anderson, Bowen and Kirk",Australia,Private Limited,Home,2026-02-22,5813353.0
S105091,Lewis-Collins,Australia,Sole Proprietor,Automotive,2023-10-19,4522051.0
S105092,Miller-Marks,Australia,Private Limited,Electronics,2025-10-22,8685016.0
S105093,Carter-Hendrix,Singapore,Sole Proprietor,Automotive,2022-03-22,9005693.0
S105094,Moore-Shah,Australia,Partnership,Sports,2025-11-08,1695611.0
S105095,Todd-Cline,Australia,Sole Proprietor,Beauty,2022-10-30,4078244.0
S105096,Lopez and Sons,Australia,LLP,Home,2025-12-27,1469946.0
S105097,"Lowe, Morgan and Vega",Australia,Sole Proprietor,Sports,2025-10-30,6429809.0
S105098,Lee-Grimes,UK,Private Limited,Fashion,2025-02-20,5734715.0
S105099,"Johnson, Miller and Bennett",Singapore,Private Limited,Fashion,2026-01-14,4776703.0
S105100,Conner-Roy,Germany,Private Limited,Books,2025-09-27,1016421.0
S105101,"Johnston, Briggs and Wagner",UK,Sole Proprietor,Fashion,2023-04-06,4169185.0
S105102,Ingram Ltd,UK,Private Limited,Home,2022-03-13,4091390.0
S105103,Richardson PLC,India,Individual,Automotive,2024-01-20,8925180.0
S105104,"Mason, White and Haas",Germany,Partnership,Electronics,2024-02-05,4530794.0
S105105,Swanson-Anderson,UK,Partnership,Home,2026-01-30,6599897.0
S105106,"Decker, Brown and Watts",Australia,Sole Proprietor,Automotive,2023-07-05,8428197.0
S105107,Roberts Ltd,UK,Partnership,Beauty,2025-04-16,4550507.0
S105108,Kaiser LLC,Australia,LLP,Fashion,2024-01-09,4075343.0
S105109,Harris and Sons,Germany,LLP,Sports,2024-08-25,4594184.0
S105110,Booker LLC,Germany,Partnership,Automotive,2025-05-02,8485412.0
S105111,Poole LLC,Germany,Individual,Beauty,2023-03-04,4753613.0
S105112,"Edwards, Fletcher and Foster",USA,Individual,Fashion,2023-12-04,4840745.0
S105113,Roman Inc,UK,Individual,Sports,2025-11-29,182864.0
S105114,Davis PLC,IN,LLP,Home,2025-06-20,5189691.0
S105115,Fox-Griffith,Canada,Individual,Home,2023-12-01,3159904.0
S105116,Stephens PLC,Singapore,Partnership,Sports,2022-10-20,5470659.0
S105117,Allen Inc,Singapore,LLP,Sports,2024-02-20,6711811.0
S105118,"Shelton, Vasquez and Taylor",UK,Partnership,Fashion,2022-08-20,4068631.0
S105119,"Morris, Perez and Khan",India,Partnership,Home,2023-07-20,2343594.0
S105120,Cummings Inc,USA,LLP,Home,2026-01-09,9923413.0
S105121,"Juarez, Crawford and Nixon",India,LLP,Fashion,2024-02-28,2105876.0
S105122,Davis-Yu,Singapore,LLP,Electronics,2025-09-29,4492135.0
S105123,Maxwell-Cortez,Australia,Sole Proprietor,Sports,2023-02-05,4207601.0
S105124,"Snow, Smith and Lopez",Singapore,Private Limited,Beauty,2026-07-31,2001927.0
S105125,Osborn Inc,UK,LLP,Books,2023-03-14,986781.0
S105126,"Rodriguez, Osborne and Rodriguez",Germany,Sole Proprietor,Beauty,2023-03-27,7732249.0
S105127,Monroe PLC,india,Individual,Automotive,2022-02-07,553109.0
S105128,Sanchez Group,INDIA,Individual,Beauty,2024-12-23,6027182.0
S105129,Kennedy-Warner,USA,Private Limited,Electronics,2022-06-12,6230060.0
S105130,Daniel-Morrow,Australia,Sole Proprietor,Beauty,2022-07-09,9394597.0
S105131,"Wilson, Hardy and Perry",UK,LLP,Fashion,2023-03-05,6135903.0
S105132,Khan Ltd,Singapore,LLP,Automotive,2022-12-27,7313621.0
S105133,Myers PLC,Canada,Partnership,Books,2023-07-01,8405981.0
S105134,Anderson-Brown,India,Individual,Beauty,2023-02-02,2794763.0
S105135,Munoz-Stokes,Singapore,Individual,Automotive,2024-12-19,6944129.0
S105136,"Fowler, Andrews and Rodriguez",Singapore,LLP,Automotive,2022-10-30,3784010.0
S105137,Perez-Sanders,Germany,Partnership,Beauty,2022-09-28,9735565.0
S105138,Cooper-Johnson,Germany,Partnership,Automotive,2023-10-26,6873925.0
S105139,Avila Group,USA,Private Limited,Beauty,2022-01-07,1920242.0
S105140,Jackson Ltd,INDIA,Individual,Automotive,2022-04-06,6041310.0
S105141,David PLC,Singapore,Private Limited,Home,2024-06-18,9059531.0
S105142,"Wagner, Jones and Hayes",India,Individual,Books,2023-10-29,8759790.0
S105143,Morgan-Jones,Australia,Individual,Electronics,2022-02-21,2599852.0
S105144,Peck-Dominguez,Germany,Private Limited,Automotive,2022-09-20,1152474.0
S105145,"Carter, Stone and Russell",UK,Private Limited,Books,2024-08-06,3319335.0
S105146,"Williams, Richardson and Smith",India,Partnership,Electronics,2025-05-22,5102021.0
S105147,Young-Walls,USA,Sole Proprietor,Automotive,2026-06-10,2120608.0
S105148,Graham-Gibbs,Singapore,Private Limited,Home,2024-03-26,8926600.0
S105149,Stone Inc,india,Individual,Beauty,2022-12-03,638583.0
S105150,Francis Group,USA,Individual,Fashion,2024-02-14,5852621.0
S105151,Mcmillan and Sons,UK,Private Limited,Sports,2026-05-08,6605955.0
S105152,Meyer and Sons,USA,Individual,Sports,2025-08-13,3178733.0
S105153,Myers-Wilkerson,Canada,Partnership,Home,2023-05-20,5820848.0
S105154,Meyers Inc,USA,LLP,Sports,2023-12-23,3627047.0
S105155,Moore-Bryant,USA,Private Limited,Fashion,2022-11-05,7477171.0
S105156,Bentley-Lewis,USA,Sole Proprietor,Fashion,2024-12-05,2974375.0
S105157,Saunders LLC,India,LLP,Books,2024-08-28,3775540.0
S105158,Kelly-Roth,Singapore,LLP,Fashion,2022-09-22,3852340.0
S105159,"Pierce, Graham and Rodriguez",Germany,Partnership,Electronics,2024-11-04,5922160.0
S105160,"Boone, Coleman and Hoffman",India,Partnership,Beauty,2022-07-07,871327.0
S105161,Howell PLC,Canada,Partnership,Electronics,2024-11-13,3194680.0
S105162,Roberts-Mccarty,Germany,Sole Proprietor,Beauty,2026-06-02,2076573.0
S105163,Allen PLC,Singapore,Sole Proprietor,Home,2022-11-21,3403820.0
S105164,Leon Group,Germany,Individual,Electronics,2022-01-29,8294193.0
S105165,Cooper and Sons,India,Private Limited,Beauty,2022-07-24,5992838.0
S105166,Roy-Durham,Australia,Sole Proprietor,Fashion,2025-02-17,9448943.0
S105167,"English, Taylor and Williams",Australia,Private Limited,Automotive,2022-07-03,8321085.0
S105168,Brewer PLC,Australia,Partnership,Automotive,2026-04-10,4447952.0
S105169,"Martinez, Garcia and Wood",Canada,LLP,Home,2024-04-04,8077501.0
S105170,"Benson, Obrien and Williams",USA,LLP,Beauty,2026-03-24,4456629.0
S105171,Kaiser-Carpenter,USA,Private Limited,Fashion,2023-03-20,2612992.0
S105172,Pratt LLC,USA,Private Limited,Automotive,2024-11-07,333322.0
S105173,"White, Smith and Cowan",Australia,Individual,Home,2025-05-29,4949566.0
S105174,Aguilar-Martin,UK,Private Limited,Books,2025-02-21,9547137.0
S105175,"Mccarthy, Hanson and Garrett",USA,Private Limited,Fashion,2026-02-12,5984754.0
S105176,"Armstrong, Bennett and Deleon",Germany,Individual,Beauty,2023-01-10,5712878.0
S105177,Greer-May,USA,LLP,Automotive,2022-04-11,6586593.0
S105178,"Reese, Lowe and Juarez",USA,Partnership,Home,2026-06-24,4154413.0
S105179,Davis-Boyd,India,Individual,Sports,2022-04-24,4605954.0
S105180,Nichols LLC,Germany,Partnership,Books,2022-08-03,4014703.0
S105181,"Cruz, Crane and Wright",India,Partnership,Automotive,2023-10-08,3893914.0
S105182,Cunningham-Phillips,Singapore,Sole Proprietor,Books,2026-05-01,2097234.0
S105183,"Clay, Hudson and Sparks",Australia,Sole Proprietor,Books,2022-11-01,277365.0
S105184,Ashley and Sons,Australia,Individual,Fashion,2026-05-06,6515381.0
S105185,Lopez and Sons,USA,Partnership,Automotive,2022-04-28,8584871.0
S105186,Deleon-Parsons,Singapore,LLP,Automotive,2024-03-28,3895985.0
S105187,Powell-Castro,Canada,Partnership,Automotive,2024-01-19,6527956.0
S105188,Russell Ltd,India,LLP,Automotive,2023-07-21,8038369.0
S105189,Branch Group,India,LLP,Books,2023-05-30,9590816.0
S105190,Sanders Inc,India,Private Limited,Automotive,2025-09-13,1178985.0
S105191,Gallagher-Compton,UK,Individual,Beauty,2026-01-15,4540726.0
S105192,May and Sons,India,Individual,Sports,2026-04-19,5791514.0
S105193,"Lewis, Hoffman and Vang",UK,Partnership,Books,2022-02-04,9605890.0
S105194,Meyer and Sons,Australia,Individual,Sports,2026-01-16,6357818.0
S105195,Santiago-Morrison,Canada,Private Limited,Sports,2023-10-20,7614163.0
S105196,Santos-Roach,Canada,Partnership,Books,2026-07-07,3151482.0
S105197,"Taylor, Prince and Sherman",India,Partnership,Home,2022-01-02,2349952.0
S105198,Clayton-Merritt,India,LLP,Fashion,2024-06-09,2705761.0
S105199,Clay-Wilson,Australia,Individual,Electronics,2025-06-29,8373687.0
S105200,Barrera PLC,India,Private Limited,Automotive,2025-09-17,1556684.0
S105201,"Hamilton, Johnson and Ballard",USA,LLP,Electronics,2023-02-18,9639414.0
S105202,Sullivan LLC,USA,Partnership,Sports,2024-04-06,7813781.0
S105203,"Rhodes, Hamilton and Adams",Canada,Sole Proprietor,Automotive,2024-07-18,6861271.0
S105204,"Reyes, Gray and Russell",India,Sole Proprietor,Sports,2024-08-29,3667493.0
S105205,Mclean and Sons,India,Private Limited,Beauty,2024-10-01,8168037.0
S105206,Hoffman Group,USA,Individual,Home,2025-05-17,3160064.0
S105207,Powers Ltd,USA,Partnership,Automotive,2024-03-08,525103.0
S105208,Miranda PLC,Germany,LLP,Automotive,2025-03-27,8948935.0
S105209,Duncan-Hooper,Canada,Sole Proprietor,Beauty,2025-08-21,9188492.0
S105210,King and Sons,Germany,LLP,Fashion,2025-07-29,3539742.0
S105211,Ross-Hernandez,Australia,Sole Proprietor,Automotive,2025-11-20,5230257.0
S105212,"Hogan, Collins and Hicks",USA,Individual,Sports,2022-07-07,6462776.0
S105213,"Nolan, Bond and Wall",UK,LLP,Fashion,2022-03-05,8648225.0
S105214,Mendoza and Sons,Australia,Sole Proprietor,Automotive,2023-11-17,3098235.0
S105215,Smith PLC,USA,Individual,Fashion,2022-04-04,2709852.0
S105216,Burke-Solomon,India,Sole Proprietor,Electronics,2023-12-22,444582.0
S105217,Brown-Brown,Singapore,LLP,Beauty,2026-07-12,
S105218,Gordon-Jones,UK,LLP,Sports,2025-08-03,7702001.0
S105219,"Lee, Salazar and Colon",Singapore,LLP,Beauty,2022-01-15,887882.0
S105220,Williams Inc,India,Private Limited,Beauty,2025-02-23,7839111.0
S105221,Rose-Salazar,Germany,LLP,Books,2025-01-20,7352424.0
S105222,Miller-Soto,Germany,Partnership,Books,2025-03-18,7563274.0
S105223,Hodge LLC,Canada,Partnership,Books,2022-07-02,7092900.0
S105224,Chavez and Sons,Singapore,Private Limited,Beauty,2023-12-13,7207670.0
S105225,"Boyd, Wiggins and Avery",Australia,Individual,Books,2023-11-09,604088.0
S105226,"Jenkins, Thomas and Blair",India,Partnership,Fashion,2023-12-24,5330372.0
S105227,Walsh LLC,Australia,Private Limited,Beauty,2023-02-12,681411.0
S105228,Huang Group,Canada,Partnership,Books,2025-03-03,7207573.0
S105229,George-Myers,Canada,Private Limited,Beauty,2024-06-22,1376711.0
S105230,Klein Group,India,Sole Proprietor,Automotive,2024-01-04,2354404.0
S105231,Barber Group,Canada,Partnership,Fashion,2023-10-20,3504238.0
S105232,"Anderson, Taylor and Smith",India,LLP,Sports,2024-08-12,183496.0
S105233,Reese Group,USA,LLP,Books,2022-08-14,2759721.0
S105234,"Garrett, Wells and Cruz",Canada,Private Limited,Beauty,2024-04-26,3512315.0
S105235,Hendrix PLC,Germany,LLP,Fashion,2022-06-10,5318273.0
S105236,"Randolph, Jones and Strickland",Canada,LLP,Sports,2025-06-25,9438380.0
S105237,Sanders PLC,Singapore,Sole Proprietor,Home,2023-11-18,6651346.0
S105238,"Ferguson, Jones and Lee",UK,LLP,Beauty,2025-09-08,7341789.0
S105239,Chavez Inc,USA,LLP,Books,2026-03-24,4441020.0
S105240,Best LLC,Singapore,LLP,Automotive,2023-03-30,5207174.0
S105241,Espinoza-Jackson,Australia,LLP,Home,2022-05-30,5172965.0
S105242,Moon-Morales,Canada,Individual,Beauty,2025-03-12,9933261.0
S105243,Stephens-Miller,USA,Sole Proprietor,Fashion,2025-12-16,4386552.0
S105244,Harris and Sons,UK,Sole Proprietor,Beauty,2023-08-07,3848612.0
S105245,"Garcia, Morrison and Smith",Canada,LLP,Beauty,2023-06-25,338168.0
S105246,Robinson Group,Canada,Sole Proprietor,Fashion,2022-10-27,3816967.0
S105247,Bryan Ltd,India,Sole Proprietor,Books,2024-10-22,7098582.0
S105248,Anderson-Simpson,USA,Sole Proprietor,Automotive,2024-09-03,3716262.0
S105249,"Bray, Bennett and Lee",Canada,Sole Proprietor,Automotive,2026-04-28,8814165.0
S105250,Jones-Contreras,Canada,LLP,Electronics,2023-05-26,2695655.0
S105251,Parker-Watkins,India,Individual,Home,2025-03-15,7524972.0
S105252,"Ali, Lin and Morris",USA,Individual,Automotive,2022-12-21,1981787.0
S105253,Lin LLC,Singapore,Partnership,Home,2022-03-30,8085115.0
S105254,"Williams, Roth and Reynolds",UK,LLP,Home,2024-11-28,5884237.0
S105255,Cooley-Young,USA,LLP,Automotive,2025-12-24,6975610.0
S105256,Fleming Inc,UK,LLP,Beauty,2026-06-28,9874823.0
S105257,Ruiz-Rodriguez,USA,Private Limited,Electronics,2023-05-16,220467.0
S105258,Stein Ltd,India,LLP,Books,2025-03-06,7311804.0
S105259,Contreras-Jackson,Singapore,LLP,Beauty,2022-05-12,2539431.0
S105260,Jones and Sons,Australia,Sole Proprietor,Fashion,2025-03-06,966164.0
S105261,"Davis, Vasquez and Hoover",Singapore,Individual,Fashion,2026-02-18,6018855.0
S105262,"Wilcox, Garcia and Lee",India,Private Limited,Home,2022-08-24,3473225.0
S105263,"Arias, Barnes and Armstrong",Australia,Partnership,Books,2024-03-16,6026699.0
S105264,Navarro-Henry,Canada,Sole Proprietor,Beauty,2023-01-25,5599355.0
S105265,"Mcdaniel, Kim and Chang",Canada,LLP,Automotive,2025-10-19,7957996.0
S105266,Baxter PLC,India,Sole Proprietor,Beauty,2026-07-10,1373408.0
S105267,Mcdowell PLC,Canada,Sole Proprietor,Fashion,2022-05-21,4430387.0
S105268,Stephens LLC,Australia,LLP,Sports,2023-09-04,3223453.0
S105269,Johnson-Perez,UK,LLP,Beauty,2024-03-05,3762584.0
S105270,Moyer-Johnson,India,Individual,Fashion,2025-01-15,9289717.0
S105271,"Chapman, Ball and Patterson",UK,Individual,Fashion,2023-08-31,3129746.0
S105272,"Ho, Wilson and Mendoza",USA,Partnership,Fashion,2025-10-05,2327202.0
S105273,Powell Group,India,Private Limited,Fashion,2023-09-27,7725900.0
S105274,Mccullough PLC,UK,Private Limited,Books,2024-04-12,3538189.0
S105275,Dalton Inc,Australia,Individual,Electronics,2023-09-09,3942158.0
S105276,Duran-Bennett,Australia,Partnership,Automotive,2025-04-01,7024040.0
S105277,Miller and Sons,Canada,Partnership,Home,2025-01-11,520104.0
S105278,Walker LLC,India,Sole Proprietor,Home,2025-08-26,5314565.0
S105279,Craig-Miller,Australia,Private Limited,Sports,2023-07-29,6449318.0
S105280,Shelton-Keller,Singapore,Sole Proprietor,Electronics,2022-11-10,1554422.0
S105281,Waters PLC,Australia,Partnership,Beauty,2023-08-09,1130642.0
S105282,Giles-Mcdaniel,Germany,LLP,Fashion,2022-03-18,5118364.0
S105283,Hudson-Oconnor,USA,LLP,Electronics,2022-11-14,3881595.0
S105284,"Curtis, Giles and Jones",Canada,LLP,Electronics,2022-12-01,2767691.0
S105285,"Taylor, Bradley and Novak",Singapore,Sole Proprietor,Sports,2023-07-29,7132070.0
S105286,"Friedman, Grant and Ferguson",Germany,LLP,Fashion,2024-07-07,5700131.0
S105287,"Adams, Jordan and Lynch",Australia,Private Limited,Fashion,2023-02-16,2289365.0
S105288,Logan-Parrish,Canada,Private Limited,Sports,2026-06-13,3972062.0
S105289,Martinez Inc,India,Private Limited,Electronics,2022-10-03,5589653.0
S105290,Yates-Bean,Germany,Sole Proprietor,Electronics,2023-03-18,3479450.0
S105291,"Blair, Bates and Daniels",India,Private Limited,Electronics,2023-03-26,3359617.0
S105292,"George, Holt and Romero",UK,Partnership,Beauty,2024-06-22,1186166.0
S105293,Wong-Evans,Australia,Individual,Automotive,2024-05-26,7705347.0
S105294,"Morgan, Moss and Hunt",UK,Individual,Beauty,2024-05-24,2432271.0
S105295,"Jones, Miller and Reed",Singapore,Partnership,Sports,2025-06-03,5877959.0
S105296,"Gardner, Ellis and Patrick",Singapore,LLP,Fashion,2026-03-13,1000689.0
S105297,Dominguez Group,USA,LLP,Automotive,2024-01-29,3583439.0
S105298,Kelly and Sons,India,Individual,Fashion,2023-04-18,9809662.0
S105299,Woodard Group,Canada,LLP,Home,2024-09-25,2912651.0
S105300,Myers-Gonzalez,USA,Individual,Fashion,2023-07-09,2261404.0
S105301,"Lopez, Peck and Hayes",India,Private Limited,Sports,2023-08-30,7741559.0
S105302,Deleon-Stuart,India,Sole Proprietor,Home,2026-02-27,324903.0
S105303,Ball Ltd,India,Partnership,Automotive,2022-11-30,2791507.0
S105304,Simpson-Patel,Australia,Private Limited,Books,2022-04-17,6312932.0
S105305,Weaver-Vincent,India,Partnership,Home,2026-01-19,6988840.0
S105306,"Herman, Wagner and Higgins",Singapore,LLP,Automotive,2025-01-24,7810635.0
S105307,Hood and Sons,Australia,Individual,Home,2024-09-02,8357947.0
S105308,Black-Gonzalez,UK,LLP,Beauty,2022-08-05,3118162.0
S105309,"Johnson, Schneider and Flores",UK,Individual,Beauty,2024-01-07,9136942.0
S105310,"Smith, Schneider and Fleming",USA,Sole Proprietor,Home,2024-06-21,2635136.0
S105311,Wood Ltd,Singapore,Partnership,Automotive,2022-10-31,5745502.0
S105312,Ware-Alvarado,Canada,Individual,Fashion,2022-11-15,5362637.0
S105313,Campos-Price,Canada,Individual,Home,2025-04-12,5808647.0
S105314,"Harvey, Jennings and Carroll",Germany,Partnership,Home,2024-12-29,4776937.0
S105315,Nunez and Sons,Australia,LLP,Sports,2026-01-24,2523513.0
S105316,Yoder-Thompson,USA,Partnership,Fashion,2025-07-08,3197850.0
S105317,"Cooper, Brooks and King",Germany,Sole Proprietor,Home,2022-06-06,3175710.0
S105318,"Long, Watkins and Gonzalez",India,Private Limited,Electronics,2022-06-26,840983.0
S105319,Serrano-Carr,India,Sole Proprietor,Beauty,2024-11-17,754032.0
S105320,Little Ltd,USA,LLP,Automotive,2025-02-06,7028124.0
S105321,Sutton Ltd,Singapore,Sole Proprietor,Electronics,2025-10-03,1290405.0
S105322,"Bradford, Clarke and Greer",Germany,Individual,Home,2024-09-19,4938009.0
S105323,Cline and Sons,Australia,Individual,Home,2025-07-12,3833854.0
S105324,"Horne, Bradshaw and Michael",Canada,Private Limited,Books,2022-08-01,9910925.0
S105325,Sullivan-Green,Canada,Sole Proprietor,Books,2025-11-23,6005234.0
S105326,"Becker, Murphy and Patel",USA,Sole Proprietor,Books,2026-02-14,1885292.0
S105327,Bowen-Randolph,Germany,Individual,Fashion,2022-12-26,2434125.0
S105328,Sloan LLC,Germany,Partnership,Automotive,2023-06-06,4240501.0
S105329,Jackson-Johnston,USA,Sole Proprietor,Beauty,2023-01-08,2793909.0
S105330,Shah-Walker,India,LLP,Home,2023-08-16,2560769.0
S105331,"Walker, Moreno and Harrington",USA,Individual,Beauty,2022-12-27,6373067.0
S105332,Garcia-Dalton,Australia,LLP,Automotive,2026-07-19,4423368.0
S105333,"Rodriguez, Page and Wood",Canada,Partnership,Home,2023-01-29,3326568.0
S105334,Lynn Group,Australia,Individual,Automotive,2025-01-10,3329979.0
S105335,"Baker, Hughes and Horn",USA,LLP,Books,2023-09-11,7479263.0
S105336,Smith-Flores,Singapore,Individual,Books,2024-10-25,8750075.0
S105337,Mejia-Mitchell,Germany,Sole Proprietor,Sports,2025-04-03,5596440.0
S105338,Walker-Lee,India,LLP,Beauty,2022-02-12,2838542.0
S105339,"Hanson, Rich and English",India,LLP,Sports,2025-10-31,6383787.0
S105340,"Jones, Collier and Sloan",Singapore,Sole Proprietor,Automotive,2023-12-17,1247414.0
S105341,"Washington, Williams and Boyd",Canada,LLP,Fashion,2026-06-02,7569465.0
S105342,"Cook, Young and Leon",Germany,LLP,Sports,2025-12-08,3097737.0
S105343,Roberson and Sons,Germany,Partnership,Automotive,2025-09-09,3559845.0
S105344,Parker-Nguyen,USA,Sole Proprietor,Automotive,2023-10-11,6997694.0
S105345,Rodriguez-Carey,USA,LLP,Fashion,2024-07-15,8405190.0
S105346,Rodriguez Ltd,Germany,LLP,Home,2022-12-16,2734656.0
S105347,Diaz and Sons,UK,Sole Proprietor,Fashion,2022-02-05,7068930.0
S105348,Alvarez-Singleton,India,Partnership,Books,2025-01-16,1454503.0
S105349,"Davis, Lindsey and West",USA,Sole Proprietor,Fashion,2022-02-26,6238870.0
S105350,Williams-Moyer,Canada,Private Limited,Fashion,2025-04-28,4845558.0
S105351,Cisneros-Hernandez,India,Individual,Books,2026-04-24,6937260.0
S105352,"Lang, Campbell and Carrillo",USA,Individual,Fashion,2025-04-26,5380895.0
S105353,Johnson LLC,UK,Sole Proprietor,Beauty,2023-04-22,7363048.0
S105354,Bryant PLC,USA,Partnership,Automotive,2026-01-14,2636532.0
S105355,"Gould, Martinez and Vargas",Australia,Partnership,Fashion,2025-06-28,5027111.0
S105356,Hoffman-Jacobs,Australia,Private Limited,Electronics,2024-06-02,6374728.0
S105357,Todd Inc,India,LLP,Automotive,2023-06-15,8679731.0
S105358,Ward-Young,India,Sole Proprietor,Books,2022-07-18,3313701.0
S105359,"Rose, Gates and Bailey",USA,Individual,Fashion,2025-09-02,9081339.0
S105360,Wu LLC,Singapore,Individual,Electronics,2023-07-13,9678387.0
S105361,"Lamb, Pacheco and Patterson",Canada,Private Limited,Automotive,2022-11-18,1127639.0
S105362,Sosa PLC,Singapore,Individual,Fashion,2022-11-07,1633118.0
S105363,"Perry, Webster and Ryan",Singapore,Private Limited,Home,2022-06-06,6293023.0
S105364,Evans-Jackson,Australia,LLP,Sports,2025-09-19,1939999.0
S105365,Mccarthy-Dixon,Australia,LLP,Sports,2022-11-11,7355474.0
S105366,"Barry, Ramirez and Chen",Canada,Partnership,Sports,2024-10-19,6785438.0
S105367,"Chapman, Oconnell and Hogan",UK,Individual,Electronics,2026-04-13,9828585.0
S105368,Cobb-Skinner,India,Sole Proprietor,Books,2023-06-21,9382695.0
S105369,Thompson-Anderson,Canada,Individual,Beauty,2023-09-26,5177028.0
S105370,"Lozano, Ponce and Burnett",Singapore,Private Limited,Home,2025-10-11,66106.0
S105371,Duke-Johnson,India,Partnership,Fashion,2025-03-13,8480150.0
S105372,Khan Inc,Germany,Partnership,Automotive,2024-12-10,8110471.0
S105373,Solis LLC,USA,LLP,Sports,2023-11-02,6554808.0
S105374,"Hall, Holland and Hall",Australia,Partnership,Books,2024-03-28,5264228.0
S105375,Anderson Inc,Singapore,Individual,Sports,2024-06-10,2219313.0
S105376,Oneill-Jones,USA,LLP,Automotive,2023-01-05,1925576.0
S105377,Nguyen Group,Canada,Private Limited,Automotive,2024-06-12,2479853.0
S105378,Boyd Ltd,USA,Individual,Fashion,2023-01-10,337020.0
S105379,"Simmons, Rojas and Fleming",UK,Individual,Electronics,2023-08-06,2786282.0
S105380,Turner-Rosales,Canada,LLP,Sports,2023-03-21,
S105381,"Jensen, Cruz and Harvey",UK,Partnership,Sports,2025-03-09,1927649.0
S105382,"Henry, Porter and Jefferson",India,Partnership,Home,2025-06-13,7541253.0
S105383,Henderson Ltd,USA,Partnership,Sports,2025-06-02,4708782.0
S105384,Ball-Carter,Canada,Sole Proprietor,Electronics,2025-08-27,2749179.0
S105385,Hernandez-Smith,Canada,Private Limited,Electronics,2026-02-15,9269965.0
S105386,Singleton-Mercer,India,Individual,Fashion,2024-06-03,7134151.0
S105387,"Jackson, Wood and Clark",Germany,Individual,Automotive,2025-11-10,2870107.0
S105388,Fox and Sons,Australia,Individual,Electronics,2022-01-12,5885711.0
S105389,"Daniels, Velasquez and Mclaughlin",USA,Private Limited,Sports,2023-11-21,3294575.0
S105390,Huff and Sons,Canada,Partnership,Fashion,2022-07-17,114572.0
S105391,Obrien Ltd,UK,Individual,Books,2026-07-17,3060846.0
S105392,Sims PLC,UK,Private Limited,Sports,2023-04-27,9274672.0
S105393,Brown Ltd,Australia,Individual,Books,2025-02-06,2765204.0
S105394,Mcclure PLC,Germany,Sole Proprietor,Fashion,2025-09-13,9521665.0
S105395,Perry Group,Singapore,Sole Proprietor,Electronics,2022-05-03,7618233.0
S105396,Harris PLC,Germany,Sole Proprietor,Automotive,2024-06-04,2801699.0
S105397,Cooper-Patel,Singapore,Partnership,Home,2024-06-12,4144741.0
S105398,Powell-Mccarthy,Singapore,Private Limited,Fashion,2025-02-12,3519681.0
S105399,"Bryant, Buchanan and Yoder",Singapore,Sole Proprietor,Sports,2024-02-29,3469979.0
S105400,Marshall-Green,USA,Partnership,Beauty,2026-03-10,1447572.0
S105401,Hart-Baker,Canada,LLP,Automotive,2022-08-22,9148804.0
S105402,Gray PLC,Singapore,Partnership,Fashion,2024-03-25,7681549.0
S105403,Nguyen PLC,India,Private Limited,Beauty,2025-02-04,5162064.0
S105404,Dixon Ltd,Singapore,Individual,Electronics,2022-06-02,3235522.0
S105405,"Chavez, Yoder and Spencer",USA,Sole Proprietor,Home,2022-11-18,3424318.0
S105406,"Garcia, Brown and Melton",USA,Sole Proprietor,Fashion,2022-07-23,9119163.0
S105407,"Gonzales, Martinez and Harrison",Singapore,Sole Proprietor,Automotive,2023-04-04,5910744.0
S105408,Bryant and Sons,USA,Partnership,Automotive,2025-05-13,1112009.0
S105409,Ramos Ltd,Canada,Partnership,Books,2025-12-21,381934.0
S105410,"Robinson, Cunningham and Aguilar",Germany,Partnership,Beauty,2024-02-29,1643364.0
S105411,Frye Inc,Australia,Individual,Beauty,2026-03-28,6261496.0
S105412,White-Moore,INDIA,Sole Proprietor,Fashion,2022-01-13,9079938.0
S105413,"Browning, Lewis and Jenkins",Canada,Individual,Home,2025-09-01,4519467.0
S105414,Moses Ltd,USA,Individual,Sports,2022-09-18,7886451.0
S105415,Lloyd-Sandoval,Canada,Partnership,Beauty,2022-08-28,7778329.0
S105416,"Jones, Turner and Tran",Canada,Individual,Books,2025-04-30,7079640.0
S105417,Young and Sons,Canada,Sole Proprietor,Automotive,2023-05-21,9126772.0
S105418,Valdez-Park,Australia,LLP,Books,2025-09-15,8396305.0
S105419,Clarke PLC,USA,Individual,Automotive,2026-02-07,2577911.0
S105420,Flores LLC,Australia,Partnership,Beauty,2024-01-25,6748366.0
S105421,Butler-Burns,Canada,Partnership,Home,2022-12-16,5987488.0
S105422,"Ford, Manning and Snyder",Canada,Individual,Fashion,2023-10-25,7569839.0
S105423,Morton LLC,USA,LLP,Sports,2024-11-04,9537589.0
S105424,Mcmahon PLC,USA,LLP,Books,2023-04-03,4627306.0
S105425,Green-King,Australia,Partnership,Automotive,2025-07-27,201539.0
S105426,Carr-Hardy,Singapore,Partnership,Automotive,2023-09-03,2340151.0
S105427,Barry PLC,Canada,Sole Proprietor,Electronics,2024-06-30,4548258.0
S105428,"Gonzales, Lopez and Thompson",Australia,Partnership,Fashion,2026-04-16,6962309.0
S105429,Martin LLC,Germany,Sole Proprietor,Books,2022-05-09,7396285.0
S105430,Estrada PLC,Canada,Sole Proprietor,Beauty,2024-09-19,412281.0
S105431,Wolf-Lozano,Canada,Individual,Sports,2026-05-21,7721957.0
S105432,"Rodriguez, Henry and Woodard",UK,Partnership,Books,2025-02-19,5954629.0
S105433,Taylor-Bean,Australia,Sole Proprietor,Home,2025-03-15,4818531.0
S105434,"Sanchez, Hernandez and Burnett",INDIA,LLP,Electronics,2024-11-08,3297083.0
S105435,Taylor LLC,Singapore,Sole Proprietor,Home,2024-10-29,5121231.0
S105436,Daniel-Barber,India,Partnership,Beauty,2023-05-12,4898200.0
S105437,Kelley and Sons,Singapore,Partnership,Sports,2025-07-14,5810669.0
S105438,Ware LLC,USA,Partnership,Automotive,2025-04-05,9049882.0
S105439,"Burns, Cochran and Parks",Singapore,Sole Proprietor,Electronics,2024-02-19,4965175.0
S105440,Stone-Hunter,Singapore,Sole Proprietor,Sports,2022-02-27,4499671.0
S105441,"Gonzales, Sutton and Steele",UK,LLP,Electronics,2026-06-11,2846179.0
S105442,"Bush, Watson and Robertson",Australia,Sole Proprietor,Home,2024-03-18,216308.0
S105443,Young PLC,UK,Private Limited,Electronics,2022-03-06,2801906.0
S105444,Glass-Lindsey,Germany,Private Limited,Beauty,2022-03-22,6705649.0
S105445,Harris LLC,Germany,LLP,Sports,2025-05-17,1076875.0
S105446,Young-Hughes,India,Sole Proprietor,Fashion,2023-07-09,9019792.0
S105447,Briggs PLC,Singapore,LLP,Books,2024-12-01,1801116.0
S105448,Rodriguez-Jones,Singapore,Private Limited,Electronics,2025-02-13,9103387.0
S105449,Finley Ltd,Canada,Sole Proprietor,Fashion,2025-09-25,740365.0
S105450,"Roach, Dillon and Johnson",UK,Partnership,Books,2025-09-27,9124076.0
S105451,Day and Sons,Canada,Private Limited,Sports,2025-05-03,7997817.0
S105452,"Mcmahon, Curry and Beck",UK,Individual,Sports,2023-12-13,7029221.0
S105453,Turner Group,Singapore,Private Limited,Electronics,2022-11-02,7550727.0
S105454,Valdez-Moss,Singapore,LLP,Electronics,2022-04-07,60601.0
S105455,Brown and Sons,USA,Individual,Automotive,2023-12-08,6599444.0
S105456,Ray Group,Singapore,Partnership,Electronics,2025-04-27,6020859.0
S105457,Clark PLC,Australia,Private Limited,Electronics,2024-01-03,6549536.0
S105458,Davis-Ponce,UK,Individual,Sports,2023-06-19,9534718.0
S105459,Sanders Ltd,USA,Partnership,Sports,2025-09-23,4985684.0
S105460,Dennis Inc,Germany,Partnership,Sports,2022-04-17,8483128.0
S105461,Moore Ltd,Singapore,Partnership,Automotive,2022-02-09,2034998.0
S105462,"Choi, Ortiz and Goodwin",Canada,Partnership,Fashion,2024-04-28,635851.0
S105463,Brown PLC,India,Individual,Automotive,2026-03-17,3473305.0
S105464,"Nunez, Wilson and Reyes",Germany,LLP,Automotive,2022-09-09,848686.0
S105465,Anderson and Sons,USA,LLP,Books,2023-09-13,4278949.0
S105466,Martinez Ltd,USA,Sole Proprietor,Sports,2022-03-30,6650067.0
S105467,Griffin Ltd,Germany,LLP,Automotive,2023-12-04,7128969.0
S105468,Stanley-Schaefer,Canada,Partnership,Home,2024-02-06,2815467.0
S105469,Randolph-Gonzalez,UK,Individual,Beauty,2022-10-18,2164701.0
S105470,"Francis, Lewis and Carter",India,LLP,Books,2025-06-05,7368019.0
S105471,Reynolds LLC,Singapore,Partnership,Fashion,2023-10-08,7188205.0
S105472,Herrera Ltd,Singapore,Private Limited,Fashion,2023-01-06,2145208.0
S105473,Gibson Ltd,Canada,Individual,Books,2023-04-29,3664732.0
S105474,Frank-Garcia,Australia,LLP,Beauty,2026-06-13,543242.0
S105475,Thompson-Davis,UK,Partnership,Books,2024-09-10,6572941.0
S105476,Clarke Ltd,UK,Sole Proprietor,Books,2025-11-03,5514008.0
S105477,Garrett-Taylor,UK,Sole Proprietor,Fashion,2025-05-15,7382874.0
S105478,Heath-Ray,UK,Private Limited,Electronics,2023-04-20,9015367.0
S105479,Hendrix-Hernandez,USA,LLP,Electronics,2024-09-28,1422974.0
S105480,Bennett-Smith,USA,LLP,Books,2026-02-01,5883407.0
S105481,"Lee, Bradford and Vang",USA,Individual,Fashion,2025-12-07,995506.0
S105482,Griffith-Franco,India,Private Limited,Beauty,2022-09-19,3151014.0
S105483,Cochran Ltd,India,Individual,Automotive,2026-05-15,7973903.0
S105484,"Smith, Galvan and Baldwin",USA,Private Limited,Automotive,2024-08-06,8348908.0
S105485,"Carlson, Anderson and Neal",USA,Partnership,Home,2023-07-09,9043790.0
S105486,Colon-Frank,Australia,Sole Proprietor,Automotive,2023-05-20,5863390.0
S105487,Novak Inc,Canada,LLP,Automotive,2025-10-14,5439326.0
S105488,Hill Group,Canada,LLP,Fashion,2023-01-06,9855543.0
S105489,Dunn-Fernandez,Australia,LLP,Fashion,2025-10-27,5859536.0
S105490,Parker-Bradshaw,USA,LLP,Electronics,2024-04-11,1990388.0
S105491,Mathis LLC,Canada,LLP,Beauty,2024-01-25,1459846.0
S105492,Beasley and Sons,Germany,Individual,Electronics,2023-11-20,926197.0
S105493,Thomas Group,Canada,Individual,Books,2023-09-24,1606022.0
S105494,Henderson LLC,UK,Partnership,Beauty,2023-09-22,4567181.0
S105495,"Martin, Hall and Simpson",Germany,Private Limited,Home,2024-01-20,3654147.0
S105496,Jackson PLC,UK,Private Limited,Books,2024-06-16,8923878.0
S105497,Ramos Ltd,Australia,LLP,Electronics,2026-06-05,7788391.0
S105498,Reynolds PLC,India,LLP,Sports,2023-09-07,9631066.0
S105499,Gutierrez and Sons,Germany,Private Limited,Books,2023-08-16,3458703.0
S105500,Heath PLC,India,LLP,Fashion,2024-09-27,8615525.0
S105501,"Landry, Rodriguez and Flores",Canada,Individual,Fashion,2023-02-04,2143993.0
S105502,Carey Ltd,Canada,Private Limited,Beauty,2022-06-20,1201716.0
S105503,"May, Walker and Page",Australia,Private Limited,Fashion,2025-08-12,8793708.0
S105504,Johnson-Brown,Canada,Private Limited,Beauty,2022-03-18,8656373.0
S105505,Jensen Group,Germany,Sole Proprietor,Sports,2022-12-25,9391828.0
S105506,Elliott-Tate,India,LLP,Home,2022-12-23,8101705.0
S105507,Richardson-Orozco,Canada,Partnership,Fashion,2022-01-20,4835550.0
S105508,Dean-Wood,Singapore,Sole Proprietor,Beauty,2023-01-12,5351091.0
S105509,"Rhodes, Bolton and Watson",Australia,Individual,Books,2023-01-07,2100631.0
S105510,Bridges-Bautista,Germany,LLP,Beauty,2023-11-01,3618629.0
S105511,Mendoza-Rodriguez,UK,Private Limited,Beauty,2026-07-22,8637550.0
S105512,Murray-Smith,India,Individual,Sports,2025-03-02,1851536.0
S105513,Peters Inc,UK,Partnership,Automotive,2024-09-06,3203974.0
S105514,"Martinez, Clark and Shaffer",UK,LLP,Home,2024-02-21,8380961.0
S105515,"Sparks, Spencer and Garcia",India,Partnership,Beauty,2026-03-01,
S105516,Hill-Harding,USA,Sole Proprietor,Home,2024-03-25,9929269.0
S105517,Martin-Black,India,LLP,Fashion,2023-03-06,6694679.0
S105518,"Smith, Davis and Acosta",USA,Sole Proprietor,Sports,2025-03-24,4360948.0
S105519,West-Hernandez,INDIA,Partnership,Books,2023-12-01,933459.0
S105520,Oneill Inc,Canada,Sole Proprietor,Sports,2025-04-14,
S105521,Bush-Ford,Australia,Individual,Electronics,2022-04-09,8979941.0
S105522,Romero Group,Canada,Sole Proprietor,Books,2024-09-09,3873108.0
S105523,Garcia-Brown,Canada,Individual,Sports,2023-04-25,5760639.0
S105524,"Perez, Miller and Williams",USA,Individual,Automotive,2022-06-24,9114773.0
S105525,Ward-Schmidt,Canada,Partnership,Automotive,2024-12-05,4923938.0
S105526,Vasquez-Gonzalez,UK,Private Limited,Automotive,2023-08-27,6590806.0
S105527,Thompson-Padilla,UK,Sole Proprietor,Home,2024-11-24,5041906.0
S105528,Smith Group,Canada,Sole Proprietor,Automotive,2024-07-26,9828414.0
S105529,Bailey PLC,UK,Partnership,Fashion,2025-02-23,6273260.0
S105530,"Kelly, Simmons and Jordan",Singapore,Partnership,Books,2025-07-24,9630036.0
S105531,Crawford-Harris,UK,Sole Proprietor,Fashion,2024-11-27,1914986.0
S105532,"Smith, Gonzalez and Lambert",Singapore,Sole Proprietor,Electronics,2023-01-02,2456846.0
S105533,Lawson and Sons,India,Partnership,Automotive,2025-04-10,7813837.0
S105534,Weeks-Massey,Australia,Sole Proprietor,Sports,2025-09-14,1291156.0
S105535,Kim-Hernandez,Singapore,Private Limited,Books,2024-12-19,9117211.0
S105536,Richards-Warren,USA,Sole Proprietor,Home,2024-07-14,1424880.0
S105537,Lyons Group,Germany,Individual,Books,2026-03-18,9790843.0
S105538,Johnson LLC,Canada,LLP,Books,2023-11-05,1708956.0
S105539,Perry-Garcia,Singapore,LLP,Home,2023-02-27,7187934.0
S105540,Sims-Johnson,Germany,Private Limited,Sports,2024-03-12,8830692.0
S105541,Pope Inc,India,Individual,Fashion,2026-01-27,3701356.0
S105542,Chapman-Estrada,Australia,Individual,Fashion,2024-12-17,8485206.0
S105543,Sloan Inc,UK,Partnership,Home,2025-01-03,1963893.0
S105544,Curry LLC,Singapore,Individual,Sports,2023-05-19,8299090.0
S105545,"Young, Tate and Arnold",Singapore,Sole Proprietor,Electronics,2023-07-18,5696529.0
S105546,"Hart, Graves and Zimmerman",Canada,Individual,Home,2022-02-16,9660973.0
S105547,"Adams, Smith and Wright",Australia,Private Limited,Home,2022-08-04,7520808.0
S105548,"Jones, Mueller and Williams",Germany,Sole Proprietor,Electronics,2024-01-29,5345273.0
S105549,"Lynch, Johnson and Lawrence",USA,Sole Proprietor,Home,2024-05-20,7146065.0
S105550,"Greer, Underwood and Noble",Canada,Private Limited,Fashion,2026-06-05,6319122.0
S105551,Logan-Rice,India,LLP,Automotive,2024-10-30,9083877.0
S105552,Fowler-Wong,Singapore,Individual,Home,2026-01-18,7846027.0
S105553,Ford Group,Australia,Individual,Home,2025-10-01,5392149.0
S105554,"Martinez, Perry and Morrison",USA,Private Limited,Automotive,2024-03-19,385128.0
S105555,"Carter, Jenkins and Reyes",Australia,Individual,Electronics,2025-03-24,4095508.0
S105556,Hernandez Group,Singapore,Sole Proprietor,Electronics,2022-01-22,4221147.0
S105557,Cisneros-Washington,Singapore,Sole Proprietor,Fashion,2025-03-20,8007610.0
S105558,"Adams, Hall and Thompson",UK,Private Limited,Automotive,2023-10-08,5914672.0
S105559,Kim-Clark,India,Private Limited,Automotive,2024-05-23,759047.0
S105560,"Rasmussen, Santiago and Larson",Canada,Individual,Automotive,2024-12-23,5554438.0
S105561,"Carroll, Wilson and Bishop",Singapore,Sole Proprietor,Home,2022-07-26,8477002.0
S105562,Jones LLC,Australia,Individual,Electronics,2023-08-04,5548569.0
S105563,Stephenson Ltd,India,Private Limited,Books,2023-03-11,7784943.0
S105564,Johnson Group,USA,Partnership,Electronics,2023-12-04,8957521.0
S105565,Robertson PLC,Germany,Private Limited,Beauty,2026-04-01,6795396.0
S105566,Garcia Group,USA,Partnership,Electronics,2023-03-21,5899862.0
S105567,Randall Ltd,Canada,Sole Proprietor,Beauty,2025-03-09,4166223.0
S105568,"Hopkins, Mccoy and Guerrero",USA,LLP,Fashion,2026-06-24,1062566.0
S105569,Davis-Galvan,Australia,Individual,Automotive,2023-11-15,9186077.0
S105570,"Acevedo, Lloyd and Young",UK,Partnership,Electronics,2024-01-22,4947248.0
S105571,"Miles, Gilbert and Palmer",Germany,Private Limited,Electronics,2025-08-25,5658828.0
S105572,"Dyer, Deleon and West",Singapore,Partnership,Home,2024-02-09,4066612.0
S105573,Merritt Inc,Canada,Partnership,Sports,2023-01-16,6040612.0
S105574,Estes-Simon,UK,Individual,Electronics,2024-02-17,4918367.0
S105575,"Gordon, Matthews and Roberts",USA,Partnership,Automotive,2025-06-10,764496.0
S105576,"Romero, Ochoa and York",Australia,Private Limited,Home,2024-11-06,4076266.0
S105577,"Reilly, Shannon and Torres",Germany,Partnership,Fashion,2024-07-24,522665.0
S105578,Martin Inc,Singapore,Private Limited,Sports,2025-05-02,7127035.0
S105579,Arroyo-Stephenson,Singapore,Partnership,Beauty,2022-01-10,5806521.0
S105580,"Palmer, Ho and Duncan",USA,LLP,Fashion,2024-12-03,1429201.0
S105581,Compton-Brooks,Germany,LLP,Books,2022-05-21,6965713.0
S105582,Ryan Inc,India,Individual,Electronics,2025-06-30,7798174.0
S105583,Green Inc,UK,Private Limited,Books,2025-01-01,5076673.0
S105584,Wells-Kennedy,Germany,LLP,Electronics,2024-02-04,2137752.0
S105585,Poole and Sons,India,Private Limited,Automotive,2025-02-21,9224837.0
S105586,James Inc,India,Private Limited,Beauty,2023-03-15,188790.0
S105587,Larson-Davis,UK,Private Limited,Beauty,2024-05-09,3548563.0
S105588,"Contreras, Villa and Dixon",Germany,Private Limited,Home,2024-11-08,1768802.0
S105589,Craig-Garza,UK,LLP,Automotive,2023-07-09,7654904.0
S105590,Greene Group,India,Sole Proprietor,Home,2025-03-31,3907362.0
S105591,"Mckee, Hernandez and Barber",Canada,LLP,Home,2023-03-09,412517.0
S105592,Lane-Duarte,Canada,Partnership,Sports,2026-06-21,803357.0
S105593,Beck-Williams,Germany,Partnership,Beauty,2023-06-17,110293.0
S105594,Chapman and Sons,Canada,Private Limited,Fashion,2024-11-01,9052336.0
S105595,"Wilson, Conway and Davis",Singapore,LLP,Sports,2024-11-08,7672639.0
S105596,"Henderson, Gomez and Williams",Singapore,LLP,Home,2023-10-18,5932175.0
S105597,"May, Thompson and Mitchell",India,Private Limited,Home,2026-04-20,5563853.0
S105598,"Tran, Walker and Sharp",Canada,Partnership,Fashion,2024-10-02,2118393.0
S105599,Rodriguez-Galvan,Germany,LLP,Fashion,2022-02-13,7177267.0
S105600,"Yates, Ballard and Santiago",Singapore,Sole Proprietor,Sports,2022-09-03,1822652.0
S105601,White-Bowman,Singapore,Partnership,Home,2023-07-09,639128.0
S105602,"Howe, Miles and Campbell",USA,LLP,Fashion,2025-04-24,8503649.0
S105603,"Bennett, Payne and Le",Singapore,Sole Proprietor,Electronics,2024-11-04,8328174.0
S105604,"Patterson, Baker and Hunt",USA,Sole Proprietor,Beauty,2024-06-26,6075440.0
S105605,Brown Inc,Canada,Private Limited,Automotive,2023-04-25,3647858.0
S105606,Hoffman Inc,Germany,LLP,Home,2024-08-30,7591478.0
S105607,Thomas-Zavala,India,LLP,Electronics,2023-04-22,191410.0
S105608,Carpenter-Sanchez,Canada,Individual,Sports,2022-08-19,5907037.0
S105609,"Russell, Daniels and Martinez",USA,Sole Proprietor,Home,2025-07-28,7081853.0
S105610,"Ponce, Choi and Osborne",India,Private Limited,Sports,2022-09-19,6692066.0
S105611,Nichols-Patel,USA,LLP,Books,2026-06-01,2849425.0
S105612,"Perez, Williams and Graham",India,LLP,Electronics,2025-09-03,2908597.0
S105613,Foster-Hernandez,Singapore,Private Limited,Electronics,2025-06-05,634689.0
S105614,"Wallace, Johnston and Coleman",Australia,LLP,Beauty,2024-08-03,2297316.0
S105615,"Whitaker, Davis and Jones",India,LLP,Home,2023-07-27,1162073.0
S105616,Willis Ltd,India,Individual,Automotive,2025-11-14,8350492.0
S105617,Howard PLC,Australia,Sole Proprietor,Home,2025-12-13,4615271.0
S105618,"Briggs, Lutz and Marks",India,Sole Proprietor,Fashion,2022-11-23,4591971.0
S105619,"Russell, Hall and Alvarez",UK,Private Limited,Home,2025-02-02,1313045.0
S105620,Kline-Peterson,India,Sole Proprietor,Beauty,2026-01-03,5243662.0
S105621,Williams LLC,India,Private Limited,Fashion,2026-03-18,4698091.0
S105622,Hawkins-Davis,Canada,Partnership,Electronics,2025-04-17,9412037.0
S105623,Chan-Graves,Germany,Private Limited,Automotive,2024-03-09,4340929.0
S105624,Ward LLC,Singapore,Sole Proprietor,Beauty,2023-02-24,3125804.0
S105625,Simpson-Baker,USA,LLP,Electronics,2024-10-12,5058792.0
S105626,"Davis, Stewart and Johnson",Singapore,Private Limited,Fashion,2023-08-17,284692.0
S105627,Terry LLC,UK,Private Limited,Fashion,2024-05-08,1722332.0
S105628,French Group,India,Sole Proprietor,Home,2025-06-27,916001.0
S105629,Bruce-Harrison,India,Private Limited,Books,2024-02-23,8872139.0
S105630,"Washington, Buck and Adkins",Germany,Individual,Automotive,2024-02-21,3658984.0
S105631,"Martinez, Green and Medina",India,Partnership,Electronics,2022-11-02,9212966.0
S105632,"Mccoy, Payne and Huber",Germany,Partnership,Automotive,2025-08-29,2899362.0
S105633,"Smith, Morales and Whitaker",India,Private Limited,Home,2022-03-13,583474.0
S105634,Davis Inc,Canada,LLP,Home,2026-06-11,4016900.0
S105635,Nelson-Black,Germany,Partnership,Automotive,2022-10-05,1225721.0
S105636,Cobb LLC,Canada,LLP,Fashion,2024-04-18,9171795.0
S105637,"Lopez, Foster and Bennett",Canada,Individual,Electronics,2023-11-26,7848827.0
S105638,Gardner-Jensen,Germany,Sole Proprietor,Books,2022-03-03,1055500.0
S105639,"Williamson, Herman and Hale",India,Partnership,Fashion,2022-10-07,5645844.0
S105640,"Foster, Montgomery and Alexander",Singapore,Sole Proprietor,Electronics,2022-02-23,7790921.0
S105641,"James, Edwards and Stafford",USA,Sole Proprietor,Beauty,2022-07-03,3229392.0
S105642,Murphy PLC,Singapore,Individual,Automotive,2024-07-13,2930063.0
S105643,Werner-Lara,USA,Individual,Electronics,2023-02-23,9118686.0
S105644,Rodriguez PLC,Singapore,Partnership,Sports,2022-03-26,8594906.0
S105645,Bowen Ltd,Germany,Individual,Automotive,2024-03-09,8365027.0
S105646,Brown Ltd,USA,Private Limited,Electronics,2022-02-21,4309497.0
S105647,Vang-Sanchez,UK,LLP,Automotive,2024-04-14,1926945.0
S105648,Small-Williams,Germany,Individual,Sports,2022-12-09,9229782.0
S105649,Jones Inc,Singapore,Individual,Beauty,2022-01-13,7680079.0
S105650,Vega-Brown,UK,LLP,Fashion,2024-04-13,952506.0
S105651,"Medina, Wise and Aguirre",USA,Private Limited,Home,2023-09-10,4968001.0
S105652,Fisher and Sons,Singapore,Private Limited,Fashion,2024-01-09,2469688.0
S105653,Daugherty-Holland,India,Partnership,Electronics,2022-10-23,5793197.0
S105654,Robertson LLC,USA,Private Limited,Sports,2023-07-07,1430465.0
S105655,Watson-Brown,USA,Individual,Sports,2023-07-11,5168576.0
S105656,Smith-Johnson,Australia,Partnership,Home,2024-08-29,3074840.0
S105657,"Curtis, Turner and Taylor",Germany,Sole Proprietor,Electronics,2023-03-03,3114049.0
S105658,"Mata, Wright and Williams",Germany,LLP,Books,2022-07-13,3818989.0
S105659,Lutz-Fleming,USA,Partnership,Beauty,2022-06-11,7861785.0
S105660,Floyd-Yang,Canada,LLP,Automotive,2025-02-15,454438.0
S105661,"Austin, Reynolds and Jenkins",Australia,Private Limited,Books,2023-12-08,6074535.0
S105662,Mccormick-Baker,Canada,Sole Proprietor,Books,2022-08-18,6463341.0
S105663,Wilkins LLC,India,Private Limited,Electronics,2022-08-06,9696437.0
S105664,Henderson-Diaz,Australia,Individual,Books,2025-01-04,9804981.0
S105665,Morgan-Stafford,Singapore,Individual,Fashion,2026-07-08,7261972.0
S105666,"Hayes, Benton and Tate",Canada,Partnership,Home,2025-12-10,4840495.0
S105667,Lee PLC,Australia,Sole Proprietor,Home,2025-01-02,6989457.0
S105668,"Johnson, Anderson and Vincent",UK,Partnership,Sports,2024-05-26,8668374.0
S105669,Scott-Sullivan,Australia,Partnership,Fashion,2023-03-15,7828067.0
S105670,Logan-Dickerson,Germany,Individual,Electronics,2024-10-21,8866744.0
S105671,Townsend LLC,UK,LLP,Beauty,2023-06-15,446539.0
S105672,"Roberts, Rodriguez and Chen",Canada,Private Limited,Beauty,2025-09-08,9403134.0
S105673,"Franklin, Perez and Brown",India,Sole Proprietor,Electronics,2025-03-17,595746.0
S105674,"Frederick, Coleman and Foley",Germany,LLP,Sports,2025-03-07,2241599.0
S105675,Thompson LLC,India,Partnership,Books,2022-03-31,894764.0
S105676,Richmond Group,Germany,Sole Proprietor,Automotive,2026-01-27,8926598.0
S105677,Brandt-Mendoza,Singapore,Private Limited,Beauty,2025-05-30,2195093.0
S105678,"Wells, Morales and Gallagher",Singapore,Private Limited,Home,2023-10-30,3916497.0
S105679,"Jones, Johnson and Miller",UK,Sole Proprietor,Books,2024-11-10,7382419.0
S105680,Fletcher-Garcia,UK,Partnership,Electronics,2024-10-29,2696108.0
S105681,Bartlett-Christian,India,Private Limited,Sports,2024-12-16,6932323.0
S105682,Ferguson-Holmes,UK,LLP,Beauty,2023-01-19,2533601.0
S105683,Holder-Smith,Australia,Individual,Fashion,2022-05-16,2843401.0
S105684,"Smith, Wells and Black",USA,Partnership,Automotive,2026-03-01,2539477.0
S105685,Olson-Simpson,Singapore,Individual,Books,2023-11-05,74999.0
S105686,"Anderson, Baxter and Thompson",USA,Private Limited,Electronics,2022-05-05,395966.0
S105687,"Khan, Howard and Galvan",India,Sole Proprietor,Sports,2024-02-11,4221936.0
S105688,Galvan LLC,Singapore,LLP,Automotive,2026-01-02,6816353.0
S105689,Taylor-Higgins,Germany,Private Limited,Sports,2022-08-16,131021.0
S105690,Farrell-Little,India,Sole Proprietor,Sports,2025-03-16,9581608.0
S105691,Jones-Cross,India,Individual,Books,2022-09-01,6864800.0
S105692,Brown PLC,Singapore,Individual,Electronics,2025-04-02,1599296.0
S105693,Perez-Wolf,Germany,Sole Proprietor,Home,2026-02-27,2604635.0
S105694,Peterson-Jordan,Singapore,Private Limited,Fashion,2025-11-04,8345865.0
S105695,"Chapman, Cruz and Goodwin",USA,Partnership,Automotive,2025-04-06,8974347.0
S105696,Murray LLC,Singapore,Sole Proprietor,Automotive,2024-07-30,800435.0
S105697,"Jackson, Lucero and Gould",Germany,Individual,Sports,2026-06-17,5701210.0
S105698,Collins Inc,UK,Sole Proprietor,Home,2022-06-18,9237424.0
S105699,"Grant, Potter and Gordon",Germany,Partnership,Books,2024-03-06,4159475.0
S105700,Cox-Goodwin,India,Individual,Electronics,2025-05-07,9939941.0
S105701,Williams-Lowe,Canada,LLP,Automotive,2023-03-25,4228217.0
S105702,Scott-Delgado,Germany,Individual,Electronics,2026-01-20,4148984.0
S105703,Pearson-Morgan,Germany,Individual,Electronics,2024-12-07,1478797.0
S105704,Kane Inc,UK,Individual,Automotive,2025-05-22,9366320.0
S105705,Taylor and Sons,Australia,LLP,Automotive,2023-06-15,5581885.0
S105706,Michael Group,Canada,Private Limited,Home,2025-03-20,5234930.0
S105707,Carrillo-Mendez,USA,Individual,Fashion,2025-07-26,4408288.0
S105708,"Simon, Henry and Bentley",Singapore,Individual,Electronics,2024-01-14,3463379.0
S105709,"Ochoa, Miller and Gonzales",UK,Private Limited,Books,2024-04-25,6947378.0
S105710,Duran-Sanchez,India,Partnership,Books,2024-02-08,9692774.0
S105711,Newman-Gregory,Canada,Sole Proprietor,Books,2023-08-04,9814417.0
S105712,Burns Inc,Australia,LLP,Home,2024-04-08,7296791.0
S105713,Dillon PLC,Germany,Private Limited,Automotive,2022-04-20,1652065.0
S105714,"Gray, Jackson and Jones",India,Sole Proprietor,Fashion,2023-07-01,318971.0
S105715,Gomez-Smith,Singapore,Private Limited,Automotive,2026-04-26,9094175.0
S105716,"Brown, Bradford and Lawson",India,Sole Proprietor,Fashion,2022-10-10,3782799.0
S105717,Rivers-Serrano,Canada,Partnership,Sports,2026-04-20,4898379.0
S105718,Murphy-Reid,India,Private Limited,Beauty,2022-10-16,615068.0
S105719,Hughes and Sons,Canada,LLP,Sports,2022-05-24,8386274.0
S105720,Ball-Shaw,UK,LLP,Fashion,2024-08-15,3865164.0
S105721,Adams and Sons,Singapore,LLP,Automotive,2023-01-30,6955264.0
S105722,Abbott-Ibarra,UK,Private Limited,Fashion,2023-12-07,7674134.0
S105723,Johnson Ltd,India,Individual,Books,2022-06-28,2725468.0
S105724,"Yang, Robertson and Espinoza",Canada,Individual,Home,2025-02-20,2390240.0
S105725,Alexander-Wagner,Canada,LLP,Electronics,2025-01-29,1999434.0
S105726,"Stein, Kirby and Reed",Australia,Partnership,Electronics,2025-07-10,3014356.0
S105727,Ramirez LLC,Singapore,LLP,Books,2025-03-02,350294.0
S105728,"Moses, Green and Simmons",UK,Partnership,Electronics,2022-03-06,1070595.0
S105729,"Clark, Nichols and Ward",Germany,Sole Proprietor,Fashion,2023-03-25,979145.0
S105730,Alvarez PLC,UK,Partnership,Beauty,2022-02-18,952314.0
S105731,Cole PLC,India,Private Limited,Sports,2023-05-12,8813941.0
S105732,Smith Ltd,USA,Partnership,Electronics,2022-03-02,1555437.0
S105733,"Campos, Mcbride and Caldwell",Australia,Private Limited,Fashion,2022-09-18,9576074.0
S105734,Schneider Inc,Australia,Partnership,Electronics,2023-12-20,1552757.0
S105735,Herrera PLC,india,Individual,Automotive,2023-06-26,8981377.0
S105736,"Guerrero, Sawyer and Moss",Australia,LLP,Electronics,2024-10-16,7253855.0
S105737,"Bradley, Coleman and Willis",Germany,LLP,Fashion,2026-07-27,4387729.0
S105738,"Frank, Dyer and Duran",UK,Partnership,Automotive,2022-04-05,5174793.0
S105739,"Brown, Kaiser and Edwards",Australia,Private Limited,Fashion,2024-06-19,7079014.0
S105740,"Warner, Monroe and Garcia",USA,LLP,Beauty,2022-02-21,1846352.0
S105741,Becker-King,Canada,Individual,Books,2023-04-30,164816.0
S105742,Johnson Inc,UK,Partnership,Automotive,2026-03-03,3488621.0
S105743,"Downs, Fernandez and Stuart",Australia,LLP,Beauty,2022-11-01,4403234.0
S105744,"King, Adams and Conway",USA,LLP,Sports,2024-05-13,1443753.0
S105745,"Wong, Vargas and Martin",Germany,Partnership,Sports,2022-12-13,2787737.0
S105746,Allen Inc,UK,Individual,Automotive,2025-10-23,2167579.0
S105747,Daugherty Ltd,Singapore,Partnership,Automotive,2023-01-11,6664267.0
S105748,"Dunn, Johnson and Mora",Germany,Individual,Sports,2024-03-13,7068002.0
S105749,Acevedo PLC,Australia,Partnership,Books,2025-12-02,6764063.0
S105750,Lucero PLC,USA,Private Limited,Books,2022-06-06,7464351.0
S105751,"Glass, Joseph and Hawkins",Germany,Sole Proprietor,Beauty,2024-11-11,4572508.0
S105752,Jackson Inc,Singapore,Sole Proprietor,Books,2024-08-27,7886327.0
S105753,Velasquez Inc,Singapore,Individual,Automotive,2022-11-23,9750269.0
S105754,Hall Inc,India,Private Limited,Books,2022-01-31,662358.0
S105755,Brown PLC,Germany,Individual,Home,2024-11-11,5138664.0
S105756,Murray-Gray,Canada,Sole Proprietor,Beauty,2023-09-10,2492333.0
S105757,Kent PLC,USA,Private Limited,Books,2023-07-11,3564405.0
S105758,"Carlson, Parrish and Gillespie",UK,Individual,Books,2026-01-26,7084286.0
S105759,"Castillo, Hughes and Smith",Australia,Partnership,Sports,2022-11-09,1903259.0
S105760,Meyers and Sons,USA,Individual,Books,2026-06-08,7311575.0
S105761,Reyes-Davis,Singapore,LLP,Sports,2026-02-20,6027392.0
S105762,Lowery and Sons,IN,LLP,Books,2025-03-23,2936814.0
S105763,"Roberts, Flores and Sanchez",India,Partnership,Automotive,2025-11-16,4687428.0
S105764,Lawrence Inc,Singapore,LLP,Automotive,2022-06-30,2125757.0
S105765,Hill-Logan,India,Sole Proprietor,Beauty,2026-05-05,3331032.0
S105766,"May, Lee and Parker",Canada,Sole Proprietor,Electronics,2024-12-23,2512085.0
S105767,"Stewart, Rhodes and Davis",Germany,Private Limited,Electronics,2025-10-01,7248004.0
S105768,Gonzalez Inc,USA,LLP,Fashion,2023-11-22,9894188.0
S105769,Conley-Powell,Singapore,LLP,Sports,2024-10-26,3049264.0
S105770,Smith LLC,Australia,Individual,Sports,2024-11-24,4701104.0
S105771,Cisneros-Chapman,Canada,Partnership,Sports,2022-02-17,6847319.0
S105772,Flowers-Rivera,Germany,LLP,Home,2026-05-05,356797.0
S105773,"Williams, Reynolds and Prince",UK,Individual,Home,2022-07-26,783875.0
S105774,Henderson-Davis,USA,Individual,Fashion,2026-07-28,6275520.0
S105775,Stein Group,UK,Private Limited,Automotive,2026-03-16,4730271.0
S105776,Evans-Miller,India,Private Limited,Fashion,2022-03-02,2037493.0
S105777,Padilla and Sons,Australia,Partnership,Electronics,2023-09-29,8906567.0
S105778,Smith-Griffin,Germany,Individual,Home,2023-05-06,8382761.0
S105779,Garcia-Mendez,USA,Individual,Automotive,2026-02-04,8526460.0
S105780,"Adams, Montgomery and Williams",Germany,Individual,Electronics,2023-02-19,2787297.0
S105781,"Smith, Mejia and Wolf",India,Private Limited,Electronics,2025-05-02,7544748.0
S105782,Barnes-Harris,Canada,Sole Proprietor,Sports,2025-05-22,880449.0
S105783,"Taylor, Ferguson and Bradley",India,Individual,Home,2023-07-20,594147.0
S105784,"Sullivan, Price and Stevens",India,Private Limited,Books,2024-08-30,2009183.0
S105785,Rice PLC,USA,Individual,Home,2025-11-13,8377907.0
S105786,Grant-Meyer,Australia,Individual,Sports,2024-08-13,9357594.0
S105787,"Knight, Kennedy and Cooley",Germany,Individual,Home,2026-03-15,1810974.0
S105788,"Davidson, Harrington and Jones",Australia,Partnership,Fashion,2026-04-07,6002196.0
S105789,Watson PLC,Australia,Sole Proprietor,Home,2022-04-15,8561530.0
S105790,White-Chavez,UK,Individual,Sports,2025-08-20,4829750.0
S105791,Hudson Group,Singapore,Partnership,Home,2024-12-08,5563945.0
S105792,Steele and Sons,Singapore,LLP,Electronics,2025-07-11,2071324.0
S105793,Johnson Inc,India,Private Limited,Beauty,2023-11-29,3798984.0
S105794,Reynolds Ltd,UK,Sole Proprietor,Fashion,2025-12-17,2052861.0
S105795,Gibson-Richmond,India,Partnership,Fashion,2025-02-17,8916499.0
S105796,"Ray, Guerra and Lopez",Australia,Partnership,Sports,2026-03-06,108101.0
S105797,Turner Inc,Germany,Private Limited,Home,2024-08-16,993518.0
S105798,"Bond, Juarez and Baird",Australia,Private Limited,Beauty,2022-08-18,7020962.0
S105799,"Richardson, Taylor and Jones",India,Partnership,Electronics,2025-02-05,8639694.0
S105800,Ward-Dixon,India,Sole Proprietor,Beauty,2022-11-13,2227321.0
S105801,Murray Group,USA,Sole Proprietor,Home,2025-04-19,6495760.0
S105802,Mccarthy-Lambert,UK,Partnership,Beauty,2026-05-06,2073574.0
S105803,Freeman Group,Canada,Private Limited,Beauty,2023-11-25,3853143.0
S105804,"Lopez, Jones and Weaver",India,Partnership,Beauty,2025-02-20,1829095.0
S105805,"Arnold, Ramirez and Franklin",India,Private Limited,Home,2023-08-11,9227638.0
S105806,"Powell, Taylor and Adams",India,Sole Proprietor,Books,2026-05-26,5953868.0
S105807,Thomas Group,Germany,Sole Proprietor,Electronics,2022-01-31,2897369.0
S105808,Hunt-Jones,Australia,LLP,Automotive,2023-08-24,3307374.0
S105809,Shepherd LLC,Singapore,Private Limited,Fashion,2024-03-20,3174302.0
S105810,"Simon, Adams and Anderson",USA,Individual,Beauty,2025-04-13,688397.0
S105811,"Reed, Carter and Tucker",Singapore,Partnership,Sports,2025-10-01,6466055.0
S105812,Flores PLC,Canada,LLP,Home,2024-07-22,4405056.0
S105813,Smith PLC,Germany,Partnership,Electronics,2024-03-07,7473649.0
S105814,Martinez LLC,Australia,LLP,Electronics,2024-06-13,2036324.0
S105815,Rivas-Page,USA,Sole Proprietor,Home,2024-01-17,2432994.0
S105816,Hurley Inc,India,LLP,Electronics,2026-02-15,1986763.0
S105817,Chen and Sons,Singapore,Partnership,Books,2022-10-25,6566190.0
S105818,"Roach, Ortiz and Sampson",India,Individual,Beauty,2022-01-20,3700480.0
S105819,Jackson-Wilcox,USA,LLP,Electronics,2026-07-24,8819144.0
S105820,Abbott-Harrison,Singapore,LLP,Home,2022-11-17,4782337.0
S105821,Gordon PLC,Singapore,Private Limited,Automotive,2026-03-13,1937541.0
S105822,"Murphy, Griffith and Cobb",Canada,Sole Proprietor,Home,2023-03-31,9745340.0
S105823,Brown Group,USA,LLP,Sports,2023-08-23,8495469.0
S105824,"Pearson, Gaines and Black",India,Private Limited,Electronics,2022-01-21,5107118.0
S105825,Barker Ltd,India,Partnership,Sports,2026-07-16,1301483.0
S105826,Allen-Taylor,Singapore,Individual,Books,2023-04-14,836024.0
S105827,Jones-David,USA,Individual,Books,2022-05-26,6375966.0
S105828,"Glass, Norton and Brooks",Germany,LLP,Home,2026-07-12,9278299.0
S105829,Jones-Hartman,Germany,LLP,Beauty,2025-12-31,4161559.0
S105830,"May, Mullins and Brown",USA,Sole Proprietor,Home,2023-11-07,3953597.0
S105831,Andrews Inc,UK,Sole Proprietor,Electronics,2022-07-11,102684.0
S105832,"Thompson, Marshall and Aguirre",UK,Individual,Home,2022-08-31,4682814.0
S105833,"Miller, Lopez and Miller",Germany,Partnership,Books,2026-04-24,2658321.0
S105834,Manning and Sons,Germany,Sole Proprietor,Home,2026-07-14,9868157.0
S105835,Brown-Hudson,Singapore,Partnership,Home,2022-09-08,5419670.0
S105836,Williams Group,Germany,Private Limited,Sports,2023-11-22,5434674.0
S105837,Pacheco PLC,Australia,Individual,Fashion,2025-01-23,1331108.0
S105838,Becker-Smith,Germany,Partnership,Books,2026-07-12,1702229.0
S105839,Scott-Haynes,USA,Private Limited,Sports,2024-02-02,9492002.0
S105840,"Miller, Gordon and Glover",Germany,Sole Proprietor,Electronics,2023-12-01,6128059.0
S105841,"Dawson, Lyons and Perez",UK,Private Limited,Beauty,2025-08-02,815283.0
S105842,"Thomas, Bradley and Mcdonald",Singapore,Sole Proprietor,Beauty,2022-11-26,3859816.0
S105843,"Peters, Lewis and Mathews",Australia,Partnership,Electronics,2022-11-11,5009945.0
S105844,Anderson-Scott,Singapore,LLP,Beauty,2026-04-03,6254411.0
S105845,Miranda-Gutierrez,Singapore,LLP,Beauty,2026-05-03,7810737.0
S105846,"Davis, Weber and Le",Germany,Private Limited,Electronics,2024-01-04,1134778.0
S105847,Madden and Sons,Germany,Individual,Electronics,2024-08-01,3465408.0
S105848,Shepherd-Miller,India,Sole Proprietor,Beauty,2022-09-08,6117543.0
S105849,"Ayala, Johnson and Cook",Germany,LLP,Home,2025-08-28,8114545.0
S105850,Bell PLC,Canada,Private Limited,Beauty,2025-09-23,1076789.0
S105851,"Bishop, Walker and White",USA,Individual,Beauty,2023-10-14,5198854.0
S105852,Stafford-Lewis,USA,Sole Proprietor,Electronics,2026-05-09,3165736.0
S105853,"Ward, Scott and Gallagher",Germany,LLP,Home,2022-05-30,5111922.0
S105854,Rogers and Sons,Canada,LLP,Automotive,2024-07-29,3087815.0
S105855,Moreno-Sullivan,Germany,Individual,Fashion,2025-02-26,2948403.0
S105856,Werner-Graham,UK,LLP,Home,2026-03-20,6667390.0
S105857,"Patterson, Lee and Kelley",Australia,Sole Proprietor,Beauty,2022-10-30,7614314.0
S105858,"Davies, Macdonald and Galvan",USA,Sole Proprietor,Sports,2023-09-07,816605.0
S105859,"Lee, Torres and Thompson",Germany,Partnership,Beauty,2023-05-29,2333492.0
S105860,Reyes Ltd,India,Partnership,Automotive,2024-02-12,3520776.0
S105861,Sullivan-Taylor,USA,Partnership,Electronics,2025-12-17,3514951.0
S105862,Rivera Inc,UK,Private Limited,Automotive,2025-01-28,6775763.0
S105863,Velasquez-Mcintosh,Germany,Partnership,Automotive,2022-10-11,6058500.0
S105864,"Williams, Ward and Harvey",Canada,Private Limited,Fashion,2024-12-19,7284962.0
S105865,Miller-Woodward,Australia,Sole Proprietor,Home,2024-08-31,924398.0
S105866,Harris and Sons,Germany,Individual,Home,2023-06-24,8724029.0
S105867,"Summers, Wheeler and Fernandez",Canada,Partnership,Sports,2025-10-23,3971774.0
S105868,Barrera-Nguyen,USA,Individual,Automotive,2023-11-17,6266232.0
S105869,Snyder Ltd,Singapore,Private Limited,Books,2022-01-13,5869229.0
S105870,Cross-Wade,Singapore,Individual,Automotive,2024-12-10,2479177.0
S105871,"Garcia, Hall and Tapia",Germany,Private Limited,Sports,2024-05-06,1456064.0
S105872,Ford PLC,UK,Sole Proprietor,Home,2024-07-09,7248504.0
S105873,Davis-Andersen,UK,Individual,Books,2023-01-28,5446710.0
S105874,Thomas LLC,Germany,Partnership,Electronics,2026-02-17,7997199.0
S105875,"Dunlap, Fleming and Brown",Canada,Sole Proprietor,Beauty,2024-10-20,5737491.0
S105876,"Thompson, Schultz and Sullivan",india,LLP,Fashion,2024-06-12,1341416.0
S105877,"Watson, Hall and Roth",Canada,Individual,Fashion,2026-05-20,8891068.0
S105878,Hale-Miller,UK,Private Limited,Home,2023-01-06,8050330.0
S105879,Bolton Inc,USA,Partnership,Automotive,2022-09-24,7691043.0
S105880,"Taylor, Kim and Edwards",Australia,Private Limited,Fashion,2022-05-03,3003859.0
S105881,"Howard, Hayden and Smith",USA,Private Limited,Beauty,2022-07-31,1835378.0
S105882,Malone-Lyons,Singapore,Individual,Home,2024-08-09,6274208.0
S105883,Miller Inc,Australia,Partnership,Beauty,2025-05-27,2074875.0
S105884,Lewis-Ball,Germany,Individual,Beauty,2022-12-03,1009760.0
S105885,Knox LLC,Singapore,LLP,Fashion,2025-06-17,9163305.0
S105886,"Parks, Chapman and Alexander",UK,Individual,Books,2023-07-04,9319196.0
S105887,"Morgan, Kim and Williams",Germany,Sole Proprietor,Sports,2023-04-22,593278.0
S105888,Garcia-Ramos,UK,Private Limited,Electronics,2024-05-20,9757042.0
S105889,Richard Group,India,Private Limited,Sports,2026-07-10,3055993.0
S105890,"Pierce, Galvan and Erickson",USA,Individual,Fashion,2026-03-10,6982491.0
S105891,"Craig, Schneider and Mcintyre",Canada,Sole Proprietor,Electronics,2022-07-15,4515106.0
S105892,"Potter, Jones and Smith",USA,Partnership,Books,2024-10-11,1349096.0
S105893,Roberts-Byrd,India,Partnership,Sports,2022-02-21,1248780.0
S105894,Booker Ltd,Germany,Partnership,Home,2022-02-09,3674510.0
S105895,Harris PLC,Singapore,Individual,Beauty,2023-02-02,7526736.0
S105896,Smith LLC,Singapore,Individual,Books,2025-11-04,230863.0
S105897,Pace and Sons,India,LLP,Sports,2023-02-11,3551045.0
S105898,Williams-Carr,USA,Partnership,Home,2024-07-28,3129287.0
S105899,Brown-Daniels,UK,LLP,Beauty,2025-03-28,3806028.0
S105900,"Austin, Davis and Walker",Singapore,Individual,Home,2026-07-14,7441531.0
S105901,"Rogers, Gilbert and Mcclain",USA,Sole Proprietor,Books,2026-05-22,7492394.0
S105902,"Howard, Wolf and Sanchez",Germany,Private Limited,Sports,2022-01-11,9108543.0
S105903,Parks-Peterson,USA,Sole Proprietor,Electronics,2026-02-27,6722274.0
S105904,Ward Inc,Singapore,LLP,Books,2022-05-05,2671838.0
S105905,Brown Group,UK,Sole Proprietor,Automotive,2025-06-08,9278168.0
S105906,"Shepard, Smith and Smith",UK,Individual,Automotive,2025-05-21,3723938.0
S105907,"Patterson, Sloan and Holloway",Australia,Sole Proprietor,Fashion,2022-09-18,7801364.0
S105908,Jones Group,Australia,Private Limited,Home,2024-10-07,3072958.0
S105909,"Gonzales, Baker and Osborne",Canada,Individual,Fashion,2025-03-18,2027579.0
S105910,Ferrell PLC,Singapore,Partnership,Fashion,2023-12-14,851246.0
S105911,Benson-Martinez,UK,Sole Proprietor,Home,2024-05-29,1048239.0
S105912,Bates PLC,USA,Partnership,Automotive,2024-05-09,7642738.0
S105913,Parker-Hale,Germany,LLP,Home,2022-12-18,7660435.0
S105914,Atkins-Smith,Singapore,Private Limited,Sports,2025-08-12,5145616.0
S105915,Henry-Bennett,UK,Private Limited,Sports,2024-09-28,4492187.0
S105916,Cook Inc,Canada,Sole Proprietor,Books,2022-02-17,7644098.0
S105917,Martin LLC,Australia,Individual,Sports,2025-01-23,7345556.0
S105918,Jones and Sons,UK,Individual,Beauty,2026-03-13,8357434.0
S105919,Edwards-Anderson,UK,Partnership,Home,2022-02-14,2896190.0
S105920,White-Rodriguez,India,Sole Proprietor,Electronics,2025-09-24,1782796.0
S105921,"Scott, Perkins and Burton",Canada,Private Limited,Sports,2022-04-06,2833406.0
S105922,"Valentine, Park and Hernandez",USA,Individual,Books,2026-05-10,5071304.0
S105923,Parker Inc,Singapore,Private Limited,Sports,2022-03-08,4739111.0
S105924,Smith Inc,UK,Sole Proprietor,Sports,2022-03-12,9861006.0
S105925,"Williams, Jacobson and Fisher",USA,Private Limited,Fashion,2023-12-15,3278414.0
S105926,"Williams, Sanchez and Walsh",USA,Private Limited,Fashion,2022-01-14,2864759.0
S105927,"Peters, Gutierrez and King",USA,LLP,Electronics,2022-03-25,2633091.0
S105928,Hernandez Inc,Singapore,LLP,Automotive,2026-07-08,5609713.0
S105929,Cruz Group,UK,Individual,Electronics,2025-06-20,3845712.0
S105930,Norton PLC,UK,LLP,Books,2026-06-19,610195.0
S105931,Campbell Ltd,USA,Partnership,Sports,2024-10-29,9351020.0
S105932,Rosario-Mclean,Singapore,Sole Proprietor,Books,2025-11-24,3542198.0
S105933,Cook-Walter,Canada,Private Limited,Home,2026-05-08,4170538.0
S105934,"Hawkins, Hendrix and Hayes",USA,Private Limited,Books,2023-05-20,6662139.0
S105935,"Valencia, Miller and Watkins",USA,Sole Proprietor,Beauty,2022-09-28,171508.0
S105936,"Wise, Collins and Foster",Singapore,Sole Proprietor,Electronics,2023-12-12,9517897.0
S105937,Ashley and Sons,Australia,Sole Proprietor,Automotive,2023-04-18,2104350.0
S105938,Lambert-Khan,USA,LLP,Home,2023-07-08,1567765.0
S105939,Dyer and Sons,USA,Sole Proprietor,Electronics,2024-06-28,5642513.0
S105940,Wood-Meyer,Singapore,Sole Proprietor,Beauty,2023-10-04,2296423.0
S105941,Scott Group,India,Individual,Fashion,2023-05-13,8378427.0
S105942,Neal and Sons,Germany,Private Limited,Electronics,2024-09-12,7763924.0
S105943,Solomon Inc,UK,Sole Proprietor,Books,2023-07-24,2735245.0
S105944,Owen and Sons,India,Individual,Beauty,2023-01-09,4549677.0
S105945,Reeves PLC,Australia,Individual,Sports,2023-02-21,7568486.0
S105946,White Group,UK,Sole Proprietor,Home,2022-07-20,9880724.0
S105947,"Bernard, Garcia and Pope",USA,Private Limited,Beauty,2024-07-03,1325295.0
S105948,"Keller, Jones and Meadows",Australia,Private Limited,Electronics,2024-09-13,6297450.0
S105949,"Floyd, Boyd and Browning",USA,Partnership,Fashion,2024-05-17,4648122.0
S105950,"Smith, Diaz and Davis",Germany,LLP,Fashion,2025-09-29,8584501.0
S105951,Mejia PLC,Australia,Partnership,Books,2024-02-24,1776134.0
S105952,Lewis-Watson,USA,Individual,Sports,2024-05-21,2071076.0
S105953,"Pierce, Cross and Gilmore",Germany,Private Limited,Electronics,2022-01-10,9631164.0
S105954,"Brady, Vaughn and Ruiz",Canada,Private Limited,Automotive,2026-02-28,8993029.0
S105955,"Vazquez, James and Black",UK,LLP,Home,2022-10-09,4587936.0
S105956,"Williams, Riddle and Morgan",India,Private Limited,Fashion,2025-12-15,1826618.0
S105957,Mendoza Ltd,India,LLP,Automotive,2023-04-17,5617769.0
S105958,"Hodge, Jones and Werner",UK,Individual,Books,2022-07-12,4595044.0
S105959,"Bender, Romero and Perkins",USA,Private Limited,Electronics,2025-04-06,1812739.0
S105960,Lara LLC,UK,Private Limited,Automotive,2022-04-12,8730946.0
S105961,Ali-Collins,india,Partnership,Beauty,2025-04-25,7784220.0
S105962,Sandoval PLC,Australia,Private Limited,Books,2024-08-12,2178186.0
S105963,Jackson Group,UK,LLP,Home,2022-09-26,2622373.0
S105964,Smith and Sons,India,Sole Proprietor,Sports,2023-04-29,4317659.0
S105965,"Lewis, Phillips and Anderson",Australia,LLP,Automotive,2025-01-10,1886456.0
S105966,Taylor and Sons,Canada,Private Limited,Automotive,2022-01-16,5125294.0
S105967,King LLC,Singapore,Sole Proprietor,Beauty,2024-10-05,745371.0
S105968,Freeman-Ramirez,Germany,Partnership,Automotive,2024-02-22,9689871.0
S105969,Simon Ltd,USA,Private Limited,Fashion,2026-04-01,2904736.0
S105970,"Adkins, Jones and Dickson",Canada,Sole Proprietor,Sports,2024-05-30,5994002.0
S105971,Ray-Page,India,LLP,Home,2025-06-18,1008982.0
S105972,"Smith, Martinez and Burton",USA,LLP,Beauty,2026-01-07,9158379.0
S105973,Anderson Ltd,Australia,LLP,Beauty,2023-07-18,1011838.0
S105974,Irwin LLC,Canada,LLP,Automotive,2024-10-28,6077672.0
S105975,"Dominguez, Robinson and Anderson",Australia,Sole Proprietor,Sports,2023-01-29,9134625.0
S105976,"Gonzales, Howard and Arias",USA,LLP,Automotive,2024-06-14,8066589.0
S105977,"Liu, Sanchez and Robbins",USA,Partnership,Home,2022-12-19,351813.0
S105978,Roach and Sons,Australia,Sole Proprietor,Books,2024-03-25,8140896.0
S105979,"Davis, Rogers and Williams",USA,Sole Proprietor,Home,2022-12-11,6130274.0
S105980,Foster-Smith,UK,Private Limited,Home,2026-05-17,5399954.0
S105981,Cooper PLC,Australia,LLP,Electronics,2026-05-29,9874775.0
S105982,Donovan Group,INDIA,Private Limited,Sports,2022-11-22,2945974.0
S105983,Stevens-Sanders,USA,LLP,Electronics,2026-03-27,1833242.0
S105984,"Davis, Medina and Anderson",Canada,Private Limited,Books,2026-02-02,6857103.0
S105985,Sutton Ltd,USA,LLP,Beauty,2022-12-19,9318919.0
S105986,Ewing Inc,Germany,Private Limited,Sports,2026-04-07,4277053.0
S105987,Fleming-Hess,USA,Individual,Electronics,2022-12-14,2776721.0
S105988,"Jones, Evans and Grimes",USA,LLP,Electronics,2023-08-12,9608510.0
S105989,Valencia and Sons,Canada,Private Limited,Sports,2022-01-24,275565.0
S105990,"Curry, Schmidt and Wilson",Canada,Partnership,Beauty,2022-12-15,7488749.0
S105991,Baker Ltd,India,Private Limited,Beauty,2024-03-27,54139.0
S105992,"Nicholson, Jones and Hughes",UK,LLP,Home,2022-04-18,9792738.0
S105993,Hernandez Inc,UK,Partnership,Fashion,2023-01-15,1169934.0
S105994,Mcmillan Group,Germany,LLP,Automotive,2022-03-22,364791.0
S105995,Smith-Brown,Australia,Private Limited,Sports,2022-06-03,887220.0
S105996,Grant-Richardson,Australia,Individual,Sports,2023-03-26,4170657.0
S105997,Skinner-Solomon,UK,Private Limited,Sports,2025-06-22,3030247.0
S105998,Finley-Wiley,USA,Private Limited,Books,2024-08-07,1621121.0
S105999,Reyes Ltd,India,Sole Proprietor,Fashion,2024-02-22,147123.0
S106000,Spears-Miller,Australia,Individual,Beauty,2022-02-13,8923077.0
S106001,"Brock, Cox and Brown",USA,Partnership,Beauty,2025-09-11,675318.0
S106002,"Mitchell, Hines and Scott",UK,Partnership,Books,2024-03-30,1910547.0
S106003,"Johnson, Sanford and Myers",Australia,Partnership,Home,2022-04-23,8002427.0
S106004,Cohen PLC,Germany,Private Limited,Beauty,2023-07-31,3713953.0
S106005,Love PLC,Australia,Sole Proprietor,Automotive,2023-12-26,223197.0
S106006,Cooper-Turner,India,Sole Proprietor,Books,2023-04-13,7818334.0
S106007,"Bennett, Chavez and Anderson",USA,Private Limited,Books,2024-05-17,1562159.0
S106008,Cruz Group,Germany,Partnership,Automotive,2022-10-28,3790168.0
S106009,Davis and Sons,Australia,Individual,Fashion,2023-02-10,6934809.0
S106010,Robinson-Jenkins,India,Individual,Automotive,2026-06-12,4394883.0
S106011,Gillespie Ltd,UK,Individual,Beauty,2023-09-06,2352117.0
S106012,Everett-Peters,USA,Individual,Beauty,2023-12-16,4680877.0
S106013,Adams-Hernandez,Singapore,LLP,Electronics,2026-03-14,3348860.0
S106014,"Robertson, Palmer and Mercado",Germany,Private Limited,Beauty,2024-08-20,6565624.0
S106015,Ferguson Group,Canada,LLP,Beauty,2024-05-10,580933.0
S106016,"Clements, Williamson and Singh",Germany,Private Limited,Home,2023-05-30,4954273.0
S106017,Hernandez-Allen,USA,Sole Proprietor,Electronics,2023-07-23,7240159.0
S106018,Solomon-Dawson,Singapore,Individual,Beauty,2023-11-03,5757288.0
S106019,"Burke, Fleming and Baker",India,Sole Proprietor,Sports,2024-06-22,381732.0
S106020,Castro and Sons,India,Partnership,Sports,2025-06-14,9522951.0
S106021,Cortez LLC,USA,Private Limited,Books,2025-11-29,3116071.0
S106022,Dickson-Lopez,INDIA,Private Limited,Books,2025-02-21,3727442.0
S106023,Estrada-Diaz,Germany,LLP,Books,2026-04-30,4534870.0
S106024,Walker LLC,India,Partnership,Fashion,2023-03-25,4557505.0
S106025,Avery Inc,UK,Partnership,Home,2023-11-18,3344552.0
S106026,"Allen, Miller and Davenport",Canada,Partnership,Sports,2023-06-08,7576850.0
S106027,"Rice, Sullivan and Brooks",Canada,Individual,Fashion,2024-01-06,4972802.0
S106028,"Adams, Boyer and Osborne",Singapore,Sole Proprietor,Books,2026-03-07,3831492.0
S106029,Hendricks-Elliott,Germany,Private Limited,Beauty,2025-02-19,9576438.0
S106030,Porter-Flynn,India,LLP,Automotive,2024-08-15,2951730.0
S106031,Matthews-Jacobson,USA,Sole Proprietor,Beauty,2026-02-12,4516437.0
S106032,Griffith-Bender,India,Individual,Electronics,2025-05-04,5735858.0
S106033,"Rogers, Gonzalez and Rasmussen",USA,Sole Proprietor,Home,2023-11-22,5300468.0
S106034,Wood-Kennedy,Germany,LLP,Fashion,2022-07-07,6606784.0
S106035,Long-Velazquez,Australia,LLP,Fashion,2023-10-20,9947993.0
S106036,"Frank, Reyes and Roman",Canada,Individual,Home,2026-06-23,595282.0
S106037,Clark-Ramirez,Canada,Private Limited,Beauty,2024-12-28,1352794.0
S106038,Thompson LLC,UK,Partnership,Electronics,2023-09-17,8249507.0
S106039,Johnson-Wolfe,Singapore,Partnership,Automotive,2022-07-12,4975790.0
S106040,Armstrong PLC,USA,Partnership,Sports,2024-12-06,4444356.0
S106041,Romero-Briggs,UK,Private Limited,Beauty,2022-04-15,6696785.0
S106042,Hodges PLC,Australia,Partnership,Electronics,2025-01-15,7622769.0
S106043,Morris LLC,Singapore,LLP,Beauty,2023-06-10,6997341.0
S106044,"James, Turner and Griffin",Singapore,Partnership,Fashion,2025-10-23,6554517.0
S106045,Castaneda and Sons,Singapore,Private Limited,Beauty,2025-02-07,1176482.0
S106046,Chavez LLC,UK,LLP,Automotive,2022-06-28,8765213.0
S106047,Allen Ltd,UK,Sole Proprietor,Automotive,2025-06-01,9634041.0
S106048,"Archer, Baker and Cruz",India,Individual,Fashion,2024-07-16,8025518.0
S106049,Williams-Contreras,Australia,Private Limited,Sports,2022-08-14,236109.0
S106050,Curtis-Silva,Singapore,Sole Proprietor,Books,2023-11-17,738028.0
S106051,Sparks and Sons,Australia,Partnership,Automotive,2025-02-25,6510213.0
S106052,Velasquez-Turner,India,LLP,Fashion,2024-01-15,6960492.0
S106053,Mercado-Lewis,Singapore,Partnership,Electronics,2023-11-23,662451.0
S106054,Chavez Group,USA,Private Limited,Beauty,2023-07-01,7177058.0
S106055,Barrett Group,Canada,Sole Proprietor,Fashion,2023-03-09,503819.0
S106056,Garcia Ltd,Germany,Partnership,Automotive,2024-06-20,3589830.0
S106057,Johnson Ltd,India,Partnership,Beauty,2025-12-06,2067338.0
S106058,"Simon, Simpson and Schmidt",Canada,Private Limited,Fashion,2026-02-14,3127109.0
S106059,Gillespie-Thomas,Germany,Partnership,Home,2024-08-31,9690793.0
S106060,Miller Ltd,Australia,LLP,Home,2022-06-16,320862.0
S106061,"Griffin, Hendricks and Hawkins",Singapore,Sole Proprietor,Beauty,2024-11-06,8557167.0
S106062,Moore-Cox,Germany,LLP,Fashion,2024-10-25,5577931.0
S106063,"Ramirez, Kemp and Hamilton",Australia,Sole Proprietor,Home,2022-04-06,6546319.0
S106064,"Salinas, Green and Richard",Germany,Private Limited,Sports,2024-04-29,3478429.0
S106065,"Zamora, Jimenez and Rodriguez",UK,Private Limited,Automotive,2024-11-20,8500935.0
S106066,Day and Sons,Singapore,Partnership,Beauty,2022-02-19,5333356.0
S106067,"Peck, Rhodes and Holt",Singapore,LLP,Home,2022-02-14,5128183.0
S106068,Hogan-Hutchinson,Canada,Private Limited,Fashion,2022-08-30,7690533.0
S106069,Walker Group,India,LLP,Automotive,2025-02-22,7139840.0
S106070,Chavez-Ray,Singapore,Individual,Sports,2024-04-02,7478647.0
S106071,Fleming-Russell,India,Partnership,Beauty,2023-02-26,3184303.0
S106072,Mcdonald Inc,Singapore,Individual,Home,2022-05-23,6798117.0
S106073,Bartlett-Brewer,Singapore,Private Limited,Sports,2025-10-16,298806.0
S106074,Buckley Ltd,Germany,Private Limited,Home,2025-04-03,9803507.0
S106075,"Howard, Hernandez and Gonzales",USA,Sole Proprietor,Home,2025-06-14,1393722.0
S106076,"Brown, Pennington and Richardson",Australia,Sole Proprietor,Home,2025-01-03,2729963.0
S106077,"Stone, Riggs and Johnson",Germany,Individual,Sports,2022-11-12,7074277.0
S106078,Webb Ltd,Australia,LLP,Home,2023-02-22,3965473.0
S106079,Blair Inc,INDIA,Individual,Beauty,2026-02-19,151935.0
S106080,Lopez-Ford,Canada,Partnership,Home,2023-09-23,4452585.0
S106081,Wilson Inc,USA,Partnership,Sports,2023-08-21,2696355.0
S106082,"Turner, Ponce and Schwartz",India,Private Limited,Automotive,2025-11-25,9971347.0
S106083,Hammond and Sons,Canada,Private Limited,Electronics,2025-10-13,4033000.0
S106084,Rice-Burton,UK,LLP,Automotive,2025-08-03,373425.0
S106085,Snyder and Sons,India,LLP,Books,2026-05-07,9538871.0
S106086,Gonzalez and Sons,Canada,Partnership,Beauty,2022-02-24,6431740.0
S106087,Dean-Bell,Canada,Private Limited,Electronics,2025-06-17,5753894.0
S106088,Holmes Group,Singapore,Sole Proprietor,Beauty,2023-01-24,83416.0
S106089,Knox Inc,UK,LLP,Sports,2024-12-22,2774721.0
S106090,"Newman, Johnston and Welch",UK,Private Limited,Sports,2024-11-15,4712993.0
S106091,Bowers-Cooper,Australia,Private Limited,Home,2022-04-22,2511185.0
S106092,"Brooks, Gilbert and Wilcox",Singapore,Individual,Beauty,2026-01-24,
S106093,"Vega, Browning and Hernandez",India,Partnership,Beauty,2024-10-25,143623.0
S106094,Bowman Group,Germany,Partnership,Automotive,2023-07-10,3771085.0
S106095,Lyons and Sons,Australia,Individual,Books,2025-08-14,8903402.0
S106096,"Morrison, Thompson and Mitchell",Canada,Individual,Electronics,2024-02-17,4287886.0
S106097,Vazquez-Clayton,Singapore,Sole Proprietor,Automotive,2025-09-09,2430969.0
S106098,Casey and Sons,Singapore,Sole Proprietor,Electronics,2023-11-04,
S106099,Perez Group,USA,Partnership,Home,2022-04-05,1969945.0
S106100,Hunter Inc,Germany,Individual,Sports,2022-11-16,6966680.0
S106101,Sanders-Solomon,Australia,LLP,Electronics,2024-07-02,854032.0
S106102,"Cherry, Williams and Lopez",USA,Individual,Sports,2025-07-12,9099986.0
S106103,"Jimenez, Moyer and Duran",India,Sole Proprietor,Automotive,2022-05-15,7671244.0
S106104,Gallegos and Sons,USA,Partnership,Fashion,2024-12-18,2828380.0
S106105,Johnson-Smith,Canada,Partnership,Sports,2022-12-23,5015761.0
S106106,Moore Inc,Singapore,LLP,Home,2024-12-14,5523549.0
S106107,Newman-Farley,Singapore,Individual,Automotive,2022-02-09,7727980.0
S106108,"Walker, Estes and Byrd",USA,Sole Proprietor,Sports,2025-09-13,9771618.0
S106109,"Hayden, Mccarthy and Stuart",UK,Sole Proprietor,Fashion,2025-08-06,7883729.0
S106110,Wade-Wilkinson,Australia,LLP,Electronics,2022-06-04,7078787.0
S106111,Leblanc-Gill,Canada,Individual,Beauty,2025-04-28,1934639.0
S106112,"Villarreal, Chan and Mendoza",Australia,Sole Proprietor,Beauty,2022-08-14,2927133.0
S106113,Ramos-Baker,Singapore,Partnership,Beauty,2024-03-13,2271835.0
S106114,Clark and Sons,India,Sole Proprietor,Electronics,2024-12-22,2289236.0
S106115,"Haas, Thomas and Martin",Singapore,Individual,Fashion,2025-07-03,2064052.0
S106116,"Romero, Walters and Webster",Germany,Individual,Automotive,2026-04-01,2989875.0
S106117,King-Moore,Germany,Private Limited,Automotive,2023-06-26,4757871.0
S106118,"Mooney, Hodge and Knight",UK,Private Limited,Books,2026-07-03,6450259.0
S106119,"Cabrera, Ewing and Welch",Australia,Private Limited,Automotive,2023-06-03,5653722.0
S106120,White LLC,Canada,Partnership,Electronics,2022-06-16,3047127.0
S106121,Brown-White,India,LLP,Home,2025-09-17,2442501.0
S106122,"Haney, Morgan and Watson",UK,Private Limited,Automotive,2024-02-05,3656256.0
S106123,Mccullough and Sons,Germany,Sole Proprietor,Electronics,2025-04-14,1560365.0
S106124,"Tyler, Mendoza and Lindsey",USA,Private Limited,Beauty,2024-01-16,4221554.0
S106125,Wyatt Inc,India,Private Limited,Sports,2023-06-30,9610936.0
S106126,"Brown, Sanders and Mcguire",Germany,Partnership,Home,2026-07-30,1036479.0
S106127,Garcia-Young,USA,Sole Proprietor,Beauty,2025-08-22,7580609.0
S106128,Caldwell-Perez,India,Private Limited,Home,2023-08-25,4114835.0
S106129,"Dodson, Barton and Delgado",Germany,LLP,Fashion,2026-04-16,5223064.0
S106130,Hernandez-Beasley,India,LLP,Books,2023-04-01,7178878.0
S106131,Robinson Group,UK,Sole Proprietor,Home,2022-06-12,8988707.0
S106132,Morales Inc,Singapore,Partnership,Home,2024-01-23,4720464.0
S106133,"Mueller, Beck and Perez",Australia,Individual,Fashion,2024-03-30,4613021.0
S106134,"Wells, Diaz and Brown",Singapore,Sole Proprietor,Sports,2022-10-28,2044080.0
S106135,"Hill, Alvarez and Ward",UK,Sole Proprietor,Beauty,2024-10-17,4223662.0
S106136,Carroll-Lloyd,Canada,LLP,Books,2025-12-29,6761989.0
S106137,"Keller, Richardson and Patterson",Germany,Private Limited,Fashion,2022-09-18,3922535.0
S106138,"Adams, Jones and Miranda",Germany,Individual,Beauty,2024-04-05,7827795.0
S106139,"Peterson, Patterson and Smith",Canada,Sole Proprietor,Sports,2024-04-15,4809760.0
S106140,"Davis, Le and Vargas",Canada,Individual,Fashion,2024-02-03,9805562.0
S106141,Garza Group,UK,Sole Proprietor,Home,2024-09-19,2972248.0
S106142,"Crawford, Ballard and Brown",USA,Individual,Books,2023-01-16,8848556.0
S106143,Shepherd Inc,Germany,Private Limited,Fashion,2024-04-21,9506906.0
S106144,Jackson-Bray,Canada,Private Limited,Electronics,2024-02-26,7045308.0
S106145,"Smith, Dean and Pearson",Germany,Individual,Beauty,2025-03-11,9837943.0
S106146,Taylor Ltd,Germany,Private Limited,Fashion,2023-12-08,6374261.0
S106147,Hernandez Inc,Canada,Sole Proprietor,Sports,2025-09-08,2639058.0
S106148,Duncan Ltd,Canada,Sole Proprietor,Home,2026-02-12,9246625.0
S106149,Bullock-Oliver,USA,Private Limited,Books,2026-03-20,9325217.0
S106150,Patel-Holland,Australia,Partnership,Home,2024-03-29,9377761.0
S106151,Johnson-Friedman,Canada,Partnership,Automotive,2024-10-11,7615514.0
S106152,Lewis-Martin,Canada,Private Limited,Books,2026-05-19,7328431.0
S106153,Barry-Hall,India,LLP,Electronics,2023-05-21,4324951.0
S106154,"Galloway, Lopez and Kim",Canada,Private Limited,Electronics,2024-12-07,4268944.0
S106155,Leonard-Johnson,Canada,Private Limited,Electronics,2023-11-02,3407826.0
S106156,Dominguez-Maynard,Canada,Sole Proprietor,Automotive,2023-01-24,1469986.0
S106157,"Howell, Wong and Fisher",USA,Private Limited,Beauty,2022-01-21,542091.0
S106158,Pittman and Sons,India,Individual,Books,2023-09-02,883330.0
S106159,"Cohen, Mccullough and Wolfe",Australia,Partnership,Beauty,2022-10-28,1179757.0
S106160,Harris-Morrison,Singapore,LLP,Automotive,2025-08-28,3855556.0
S106161,"Carrillo, Murphy and Lopez",Singapore,Individual,Home,2023-08-06,9512735.0
S106162,"Powers, Floyd and Walsh",India,Private Limited,Books,2022-08-31,329888.0
S106163,Hall and Sons,USA,Sole Proprietor,Home,2025-03-23,8366569.0
S106164,Moore PLC,UK,Private Limited,Automotive,2025-01-18,7936588.0
S106165,Bell Inc,USA,Individual,Sports,2025-06-09,9112149.0
S106166,Tucker-Gray,Germany,LLP,Home,2025-10-06,6488163.0
S106167,Hart-Bryant,UK,Private Limited,Automotive,2026-05-29,2322177.0
S106168,Castillo-Dawson,UK,Individual,Books,2025-06-25,2588924.0
S106169,Taylor PLC,india,Sole Proprietor,Fashion,2023-04-24,5701130.0
S106170,Foster-Parker,Singapore,Private Limited,Electronics,2025-03-13,8178213.0
S106171,"Farmer, Crawford and Evans",Germany,Partnership,Sports,2026-06-28,1766391.0
S106172,Watkins-Mclean,Canada,LLP,Sports,2025-06-24,6772274.0
S106173,Barnes and Sons,USA,Sole Proprietor,Home,2026-05-10,9196921.0
S106174,Zamora-Simmons,Singapore,Individual,Automotive,2024-01-28,6799444.0
S106175,Scott LLC,Canada,Private Limited,Electronics,2022-06-24,8000019.0
S106176,Johnson and Sons,Australia,LLP,Fashion,2025-07-10,96609.0
S106177,Edwards-Walker,Germany,Sole Proprietor,Beauty,2024-04-17,1736177.0
S106178,Johnson Ltd,Canada,Partnership,Sports,2023-11-14,8107960.0
S106179,Proctor-Cunningham,USA,LLP,Home,2022-01-14,5244563.0
S106180,"Lopez, Marshall and Miller",USA,LLP,Beauty,2023-06-12,2071922.0
S106181,"Cunningham, Howard and Hudson",Australia,Private Limited,Books,2023-04-07,1267062.0
S106182,Walker-Harris,Australia,Private Limited,Beauty,2025-09-14,5347381.0
S106183,"Watson, Owens and Smith",Singapore,Partnership,Electronics,2022-01-27,919559.0
S106184,Bailey-Martin,Germany,Partnership,Beauty,2023-02-07,2894715.0
S106185,Ford Ltd,India,Partnership,Books,2022-05-08,3837552.0
S106186,Simmons and Sons,Germany,Individual,Home,2025-03-24,3058803.0
S106187,Castaneda PLC,India,Private Limited,Automotive,2023-11-15,9845019.0
S106188,Hendricks-Oliver,Canada,Individual,Sports,2023-02-11,8700943.0
S106189,"Pittman, Hines and Carr",Germany,Private Limited,Fashion,2024-07-30,726369.0
S106190,Livingston-Gutierrez,USA,LLP,Automotive,2023-01-12,4981213.0
S106191,Wright-Compton,Singapore,LLP,Books,2024-07-07,4858537.0
S106192,Baxter-Mcmahon,Canada,Sole Proprietor,Electronics,2026-05-16,4595511.0
S106193,Mcgee-Parker,Germany,Partnership,Electronics,2024-06-28,9018178.0
S106194,Floyd-Conner,Germany,Private Limited,Home,2023-04-07,5338400.0
S106195,Salazar-Foster,India,Individual,Automotive,2024-08-21,6988030.0
S106196,"Chapman, Mullins and Sanchez",UK,Individual,Home,2026-03-31,1246088.0
S106197,"Duffy, Green and Lane",Singapore,Partnership,Automotive,2022-03-11,9401001.0
S106198,Perez-Ibarra,Singapore,LLP,Electronics,2024-09-16,4057947.0
S106199,Baker-Fox,Australia,Private Limited,Home,2025-01-07,5873594.0
S106200,"Copeland, Lyons and Jackson",India,LLP,Books,2024-02-25,3281051.0
S106201,Williams LLC,UK,Individual,Sports,2026-07-25,1281020.0
S106202,"Fisher, Jacobs and Woods",INDIA,LLP,Sports,2022-01-03,5826616.0
S106203,Mcneil Ltd,UK,Sole Proprietor,Automotive,2022-06-11,
S106204,"Day, Khan and Aguilar",UK,Partnership,Books,2023-07-10,6633389.0
S106205,Garcia-Moore,Australia,LLP,Fashion,2025-05-18,2012483.0
S106206,Cuevas PLC,Germany,Individual,Automotive,2024-10-04,7982181.0
S106207,Anderson-Vazquez,India,Individual,Books,2022-01-24,
S106208,Dalton Inc,USA,Individual,Automotive,2023-09-30,5400811.0
S106209,Murphy-Lam,UK,Individual,Sports,2023-07-20,358281.0
S106210,"Bailey, Mitchell and Mckinney",Singapore,Private Limited,Sports,2026-06-03,9209214.0
S106211,Wood-Kennedy,USA,Private Limited,Electronics,2026-07-06,9103449.0
S106212,"Anderson, Strickland and Johnson",India,Private Limited,Sports,2024-02-23,6654455.0
S106213,Williams LLC,Singapore,Private Limited,Home,2026-02-21,719504.0
S106214,"Reynolds, Torres and Hickman",USA,Sole Proprietor,Books,2025-01-19,9356035.0
S106215,Cummings and Sons,Germany,LLP,Automotive,2025-11-21,403022.0
S106216,"Brown, Johnson and Merritt",Australia,Partnership,Sports,2025-01-11,258835.0
S106217,Rodriguez-Maxwell,USA,Partnership,Books,2022-11-19,5719795.0
S106218,Gross Group,India,Partnership,Books,2025-11-18,7387169.0
S106219,Garrison-Lin,Australia,Sole Proprietor,Fashion,2023-02-22,4021670.0
S106220,"Mann, Myers and Rivera",UK,Partnership,Fashion,2023-02-14,981030.0
S106221,Burton-Franco,USA,Sole Proprietor,Beauty,2023-09-07,4473264.0
S106222,Peters Group,Singapore,Individual,Sports,2024-11-04,946268.0
S106223,Livingston PLC,Singapore,Partnership,Beauty,2022-03-29,8532377.0
S106224,Blackburn LLC,Australia,Sole Proprietor,Sports,2024-09-16,764040.0
S106225,"Ward, Evans and Green",Canada,Private Limited,Electronics,2025-10-23,2021062.0
S106226,Sanders-Walker,Canada,Sole Proprietor,Electronics,2025-01-12,4783649.0
S106227,Walker PLC,Singapore,Private Limited,Electronics,2022-07-08,3400278.0
S106228,"Watson, Dyer and Phillips",Australia,Private Limited,Home,2024-03-09,6401389.0
S106229,Lee Group,India,Individual,Books,2025-01-05,4675093.0
S106230,Cantu Ltd,Canada,LLP,Sports,2022-04-07,5803078.0
S106231,Johnson and Sons,USA,Partnership,Fashion,2023-01-17,2051603.0
S106232,Collins LLC,India,Sole Proprietor,Automotive,2024-04-05,592718.0
S106233,Baker and Sons,UK,Partnership,Home,2025-11-01,2716440.0
S106234,"Rodriguez, Turner and Alvarado",USA,Individual,Books,2023-04-08,7941729.0
S106235,"Riley, Gordon and Steele",Australia,Individual,Beauty,2024-09-04,4624086.0
S106236,"Foster, Underwood and Guerra",UK,LLP,Books,2024-09-10,1001354.0
S106237,Arnold Ltd,Singapore,Sole Proprietor,Automotive,2025-10-22,2358320.0
S106238,Page-Prince,Australia,Private Limited,Electronics,2024-06-27,1115746.0
S106239,"Dalton, James and Aguilar",UK,Partnership,Automotive,2022-05-31,9651515.0
S106240,Hernandez Ltd,UK,Private Limited,Sports,2023-07-12,7116975.0
S106241,Lucas Group,Singapore,Partnership,Home,2024-03-04,6898024.0
S106242,Small-Brown,USA,Partnership,Fashion,2023-05-24,5531399.0
S106243,Lopez-Johnson,Australia,Sole Proprietor,Beauty,2022-01-06,6145197.0
S106244,Skinner Inc,USA,Individual,Fashion,2026-03-15,6498613.0
S106245,Perez LLC,India,Sole Proprietor,Books,2022-02-03,2226673.0
S106246,Martin PLC,india,Partnership,Home,2025-02-11,7573312.0
S106247,"Blackburn, Henderson and Morgan",India,Private Limited,Beauty,2024-11-24,6782441.0
S106248,Walton-Blair,India,LLP,Home,2022-04-17,6649665.0
S106249,Gonzalez and Sons,USA,Individual,Beauty,2024-03-21,4054822.0
S106250,"Mcknight, Hanson and Hall",Germany,Individual,Books,2022-04-01,2218718.0
S106251,Smith LLC,Australia,Sole Proprietor,Automotive,2022-06-29,7246331.0
S106252,Berry-Rodriguez,UK,Individual,Sports,2025-01-21,9911116.0
S106253,Rich and Sons,India,Individual,Home,2023-03-20,9892213.0
S106254,Robinson LLC,India,Sole Proprietor,Electronics,2022-12-04,1034860.0
S106255,Mcdonald-Jones,Singapore,Private Limited,Automotive,2022-03-01,2451866.0
S106256,"Martinez, Santana and Logan",UK,Private Limited,Electronics,2025-05-30,4450534.0
S106257,Cantu-Smith,UK,Private Limited,Automotive,2023-02-14,7768660.0
S106258,Thomas-Mendoza,Singapore,LLP,Sports,2024-08-15,6201669.0
S106259,"Reed, Cervantes and Wright",USA,Individual,Sports,2025-08-22,3181852.0
S106260,"Brown, Ramirez and Wood",Germany,Individual,Electronics,2025-06-30,8999741.0
S106261,Miller and Sons,Germany,Individual,Fashion,2024-08-07,5902176.0
S106262,Navarro PLC,Singapore,Partnership,Books,2025-09-16,5446907.0
S106263,Cabrera-Jackson,UK,LLP,Automotive,2025-04-24,2349522.0
S106264,Robinson Ltd,India,LLP,Books,2026-03-11,9392172.0
S106265,Williams PLC,Canada,LLP,Automotive,2023-08-08,5576040.0
S106266,Ellis-Potts,USA,Sole Proprietor,Electronics,2022-09-12,9402256.0
S106267,"Pacheco, Robles and Lowery",India,Sole Proprietor,Electronics,2026-01-11,9244317.0
S106268,Davis Ltd,Canada,Partnership,Books,2025-07-12,5928585.0
S106269,Rosario Ltd,Canada,Private Limited,Books,2023-08-03,5589355.0
S106270,Carter LLC,Germany,Partnership,Fashion,2022-12-10,6274257.0
S106271,Gonzales Ltd,USA,Individual,Beauty,2025-06-16,8355419.0
S106272,Hendricks-Green,India,LLP,Automotive,2024-04-14,6423432.0
S106273,"Ford, Parsons and Garcia",India,Private Limited,Home,2024-04-16,1770485.0
S106274,May-Vazquez,Singapore,Partnership,Home,2022-10-13,5244174.0
S106275,Summers-Gutierrez,Canada,Partnership,Electronics,2024-07-05,225909.0
S106276,"Buchanan, Burke and Atkins",UK,Partnership,Home,2025-08-04,2638109.0
S106277,Williams-Ward,Singapore,Partnership,Beauty,2022-02-02,2249188.0
S106278,"Perez, Brennan and Alexander",USA,LLP,Home,2022-05-09,6189999.0
S106279,"Harrison, Hernandez and Wagner",Canada,LLP,Electronics,2022-05-26,6332376.0
S106280,White LLC,USA,Individual,Electronics,2024-06-22,3915461.0
S106281,"Williams, Sosa and Casey",Australia,Individual,Beauty,2024-10-14,1625202.0
S106282,Cruz-Chang,UK,Partnership,Electronics,2023-12-12,8884199.0
S106283,Marquez-Melendez,Germany,Sole Proprietor,Electronics,2024-02-04,2213397.0
S106284,"Stevenson, Valentine and Washington",USA,LLP,Books,2022-06-03,3559606.0
S106285,"Lopez, Berry and Shepard",USA,Sole Proprietor,Books,2023-09-22,7471194.0
S106286,Garcia Inc,Canada,LLP,Electronics,2025-12-24,6347767.0
S106287,Krause Inc,UK,LLP,Fashion,2022-07-18,5416594.0
S106288,"Ellis, Palmer and Young",Australia,Partnership,Sports,2022-04-22,5407265.0
S106289,Haas-Tran,Australia,Partnership,Electronics,2025-03-18,1391370.0
S106290,"Mendez, Caldwell and Macdonald",Singapore,Sole Proprietor,Automotive,2025-03-24,8967377.0
S106291,Gibson Inc,Germany,Partnership,Automotive,2023-09-08,6838325.0
S106292,Carter-Johnson,Canada,Private Limited,Beauty,2023-11-08,6565318.0
S106293,"Cantu, George and Gomez",India,Sole Proprietor,Fashion,2023-02-03,5456778.0
S106294,"Bonilla, Williamson and Benson",Australia,Sole Proprietor,Beauty,2023-06-25,9437962.0
S106295,George Ltd,Germany,Partnership,Sports,2022-01-15,6328962.0
S106296,Snyder and Sons,Australia,Partnership,Electronics,2026-05-01,3166123.0
S106297,Thomas Group,USA,Partnership,Home,2024-08-28,1538175.0
S106298,Goodman-Wright,Canada,LLP,Fashion,2022-01-13,1732110.0
S106299,"Gibson, Martin and Ward",Canada,Private Limited,Fashion,2022-02-22,6087796.0
S106300,Hernandez-Rodriguez,Germany,Partnership,Fashion,2023-03-21,3231861.0
S106301,Bennett LLC,Singapore,Private Limited,Automotive,2025-12-17,8087259.0
S106302,"Cochran, Garza and Lucas",USA,Private Limited,Fashion,2025-03-04,6842633.0
S106303,Stout Ltd,UK,LLP,Electronics,2023-01-17,9456498.0
S106304,"Smith, Ryan and Gonzalez",USA,LLP,Fashion,2026-04-12,2799208.0
S106305,Phillips-Ramos,Singapore,Partnership,Home,2024-07-31,6359274.0
S106306,Torres PLC,Canada,Sole Proprietor,Automotive,2023-01-18,4383341.0
S106307,Romero-Carpenter,USA,Partnership,Beauty,2023-04-30,2725188.0
S106308,Smith-Marshall,USA,Sole Proprietor,Home,2023-11-24,2410409.0
S106309,Smith LLC,India,Private Limited,Fashion,2025-11-05,3109508.0
S106310,"Vega, Cannon and Cohen",India,Sole Proprietor,Electronics,2023-05-30,52231.0
S106311,Salazar LLC,India,Partnership,Sports,2023-01-22,3874419.0
S106312,French Group,Singapore,Private Limited,Sports,2023-07-26,4971346.0
S106313,Scott-Miles,USA,Private Limited,Books,2024-10-10,1234506.0
S106314,Sanders Ltd,Canada,Sole Proprietor,Sports,2022-11-02,202551.0
S106315,"Clark, Meza and Harper",Singapore,Partnership,Books,2023-10-20,1461026.0
S106316,Gutierrez-Adams,UK,LLP,Automotive,2023-12-02,2177983.0
S106317,Morse-Wells,INDIA,Individual,Beauty,2023-10-25,7371870.0
S106318,Moore LLC,Canada,Sole Proprietor,Sports,2022-05-23,3434627.0
S106319,"Hernandez, Barnes and Blackwell",Canada,Private Limited,Electronics,2022-03-02,113420.0
S106320,Daniels-Thomas,Australia,Partnership,Home,2023-08-06,4174760.0
S106321,"Anderson, Valdez and Armstrong",USA,Private Limited,Fashion,2026-05-04,7306078.0
S106322,Hernandez LLC,Australia,Private Limited,Fashion,2024-10-06,7589686.0
S106323,Jones Group,Germany,Partnership,Fashion,2023-02-22,
S106324,Williams PLC,Germany,Sole Proprietor,Automotive,2022-03-11,6734475.0
S106325,Stewart-Ortega,Germany,LLP,Automotive,2024-09-06,524411.0
S106326,"Morales, Graham and Ford",Singapore,Partnership,Electronics,2023-03-01,9420271.0
S106327,"Burnett, Brewer and Jackson",UK,Individual,Fashion,2024-02-15,629706.0
S106328,"Sharp, Beck and Finley",UK,Sole Proprietor,Books,2022-12-14,8496042.0
S106329,Reynolds Inc,Singapore,LLP,Fashion,2025-07-14,4876200.0
S106330,Alvarado-Hanson,India,Individual,Automotive,2024-08-26,5041409.0
S106331,Lucas PLC,Australia,Individual,Fashion,2024-10-12,4584019.0
S106332,Davis-Harris,India,Partnership,Beauty,2026-05-20,6204283.0
S106333,Walker PLC,Canada,Private Limited,Beauty,2024-07-17,7100591.0
S106334,Williams PLC,USA,LLP,Sports,2022-01-05,7259168.0
S106335,"York, Walker and Foley",Singapore,Private Limited,Electronics,2022-03-23,4162267.0
S106336,Fuentes Inc,Australia,Partnership,Fashion,2026-07-07,8578809.0
S106337,Jefferson Inc,Australia,LLP,Automotive,2026-06-14,6820277.0
S106338,Casey LLC,Singapore,LLP,Beauty,2026-02-01,1240742.0
S106339,"Phillips, Bates and Stephenson",UK,Sole Proprietor,Beauty,2023-07-02,5335851.0
S106340,"Watson, Hernandez and Graham",Canada,Partnership,Automotive,2025-04-15,3554186.0
S106341,Nichols-Esparza,India,Sole Proprietor,Fashion,2025-04-17,9625309.0
S106342,English-Garcia,Australia,Partnership,Automotive,2025-03-22,9137940.0
S106343,"Rodriguez, Murphy and Hawkins",Australia,LLP,Home,2025-05-10,1348335.0
S106344,Price LLC,UK,Sole Proprietor,Automotive,2024-11-02,7218054.0
S106345,Hood Ltd,India,Sole Proprietor,Automotive,2025-06-24,5334723.0
S106346,Williams Group,Singapore,LLP,Electronics,2023-08-01,3531895.0
S106347,Hudson PLC,USA,Partnership,Home,2024-06-12,5026103.0
S106348,Ramos-Warren,USA,Private Limited,Fashion,2026-03-07,3781785.0
S106349,Decker PLC,Canada,LLP,Beauty,2022-07-27,2243827.0
S106350,Parsons-Moyer,India,Private Limited,Automotive,2025-01-27,9876815.0
S106351,"Morales, Bautista and Ross",Australia,Sole Proprietor,Home,2025-08-26,1302080.0
S106352,Hampton-Wilson,Australia,Individual,Books,2025-06-15,4887150.0
S106353,Ramsey-Robinson,Canada,LLP,Fashion,2023-05-31,323194.0
S106354,"White, Bishop and Espinoza",India,Individual,Fashion,2025-11-03,7606961.0
S106355,Stokes-White,Germany,Private Limited,Fashion,2023-01-31,9975038.0
S106356,White LLC,Canada,LLP,Beauty,2023-09-07,2946166.0
S106357,"Brown, Mitchell and Carr",Singapore,Private Limited,Books,2024-03-25,7785892.0
S106358,"Robinson, Kaufman and Campbell",Australia,Sole Proprietor,Automotive,2024-10-03,1127331.0
S106359,Pace-Stark,Singapore,Sole Proprietor,Home,2024-10-23,8880779.0
S106360,"Barton, Graves and Rodriguez",USA,Private Limited,Fashion,2024-07-11,8872459.0
S106361,Huffman-Griffin,Australia,Sole Proprietor,Automotive,2024-09-16,1019866.0
S106362,Chapman-Wheeler,UK,Sole Proprietor,Home,2023-08-18,1180659.0
S106363,"Ramirez, Vazquez and Davis",Germany,Sole Proprietor,Electronics,2024-02-27,1342432.0
S106364,Palmer and Sons,Australia,Private Limited,Automotive,2026-01-21,4335200.0
S106365,Moss Inc,Canada,LLP,Beauty,2023-09-19,7893996.0
S106366,Robinson Group,Australia,Sole Proprietor,Sports,2025-01-03,4596937.0
S106367,Ortiz-Mclaughlin,Germany,Individual,Home,2025-10-23,5495335.0
S106368,"Jackson, Smith and Smith",Canada,Partnership,Automotive,2024-06-27,4568767.0
S106369,Adkins PLC,Canada,Partnership,Fashion,2025-10-21,9136148.0
S106370,Lee-Foster,USA,Individual,Home,2025-06-25,7512069.0
S106371,Smith Ltd,USA,Private Limited,Beauty,2026-07-05,2052028.0
S106372,Nguyen and Sons,India,Sole Proprietor,Electronics,2025-03-21,2410703.0
S106373,Sanchez-Moreno,Germany,Individual,Beauty,2024-03-31,2271445.0
S106374,Pierce Inc,India,Individual,Beauty,2023-10-23,6028202.0
S106375,Tran-Martin,UK,Partnership,Automotive,2024-11-03,6867455.0
S106376,Kirby-Gilbert,UK,LLP,Beauty,2025-09-24,8820096.0
S106377,"Osborne, Saunders and Brown",Germany,LLP,Books,2026-03-20,6064194.0
S106378,Sanders-Terry,Germany,LLP,Electronics,2022-12-19,4324259.0
S106379,Carson Group,Germany,Partnership,Books,2022-01-12,164900.0
S106380,Hodge and Sons,India,Partnership,Sports,2024-07-03,5713627.0
S106381,"Haney, Clark and Wiggins",Canada,Partnership,Home,2024-12-23,2277887.0
S106382,"Orozco, Nunez and Andrade",UK,Individual,Books,2022-05-27,7007900.0
S106383,Lewis Group,Germany,LLP,Books,2023-10-28,1836964.0
S106384,Mccullough-Miller,USA,Private Limited,Books,2023-09-12,4412279.0
S106385,Reid-Ware,India,Sole Proprietor,Sports,2025-06-06,7974037.0
S106386,"Gentry, Brady and Tate",INDIA,Individual,Fashion,2026-06-30,
S106387,Sanders Inc,USA,Sole Proprietor,Beauty,2024-12-30,7193748.0
S106388,Hamilton LLC,India,Sole Proprietor,Home,2023-04-23,5389808.0
S106389,Smith Inc,Singapore,Partnership,Home,2022-03-27,1115738.0
S106390,Moore PLC,Germany,Individual,Fashion,2024-04-16,3304542.0
S106391,Harris and Sons,India,Sole Proprietor,Books,2026-07-17,4542622.0
S106392,"Lynch, Garcia and Fernandez",USA,Private Limited,Sports,2025-08-09,6948996.0
S106393,"Simon, Walker and Hurst",India,Private Limited,Electronics,2026-06-21,5633198.0
S106394,Mclaughlin-Chandler,Australia,Individual,Sports,2025-06-06,9020343.0
S106395,Rice LLC,USA,Individual,Sports,2026-05-11,4713680.0
S106396,"Pace, Doyle and Graves",Australia,Individual,Fashion,2023-07-06,9753713.0
S106397,Cisneros-Olson,India,Sole Proprietor,Home,2024-06-06,1160878.0
S106398,Davis-Williams,Singapore,Sole Proprietor,Beauty,2025-05-06,8183442.0
S106399,"Cummings, Petersen and Jackson",Singapore,Sole Proprietor,Beauty,2022-10-04,4625750.0
S106400,"Nolan, Medina and Garcia",UK,Private Limited,Sports,2023-07-05,1887371.0
S106401,"Li, Wright and Jones",USA,LLP,Beauty,2025-06-02,4584911.0
S106402,Mcdonald Group,Canada,Individual,Books,2023-10-13,758625.0
S106403,Wilson-Hull,Germany,Private Limited,Books,2026-03-24,6385761.0
S106404,"Rodriguez, Booker and Barnes",Singapore,Partnership,Books,2024-11-09,287577.0
S106405,"Day, Weaver and Evans",Canada,LLP,Beauty,2025-08-04,3787494.0
S106406,"Jimenez, Navarro and Smith",Canada,LLP,Automotive,2022-02-08,5700270.0
S106407,"Short, Hernandez and Myers",Canada,Sole Proprietor,Electronics,2022-10-15,7301052.0
S106408,Dominguez-Short,India,Private Limited,Automotive,2025-06-17,4260656.0
S106409,"Cruz, Jackson and Kane",UK,Private Limited,Automotive,2026-07-15,793148.0
S106410,"Gallegos, Taylor and West",Singapore,Private Limited,Electronics,2023-12-26,8949410.0
S106411,Jensen-Watkins,Canada,Private Limited,Books,2024-12-02,4753772.0
S106412,Cooper and Sons,Canada,Individual,Beauty,2023-01-27,5287492.0
S106413,"Nelson, Graham and Fields",USA,Individual,Fashion,2022-07-17,9504319.0
S106414,Rojas-Tanner,Australia,Partnership,Automotive,2024-07-30,7954836.0
S106415,"Hensley, Johnson and Adams",UK,Sole Proprietor,Beauty,2024-07-31,6132985.0
S106416,Thomas-Williamson,Canada,LLP,Electronics,2025-09-06,5230176.0
S106417,Garza-Shea,India,Sole Proprietor,Beauty,2026-02-20,4534630.0
S106418,Duran PLC,Australia,Sole Proprietor,Automotive,2022-11-22,3430048.0
S106419,"Sanders, Smith and Smith",India,Sole Proprietor,Sports,2026-03-26,2216549.0
S106420,"Ellis, Parks and Jimenez",Singapore,Sole Proprietor,Books,2026-05-31,8774147.0
S106421,"Bell, Williamson and Duncan",Singapore,Partnership,Automotive,2024-11-19,4688123.0
S106422,Hill-Mckay,India,Sole Proprietor,Beauty,2022-11-22,4155260.0
S106423,Lang PLC,Australia,Private Limited,Fashion,2024-05-29,572240.0
S106424,Rodriguez-Murray,Australia,LLP,Automotive,2025-01-28,6370713.0
S106425,Combs-Stone,Australia,Sole Proprietor,Home,2023-07-28,
S106426,"Cooper, Ross and Perkins",Germany,Partnership,Home,2024-09-11,4957932.0
S106427,"Rodriguez, James and Frank",Canada,Private Limited,Electronics,2024-06-27,3279107.0
S106428,"Johnson, Roberts and Smith",Australia,Individual,Beauty,2024-04-05,3099985.0
S106429,"Jackson, Bowman and Drake",Singapore,Sole Proprietor,Fashion,2025-09-07,1500419.0
S106430,Murphy and Sons,UK,Individual,Home,2024-12-20,1565453.0
S106431,Houston Inc,Germany,Sole Proprietor,Sports,2022-11-03,4997618.0
S106432,Ross Group,Singapore,Private Limited,Beauty,2024-01-11,5752336.0
S106433,Sanders LLC,Canada,LLP,Beauty,2025-06-29,9256654.0
S106434,"Guzman, Brown and Larsen",Canada,Individual,Beauty,2022-11-09,4002151.0
S106435,Nelson LLC,USA,Partnership,Automotive,2022-10-23,3742054.0
S106436,Meyer-Carrillo,Australia,Partnership,Electronics,2024-07-11,8482009.0
S106437,Hawkins PLC,Canada,Individual,Fashion,2022-12-17,3875188.0
S106438,"Peters, Golden and Ballard",Germany,Sole Proprietor,Electronics,2022-03-15,7237582.0
S106439,Olson-Estrada,UK,LLP,Home,2026-06-26,9145815.0
S106440,"Arnold, Montgomery and Doyle",Australia,Partnership,Electronics,2025-10-06,9314197.0
S106441,Whitaker-Paul,UK,Partnership,Beauty,2025-04-04,5468382.0
S106442,Tran Group,Australia,LLP,Electronics,2025-07-08,7518713.0
S106443,Smith Group,Germany,Partnership,Books,2023-10-05,3447806.0
S106444,Herman-Williams,Canada,Sole Proprietor,Electronics,2025-01-20,9122898.0
S106445,Williams LLC,Canada,Individual,Home,2024-07-15,3575412.0
S106446,"Myers, Shelton and Garcia",Germany,Sole Proprietor,Electronics,2023-12-24,9834229.0
S106447,"Kelly, Harris and Pruitt",India,LLP,Beauty,2025-05-18,1024389.0
S106448,Hughes-Davis,Canada,Sole Proprietor,Books,2024-01-27,8605168.0
S106449,Saunders-Lee,Canada,Partnership,Fashion,2024-04-09,9276262.0
S106450,Irwin-Ortega,USA,Sole Proprietor,Books,2025-02-01,8635344.0
S106451,Reynolds-Hudson,Germany,Partnership,Fashion,2024-12-11,433428.0
S106452,"Juarez, Sloan and Gaines",Singapore,Private Limited,Electronics,2025-11-04,8086062.0
S106453,"Wilson, Kennedy and Perry",Germany,Individual,Fashion,2023-05-03,6746594.0
S106454,"Lara, Johnson and Welch",Australia,Individual,Fashion,2022-08-23,517368.0
S106455,Patterson Ltd,Australia,LLP,Automotive,2022-06-30,9230191.0
S106456,Williams LLC,Singapore,Sole Proprietor,Electronics,2022-11-13,9563896.0
S106457,Turner-Novak,Australia,Sole Proprietor,Sports,2025-08-11,6542221.0
S106458,Guzman Inc,Singapore,Individual,Sports,2026-04-20,2295044.0
S106459,Webb-Ortega,Singapore,Individual,Automotive,2024-09-27,
S106460,Hansen-Hickman,Germany,Partnership,Automotive,2026-04-07,664850.0
S106461,Martin-Case,Singapore,Individual,Electronics,2024-07-20,9883736.0
S106462,Thomas-Strickland,USA,Private Limited,Beauty,2026-05-16,2511797.0
S106463,Morris LLC,Canada,Sole Proprietor,Fashion,2024-03-04,9332485.0
S106464,"Harper, Brennan and Taylor",Canada,Private Limited,Fashion,2023-07-17,8629547.0
S106465,Tate-Lopez,Australia,Partnership,Automotive,2023-09-15,7668893.0
S106466,Martinez Inc,India,Private Limited,Automotive,2023-10-10,792202.0
S106467,Young-Frederick,Germany,Partnership,Books,2024-07-31,8623702.0
S106468,"Keller, Gonzales and Johnson",Canada,Partnership,Home,2024-11-28,3829679.0
S106469,Parker-Lester,USA,LLP,Books,2025-11-15,7534166.0
S106470,Weaver-Cohen,India,Partnership,Beauty,2023-04-29,1753916.0
S106471,Watson-Walker,Singapore,Private Limited,Home,2026-07-08,3707775.0
S106472,Nguyen-Davis,India,LLP,Books,2023-11-28,766522.0
S106473,Ferguson LLC,Australia,LLP,Beauty,2025-10-16,599194.0
S106474,Burns Inc,UK,Private Limited,Automotive,2022-07-11,8854642.0
S106475,Roberts Ltd,Germany,Sole Proprietor,Sports,2025-10-15,3785341.0
S106476,Robinson-Martin,Canada,LLP,Automotive,2023-07-28,4469244.0
S106477,"Brown, Figueroa and Foster",India,LLP,Books,2024-11-08,9065990.0
S106478,"Lopez, Davis and Melton",USA,Individual,Electronics,2023-09-30,1121919.0
S106479,"Maxwell, Young and Maxwell",UK,Partnership,Electronics,2025-08-27,1768032.0
S106480,Schultz Group,Singapore,Private Limited,Fashion,2025-08-20,5464076.0
S106481,Moore-Barton,Singapore,Individual,Fashion,2024-03-31,9038463.0
S106482,"Day, Dennis and Williamson",Germany,Individual,Books,2025-07-09,6652571.0
S106483,"Morris, Leonard and Spencer",Singapore,Sole Proprietor,Sports,2022-06-02,678717.0
S106484,White Ltd,Canada,Partnership,Home,2024-07-11,7539494.0
S106485,Jackson-Skinner,Canada,Individual,Home,2022-10-19,3944340.0
S106486,Marquez LLC,Australia,LLP,Home,2026-05-13,4529677.0
S106487,Sullivan PLC,UK,Partnership,Sports,2023-08-21,4469195.0
S106488,Burns-Mendez,Germany,Partnership,Sports,2026-07-18,4973181.0
S106489,Jones-Rogers,India,Private Limited,Home,2026-05-01,7151098.0
S106490,Rice Ltd,Australia,Partnership,Books,2026-07-26,413209.0
S106491,Cox PLC,INDIA,Partnership,Fashion,2022-10-03,5406931.0
S106492,Green Group,Germany,Private Limited,Home,2024-10-18,8539806.0
S106493,Adams-Hall,Australia,Private Limited,Home,2022-09-01,6007039.0
S106494,Fowler-Kelly,Canada,Partnership,Books,2024-07-16,2737155.0
S106495,Evans PLC,Canada,Private Limited,Automotive,2024-06-18,3967839.0
S106496,"Paul, Oconnor and Rodriguez",India,Sole Proprietor,Beauty,2025-02-19,3545991.0
S106497,Wilson-Carpenter,Australia,Individual,Fashion,2025-03-02,1538612.0
S106498,"Shaffer, Duncan and Gonzalez",UK,Sole Proprietor,Books,2025-12-15,5155303.0
S106499,Boone-Morrison,Australia,Private Limited,Home,2023-04-10,3852373.0
S106500,Cook Group,USA,LLP,Electronics,2024-02-09,6305356.0
S106501,"Ferguson, Walker and Martinez",India,Sole Proprietor,Books,2025-07-07,4316269.0
S106502,Fisher Inc,Canada,Private Limited,Sports,2024-06-05,6577363.0
S106503,"Harris, Petersen and Boyd",India,Partnership,Fashion,2023-09-07,4942856.0
S106504,"Baird, Simmons and Johnson",Singapore,Partnership,Home,2024-08-22,4321615.0
S106505,Hunter-Preston,Germany,Private Limited,Automotive,2022-09-08,5844463.0
S106506,"Jones, Bauer and Castillo",Australia,Sole Proprietor,Books,2025-01-20,4805257.0
S106507,Gonzalez-Mitchell,Australia,Individual,Automotive,2024-09-24,4541844.0
S106508,"Graham, Stewart and Brown",Australia,Sole Proprietor,Electronics,2024-05-19,1117735.0
S106509,Martinez Ltd,Germany,Individual,Books,2022-01-27,2760559.0
S106510,Ortiz-Decker,USA,Individual,Sports,2025-09-22,1627785.0
S106511,House Ltd,Germany,Sole Proprietor,Sports,2022-05-28,
S106512,Webb PLC,India,Private Limited,Home,2026-04-13,5080679.0
S106513,Garcia PLC,Singapore,LLP,Automotive,2024-09-09,6536138.0
S106514,Kelly Ltd,Australia,Individual,Automotive,2025-04-24,4330631.0
S106515,Lopez-Ramirez,Singapore,Sole Proprietor,Fashion,2025-11-22,8218044.0
S106516,Crawford-Moss,Singapore,Partnership,Books,2022-02-22,2205226.0
S106517,Newton-Mahoney,Canada,Private Limited,Sports,2024-04-09,4892164.0
S106518,"Lamb, Chapman and Brown",Australia,Private Limited,Fashion,2026-04-28,531032.0
S106519,Walker-Cervantes,Singapore,Private Limited,Beauty,2025-07-23,5886472.0
S106520,Matthews PLC,Australia,Individual,Sports,2026-01-26,9867062.0
S106521,Oneal-Soto,Germany,Private Limited,Electronics,2025-02-16,3214310.0
S106522,Green-Escobar,Germany,Partnership,Beauty,2024-07-30,2115514.0
S106523,Lynch PLC,Canada,Partnership,Beauty,2024-04-27,7356601.0
S106524,"Tyler, Norris and Rodriguez",India,Individual,Fashion,2023-10-04,6662845.0
S106525,"Larson, Peterson and Perez",USA,LLP,Fashion,2026-07-20,588072.0
S106526,Schmidt and Sons,USA,Private Limited,Fashion,2025-10-24,3744011.0
S106527,"Fletcher, Martin and Padilla",UK,Sole Proprietor,Sports,2025-01-19,714676.0
S106528,"Wheeler, Alvarado and Roberts",India,Private Limited,Automotive,2024-06-15,7153082.0
S106529,Jackson-Phillips,Canada,Private Limited,Beauty,2024-09-26,6057642.0
S106530,Fitzgerald-Robertson,Canada,Individual,Electronics,2024-08-29,7638997.0
S106531,"Evans, Potter and Santana",Canada,Individual,Books,2022-11-03,5157472.0
S106532,"Gilbert, Ellis and Wood",UK,Partnership,Electronics,2023-07-16,4978570.0
S106533,Hoffman LLC,India,Sole Proprietor,Fashion,2023-03-09,4165673.0
S106534,Murphy-Mckinney,Singapore,LLP,Electronics,2024-07-26,5151036.0
S106535,Webster-Martinez,Singapore,Partnership,Books,2024-06-08,5203455.0
S106536,"Harmon, Kirby and Williams",USA,Partnership,Home,2022-04-18,1896226.0
S106537,Jones Ltd,Canada,Partnership,Fashion,2024-09-29,2201521.0
S106538,"Ford, Ryan and Guerrero",Germany,Private Limited,Electronics,2025-03-08,9857230.0
S106539,"Singleton, Roberson and Wilkins",Singapore,LLP,Automotive,2025-08-09,6448699.0
S106540,Rice-Lopez,Canada,LLP,Books,2025-04-08,2699973.0
S106541,"Solomon, Hayes and Miller",INDIA,Private Limited,Beauty,2025-11-04,7409688.0
S106542,Howe PLC,Germany,LLP,Home,2022-07-09,5060189.0
S106543,"Evans, Sheppard and Schaefer",Canada,Individual,Electronics,2023-03-20,9236752.0
S106544,Tyler and Sons,UK,Individual,Fashion,2026-03-02,5662357.0
S106545,Crawford-Russo,UK,Individual,Automotive,2026-01-18,3544463.0
S106546,"Cooley, Hendrix and Garcia",Singapore,LLP,Home,2023-08-14,4341913.0
S106547,Barber Ltd,Canada,Partnership,Beauty,2022-10-16,3079427.0
S106548,Clark PLC,INDIA,Sole Proprietor,Fashion,2025-03-18,63314.0
S106549,Walton-Sweeney,UK,Partnership,Home,2023-05-09,3966224.0
S106550,Rowe PLC,India,LLP,Books,2023-07-20,6391293.0
S106551,Lynch Group,Australia,Individual,Books,2025-11-07,8140002.0
S106552,"Miller, Landry and Rogers",UK,Sole Proprietor,Home,2023-02-10,2546733.0
S106553,Clay Inc,UK,Individual,Electronics,2023-06-18,9921046.0
S106554,"Norton, Douglas and Delacruz",Germany,Sole Proprietor,Sports,2024-08-13,9942608.0
S106555,"Berry, Singleton and Whitaker",Singapore,LLP,Fashion,2022-05-11,2298366.0
S106556,Mcdonald-Williams,Singapore,Individual,Books,2022-01-29,9833849.0
S106557,Hernandez-Hensley,UK,LLP,Fashion,2024-06-21,8363900.0
S106558,Richards-Walker,Australia,Partnership,Beauty,2022-07-14,8670683.0
S106559,Davis-Calderon,USA,Individual,Automotive,2024-12-18,6324275.0
S106560,Garner-Ryan,Canada,Individual,Electronics,2022-07-24,9041137.0
S106561,Webster Group,Germany,Private Limited,Electronics,2023-10-02,3508294.0
S106562,"Smith, Huff and Flores",Canada,Individual,Books,2022-07-08,1139225.0
S106563,Nunez Inc,UK,Private Limited,Beauty,2024-09-12,9023473.0
S106564,"Garner, Martinez and Allen",Germany,Private Limited,Automotive,2022-08-01,298003.0
S106565,"Miller, Wright and Mathews",Germany,Sole Proprietor,Electronics,2025-01-28,7702215.0
S106566,Farrell Group,India,Individual,Sports,2025-10-07,6851301.0
S106567,Taylor-Cline,Australia,Sole Proprietor,Books,2024-05-16,5103168.0
S106568,Martinez-Cummings,USA,LLP,Home,2024-07-19,937163.0
S106569,Berry Ltd,Germany,Sole Proprietor,Automotive,2022-01-05,2445583.0
S106570,"Murphy, Nichols and Garcia",Singapore,Partnership,Home,2025-03-30,3370590.0
S106571,"Love, Williams and Murphy",USA,Individual,Books,2023-06-24,3056575.0
S106572,Evans Ltd,Australia,Private Limited,Electronics,2024-04-07,607680.0
S106573,Clark-Jones,India,Private Limited,Fashion,2022-04-22,3154111.0
S106574,Cantu-Pope,Canada,Partnership,Home,2023-11-18,5672669.0
S106575,"Crawford, Gray and Morales",Australia,Individual,Automotive,2023-10-31,2367024.0
S106576,Miller-Vaughn,USA,LLP,Automotive,2022-07-15,1657888.0
S106577,"Le, Morales and Sanchez",UK,Private Limited,Electronics,2024-04-06,6909493.0
S106578,Allen-Montgomery,Germany,Individual,Electronics,2023-10-08,1314798.0
S106579,"Smith, Cook and Morris",UK,LLP,Automotive,2025-04-20,9552444.0
S106580,Davis-Chen,USA,Individual,Electronics,2024-04-02,7170500.0
S106581,Cole-Sanchez,USA,Private Limited,Home,2026-02-24,8762522.0
S106582,"Cook, Cruz and Bennett",USA,Private Limited,Fashion,2022-10-07,4711974.0
S106583,"Freeman, Lopez and Reed",India,Individual,Books,2023-04-21,9900007.0
S106584,Garcia LLC,USA,Private Limited,Automotive,2022-12-27,841742.0
S106585,Long Ltd,UK,Partnership,Fashion,2025-09-03,511898.0
S106586,"Williams, Anderson and Romero",India,Sole Proprietor,Home,2022-04-05,1317110.0
S106587,Ruiz and Sons,India,Private Limited,Books,2024-12-30,5196365.0
S106588,Johnson-Moore,USA,Private Limited,Sports,2022-07-26,3278659.0
S106589,"Fisher, Cannon and Gray",USA,Private Limited,Books,2023-01-07,8724209.0
S106590,Cooper and Sons,Germany,Individual,Home,2023-03-16,2706233.0
S106591,Thompson-Miller,USA,Sole Proprietor,Books,2023-11-19,6957522.0
S106592,Scott-Montoya,Australia,LLP,Books,2022-09-16,3683581.0
S106593,"Gutierrez, Johnson and Garcia",UK,Private Limited,Sports,2024-03-29,5056338.0
S106594,"Murray, Rush and Walters",Singapore,LLP,Sports,2024-06-25,7233950.0
S106595,Cook Ltd,Singapore,Individual,Fashion,2023-06-25,9842019.0
S106596,Ortiz-Baker,Canada,Partnership,Beauty,2023-01-31,4539963.0
S106597,Richmond-Johnson,USA,Individual,Automotive,2026-07-18,9836875.0
S106598,"Castro, Smith and Henry",UK,Private Limited,Beauty,2026-03-17,7663786.0
S106599,Smith and Sons,Australia,Partnership,Automotive,2023-05-12,4692723.0
S106600,Barnes-Henderson,Australia,Sole Proprietor,Sports,2025-07-28,6098575.0
S106601,"Brennan, Baker and Green",USA,Sole Proprietor,Beauty,2023-04-21,6026235.0
S106602,Chavez-Rice,Germany,Individual,Books,2025-11-10,3029023.0
S106603,"Hall, Stewart and Lewis",Germany,Partnership,Books,2026-07-26,5628686.0
S106604,Johnston PLC,Canada,Individual,Books,2024-09-26,6594569.0
S106605,Barnes Group,USA,LLP,Home,2023-05-20,8621429.0
S106606,Neal-Valencia,India,Sole Proprietor,Beauty,2024-05-02,5085619.0
S106607,"Dalton, Sims and Holt",India,LLP,Beauty,2026-05-23,6248743.0
S106608,Hudson and Sons,USA,Private Limited,Beauty,2025-04-06,6272167.0
S106609,"Herrera, Garrison and Mays",USA,LLP,Beauty,2026-05-12,4593184.0
S106610,"Gibson, Nelson and Flores",Singapore,Partnership,Beauty,2026-01-13,5381476.0
S106611,Rodriguez-Mann,Australia,Private Limited,Books,2023-03-03,9465256.0
S106612,Medina-Orozco,Canada,Partnership,Fashion,2026-04-10,9723520.0
S106613,Singleton Inc,Canada,LLP,Automotive,2023-05-27,2635301.0
S106614,Adams-Gonzalez,UK,Private Limited,Automotive,2026-03-27,6563876.0
S106615,"Faulkner, Shaffer and Moyer",Germany,Sole Proprietor,Fashion,2023-09-02,1782377.0
S106616,Mccormick Group,UK,Partnership,Electronics,2022-11-17,7728370.0
S106617,Rowe-Cannon,Singapore,Partnership,Fashion,2026-03-06,9228014.0
S106618,Harris and Sons,USA,LLP,Books,2023-03-12,4858672.0
S106619,"Gordon, Mills and Brown",Germany,Sole Proprietor,Books,2024-10-21,7250209.0
S106620,Harris-Harrison,USA,Sole Proprietor,Electronics,2024-04-25,1748996.0
S106621,"Burgess, Nixon and Walker",Germany,Sole Proprietor,Fashion,2023-08-30,9537629.0
S106622,Lewis LLC,india,Sole Proprietor,Automotive,2023-04-30,9216718.0
S106623,Cole-Calderon,Singapore,Individual,Beauty,2022-07-16,5997265.0
S106624,Hall Inc,Singapore,Private Limited,Automotive,2024-10-21,1447582.0
S106625,"Smith, Gentry and Mcmahon",India,Partnership,Home,2024-11-21,3350652.0
S106626,Lee-Petersen,Australia,Partnership,Electronics,2022-03-01,4157786.0
S106627,Costa-Lopez,India,Partnership,Home,2023-03-03,8002128.0
S106628,Foster LLC,USA,Partnership,Electronics,2024-08-23,2835792.0
S106629,Cobb-Booker,Singapore,Individual,Electronics,2023-07-15,9047712.0
S106630,Jones-Boone,Canada,Partnership,Home,2024-09-14,9342739.0
S106631,Kline PLC,Australia,Individual,Sports,2022-10-14,6536029.0
S106632,Ramsey LLC,Australia,LLP,Sports,2023-03-02,2026769.0
S106633,Murray-Smith,USA,Individual,Books,2024-03-26,3346040.0
S106634,Jones-Brown,Canada,LLP,Home,2026-05-03,7465891.0
S106635,"Simpson, Vargas and Padilla",Germany,Private Limited,Books,2025-08-08,4713582.0
S106636,Cunningham and Sons,Singapore,Private Limited,Automotive,2025-03-30,2808975.0
S106637,Watson-Norman,Germany,LLP,Books,2026-03-18,6852481.0
S106638,"Day, Brown and Webb",USA,Private Limited,Sports,2022-08-11,7767678.0
S106639,"Collins, Blevins and Mclean",USA,Sole Proprietor,Home,2026-07-10,9925592.0
S106640,Christensen PLC,Australia,LLP,Electronics,2023-03-17,6683905.0
S106641,Johnson-Cross,Singapore,Sole Proprietor,Books,2024-11-01,1390899.0
S106642,"Wells, Garner and Bird",Australia,Individual,Fashion,2025-08-07,6989248.0
S106643,"Russell, White and Brooks",Australia,Partnership,Automotive,2023-08-22,9565314.0
S106644,Wilkinson-Leon,Germany,Individual,Sports,2024-04-19,7624876.0
S106645,Roberts LLC,Australia,Individual,Beauty,2025-10-28,9289278.0
S106646,"Brewer, Lewis and Barnes",INDIA,Private Limited,Books,2023-03-28,1911223.0
S106647,Ferguson PLC,India,Individual,Beauty,2022-08-09,2898909.0
S106648,Johnson LLC,UK,Sole Proprietor,Electronics,2022-08-21,6783570.0
S106649,Fox-Garcia,Singapore,Private Limited,Sports,2025-05-17,4615225.0
S106650,Lewis-Wells,Australia,Sole Proprietor,Electronics,2026-04-09,1414051.0
S106651,Payne Group,USA,Private Limited,Fashion,2023-07-12,4611672.0
S106652,"Delgado, Brown and Conrad",USA,Partnership,Automotive,2024-05-08,8137141.0
S106653,Johnson LLC,Australia,Private Limited,Automotive,2023-07-15,9000294.0
S106654,Myers Group,Singapore,Individual,Books,2022-04-04,9501474.0
S106655,"Taylor, Duncan and Gonzalez",Canada,LLP,Electronics,2026-01-31,1091468.0
S106656,"Silva, Smith and Marshall",India,Partnership,Beauty,2025-05-14,3682437.0
S106657,"Edwards, Brown and Simpson",India,Individual,Books,2025-01-19,1579090.0
S106658,Cook PLC,India,Partnership,Electronics,2023-08-03,9752967.0
S106659,Johnson Group,Australia,Sole Proprietor,Automotive,2025-09-08,1443146.0
S106660,Gilbert Inc,Singapore,Individual,Electronics,2023-10-01,2760352.0
S106661,Goodwin Inc,India,Private Limited,Sports,2025-02-24,7049942.0
S106662,"Hayes, Martin and Rodriguez",Singapore,Partnership,Electronics,2024-04-07,9181691.0
S106663,"Hess, Knight and Paul",India,Individual,Sports,2025-05-18,713631.0
S106664,Wilkerson-Rios,USA,LLP,Fashion,2022-09-07,3415042.0
S106665,Thomas-Wilson,UK,Sole Proprietor,Automotive,2023-11-06,5122816.0
S106666,Stewart-Weeks,Canada,LLP,Fashion,2022-05-03,3565327.0
S106667,Paul-Sparks,UK,Private Limited,Electronics,2024-05-21,1079842.0
S106668,Rodriguez-Jackson,Australia,Partnership,Sports,2025-10-06,1663437.0
S106669,Wells Inc,Germany,Sole Proprietor,Electronics,2023-02-25,9169175.0
S106670,Scott-Sanchez,Germany,Individual,Electronics,2023-10-26,8112331.0
S106671,Lucero and Sons,India,Individual,Home,2024-10-11,1996259.0
S106672,Malone LLC,USA,Private Limited,Home,2025-12-15,1690158.0
S106673,White and Sons,Canada,LLP,Home,2022-02-03,2320943.0
S106674,Wong Inc,UK,Partnership,Automotive,2022-01-09,2760727.0
S106675,Peterson and Sons,Canada,Sole Proprietor,Home,2025-09-03,1530839.0
S106676,"Nelson, Miller and Best",UK,Individual,Electronics,2022-09-29,9002619.0
S106677,"Cross, Aguilar and Torres",Germany,LLP,Books,2022-10-07,8179884.0
S106678,Salinas-Wells,Australia,Individual,Home,2025-05-29,3625673.0
S106679,Bennett Inc,Germany,Partnership,Home,2024-11-10,6232444.0
S106680,Craig Group,Germany,Partnership,Books,2024-05-27,3196102.0
S106681,"Garrett, Stewart and Walker",Canada,Individual,Fashion,2025-02-08,1386994.0
S106682,Ruiz Inc,India,Partnership,Books,2025-06-12,1915605.0
S106683,"Owens, Cardenas and Cortez",Australia,Partnership,Electronics,2026-05-22,9740441.0
S106684,Waller Ltd,UK,Private Limited,Fashion,2025-08-06,2595972.0
S106685,Nelson LLC,India,LLP,Books,2022-04-09,1327335.0
S106686,"Howard, Fernandez and Rodriguez",Australia,Private Limited,Electronics,2023-11-19,3703993.0
S106687,Anderson Inc,UK,Individual,Beauty,2025-05-07,7320280.0
S106688,"Contreras, Flores and Conrad",Australia,Private Limited,Beauty,2022-05-17,6870273.0
S106689,"Nielsen, Davis and Trujillo",Canada,LLP,Home,2023-12-07,5706189.0
S106690,"Gilmore, Holder and Warner",USA,LLP,Fashion,2026-04-01,8385728.0
S106691,"Obrien, Herrera and Gutierrez",Australia,LLP,Electronics,2022-01-05,2380870.0
S106692,Hawkins-Moody,Australia,LLP,Books,2024-09-23,1140595.0
S106693,"Craig, Martinez and Ford",Australia,Partnership,Sports,2025-01-16,4679123.0
S106694,Velez PLC,Canada,Sole Proprietor,Books,2024-05-22,6600273.0
S106695,"Adams, Bryant and Johnson",Canada,LLP,Sports,2025-03-13,3756182.0
S106696,"Hall, Nicholson and Grant",India,Individual,Books,2022-08-06,9962768.0
S106697,Davila Inc,Australia,LLP,Beauty,2024-07-13,
S106698,"Johnson, Carter and Mathis",Australia,Partnership,Fashion,2024-01-19,6157941.0
S106699,Miller LLC,Singapore,Sole Proprietor,Books,2022-10-26,3140890.0
S106700,Williams PLC,Germany,Individual,Beauty,2022-11-16,6588354.0
S106701,"Barber, Rice and Colon",Germany,Private Limited,Home,2025-08-31,6117065.0
S106702,Long Ltd,Germany,LLP,Electronics,2023-06-15,6472009.0
S106703,"Anderson, Gonzalez and Nguyen",Singapore,Individual,Beauty,2022-02-16,768625.0
S106704,Ramirez LLC,India,LLP,Home,2025-09-01,4654580.0
S106705,"Kim, Cole and Sampson",India,Private Limited,Electronics,2024-02-14,8593696.0
S106706,"Moore, Walker and Sheppard",Australia,Partnership,Home,2023-01-04,4423434.0
S106707,Flores-Reynolds,India,Sole Proprietor,Beauty,2026-05-13,1771466.0
S106708,Klein Inc,India,Individual,Automotive,2026-07-23,6959697.0
S106709,Jones and Sons,Germany,Sole Proprietor,Sports,2022-05-01,4612452.0
S106710,Paul Group,Singapore,Individual,Beauty,2022-10-05,9047598.0
S106711,"Mcmillan, Hernandez and Smith",USA,Individual,Beauty,2024-04-14,2876969.0
S106712,Smith-Clark,USA,Sole Proprietor,Automotive,2022-08-16,2092032.0
S106713,Smith Inc,UK,Private Limited,Fashion,2023-04-15,2446209.0
S106714,Dunn Group,Canada,Private Limited,Fashion,2022-12-25,9379246.0
S106715,Mcguire Ltd,USA,LLP,Electronics,2025-01-02,4709334.0
S106716,"Mcknight, Chavez and Wheeler",Germany,LLP,Home,2022-11-15,8874963.0
S106717,"Smith, Black and Armstrong",USA,LLP,Sports,2025-04-25,5035521.0
S106718,"Kidd, Martinez and Wilson",India,Individual,Books,2022-07-08,704541.0
S106719,Johnson Inc,Australia,Sole Proprietor,Books,2024-07-15,1993171.0
S106720,Bradley-Figueroa,USA,LLP,Home,2022-07-28,1987117.0
S106721,Hoover and Sons,USA,LLP,Automotive,2022-03-02,5325068.0
S106722,"Simpson, Peck and Harmon",USA,LLP,Home,2024-06-26,2493079.0
S106723,"Nunez, Landry and Ray",USA,Sole Proprietor,Sports,2022-09-26,178442.0
S106724,Singh-Williamson,Singapore,Partnership,Books,2022-08-29,6079466.0
S106725,Smith-Pope,Germany,Sole Proprietor,Electronics,2025-05-11,7840689.0
S106726,Evans-Zhang,Canada,Private Limited,Electronics,2022-09-19,9117236.0
S106727,Bender PLC,India,Individual,Electronics,2023-09-07,1766756.0
S106728,Castillo-Scott,Canada,LLP,Home,2025-12-29,5576890.0
S106729,Williams Inc,USA,LLP,Electronics,2025-06-09,5635409.0
S106730,"Cabrera, Compton and Robertson",Singapore,Private Limited,Home,2026-04-10,8615416.0
S106731,"Robinson, Hamilton and Zamora",Singapore,Individual,Automotive,2023-06-22,4880348.0
S106732,"Conley, Benton and Miller",Germany,Sole Proprietor,Beauty,2026-06-27,7669074.0
S106733,Mills Inc,UK,Private Limited,Sports,2022-03-16,2990814.0
S106734,Davis-Munoz,India,Sole Proprietor,Automotive,2025-02-11,3795893.0
S106735,"Wood, Green and Mason",India,Partnership,Fashion,2026-03-29,5827282.0
S106736,"Mccarty, Parker and Kaufman",Germany,Sole Proprietor,Automotive,2025-12-25,468381.0
S106737,Fields Ltd,Australia,Private Limited,Beauty,2025-02-17,9867738.0
S106738,Jones and Sons,Singapore,Individual,Automotive,2022-10-26,1683209.0
S106739,Farmer-Ramirez,USA,Sole Proprietor,Automotive,2026-01-11,7509700.0
S106740,Johnson-Morris,UK,Private Limited,Home,2026-01-15,6802786.0
S106741,"Lawson, Wright and Perkins",Canada,Sole Proprietor,Electronics,2023-10-16,5618923.0
S106742,"Nelson, Sullivan and Alexander",Canada,LLP,Books,2024-10-06,6292491.0
S106743,"Brown, Brown and Taylor",Canada,Sole Proprietor,Books,2025-11-30,399903.0
S106744,"Le, Patrick and Mccarthy",Canada,LLP,Fashion,2025-03-25,61118.0
S106745,"Kent, Barker and Hernandez",Singapore,Partnership,Sports,2024-05-30,9553264.0
S106746,Delgado PLC,Australia,Individual,Automotive,2023-09-03,6077820.0
S106747,Carlson-Wang,USA,Sole Proprietor,Sports,2026-06-29,9163750.0
S106748,Hernandez Group,Germany,Individual,Beauty,2022-05-17,863207.0
S106749,Johnson LLC,Germany,LLP,Beauty,2024-07-30,4086476.0
S106750,"Eaton, Crawford and Barker",USA,Partnership,Home,2023-07-14,6278619.0
S106751,Mcdonald LLC,Germany,Individual,Electronics,2024-03-28,5390983.0
S106752,"Maddox, Jenkins and Moore",USA,Partnership,Beauty,2022-07-10,3785794.0
S106753,Cooper Group,Germany,Sole Proprietor,Electronics,2023-09-05,9910739.0
S106754,Smith Inc,Canada,Individual,Fashion,2024-01-03,3740182.0
S106755,Harvey PLC,Australia,Individual,Sports,2023-07-29,3312351.0
S106756,Arnold LLC,Germany,Partnership,Sports,2025-06-11,2746585.0
S106757,Dunn Ltd,Australia,Sole Proprietor,Home,2024-03-25,
S106758,Mays-Fuller,UK,LLP,Beauty,2026-05-04,8420105.0
S106759,"Villegas, Reed and Smith",Singapore,Private Limited,Books,2026-07-02,203516.0
S106760,"Cline, Sanders and Ware",Canada,LLP,Automotive,2023-01-13,4083046.0
S106761,Marshall and Sons,Australia,Private Limited,Books,2022-12-23,3616699.0
S106762,Brown Group,UK,Sole Proprietor,Electronics,2026-04-20,585356.0
S106763,Johnson-Miller,UK,Individual,Beauty,2025-12-23,2164248.0
S106764,"Allen, Thomas and Miller",UK,Individual,Automotive,2023-11-09,5787942.0
S106765,Cummings Ltd,USA,Partnership,Sports,2022-08-10,5546688.0
S106766,Gonzalez and Sons,Canada,LLP,Books,2024-07-28,4777628.0
S106767,"Moss, Schaefer and Simmons",Singapore,Sole Proprietor,Electronics,2024-02-26,2971201.0
S106768,Davis-Johnson,Singapore,Partnership,Sports,2026-07-15,6405605.0
S106769,Potts-Espinoza,India,Private Limited,Books,2022-12-03,6239494.0
S106770,Jimenez Group,Germany,Individual,Fashion,2026-04-12,3621784.0
S106771,Walton-Walker,USA,Private Limited,Sports,2026-06-16,5719643.0
S106772,"Mcintyre, Molina and Collins",Australia,Sole Proprietor,Books,2024-01-05,3091426.0
S106773,"Williams, Hutchinson and Rios",USA,Individual,Books,2025-08-03,9073128.0
S106774,Good Group,Singapore,Private Limited,Sports,2024-03-03,3847687.0
S106775,Christian LLC,india,LLP,Electronics,2022-10-14,7349487.0
S106776,Bryan-Johnson,Germany,Private Limited,Automotive,2025-06-18,1570785.0
S106777,"Davis, Young and Diaz",Germany,Private Limited,Electronics,2024-09-21,5007512.0
S106778,"Paul, Garrett and Harris",USA,Sole Proprietor,Fashion,2022-09-26,493636.0
S106779,"Parker, Bruce and Green",UK,Individual,Beauty,2024-08-08,9136105.0
S106780,Grant-Henderson,Singapore,Private Limited,Electronics,2024-01-06,4088912.0
S106781,Kidd-Nichols,Canada,Private Limited,Beauty,2024-02-23,3571807.0
S106782,Bentley Inc,Germany,Individual,Beauty,2023-03-30,2167316.0
S106783,"Shelton, Mckenzie and Barnett",Singapore,LLP,Home,2022-03-09,3664631.0
S106784,Long Inc,India,Private Limited,Sports,2022-11-18,8440481.0
S106785,"Myers, Barnes and Lamb",India,LLP,Sports,2026-05-17,6061139.0
S106786,Frederick-Logan,India,Private Limited,Fashion,2022-04-03,7062655.0
S106787,Chase LLC,India,Sole Proprietor,Electronics,2022-08-06,9721297.0
S106788,Huber PLC,USA,Private Limited,Fashion,2024-02-05,3836498.0
S106789,Henson-Ortiz,Germany,Sole Proprietor,Beauty,2022-06-23,1086734.0
S106790,"Ramos, Chase and Adams",India,Individual,Automotive,2022-02-14,3133771.0
S106791,"Carter, Mcdonald and Miller",Australia,Sole Proprietor,Automotive,2023-12-01,7269016.0
S106792,Lane Ltd,India,Partnership,Fashion,2023-01-13,5762843.0
S106793,Ward Inc,Germany,LLP,Automotive,2024-10-05,1123579.0
S106794,Proctor-Rodriguez,Canada,LLP,Books,2025-05-13,5235910.0
S106795,"Turner, Cunningham and Holder",India,Partnership,Sports,2025-06-27,2442875.0
S106796,Martinez LLC,USA,Individual,Books,2026-06-14,5823521.0
S106797,Cain-Parker,Australia,Private Limited,Fashion,2026-03-02,3981452.0
S106798,Barber-Koch,India,Partnership,Automotive,2025-07-09,7913868.0
S106799,Kelley-Meza,Germany,Sole Proprietor,Home,2022-06-04,4829221.0
S106800,Miller Ltd,UK,Partnership,Books,2024-06-22,4880829.0
S106801,Bridges-Jacobs,Singapore,Private Limited,Beauty,2022-01-27,2034236.0
S106802,Martin-Scott,Canada,LLP,Home,2023-12-24,3335175.0
S106803,Smith Group,Australia,Sole Proprietor,Automotive,2022-08-02,1396865.0
S106804,"Vazquez, Owen and Day",Australia,Partnership,Beauty,2024-05-26,7108513.0
S106805,Miranda Inc,Australia,Partnership,Books,2022-04-30,5831442.0
S106806,"Page, Snyder and Gonzalez",USA,Partnership,Automotive,2026-04-05,7064394.0
S106807,"Miller, Thomas and Wright",India,Private Limited,Electronics,2026-05-25,9705265.0
S106808,"Patterson, Parker and Rogers",USA,Sole Proprietor,Electronics,2025-12-05,5438039.0
S106809,"Mccormick, Mason and Shields",Germany,Sole Proprietor,Electronics,2024-04-13,1294518.0
S106810,Ramsey PLC,Singapore,Sole Proprietor,Electronics,2022-11-16,2265354.0
S106811,"Ramirez, Solis and Herrera",USA,Individual,Automotive,2022-08-22,6606394.0
S106812,Sullivan-Cline,Germany,Sole Proprietor,Automotive,2024-06-23,453331.0
S106813,Reed Inc,Germany,Partnership,Automotive,2024-05-25,3480903.0
S106814,Kaiser and Sons,UK,Private Limited,Fashion,2022-11-06,3378977.0
S106815,Martin LLC,Australia,Partnership,Electronics,2025-01-09,6018255.0
S106816,Gonzalez-Brady,Canada,Private Limited,Electronics,2022-10-10,6401028.0
S106817,Pham and Sons,Singapore,Sole Proprietor,Automotive,2023-08-06,8650483.0
S106818,Roy Inc,UK,Partnership,Fashion,2024-10-16,1455730.0
S106819,"Morales, Collins and Manning",India,LLP,Home,2022-11-08,5277261.0
S106820,"Coleman, Colon and Allen",USA,Individual,Electronics,2022-03-01,4157753.0
S106821,Garcia Ltd,Germany,LLP,Home,2023-05-19,9609617.0
S106822,"Brennan, Cruz and Archer",Singapore,Sole Proprietor,Sports,2025-11-28,
S106823,Martin Ltd,Singapore,Private Limited,Automotive,2025-11-29,1277246.0
S106824,Garcia Group,USA,Private Limited,Books,2024-06-14,5831086.0
S106825,"Clayton, Dean and Gaines",Canada,Sole Proprietor,Home,2024-02-18,6425164.0
S106826,Miller LLC,Canada,Private Limited,Fashion,2024-09-07,9032062.0
S106827,Mays and Sons,Australia,LLP,Electronics,2024-10-02,9340286.0
S106828,Ellison-Wells,USA,Partnership,Beauty,2023-12-03,9615105.0
S106829,Allen Ltd,India,LLP,Fashion,2024-12-08,2389768.0
S106830,Adkins-Lawrence,India,Individual,Electronics,2026-05-15,4660226.0
S106831,Gill-Peters,Australia,Individual,Home,2024-03-05,5974021.0
S106832,Norman Inc,USA,Partnership,Beauty,2023-08-23,3136825.0
S106833,"Todd, Henson and Moore",Germany,Partnership,Home,2026-06-13,3746506.0
S106834,Sutton-Jensen,Singapore,LLP,Electronics,2026-07-08,2474306.0
S106835,Bowen LLC,Germany,Private Limited,Books,2023-10-10,5845290.0
S106836,Perkins LLC,IN,Private Limited,Beauty,2024-01-19,6630894.0
S106837,"Owens, Warren and Dillon",UK,Partnership,Sports,2024-08-19,6940951.0
S106838,Fuller Inc,UK,Sole Proprietor,Beauty,2024-11-13,4974199.0
S106839,Mullen LLC,Canada,Partnership,Fashion,2022-12-04,4725509.0
S106840,Morgan and Sons,Singapore,Sole Proprietor,Books,2025-12-21,6217441.0
S106841,"Wilson, Kennedy and Jackson",Singapore,Individual,Electronics,2023-09-21,6874904.0
S106842,"Lowe, Hood and Mills",Australia,Private Limited,Books,2022-01-12,6983616.0
S106843,Ruiz Group,Canada,Private Limited,Sports,2024-05-07,5535999.0
S106844,"Hodges, Espinoza and Mcdonald",Germany,Sole Proprietor,Books,2022-08-13,2449050.0
S106845,Rodriguez-Johnson,Singapore,Individual,Home,2024-05-13,2170192.0
S106846,"Hunt, Maxwell and Harrison",Singapore,Partnership,Beauty,2025-12-27,8307578.0
S106847,Anderson and Sons,USA,Sole Proprietor,Fashion,2026-02-23,5411607.0
S106848,"Larson, Chang and Schultz",Australia,Individual,Sports,2024-06-21,9853041.0
S106849,King-Henry,Singapore,Private Limited,Books,2025-11-03,4567951.0
S106850,Nichols Group,Singapore,Private Limited,Electronics,2022-09-26,9705758.0
S106851,Monroe-Williams,India,LLP,Beauty,2026-05-22,6278508.0
S106852,Castro-Rodriguez,India,Private Limited,Fashion,2026-06-01,3336381.0
S106853,White LLC,UK,Partnership,Beauty,2025-01-31,154897.0
S106854,"Smith, Sharp and Dunn",UK,LLP,Beauty,2026-01-20,9566669.0
S106855,Owens-Cordova,Germany,Private Limited,Books,2022-08-27,8769998.0
S106856,Smith Ltd,UK,Individual,Beauty,2022-02-19,3466039.0
S106857,Caldwell-Carter,USA,Sole Proprietor,Sports,2022-10-02,1620468.0
S106858,Lewis Group,UK,Partnership,Sports,2025-10-25,2466225.0
S106859,Martin Inc,Singapore,Private Limited,Fashion,2024-06-29,2668252.0
S106860,Richards-Clarke,Australia,Individual,Sports,2025-12-01,4575254.0
S106861,Morrison-Hines,UK,Individual,Automotive,2024-03-19,8241268.0
S106862,"Gomez, Bryant and Ross",Germany,Partnership,Electronics,2024-03-20,3357298.0
S106863,Smith-Owen,Germany,Private Limited,Automotive,2022-10-15,8777843.0
S106864,"Fleming, Jones and Harvey",Germany,Private Limited,Electronics,2022-08-20,1180173.0
S106865,Sanchez LLC,USA,Private Limited,Electronics,2022-04-11,8740469.0
S106866,"Goodman, Rich and Thomas",UK,Sole Proprietor,Books,2022-09-17,6554497.0
S106867,Brown-Wilson,Singapore,LLP,Home,2025-01-17,3464838.0
S106868,Kline-Colon,USA,Private Limited,Beauty,2024-07-13,9717991.0
S106869,Jones-Castillo,Germany,Individual,Home,2024-11-09,
S106870,Robinson LLC,Australia,Sole Proprietor,Sports,2024-04-10,8417893.0
S106871,Krause Ltd,Australia,Individual,Automotive,2023-02-28,6445316.0
S106872,"Wang, Orozco and Moore",India,LLP,Automotive,2025-10-18,4297900.0
S106873,Warner Ltd,Canada,LLP,Beauty,2025-05-12,2282725.0
S106874,Harvey and Sons,India,Sole Proprietor,Books,2024-05-08,4746475.0
S106875,"Taylor, Weaver and Carter",Canada,Individual,Electronics,2023-01-20,2492281.0
S106876,Robinson Inc,UK,Sole Proprietor,Books,2026-04-13,1620040.0
S106877,Durham-Rodgers,Canada,Private Limited,Books,2022-04-13,65341.0
S106878,"Pacheco, Jones and Smith",India,Individual,Books,2023-08-21,6618354.0
S106879,Williams Inc,India,Partnership,Books,2026-05-31,8951929.0
S106880,Buck-Bennett,Australia,Individual,Sports,2022-04-10,3686245.0
S106881,"Diaz, Aguirre and Pierce",Canada,Sole Proprietor,Sports,2025-08-01,649321.0
S106882,Wolfe-Powell,UK,LLP,Automotive,2022-05-20,1077623.0
S106883,Hall PLC,UK,Individual,Books,2023-05-11,1121634.0
S106884,Hall-Pierce,UK,Partnership,Beauty,2024-11-08,5753086.0
S106885,Smith Inc,India,Private Limited,Home,2023-11-08,3253310.0
S106886,Gilmore LLC,Canada,Individual,Books,2024-11-20,3694707.0
S106887,Fisher-Mack,Germany,LLP,Beauty,2023-10-17,5960002.0
S106888,Henry PLC,Canada,Individual,Fashion,2022-03-28,251699.0
S106889,Foley-Martinez,India,Partnership,Sports,2023-10-13,6449386.0
S106890,Wright-Rogers,UK,Partnership,Electronics,2024-09-24,7613218.0
S106891,"Hubbard, Lin and Taylor",Canada,LLP,Electronics,2022-07-06,674142.0
S106892,Bullock Group,USA,Partnership,Home,2025-09-07,1773145.0
S106893,Aguirre-Anderson,Germany,Sole Proprietor,Sports,2025-11-22,9424345.0
S106894,"Watson, Hart and Hunter",Australia,Private Limited,Beauty,2025-12-08,1775212.0
S106895,Cox-Moore,Germany,Individual,Electronics,2024-01-20,8706320.0
S106896,"Williams, Powers and George",Germany,Partnership,Home,2024-11-25,7136614.0
S106897,Perez Group,India,Individual,Sports,2025-03-15,7935674.0
S106898,Hernandez LLC,Singapore,Partnership,Beauty,2023-12-31,9766398.0
S106899,Chang-Kirby,Australia,Sole Proprietor,Fashion,2025-09-21,3392125.0
S106900,Ingram-Henderson,USA,Partnership,Electronics,2024-09-02,749348.0
S106901,Mcdonald-Johnson,Australia,LLP,Home,2022-02-27,5634119.0
S106902,Alexander Inc,Canada,Private Limited,Books,2023-01-24,4337978.0
S106903,Harris-Serrano,UK,Sole Proprietor,Electronics,2025-04-19,5884738.0
S106904,Martinez-Cruz,Germany,LLP,Beauty,2025-12-16,2565763.0
S106905,Fischer-Castillo,Canada,LLP,Fashion,2024-01-17,4066724.0
S106906,"Goodwin, Olson and Sharp",USA,Sole Proprietor,Automotive,2025-04-30,8592620.0
S106907,Davis LLC,USA,LLP,Fashion,2024-03-05,6763901.0
S106908,Irwin-Moreno,Australia,Private Limited,Electronics,2024-08-16,8136246.0
S106909,Oneal LLC,UK,Sole Proprietor,Electronics,2022-05-17,5590690.0
S106910,Pittman PLC,Canada,LLP,Beauty,2024-05-26,9244803.0
S106911,Thornton-Powers,Germany,Sole Proprietor,Home,2023-03-03,122149.0
S106912,Williams-Hart,Singapore,Private Limited,Electronics,2022-11-07,8697622.0
S106913,Green-Walton,UK,Private Limited,Fashion,2024-08-04,3049254.0
S106914,"Rice, Zavala and Barry",Germany,Partnership,Beauty,2025-04-28,9448187.0
S106915,Peters LLC,Singapore,Private Limited,Books,2023-10-11,1218237.0
S106916,West Group,Australia,LLP,Home,2026-02-21,1077269.0
S106917,Taylor-Griffin,USA,LLP,Fashion,2024-11-26,6267916.0
S106918,Vega-Thomas,UK,Partnership,Electronics,2023-05-04,124124.0
S106919,Heath Ltd,Singapore,Sole Proprietor,Beauty,2023-01-26,178413.0
S106920,Hahn and Sons,Canada,Sole Proprietor,Beauty,2022-09-14,183760.0
S106921,"Kelley, Mccall and Alvarez",Australia,Partnership,Home,2023-04-04,9370915.0
S106922,"Taylor, Munoz and Robinson",Singapore,Private Limited,Beauty,2026-06-13,8021120.0
S106923,"Reynolds, Gordon and Alvarez",Germany,Partnership,Automotive,2026-03-28,1995379.0
S106924,Russell Ltd,India,Sole Proprietor,Books,2022-10-15,5402593.0
S106925,"Johnson, Baker and Sellers",USA,Partnership,Automotive,2024-10-29,6592039.0
S106926,"Chaney, Garza and Hall",USA,Individual,Home,2025-05-19,1081438.0
S106927,Benson LLC,India,Partnership,Electronics,2022-10-27,1277813.0
S106928,Green LLC,India,Private Limited,Automotive,2023-07-25,2412438.0
S106929,Mcdaniel PLC,USA,LLP,Automotive,2023-08-18,
S106930,Wells PLC,USA,Individual,Books,2026-02-22,8160583.0
S106931,Harmon-Krueger,Singapore,Partnership,Beauty,2022-07-12,7217112.0
S106932,Carlson-Cole,India,Sole Proprietor,Sports,2025-07-16,8014761.0
S106933,Frank-Edwards,India,Partnership,Books,2025-12-24,7339742.0
S106934,"Douglas, Morris and Cole",UK,Partnership,Beauty,2026-04-26,7687977.0
S106935,"Wells, Larson and Ford",Germany,LLP,Electronics,2025-05-28,6385540.0
S106936,"Morgan, Scott and Graham",Canada,Private Limited,Fashion,2023-08-12,4512978.0
S106937,Willis Inc,India,Individual,Sports,2026-01-01,6201290.0
S106938,Guerra PLC,USA,Private Limited,Home,2023-07-31,2372128.0
S106939,Thomas-White,Australia,Partnership,Automotive,2025-12-30,6165786.0
S106940,Dalton Ltd,USA,Partnership,Sports,2023-02-15,3108469.0
S106941,Gibson and Sons,USA,Individual,Sports,2022-06-05,4384775.0
S106942,Brown and Sons,USA,Sole Proprietor,Automotive,2022-01-28,7744948.0
S106943,Acevedo and Sons,India,LLP,Automotive,2023-08-06,8073548.0
S106944,Garcia-Juarez,Australia,Private Limited,Beauty,2022-04-13,1962898.0
S106945,Greer-Curtis,UK,Partnership,Home,2025-08-04,9893928.0
S106946,Simmons-Martinez,India,Individual,Books,2022-03-18,1663678.0
S106947,Rodriguez-Martin,India,Individual,Beauty,2025-12-22,2589937.0
S106948,Moore-Ware,Germany,Individual,Electronics,2024-10-29,598559.0
S106949,Wilson-Adams,USA,Partnership,Books,2025-02-21,9643557.0
S106950,"Powell, Tran and Johnson",Australia,Private Limited,Automotive,2023-06-20,7913923.0
S106951,Case Group,UK,Sole Proprietor,Beauty,2025-02-13,3460943.0
S106952,"Smith, Silva and Drake",USA,LLP,Books,2024-11-05,8445212.0
S106953,Johnson and Sons,Australia,Private Limited,Books,2024-10-04,1547514.0
S106954,"Gutierrez, Woodward and Carroll",Canada,Private Limited,Electronics,2023-08-04,9620647.0
S106955,"Smith, Shea and Zamora",Germany,Partnership,Sports,2022-07-06,4280360.0
S106956,Gregory LLC,Germany,Private Limited,Automotive,2024-10-31,6981802.0
S106957,Poole-Brown,Australia,Partnership,Home,2023-08-04,4077624.0
S106958,"Johnson, Jones and Marshall",Singapore,Private Limited,Electronics,2023-03-02,1587115.0
S106959,Dorsey Inc,Germany,Private Limited,Home,2025-09-08,6889536.0
S106960,Bradshaw-Griffin,Germany,LLP,Fashion,2026-05-14,8748108.0
S106961,Beasley Ltd,USA,LLP,Beauty,2025-01-08,5638030.0
S106962,Pugh LLC,UK,Sole Proprietor,Fashion,2026-01-15,8406059.0
S106963,"Gonzalez, Lopez and Conley",Australia,Private Limited,Books,2022-01-06,710983.0
S106964,King LLC,Singapore,Individual,Automotive,2026-02-13,2419785.0
S106965,Lane-Farrell,India,Sole Proprietor,Beauty,2025-09-22,882644.0
S106966,Moore-Ramirez,India,LLP,Automotive,2026-03-09,6374847.0
S106967,Hamilton-Allen,Singapore,Individual,Books,2022-06-26,9935610.0
S106968,"Smith, Walker and Hart",India,Sole Proprietor,Home,2023-11-24,4744321.0
S106969,"Sanders, Spears and Green",USA,Private Limited,Beauty,2022-08-23,6771697.0
S106970,Ibarra PLC,Australia,Private Limited,Automotive,2022-04-27,3374362.0
S106971,"Salazar, Hatfield and Nguyen",USA,LLP,Beauty,2025-09-04,3691837.0
S106972,"Munoz, Rojas and Walker",Germany,Sole Proprietor,Automotive,2026-04-11,3418402.0
S106973,Haynes-Esparza,Singapore,Individual,Electronics,2022-04-30,1004026.0
S106974,White-Callahan,Australia,Individual,Sports,2022-04-18,8880240.0
S106975,Jacobson Inc,Singapore,Sole Proprietor,Sports,2023-04-26,1156734.0
S106976,Walker-Pearson,Canada,Partnership,Sports,2022-08-22,109584.0
S106977,Proctor-Hart,Singapore,LLP,Home,2024-12-24,802540.0
S106978,Brown-Rivas,USA,Sole Proprietor,Automotive,2023-04-18,5685841.0
S106979,"Barnes, Foster and Rivera",Australia,LLP,Electronics,2023-11-18,9172697.0
S106980,Chavez and Sons,Canada,Private Limited,Sports,2025-10-30,898463.0
S106981,"Newman, Kelly and Harris",Canada,Private Limited,Electronics,2023-06-22,3751474.0
S106982,Baker-Curry,Australia,Partnership,Beauty,2024-05-19,1535126.0
S106983,"Brooks, Chavez and Smith",USA,Partnership,Beauty,2022-12-15,9005503.0
S106984,"Graham, Cabrera and Barnes",Australia,Individual,Sports,2026-06-04,1431560.0
S106985,Chaney-Molina,USA,Private Limited,Automotive,2025-07-24,7248924.0
S106986,Jackson PLC,Canada,Individual,Books,2026-04-08,9647885.0
S106987,Ortega Inc,UK,Partnership,Automotive,2023-06-10,7733940.0
S106988,"Moyer, Richard and Larson",Singapore,Individual,Home,2023-12-13,3745819.0
S106989,Lopez Inc,India,Individual,Electronics,2023-12-16,9251969.0
S106990,Frank-Blackburn,USA,Private Limited,Electronics,2025-06-09,7308669.0
S106991,Harvey LLC,Germany,Private Limited,Sports,2024-07-06,8503001.0
S106992,Daniels-Sloan,UK,Private Limited,Electronics,2025-02-16,9856778.0
S106993,"Perez, Roach and Bailey",India,LLP,Fashion,2025-09-28,7133185.0
S106994,Wright and Sons,Canada,Private Limited,Beauty,2024-04-15,6022324.0
S106995,Bernard and Sons,Australia,Individual,Home,2026-01-31,1792243.0
S106996,Jones-Moore,Germany,Partnership,Beauty,2024-09-07,1699093.0
S106997,Bullock-Trujillo,Canada,Partnership,Beauty,2024-03-26,2151602.0
S106998,Castaneda-Brown,Australia,Sole Proprietor,Sports,2026-07-18,3686360.0
S106999,"Dyer, Perez and Morgan",Germany,Private Limited,Beauty,2025-01-20,8874221.0
S107000,Hogan-Vega,Australia,LLP,Electronics,2022-06-29,6702371.0
S107001,Perez Group,Singapore,Private Limited,Beauty,2024-04-02,2933962.0
S107002,"Gordon, Spencer and Castro",Canada,Private Limited,Fashion,2024-05-20,7302042.0
S107003,"Logan, Hanson and Fischer",Germany,Partnership,Sports,2025-11-16,8688231.0
S107004,Lee and Sons,India,Sole Proprietor,Automotive,2025-11-09,3316796.0
S107005,Horn-Long,Germany,Partnership,Electronics,2024-03-20,5500324.0
S107006,Vargas and Sons,USA,Private Limited,Sports,2025-08-05,9072378.0
S107007,Cain Inc,Canada,Individual,Beauty,2023-08-20,9793874.0
S107008,Elliott-Yang,Canada,Private Limited,Home,2023-10-14,9539203.0
S107009,"Hall, Martinez and Church",Canada,Individual,Fashion,2023-10-25,5777714.0
S107010,Goodwin-Davis,Canada,Partnership,Beauty,2024-08-10,2605068.0
S107011,"Brown, Deleon and Potter",Germany,LLP,Sports,2024-10-12,6428394.0
S107012,Edwards-Baxter,UK,Individual,Sports,2023-01-20,9395642.0
S107013,"Mendez, Bean and Wilson",UK,Sole Proprietor,Electronics,2023-10-12,542012.0
S107014,Rasmussen Group,India,LLP,Electronics,2026-05-03,7445677.0
S107015,Jones Group,India,Partnership,Books,2024-09-15,9301561.0
S107016,Chapman-Ramirez,Canada,Private Limited,Sports,2022-05-24,2383293.0
S107017,Escobar Group,Canada,LLP,Home,2024-03-22,5937441.0
S107018,Larson LLC,Singapore,Individual,Sports,2024-12-27,7455483.0
S107019,"Davis, Harris and West",India,Individual,Home,2023-09-24,8867804.0
S107020,"Odom, Davis and Anderson",Germany,Individual,Electronics,2025-08-27,6107598.0
S107021,Griffin-Warner,Singapore,Individual,Electronics,2026-01-11,3130895.0
S107022,Olson and Sons,UK,LLP,Sports,2025-12-12,3085787.0
S107023,"Morales, Raymond and Wyatt",Canada,Partnership,Sports,2024-10-03,5914992.0
S107024,Wells-Hernandez,Australia,Partnership,Electronics,2025-07-06,3957657.0
S107025,"Soto, Ross and Reyes",Australia,Individual,Home,2022-10-17,9942695.0
S107026,Haynes PLC,USA,Individual,Electronics,2022-07-28,2565332.0
S107027,Martinez-Stokes,UK,Individual,Electronics,2025-08-11,8558997.0
S107028,Johnson PLC,Germany,Individual,Beauty,2023-07-18,2917483.0
S107029,"Moore, Harmon and Patel",Canada,Individual,Beauty,2025-09-16,5831924.0
S107030,Stewart-Taylor,USA,Private Limited,Fashion,2023-04-11,3221440.0
S107031,Lee Ltd,Germany,Sole Proprietor,Fashion,2022-09-01,9458553.0
S107032,Brown Ltd,India,Partnership,Fashion,2022-03-27,278842.0
S107033,Dalton LLC,INDIA,Partnership,Automotive,2023-02-05,382406.0
S107034,Stewart LLC,USA,LLP,Home,2022-12-20,6507461.0
S107035,Cortez and Sons,Australia,Partnership,Fashion,2023-06-16,9683774.0
S107036,Perkins Inc,Germany,LLP,Fashion,2024-08-19,4886541.0
S107037,Young-Skinner,India,LLP,Beauty,2026-05-21,1593867.0
S107038,"York, Washington and Garza",Singapore,LLP,Books,2024-03-11,6215267.0
S107039,"Taylor, Owens and Dickson",Germany,Partnership,Books,2022-04-12,6432546.0
S107040,Schwartz-King,Canada,Partnership,Home,2023-03-03,6121456.0
S107041,Hernandez Inc,Australia,LLP,Books,2024-02-03,3722026.0
S107042,"Gardner, Erickson and King",UK,LLP,Automotive,2022-05-15,4759153.0
S107043,"Morris, Huynh and Moody",Germany,Partnership,Sports,2025-01-03,7076853.0
S107044,"White, Pennington and Smith",UK,Sole Proprietor,Fashion,2025-09-26,4540723.0
S107045,"Webb, Williams and Vasquez",Canada,Private Limited,Home,2023-08-31,9471486.0
S107046,Gallegos-Gonzalez,Australia,Private Limited,Automotive,2023-12-25,9227684.0
S107047,Gilmore and Sons,Germany,Private Limited,Home,2024-05-02,8346726.0
S107048,"Lawrence, Grant and Gomez",USA,Partnership,Beauty,2023-09-06,8733638.0
S107049,Salas-Bender,UK,Private Limited,Fashion,2022-03-02,7779652.0
S107050,Peterson Ltd,Germany,LLP,Sports,2024-08-22,126762.0
S107051,"Wade, Choi and Hill",Canada,Sole Proprietor,Books,2023-05-15,2718719.0
S107052,"Cook, Gordon and Mueller",Singapore,Partnership,Home,2026-07-05,9459546.0
S107053,"Rose, Lee and Rodgers",USA,LLP,Books,2023-05-15,7274664.0
S107054,Kaufman LLC,Canada,LLP,Home,2025-01-01,581397.0
S107055,"Kim, Leon and Taylor",UK,Individual,Home,2026-01-22,5177143.0
S107056,Smith PLC,UK,Individual,Books,2026-01-16,584875.0
S107057,Sanders-Martinez,Canada,Private Limited,Sports,2023-07-06,6775869.0
S107058,"Maxwell, Cox and Bradshaw",Germany,Private Limited,Automotive,2022-01-17,907930.0
S107059,"Golden, Mclaughlin and Miller",Germany,Private Limited,Books,2022-12-19,3340868.0
S107060,"Myers, Peters and Thompson",Canada,Individual,Automotive,2024-08-15,7546673.0
S107061,Smith-Rodriguez,USA,Partnership,Fashion,2025-04-23,5330331.0
S107062,Gomez Ltd,UK,LLP,Automotive,2025-07-11,130315.0
S107063,"Sullivan, Sherman and Zhang",USA,Sole Proprietor,Electronics,2022-05-10,7125121.0
S107064,Jackson-Jenkins,USA,LLP,Sports,2023-12-21,1894465.0
S107065,"Hodges, Gilmore and Lucas",UK,Individual,Automotive,2022-09-29,131630.0
S107066,Rosales and Sons,UK,LLP,Electronics,2025-09-09,3153640.0
S107067,Sanchez LLC,Canada,Individual,Books,2023-03-06,5811592.0
S107068,Roberts PLC,USA,Individual,Fashion,2024-08-08,4492996.0
S107069,Wheeler Inc,Singapore,Private Limited,Home,2023-04-04,8295512.0
S107070,"Park, Butler and Jackson",Canada,LLP,Fashion,2022-06-11,1737290.0
S107071,"Ramos, Taylor and Ross",india,Private Limited,Fashion,2025-09-07,5965526.0
S107072,Sellers-Snow,Canada,Individual,Books,2022-12-08,6779425.0
S107073,Mccarty LLC,UK,Private Limited,Beauty,2023-06-26,2549589.0
S107074,Lee-Jones,Canada,Partnership,Home,2025-10-15,6430445.0
S107075,Holland-Smith,USA,LLP,Electronics,2025-11-18,907526.0
S107076,Mendez Inc,Canada,LLP,Beauty,2023-04-03,8917257.0
S107077,"Wolf, Andrews and Sanchez",USA,Sole Proprietor,Automotive,2025-10-18,5923658.0
S107078,Ryan and Sons,UK,LLP,Books,2022-06-14,4404426.0
S107079,Martin Group,Australia,Partnership,Electronics,2026-06-23,1405962.0
S107080,Miller PLC,Canada,Private Limited,Books,2022-07-12,1365207.0
S107081,Reyes Inc,Germany,LLP,Books,2024-01-03,5295639.0
S107082,"Williams, Hanna and Huynh",Singapore,Private Limited,Automotive,2024-07-18,574298.0
S107083,Murray Ltd,Singapore,Partnership,Fashion,2024-08-28,3178564.0
S107084,Flores LLC,Canada,Individual,Beauty,2024-07-22,3402026.0
S107085,Rodriguez-Cohen,USA,Partnership,Books,2024-02-29,1651693.0
S107086,Guerra-Brown,Singapore,Private Limited,Home,2022-06-27,5376103.0
S107087,Berg-Myers,Singapore,Partnership,Books,2024-05-16,2848207.0
S107088,Erickson Ltd,Singapore,Partnership,Books,2022-07-27,2965877.0
S107089,Smith-Armstrong,Singapore,Partnership,Electronics,2024-11-18,4370780.0
S107090,Ford and Sons,Canada,Individual,Sports,2026-05-24,7466795.0
S107091,Henderson-Wallace,Germany,Private Limited,Electronics,2025-04-21,1043391.0
S107092,Hopkins-Mathews,Germany,Sole Proprietor,Fashion,2022-06-21,7289156.0
S107093,"Rodriguez, Bird and Mercado",USA,Individual,Home,2023-04-27,5687599.0
S107094,Wilson-Day,India,Partnership,Automotive,2024-10-08,1045162.0
S107095,"Green, Marquez and Hanna",UK,LLP,Electronics,2025-12-29,5585309.0
S107096,Taylor-Gonzalez,Australia,Sole Proprietor,Home,2025-04-23,9107228.0
S107097,Price LLC,USA,Private Limited,Automotive,2025-12-12,7075845.0
S107098,Wilson-Curry,Germany,Private Limited,Automotive,2026-07-05,1727020.0
S107099,White-Harrison,USA,Private Limited,Books,2026-05-20,3894528.0
S107100,Mills-Woods,Singapore,Sole Proprietor,Sports,2024-12-22,695558.0
S107101,Shannon-Goodwin,UK,Sole Proprietor,Books,2022-07-05,4944791.0
S107102,Trevino-Clark,Australia,Private Limited,Electronics,2022-10-25,6245781.0
S107103,Munoz-White,Canada,Private Limited,Beauty,2023-09-02,6194953.0
S107104,Fuentes Group,India,Private Limited,Sports,2022-12-26,4035367.0
S107105,Kennedy LLC,India,Private Limited,Books,2022-09-29,7958455.0
S107106,Hunt Group,UK,LLP,Beauty,2024-02-15,7877548.0
S107107,Bolton Group,USA,Sole Proprietor,Sports,2022-05-11,1898834.0
S107108,"Gilbert, Lopez and Evans",Australia,LLP,Books,2025-04-24,457398.0
S107109,Williams and Sons,Australia,LLP,Automotive,2023-06-14,3306164.0
S107110,Castro-Griffin,India,Sole Proprietor,Home,2025-12-19,3457843.0
S107111,Ingram-Miller,Australia,LLP,Fashion,2024-06-11,6299716.0
S107112,Jackson-Adams,USA,Individual,Electronics,2025-11-05,2680384.0
S107113,Norman-Flynn,Australia,Sole Proprietor,Beauty,2024-09-17,2041494.0
S107114,"Holloway, Armstrong and West",india,Individual,Books,2022-02-02,6895108.0
S107115,Martin LLC,USA,Sole Proprietor,Electronics,2025-10-10,7896695.0
S107116,"Wood, Perez and Wilkinson",Canada,Private Limited,Beauty,2026-05-22,5749757.0
S107117,Barnes PLC,Singapore,Individual,Beauty,2023-03-14,2763273.0
S107118,Campbell Group,Canada,Individual,Home,2024-05-25,2419858.0
S107119,Gonzalez Group,Australia,Sole Proprietor,Electronics,2026-03-03,948842.0
S107120,"Mccarthy, Brown and Smith",Australia,Sole Proprietor,Beauty,2023-04-14,2660866.0
S107121,Larson and Sons,USA,Individual,Sports,2025-01-31,4180309.0
S107122,"Baxter, Garrett and Edwards",Germany,Sole Proprietor,Electronics,2026-05-31,5456676.0
S107123,"Acevedo, Thompson and Myers",Germany,Private Limited,Automotive,2024-08-01,7350596.0
S107124,Young-Deleon,Singapore,Partnership,Electronics,2026-05-02,501391.0
S107125,"Smith, Yates and Perkins",UK,Private Limited,Sports,2024-11-18,7620230.0
S107126,Woods Inc,Germany,Individual,Beauty,2025-08-10,4949240.0
S107127,Powers-Williams,UK,Sole Proprietor,Automotive,2025-06-21,1408537.0
S107128,Mathis-Reid,UK,Private Limited,Electronics,2023-06-05,4649709.0
S107129,"Davis, Walker and Wagner",UK,Individual,Electronics,2026-07-15,3029325.0
S107130,"Green, Lewis and Williams",India,Private Limited,Home,2025-08-16,6379770.0
S107131,"Brooks, Daniels and Hayes",Australia,Sole Proprietor,Fashion,2025-02-21,8344106.0
S107132,"Mccarty, Bell and Perry",Canada,Sole Proprietor,Electronics,2023-03-13,5245544.0
S107133,Sweeney-Anderson,Australia,LLP,Electronics,2022-12-15,5355096.0
S107134,Fischer-Powell,Canada,Partnership,Beauty,2026-04-09,6703857.0
S107135,Richardson LLC,India,Private Limited,Automotive,2026-05-15,847321.0
S107136,"Miller, Watson and Holmes",UK,Individual,Sports,2026-05-19,3501332.0
S107137,"Duncan, Mays and Hernandez",UK,Partnership,Automotive,2025-11-13,7754738.0
S107138,Middleton-Jackson,Australia,LLP,Books,2025-07-04,1204396.0
S107139,Smith PLC,Canada,Private Limited,Fashion,2026-06-04,7162937.0
S107140,Cook-Terry,Canada,Sole Proprietor,Electronics,2022-04-02,1316964.0
S107141,"Skinner, Hart and Smith",USA,Sole Proprietor,Automotive,2022-09-28,7539470.0
S107142,Cox Group,USA,Individual,Electronics,2026-03-17,5310866.0
S107143,Rogers Inc,India,Private Limited,Fashion,2023-07-30,6346438.0
S107144,Mccarthy Group,India,Individual,Sports,2023-09-28,2729037.0
S107145,Melendez-Vargas,USA,Individual,Electronics,2023-04-27,9032809.0
S107146,Lewis Group,Australia,Sole Proprietor,Fashion,2024-01-11,4010193.0
S107147,Newman-Wade,USA,Individual,Home,2025-01-31,3354891.0
S107148,Roth Group,Australia,Individual,Home,2025-10-08,6538346.0
S107149,"Moody, Conway and Kelley",Canada,Individual,Automotive,2026-05-16,6946688.0
S107150,White and Sons,USA,Partnership,Home,2022-01-19,4035579.0
S107151,Jenkins-Mathews,Canada,Sole Proprietor,Automotive,2025-09-29,1492063.0
S107152,"Day, Parsons and Mendez",Australia,Partnership,Fashion,2026-02-20,6431643.0
S107153,"Hayes, Holland and Jordan",Canada,Individual,Beauty,2026-03-15,8611089.0
S107154,Shaw LLC,Canada,LLP,Automotive,2024-09-22,7237538.0
S107155,"Harper, Serrano and Hughes",Germany,Private Limited,Electronics,2022-03-29,438136.0
S107156,Armstrong and Sons,UK,Private Limited,Electronics,2023-06-11,1723076.0
S107157,Frazier-Jackson,Singapore,Individual,Beauty,2022-01-19,7713027.0
S107158,"Steele, Oneill and Gordon",India,Partnership,Fashion,2023-07-05,9455787.0
S107159,Archer-Johnson,UK,Individual,Home,2025-09-01,8994486.0
S107160,Lindsey-Little,Singapore,Sole Proprietor,Books,2022-08-02,3074988.0
S107161,Anthony Ltd,USA,Partnership,Electronics,2024-12-19,6279621.0
S107162,Duncan-Taylor,India,Individual,Home,2025-04-11,1400621.0
S107163,Benson Inc,Canada,LLP,Home,2025-08-09,5149136.0
S107164,Wong-Hoffman,UK,LLP,Books,2024-05-10,7979095.0
S107165,"Hubbard, Gardner and Morales",USA,Sole Proprietor,Beauty,2023-12-06,5727938.0
S107166,"Ramos, Russell and Harris",Germany,Individual,Sports,2023-01-17,7658795.0
S107167,Farmer Group,Germany,Partnership,Electronics,2023-04-29,7418398.0
S107168,Lane Ltd,Germany,Individual,Automotive,2026-03-27,8455818.0
S107169,Wells PLC,Canada,Partnership,Home,2022-10-17,7191340.0
S107170,"Thompson, Hood and Combs",USA,Sole Proprietor,Books,2024-03-31,1837641.0
S107171,Chambers PLC,USA,Partnership,Home,2024-02-21,7442365.0
S107172,"Arias, Henry and Hoffman",Canada,Private Limited,Electronics,2024-02-02,6147786.0
S107173,Park-Church,Germany,Private Limited,Beauty,2022-07-21,3331576.0
S107174,Barton and Sons,Canada,Sole Proprietor,Beauty,2026-03-11,4856597.0
S107175,Davis-Mclaughlin,Singapore,Individual,Fashion,2026-02-02,2395284.0
S107176,Ferguson LLC,USA,LLP,Automotive,2024-02-19,1205070.0
S107177,"Baker, Sullivan and Carter",UK,LLP,Home,2024-03-11,
S107178,Clark Ltd,USA,Partnership,Beauty,2023-02-24,3714351.0
S107179,"Nichols, Mckay and Young",India,LLP,Automotive,2022-08-15,1251556.0
S107180,Craig and Sons,Singapore,Partnership,Beauty,2026-05-15,1673402.0
S107181,Turner-Mayo,Australia,LLP,Fashion,2025-07-06,1765740.0
S107182,"Schwartz, Rodriguez and Howard",UK,Private Limited,Books,2024-11-13,3854472.0
S107183,"Bishop, Barnes and Johnson",India,Sole Proprietor,Beauty,2024-12-25,7121566.0
S107184,George-Brown,USA,Partnership,Books,2024-09-08,506560.0
S107185,Weiss-Gonzales,Singapore,LLP,Beauty,2023-10-04,6376816.0
S107186,Richardson PLC,Canada,Sole Proprietor,Beauty,2025-04-29,8615000.0
S107187,"Martin, Kidd and Hall",Germany,Individual,Fashion,2024-02-12,9297710.0
S107188,"Newton, Ramirez and Hartman",Canada,Private Limited,Electronics,2022-02-27,4719165.0
S107189,Terry Ltd,Canada,Private Limited,Beauty,2025-10-30,3872476.0
S107190,"Short, Jones and Hardy",Germany,Private Limited,Automotive,2022-06-11,5830009.0
S107191,Perry PLC,Canada,Private Limited,Automotive,2022-10-24,1956140.0
S107192,Hughes Group,Australia,Private Limited,Beauty,2022-04-29,6480736.0
S107193,"Nelson, Walker and Wilson",UK,Sole Proprietor,Fashion,2023-07-28,1130686.0
S107194,"Rose, Shields and Blake",India,LLP,Electronics,2024-02-12,2485279.0
S107195,Garcia Ltd,Canada,Individual,Electronics,2025-01-17,7627641.0
S107196,Khan-Carpenter,USA,Private Limited,Sports,2022-11-18,4760468.0
S107197,"Barrett, Valenzuela and Valdez",Germany,Individual,Sports,2023-01-30,392628.0
S107198,Murphy and Sons,India,Sole Proprietor,Electronics,2024-07-03,9837642.0
S107199,Hampton-Wilson,Singapore,Partnership,Automotive,2022-04-20,8110755.0
S107200,Giles and Sons,UK,Partnership,Sports,2025-06-09,8784885.0
S107201,Mccoy-Williams,Australia,LLP,Home,2025-03-26,8053810.0
S107202,Harris PLC,UK,Sole Proprietor,Sports,2024-07-08,1004291.0
S107203,"Ryan, Holmes and Villanueva",UK,Private Limited,Home,2022-10-04,1836027.0
S107204,Gibson Group,Germany,Individual,Electronics,2023-07-26,9215145.0
S107205,Rice PLC,Singapore,Partnership,Home,2023-11-19,7054637.0
S107206,Pierce-Curtis,UK,Sole Proprietor,Automotive,2022-07-14,9325987.0
S107207,Whitaker-Kirby,Canada,Sole Proprietor,Automotive,2022-07-28,207926.0
S107208,Goodwin-Johnson,Germany,Individual,Beauty,2023-03-09,5307695.0
S107209,Ellis PLC,Germany,Private Limited,Electronics,2024-04-15,3407393.0
S107210,"Keller, Church and Bean",Singapore,Individual,Fashion,2025-05-06,7784268.0
S107211,May Group,UK,LLP,Beauty,2022-12-31,7002775.0
S107212,"Hill, Jones and Fernandez",India,Partnership,Sports,2023-09-17,6937394.0
S107213,Giles-Jennings,USA,Partnership,Sports,2024-11-04,1241695.0
S107214,"Greene, Kline and Garrison",India,Sole Proprietor,Home,2023-03-09,8867361.0
S107215,Marsh Group,Singapore,Sole Proprietor,Automotive,2025-04-04,9868822.0
S107216,Anderson-Grant,India,Partnership,Sports,2022-12-08,844588.0
S107217,"Anderson, Smith and Weber",India,Private Limited,Automotive,2022-01-27,8431747.0
S107218,Brown-Todd,India,Partnership,Beauty,2023-12-14,3212926.0
S107219,Gamble Group,Singapore,Private Limited,Electronics,2024-03-07,3771243.0
S107220,Chambers LLC,Singapore,Private Limited,Beauty,2022-09-04,4111376.0
S107221,Adams-Nguyen,India,Partnership,Sports,2024-12-15,5576799.0
S107222,"James, Curtis and May",UK,Sole Proprietor,Electronics,2026-03-25,811836.0
S107223,Murillo-Becker,UK,Sole Proprietor,Home,2022-04-26,4121370.0
S107224,Yoder-Miller,Germany,Private Limited,Sports,2024-01-02,5013598.0
S107225,Fitzgerald LLC,UK,Sole Proprietor,Home,2023-11-13,8497699.0
S107226,"Arias, Thomas and Martin",USA,LLP,Automotive,2024-05-12,3982915.0
S107227,Lewis-Carlson,Australia,Sole Proprietor,Sports,2025-01-27,2124710.0
S107228,"Davis, Howe and Frye",USA,Partnership,Home,2023-07-25,3704534.0
S107229,Diaz-Smith,Canada,Private Limited,Fashion,2023-10-22,5788239.0
S107230,"Blankenship, Hudson and Sullivan",India,Partnership,Home,2023-07-12,1220040.0
S107231,"Brown, Bishop and Banks",Singapore,Sole Proprietor,Automotive,2026-02-24,3141304.0
S107232,Smith-Hull,UK,Sole Proprietor,Electronics,2025-07-12,4312432.0
S107233,Allen-Flores,Singapore,Partnership,Home,2024-05-12,3061579.0
S107234,"Parker, Bell and Walker",India,Private Limited,Automotive,2023-01-20,6858463.0
S107235,Scott-Molina,Singapore,Individual,Electronics,2025-11-26,9143251.0
S107236,"Patel, Gonzales and Richardson",Germany,Private Limited,Sports,2025-05-10,4430869.0
S107237,Frazier-Arellano,UK,LLP,Electronics,2023-03-02,9358984.0
S107238,Wilcox-Nelson,UK,LLP,Fashion,2022-07-12,5317228.0
S107239,"Payne, Wilson and Sawyer",Germany,Private Limited,Home,2022-04-18,4116150.0
S107240,"Hayes, Jimenez and Holmes",India,Partnership,Sports,2024-03-30,8796238.0
S107241,Crosby-Ross,Australia,LLP,Home,2025-06-27,824125.0
S107242,Duarte and Sons,Australia,Sole Proprietor,Beauty,2025-11-25,5181376.0
S107243,Patterson Group,UK,Sole Proprietor,Sports,2024-08-09,2325181.0
S107244,Roman-Munoz,Australia,LLP,Automotive,2022-03-07,9485562.0
S107245,"Cordova, Russell and Richards",Australia,Sole Proprietor,Sports,2022-12-27,1855415.0
S107246,Watson LLC,Germany,Partnership,Automotive,2026-05-10,3207178.0
S107247,"Velasquez, Faulkner and Wyatt",UK,Individual,Beauty,2024-03-31,8576554.0
S107248,"Stein, Taylor and Williams",India,Individual,Fashion,2023-03-18,7943152.0
S107249,Lopez-Warren,USA,Partnership,Beauty,2022-02-28,8073184.0
S107250,Martin Group,Australia,Private Limited,Electronics,2024-09-07,3847739.0
S107251,"Harvey, Smith and Butler",Australia,LLP,Electronics,2025-12-17,3074255.0
S107252,Levy PLC,UK,Private Limited,Automotive,2022-12-18,2914474.0
S107253,"Russell, Lopez and Cooper",Australia,LLP,Electronics,2025-11-10,8861570.0
S107254,"Galloway, Kerr and Gould",Singapore,Private Limited,Home,2026-07-16,1078961.0
S107255,"Nicholson, Chapman and Mclaughlin",Germany,Private Limited,Fashion,2026-02-11,3987419.0
S107256,"Kelley, Lewis and Walton",Germany,LLP,Books,2022-01-30,1629483.0
S107257,"Woods, Kaufman and Hawkins",Canada,Individual,Automotive,2026-06-08,5251002.0
S107258,Mckinney-Hayes,UK,LLP,Fashion,2023-08-31,9323554.0
S107259,Watson Group,Singapore,LLP,Fashion,2025-10-02,567029.0
S107260,Turner and Sons,USA,LLP,Fashion,2026-07-14,6221594.0
S107261,Fox-Williams,India,Sole Proprietor,Books,2024-06-18,6951353.0
S107262,Woodard-Li,UK,Individual,Electronics,2025-09-30,8686136.0
S107263,Murphy PLC,Germany,Individual,Books,2024-05-03,4646360.0
S107264,"Reese, Cherry and Greene",india,Sole Proprietor,Home,2025-03-25,4831626.0
S107265,Ritter Group,India,LLP,Beauty,2023-12-21,3278028.0
S107266,Johnson Inc,Canada,Sole Proprietor,Sports,2025-12-18,1139741.0
S107267,Evans-Pearson,USA,Partnership,Electronics,2023-10-18,5268487.0
S107268,"Hale, Spears and Thomas",Singapore,Private Limited,Books,2023-10-28,1615963.0
S107269,"Ramsey, Acevedo and Frye",Australia,Sole Proprietor,Electronics,2024-11-07,3054521.0
S107270,Figueroa-Stanley,Germany,Individual,Automotive,2026-05-17,1234456.0
S107271,Harrell Ltd,India,Private Limited,Books,2024-02-25,5410739.0
S107272,"Jones, Turner and Smith",Canada,LLP,Fashion,2026-03-15,9745673.0
S107273,"Cain, Simpson and Hernandez",Canada,Private Limited,Electronics,2025-07-22,2977616.0
S107274,"Bridges, Harrison and Johnson",USA,Partnership,Beauty,2025-12-27,6452264.0
S107275,"Fernandez, Newman and Wall",Germany,Sole Proprietor,Automotive,2024-05-17,2956972.0
S107276,Phillips-Newton,Singapore,Private Limited,Sports,2023-12-12,3971299.0
S107277,"Case, Taylor and Kerr",USA,Sole Proprietor,Beauty,2022-07-11,9590886.0
S107278,Oliver-Fletcher,UK,Individual,Home,2022-05-14,9139324.0
S107279,Brown and Sons,Singapore,Private Limited,Sports,2025-10-18,322505.0
S107280,Rogers and Sons,Singapore,Sole Proprietor,Home,2023-04-18,5176173.0
S107281,Hudson Group,USA,LLP,Automotive,2025-07-16,2546387.0
S107282,Patterson-Dunlap,UK,Individual,Beauty,2024-05-19,3030886.0
S107283,Dean LLC,Canada,Private Limited,Books,2024-04-19,3259740.0
S107284,"Bullock, Morales and Sexton",USA,LLP,Automotive,2024-11-25,9089529.0
S107285,"Bentley, Wilcox and Gardner",Canada,Private Limited,Fashion,2023-06-12,3551186.0
S107286,Banks LLC,Germany,LLP,Electronics,2026-02-19,8888407.0
S107287,Ferguson-Suarez,Germany,Partnership,Sports,2023-06-06,675496.0
S107288,Wells LLC,Canada,Partnership,Home,2026-07-14,6122871.0
S107289,Burton Inc,Singapore,LLP,Fashion,2023-08-06,4229026.0
S107290,Gilbert-Ortiz,Australia,Sole Proprietor,Fashion,2024-02-25,
S107291,"Jordan, Cook and Castillo",Canada,LLP,Books,2022-02-12,7595834.0
S107292,"Herman, May and Wise",UK,Private Limited,Books,2022-02-14,9740817.0
S107293,Collins LLC,Singapore,LLP,Fashion,2026-04-04,9435885.0
S107294,Scott-Page,Australia,Sole Proprietor,Home,2025-06-26,6311552.0
S107295,Perez-Jones,Canada,LLP,Beauty,2025-07-17,188525.0
S107296,Olson PLC,USA,Sole Proprietor,Beauty,2026-07-11,7129136.0
S107297,Jefferson-Davis,UK,LLP,Fashion,2023-10-23,1662728.0
S107298,Crawford Group,Singapore,Partnership,Beauty,2023-11-04,801645.0
S107299,Day Inc,UK,Partnership,Electronics,2026-07-02,9268206.0
S107300,Ewing-Bailey,Canada,Private Limited,Electronics,2022-03-19,9980733.0
S107301,Barnes PLC,Singapore,Sole Proprietor,Books,2023-07-16,2337980.0
S107302,"White, Williams and Neal",Canada,Sole Proprietor,Beauty,2023-03-11,4659903.0
S107303,"Garner, Silva and Bowen",UK,Sole Proprietor,Automotive,2024-04-03,6379897.0
S107304,"Gonzalez, Washington and Clark",Canada,Partnership,Beauty,2024-07-10,9932499.0
S107305,Lee Ltd,Canada,Sole Proprietor,Sports,2023-06-13,7716938.0
S107306,Patrick LLC,India,Partnership,Automotive,2022-08-07,7726852.0
S107307,Bradford-Mitchell,Australia,Individual,Home,2024-06-06,9851955.0
S107308,"Smith, Nelson and Reynolds",India,Individual,Home,2023-06-19,7437255.0
S107309,Brady-Nichols,India,Individual,Electronics,2026-04-03,3655302.0
S107310,Schroeder LLC,Singapore,Sole Proprietor,Books,2026-06-19,7566710.0
S107311,Leblanc Inc,India,LLP,Beauty,2024-09-10,6064574.0
S107312,"Hood, Gutierrez and Jones",Germany,Partnership,Automotive,2023-10-30,50864.0
S107313,"Jones, Ruiz and Johnson",Australia,LLP,Electronics,2025-01-16,8525567.0
S107314,"Grant, Harrington and Howard",Germany,Individual,Automotive,2022-07-16,6498481.0
S107315,Neal-Woodward,Germany,LLP,Books,2025-02-26,3081676.0
S107316,Shields PLC,USA,LLP,Automotive,2023-03-01,6222964.0
S107317,Miller-Bell,Canada,Partnership,Sports,2024-11-25,5547326.0
S107318,Bonilla Inc,India,LLP,Books,2026-04-05,329153.0
S107319,"Cervantes, Grant and Gomez",Australia,LLP,Home,2024-04-17,6903970.0
S107320,Cooper PLC,Singapore,Sole Proprietor,Home,2023-04-15,8178100.0
S107321,"Miller, Doyle and Davis",UK,LLP,Electronics,2022-10-05,4484109.0
S107322,Green-Higgins,USA,Sole Proprietor,Beauty,2022-05-28,7962619.0
S107323,"Long, Diaz and Guzman",Singapore,Sole Proprietor,Sports,2022-12-10,5605491.0
S107324,Weeks Inc,Singapore,Partnership,Electronics,2023-09-08,608555.0
S107325,"Vasquez, Kennedy and Williams",Singapore,Private Limited,Books,2022-04-25,4088568.0
S107326,Matthews Inc,Canada,LLP,Home,2025-12-16,8279263.0
S107327,"Collins, Orozco and Wilson",Germany,Private Limited,Home,2024-02-10,5097500.0
S107328,Rollins-Vang,Canada,Individual,Automotive,2024-04-22,4233703.0
S107329,Munoz Ltd,Canada,LLP,Sports,2023-05-16,6881747.0
S107330,"Hernandez, Miller and Ryan",Singapore,Sole Proprietor,Home,2022-04-17,6515311.0
S107331,"Clark, Reyes and Mack",USA,LLP,Sports,2023-12-20,3753313.0
S107332,"Simon, Allen and Watson",India,Individual,Electronics,2026-04-26,1383224.0
S107333,"Spencer, Cohen and Ramirez",Singapore,Private Limited,Beauty,2025-01-29,9749002.0
S107334,"Manning, Keller and Ferguson",india,Sole Proprietor,Books,2022-06-22,3546308.0
S107335,Hernandez LLC,India,LLP,Automotive,2024-10-28,6238670.0
S107336,Franklin LLC,USA,Partnership,Beauty,2023-12-19,8844295.0
S107337,Arellano Group,Germany,Partnership,Electronics,2023-03-19,6547669.0
S107338,Holt-Fletcher,UK,Partnership,Fashion,2022-04-16,3309863.0
S107339,Camacho Ltd,Australia,Partnership,Fashion,2023-06-04,5151021.0
S107340,Cooper Group,Australia,LLP,Fashion,2025-07-11,4381289.0
S107341,Gonzalez and Sons,Germany,Sole Proprietor,Home,2025-05-09,6383733.0
S107342,"Duke, Evans and Horn",Australia,Private Limited,Fashion,2022-08-03,9063005.0
S107343,"Velez, Yoder and Gill",India,Private Limited,Fashion,2023-04-01,6270719.0
S107344,Freeman-Wagner,Germany,Partnership,Electronics,2024-09-03,852238.0
S107345,"Hansen, Riddle and Williams",Germany,Private Limited,Home,2022-09-12,7541037.0
S107346,Williams Ltd,UK,LLP,Home,2024-01-02,7784029.0
S107347,"Wilson, Lyons and Davis",Germany,Partnership,Fashion,2025-10-14,6986983.0
S107348,"Short, Soto and Werner",USA,Partnership,Fashion,2024-03-14,7507408.0
S107349,Miller and Sons,Canada,LLP,Automotive,2022-03-26,8596989.0
S107350,"Chase, Thomas and Price",Canada,Sole Proprietor,Sports,2024-09-27,8369786.0
S107351,Davis PLC,UK,Partnership,Home,2024-02-06,4623720.0
S107352,Spencer-Hoffman,Australia,LLP,Automotive,2023-05-06,4835863.0
S107353,Martin-Ross,Singapore,Sole Proprietor,Automotive,2023-11-16,2370915.0
S107354,Barrett Inc,Canada,LLP,Home,2023-01-25,7534737.0
S107355,"Douglas, Johnson and Gamble",Australia,Partnership,Home,2023-06-04,511312.0
S107356,"Chambers, Moore and Smith",Singapore,Private Limited,Beauty,2024-03-08,7863668.0
S107357,Burke Group,Germany,Sole Proprietor,Beauty,2023-07-31,469802.0
S107358,"Smith, Woods and Nelson",UK,Private Limited,Electronics,2024-09-10,7117409.0
S107359,"Ramirez, Castillo and Wolfe",Germany,LLP,Electronics,2023-09-24,7518413.0
S107360,Boyer Ltd,UK,Private Limited,Books,2022-06-30,1325594.0
S107361,"Barton, Sellers and Woodard",UK,Partnership,Home,2023-03-02,3539005.0
S107362,Wallace Inc,India,Sole Proprietor,Sports,2022-04-30,592209.0
S107363,Myers-Jones,Australia,Individual,Sports,2023-07-23,611988.0
S107364,"Armstrong, Daniel and Ray",Singapore,Partnership,Books,2024-03-26,6040612.0
S107365,Walter-Tucker,Australia,Sole Proprietor,Fashion,2023-05-11,4923860.0
S107366,Cuevas-Anderson,Australia,LLP,Books,2023-05-16,8863637.0
S107367,White-Murphy,IN,LLP,Automotive,2025-09-07,
S107368,"Bennett, Smith and Hall",UK,Private Limited,Books,2023-01-05,3410221.0
S107369,Taylor Group,Singapore,Private Limited,Beauty,2024-05-30,585053.0
S107370,Singh LLC,Australia,Individual,Home,2022-03-17,4415908.0
S107371,Anderson Group,Germany,Individual,Home,2025-03-14,1370054.0
S107372,"Solomon, Smith and Meadows",India,Individual,Automotive,2023-05-18,5211760.0
S107373,"Morales, Rivera and Hess",Canada,LLP,Home,2024-05-13,1355210.0
S107374,Young-Foster,India,Sole Proprietor,Automotive,2026-04-17,8469884.0
S107375,Hamilton Inc,Canada,Sole Proprietor,Automotive,2024-03-28,5324054.0
S107376,Williams-Simon,India,Individual,Sports,2022-07-28,5389878.0
S107377,"Miller, Schultz and Adams",Canada,Private Limited,Automotive,2024-07-06,4691950.0
S107378,Hanson PLC,Germany,Partnership,Electronics,2023-10-01,5190751.0
S107379,Smith and Sons,Germany,Partnership,Beauty,2022-07-10,8618572.0
S107380,"Williams, Wilson and Martin",Australia,Partnership,Sports,2024-09-24,51005.0
S107381,"Young, Johnson and Diaz",UK,Partnership,Automotive,2025-04-10,6955648.0
S107382,Franklin LLC,Germany,Partnership,Sports,2022-10-29,315461.0
S107383,Barker Group,Australia,LLP,Automotive,2022-09-30,6238445.0
S107384,Carroll-Horton,Germany,LLP,Sports,2025-04-15,6340235.0
S107385,Hall-Rodriguez,India,Sole Proprietor,Automotive,2025-06-21,1187485.0
S107386,"Holloway, Costa and Williams",UK,Private Limited,Automotive,2023-04-22,3934887.0
S107387,"Moran, Jordan and Anderson",India,Private Limited,Sports,2025-12-13,3169485.0
S107388,Bailey-Briggs,Germany,Partnership,Books,2022-02-05,5343979.0
S107389,Michael-Stanley,UK,Partnership,Automotive,2023-05-11,9026312.0
S107390,Shepherd-Jarvis,Germany,Private Limited,Fashion,2022-05-18,4300958.0
S107391,"Crane, Williams and Mitchell",India,LLP,Electronics,2023-03-19,1530411.0
S107392,"Estes, Campbell and Mitchell",Canada,Partnership,Beauty,2022-03-08,5222868.0
S107393,Perez-Davis,Germany,LLP,Beauty,2023-05-14,3627137.0
S107394,"Smith, Hoffman and Higgins",Canada,Sole Proprietor,Home,2022-07-04,4300179.0
S107395,"Price, Soto and Moreno",Germany,Sole Proprietor,Books,2022-12-10,4431372.0
S107396,Mercado-Bruce,Germany,LLP,Home,2023-09-12,2200877.0
S107397,Sanders-Sullivan,India,Private Limited,Books,2025-05-25,4453274.0
S107398,Harper Ltd,UK,Individual,Electronics,2026-03-09,2843128.0
S107399,Hernandez-Snyder,Australia,Private Limited,Home,2024-10-30,8117338.0
S107400,Williams-Lyons,Australia,Private Limited,Home,2024-01-02,1427186.0
S107401,Smith-Montes,Canada,Partnership,Beauty,2023-09-28,8386608.0
S107402,Garcia-Fisher,Germany,LLP,Electronics,2023-02-22,1562844.0
S107403,Collins Group,USA,LLP,Electronics,2024-11-01,3202413.0
S107404,West LLC,India,Private Limited,Books,2024-11-18,6322800.0
S107405,Shields-Moore,USA,LLP,Beauty,2026-05-01,5389847.0
S107406,Winters-Sullivan,Canada,Individual,Books,2023-03-07,8895421.0
S107407,Gonzalez Inc,india,Sole Proprietor,Books,2025-07-30,
S107408,Gordon-Johnson,Australia,Individual,Beauty,2025-02-01,
S107409,Friedman-Becker,UK,Sole Proprietor,Home,2025-06-23,1021163.0
S107410,Alexander Ltd,Singapore,Sole Proprietor,Sports,2023-09-14,1324669.0
S107411,"Walters, Davis and Crawford",USA,Sole Proprietor,Beauty,2023-11-08,6106674.0
S107412,Stewart Inc,Singapore,Sole Proprietor,Home,2022-08-15,6371483.0
S107413,Rose-Armstrong,Germany,LLP,Home,2025-06-25,3033232.0
S107414,Anderson-Scott,USA,Sole Proprietor,Fashion,2022-07-18,9908236.0
S107415,Clark PLC,USA,LLP,Sports,2026-04-10,9645555.0
S107416,Parker-Bradley,India,Sole Proprietor,Automotive,2026-04-17,738743.0
S107417,Mckinney LLC,Australia,Individual,Fashion,2024-12-27,1141033.0
S107418,"Mcgee, Lewis and Frazier",Singapore,LLP,Home,2024-02-28,3222212.0
S107419,Benson-Archer,UK,Private Limited,Automotive,2025-05-27,2953287.0
S107420,Silva-Flores,UK,Private Limited,Electronics,2025-11-12,6257157.0
S107421,Martinez-Mahoney,Canada,Partnership,Automotive,2023-05-11,922786.0
S107422,Blake PLC,Singapore,Sole Proprietor,Automotive,2022-07-28,2958982.0
S107423,"Johnston, Sanders and Brandt",India,Sole Proprietor,Books,2022-11-13,7971897.0
S107424,Abbott-Sullivan,USA,LLP,Electronics,2022-06-28,5011407.0
S107425,Jordan Group,IN,Partnership,Electronics,2023-02-07,4235220.0
S107426,Spencer and Sons,India,LLP,Automotive,2023-12-31,6130788.0
S107427,Reeves-Simpson,USA,Individual,Electronics,2023-10-19,3798986.0
S107428,"Lambert, Stevens and Payne",India,Private Limited,Electronics,2026-07-14,5205837.0
S107429,Brooks Group,UK,Individual,Beauty,2024-06-22,8989302.0
S107430,Ingram and Sons,India,Individual,Electronics,2025-06-16,6882808.0
S107431,"Benson, Abbott and Solis",UK,Sole Proprietor,Sports,2023-09-13,5298954.0
S107432,Weaver and Sons,UK,Partnership,Beauty,2026-02-27,7300423.0
S107433,Shaffer Inc,USA,LLP,Books,2023-09-14,2057886.0
S107434,"Lopez, Johnson and Ward",Singapore,Sole Proprietor,Automotive,2023-01-12,9965539.0
S107435,Allen-Lopez,India,Private Limited,Beauty,2025-06-11,4527850.0
S107436,Vaughn PLC,UK,Private Limited,Electronics,2024-05-03,5197015.0
S107437,"Mendoza, Hartman and Anderson",Australia,Individual,Sports,2026-02-11,1777697.0
S107438,"Murillo, Sullivan and Green",India,Partnership,Electronics,2025-11-23,6466366.0
S107439,Oneill and Sons,Australia,Partnership,Automotive,2025-06-15,1615036.0
S107440,Allen-Martin,India,Individual,Home,2025-12-09,8882135.0
S107441,Donovan-Huang,Australia,Private Limited,Fashion,2025-09-22,4245289.0
S107442,Bennett-Villarreal,USA,Individual,Beauty,2025-01-01,2422220.0
S107443,"Lopez, Martin and Kennedy",Germany,Sole Proprietor,Fashion,2022-11-08,1454566.0
S107444,Howell Ltd,Australia,Partnership,Books,2025-07-30,6796260.0
S107445,Walker PLC,USA,Partnership,Home,2025-06-20,9587524.0
S107446,Pearson-Williams,Singapore,Partnership,Fashion,2022-03-04,8926458.0
S107447,Parks Inc,USA,LLP,Beauty,2025-03-19,1498717.0
S107448,"Davis, Barker and Smith",Australia,Individual,Electronics,2023-12-09,9591254.0
S107449,Jensen-Perez,USA,Private Limited,Automotive,2026-06-26,5950463.0
S107450,Black LLC,Germany,Private Limited,Home,2022-09-29,9298745.0
S107451,Lewis LLC,Australia,Partnership,Electronics,2025-12-11,3426192.0
S107452,Keller-Jacobs,USA,Private Limited,Electronics,2022-04-06,7822927.0
S107453,"Hernandez, Franklin and Marsh",Singapore,LLP,Sports,2023-11-27,8326968.0
S107454,Rivera-Morris,Australia,Private Limited,Books,2026-07-07,3260732.0
S107455,Murphy LLC,Canada,Partnership,Electronics,2022-10-24,5916122.0
S107456,"Peterson, Mosley and Brown",India,LLP,Books,2023-01-17,799872.0
S107457,Morris-Carroll,UK,Sole Proprietor,Home,2025-08-08,437017.0
S107458,"Dean, Harris and Chung",Australia,Private Limited,Automotive,2024-11-22,6751384.0
S107459,Johnson Ltd,India,Partnership,Electronics,2023-08-13,9318037.0
S107460,Kramer-Rollins,India,Private Limited,Home,2023-01-08,4448103.0
S107461,Nunez and Sons,India,Partnership,Home,2024-01-05,5090478.0
S107462,Haney-Hardy,Germany,LLP,Beauty,2026-07-06,6746447.0
S107463,Mcintyre Group,Australia,Sole Proprietor,Books,2022-03-27,9773601.0
S107464,Mcdonald-Robinson,India,LLP,Home,2022-06-20,8483511.0
S107465,Perry Ltd,Australia,Sole Proprietor,Sports,2023-11-08,7359020.0
S107466,"Graves, Johnson and Ross",Germany,LLP,Fashion,2022-03-14,1623171.0
S107467,Blair-Johnson,Germany,LLP,Automotive,2023-12-27,7287945.0
S107468,Smith-Hansen,Singapore,Private Limited,Fashion,2024-11-20,9426182.0
S107469,Young Inc,Germany,Sole Proprietor,Sports,2024-11-11,7478909.0
S107470,Mendez-Jackson,Australia,Partnership,Books,2024-05-21,4037189.0
S107471,"Flynn, Taylor and Roberts",India,Private Limited,Beauty,2025-09-11,930247.0
S107472,"Holloway, Bowman and Moody",Germany,Private Limited,Fashion,2025-04-26,436380.0
S107473,Luna-Anderson,India,Individual,Home,2026-01-28,3296889.0
S107474,Nelson-Leonard,Canada,Partnership,Electronics,2023-07-27,8136524.0
S107475,Kennedy-Blake,Singapore,Sole Proprietor,Books,2025-09-24,7553048.0
S107476,"Jackson, Chavez and Taylor",India,Sole Proprietor,Sports,2022-02-01,3645677.0
S107477,"Howe, Wilkinson and Jordan",Canada,Individual,Fashion,2023-11-06,2084291.0
S107478,Smith Inc,Singapore,LLP,Home,2024-12-03,9895934.0
S107479,Mann and Sons,Singapore,LLP,Automotive,2023-05-19,9447245.0
S107480,"Bates, Kelly and Bradford",USA,Sole Proprietor,Books,2023-09-23,1281747.0
S107481,Ware-Pope,Canada,Individual,Books,2024-07-30,9501575.0
S107482,Daniel-Campbell,Australia,Individual,Books,2023-04-23,5211099.0
S107483,Adams-Larson,Germany,Private Limited,Sports,2023-05-06,9923793.0
S107484,"Willis, Garcia and Schaefer",UK,Individual,Automotive,2024-04-17,8006294.0
S107485,"Hale, Duncan and Washington",USA,Individual,Home,2025-03-01,5609653.0
S107486,"Roberson, Erickson and Wilkinson",Australia,Private Limited,Fashion,2025-09-08,6657592.0
S107487,"Clarke, Scott and Sloan",Germany,Individual,Home,2025-02-13,4342408.0
S107488,"Simmons, Lawrence and Oliver",Singapore,Sole Proprietor,Home,2024-11-24,6828198.0
S107489,Cervantes-Smith,Singapore,Sole Proprietor,Automotive,2026-04-27,6993611.0
S107490,Harper-Mcbride,Singapore,LLP,Beauty,2025-11-11,2553994.0
S107491,Thomas Group,Canada,Private Limited,Books,2026-05-05,9022390.0
S107492,Phillips-Anderson,Australia,Private Limited,Home,2022-11-22,8867050.0
S107493,"Walker, Garza and Barry",USA,Sole Proprietor,Electronics,2026-04-06,1908631.0
S107494,Anderson and Sons,Canada,Private Limited,Fashion,2023-05-18,6316568.0
S107495,"Kelley, Padilla and Gilmore",USA,Individual,Beauty,2024-11-10,8677502.0
S107496,"Jones, Camacho and Garcia",UK,Partnership,Sports,2026-01-29,5050047.0
S107497,"Roberts, Cantu and Perez",Australia,Partnership,Beauty,2024-04-18,8358229.0
S107498,Smith Inc,Canada,Individual,Sports,2024-03-28,4723157.0
S107499,Cohen Group,UK,Sole Proprietor,Fashion,2024-09-09,4559729.0
S107500,"Hale, Calhoun and Martin",Australia,LLP,Sports,2023-10-29,9694239.0
S107501,Velasquez PLC,Germany,LLP,Fashion,2022-06-12,3926392.0
S107502,"Sexton, Crosby and Evans",UK,Private Limited,Electronics,2024-09-05,5458592.0
S107503,"Martin, Sanders and Murray",UK,LLP,Sports,2025-07-11,2711549.0
S107504,"Horton, Brown and Palmer",Canada,Sole Proprietor,Beauty,2023-07-17,9066898.0
S107505,"Fox, Stout and Anderson",Australia,Partnership,Books,2022-06-28,1129949.0
S107506,Fox-Payne,Australia,LLP,Sports,2024-03-01,2675471.0
S107507,Brown-Sandoval,Germany,Partnership,Books,2026-04-07,2068304.0
S107508,Jones-Boyd,india,Individual,Home,2025-06-17,8321499.0
S107509,Terry-Archer,Germany,LLP,Books,2023-04-04,4549998.0
S107510,Wolfe LLC,Canada,Partnership,Books,2026-06-01,5390079.0
S107511,"Day, Morales and Mcdonald",India,LLP,Home,2025-08-06,7362018.0
S107512,"Greene, Compton and Schmitt",UK,Individual,Sports,2024-04-05,7442036.0
S107513,Johnson-Shelton,Canada,Sole Proprietor,Beauty,2023-05-02,183148.0
S107514,"Patterson, Wallace and Adams",Singapore,Individual,Sports,2023-02-28,5938172.0
S107515,Lee-Gregory,Australia,Sole Proprietor,Home,2023-01-12,1073838.0
S107516,Maddox PLC,Singapore,Individual,Beauty,2026-05-26,3265710.0
S107517,Moore-Foster,Singapore,Individual,Electronics,2026-04-03,5540864.0
S107518,Williams PLC,Canada,Partnership,Automotive,2025-08-02,2654390.0
S107519,Berry and Sons,USA,LLP,Fashion,2022-09-16,8846722.0
S107520,Miller-Morales,UK,Sole Proprietor,Home,2026-03-06,3656539.0
S107521,Garcia LLC,UK,Sole Proprietor,Fashion,2024-09-09,6451689.0
S107522,Santana-Oconnor,Germany,Sole Proprietor,Electronics,2025-03-08,8772474.0
S107523,"Hunter, Tapia and Rivera",INDIA,LLP,Beauty,2025-09-03,877363.0
S107524,"Mcintosh, Arroyo and Morris",India,Sole Proprietor,Electronics,2023-07-17,186007.0
S107525,Beasley-Bell,Singapore,Private Limited,Fashion,2023-09-07,9337007.0
S107526,Scott Group,india,Individual,Home,2023-11-15,3727122.0
S107527,Smith-Williams,Germany,Private Limited,Books,2026-06-16,8891317.0
S107528,"Griffin, Meyer and Lamb",Germany,Partnership,Automotive,2024-09-22,1800314.0
S107529,"Foley, Carter and Brown",UK,LLP,Books,2023-07-13,7043227.0
S107530,Perry LLC,India,LLP,Fashion,2025-04-14,2637735.0
S107531,Nguyen-Moore,Germany,Individual,Sports,2024-06-14,8179496.0
S107532,Hensley-Green,Singapore,LLP,Automotive,2024-04-05,2361667.0
S107533,"Chapman, Kennedy and Phillips",Germany,Private Limited,Electronics,2025-07-12,5632751.0
S107534,Solis and Sons,Australia,Private Limited,Beauty,2025-11-27,5064920.0
S107535,Moreno PLC,Canada,Sole Proprietor,Electronics,2022-08-08,2619548.0
S107536,Smith-Rowe,Australia,Sole Proprietor,Home,2023-12-16,6907989.0
S107537,Hoover-Camacho,Germany,Private Limited,Home,2024-10-23,6164133.0
S107538,"Brown, Smith and Sanchez",Australia,Individual,Fashion,2022-06-25,6046458.0
S107539,Williams PLC,UK,Private Limited,Sports,2023-05-19,379004.0
S107540,Patrick-Adams,Australia,Partnership,Beauty,2023-11-28,5419138.0
S107541,Hunt Group,Canada,Private Limited,Electronics,2022-11-22,6530658.0
S107542,Thompson Ltd,USA,Partnership,Books,2023-03-22,6270664.0
S107543,Simon-Fernandez,Germany,Partnership,Automotive,2024-11-14,4529431.0
S107544,"Nichols, Johnson and Franklin",UK,Partnership,Electronics,2024-07-02,9465015.0
S107545,Francis-Lewis,Canada,Individual,Home,2024-09-11,5811193.0
S107546,"Lane, Silva and Hamilton",India,Sole Proprietor,Automotive,2025-03-12,1728642.0
S107547,Colon Group,Canada,Sole Proprietor,Electronics,2024-07-23,8158000.0
S107548,"Washington, Kirk and Nicholson",UK,LLP,Electronics,2022-11-10,9656409.0
S107549,"Rich, Taylor and Nelson",Australia,LLP,Books,2022-07-16,5197567.0
S107550,Peters Inc,Canada,Private Limited,Books,2023-02-26,1732926.0
S107551,Cox PLC,Germany,LLP,Sports,2025-01-13,3033710.0
S107552,Rose-Evans,Canada,Private Limited,Sports,2026-05-18,5692917.0
S107553,Marshall LLC,Australia,Sole Proprietor,Beauty,2023-07-12,7431552.0
S107554,Walton-Vasquez,Germany,Partnership,Books,2024-02-16,5405946.0
S107555,"Beltran, Smith and Morris",Canada,Individual,Beauty,2022-02-08,6117392.0
S107556,"Fowler, Walker and King",UK,LLP,Automotive,2025-06-08,4467843.0
S107557,Beasley PLC,Australia,Private Limited,Automotive,2023-09-19,3785532.0
S107558,"Juarez, Williams and Barrett",Singapore,Partnership,Sports,2024-08-22,8314946.0
S107559,Smith-Love,India,LLP,Home,2024-04-20,9506935.0
S107560,Nelson-Curtis,USA,Private Limited,Automotive,2022-01-06,9818745.0
S107561,Solis Inc,UK,Sole Proprietor,Home,2022-04-21,8218438.0
S107562,Pruitt-Burke,Germany,Private Limited,Books,2022-08-19,5851128.0
S107563,Cook LLC,USA,LLP,Sports,2024-08-07,7878604.0
S107564,"Skinner, Smith and Lee",India,Individual,Automotive,2022-04-08,1891967.0
S107565,Hernandez-Perez,India,LLP,Automotive,2023-06-01,7806839.0
S107566,"Manning, Ortega and Ruiz",Germany,Private Limited,Home,2023-08-13,4459566.0
S107567,"Kim, Cox and Diaz",USA,Individual,Home,2025-09-12,4452592.0
S107568,Douglas Inc,Australia,Sole Proprietor,Beauty,2022-10-01,2951599.0
S107569,"Lam, Rojas and Holder",UK,LLP,Beauty,2024-10-21,5700003.0
S107570,"Mills, Moore and Smith",Germany,LLP,Electronics,2023-04-03,5798021.0
S107571,"Fischer, Anderson and Obrien",UK,Partnership,Books,2022-07-15,6651967.0
S107572,"Meyer, Sanders and Robertson",Canada,LLP,Automotive,2024-02-06,7894908.0
S107573,Rodriguez-Fisher,USA,Sole Proprietor,Automotive,2023-10-06,2594242.0
S107574,Lucas and Sons,USA,Private Limited,Sports,2024-01-22,6305876.0
S107575,Maddox Group,UK,Sole Proprietor,Electronics,2026-05-07,9815564.0
S107576,Doyle LLC,Singapore,LLP,Beauty,2026-03-10,5106852.0
S107577,"Dunn, Moran and Sherman",Singapore,Partnership,Books,2024-10-24,1689487.0
S107578,Stevens Group,Australia,Partnership,Beauty,2022-04-01,2656910.0
S107579,Reilly-Clark,Singapore,Sole Proprietor,Home,2023-06-22,2022292.0
S107580,Lee-Smith,Singapore,Private Limited,Beauty,2022-12-10,4048617.0
S107581,White-Garza,USA,LLP,Beauty,2022-01-04,5092946.0
S107582,"Levy, Melendez and Miller",India,Partnership,Electronics,2023-05-31,6768388.0
S107583,Holden PLC,Singapore,Sole Proprietor,Beauty,2025-07-21,1660881.0
S107584,Harrison PLC,UK,Partnership,Automotive,2025-04-23,8256403.0
S107585,Phillips and Sons,Australia,Private Limited,Books,2022-09-12,9377645.0
S107586,Morrow-Underwood,UK,LLP,Sports,2023-11-28,750282.0
S107587,"Edwards, Dean and Wheeler",Canada,Private Limited,Beauty,2023-08-04,6305608.0
S107588,Mahoney and Sons,Australia,Partnership,Electronics,2022-09-09,7792341.0
S107589,Anderson Ltd,India,Private Limited,Sports,2024-03-06,1740689.0
S107590,Robinson Group,India,Individual,Beauty,2023-12-14,574116.0
S107591,Cole PLC,Australia,Individual,Home,2022-08-03,7403947.0
S107592,"Johnson, Hernandez and Jackson",Australia,Individual,Beauty,2024-07-31,9659630.0
S107593,Shelton-Berry,Singapore,LLP,Sports,2022-03-10,8252065.0
S107594,Erickson Group,Canada,Partnership,Automotive,2025-05-08,3037988.0
S107595,Holloway-Salas,Canada,LLP,Books,2025-10-24,1691932.0
S107596,"Weaver, Little and Brown",Germany,Private Limited,Electronics,2026-03-15,6176456.0
S107597,"Ramirez, Owens and Griffin",Canada,Private Limited,Automotive,2025-01-30,9870999.0
S107598,Warner-Jones,Germany,Partnership,Beauty,2025-10-18,4244080.0
S107599,Fisher-Edwards,UK,Private Limited,Home,2024-05-27,8217266.0
S107600,Watkins Inc,USA,LLP,Automotive,2026-06-18,6023457.0
S107601,"Fernandez, Jennings and Cameron",Australia,Sole Proprietor,Sports,2024-04-14,812951.0
S107602,"Clark, Palmer and Gomez",Germany,Individual,Beauty,2022-09-20,2278675.0
S107603,Flores PLC,Canada,Sole Proprietor,Fashion,2023-07-08,1482350.0
S107604,Grant LLC,USA,Private Limited,Home,2023-12-09,1836278.0
S107605,Hicks-Franklin,Singapore,Private Limited,Sports,2022-01-15,1298403.0
S107606,"Burton, Jackson and Serrano",UK,Private Limited,Electronics,2025-05-21,7903339.0
S107607,Wagner PLC,Singapore,LLP,Fashion,2024-10-05,5246843.0
S107608,"Ramos, Harris and Johnson",Canada,Private Limited,Beauty,2024-04-09,3825141.0
S107609,Chung Ltd,UK,Partnership,Automotive,2026-04-30,9575704.0
S107610,Ross-Hernandez,Germany,Partnership,Home,2022-05-09,4546799.0
S107611,"Ross, Rodriguez and Wilson",Canada,Individual,Fashion,2025-12-11,234614.0
S107612,"Hartman, Morrison and Chen",Australia,Individual,Beauty,2025-10-11,3880696.0
S107613,Rojas-Payne,Singapore,LLP,Home,2025-07-11,7380853.0
S107614,"Garcia, Hebert and Holland",Singapore,LLP,Sports,2026-07-25,2623082.0
S107615,"Mills, Hughes and Rios",Germany,Individual,Sports,2022-12-23,5799638.0
S107616,Dixon and Sons,USA,Partnership,Fashion,2026-02-02,7949980.0
S107617,Banks Group,Singapore,Sole Proprietor,Books,2025-12-20,1196043.0
S107618,Sexton Group,USA,Sole Proprietor,Home,2026-04-13,8825993.0
S107619,"Hodges, Sheppard and Johnson",Germany,Partnership,Sports,2022-08-01,1534123.0
S107620,Williams PLC,Singapore,Private Limited,Automotive,2022-09-21,3340415.0
S107621,Robinson and Sons,Singapore,Private Limited,Electronics,2023-06-25,2841582.0
S107622,"Peters, Hughes and Lawson",UK,Private Limited,Home,2024-02-13,1435938.0
S107623,Walker Ltd,India,Sole Proprietor,Beauty,2026-06-06,9219658.0
S107624,"Bates, Atkinson and Stanley",Canada,Private Limited,Home,2023-11-14,5186075.0
S107625,"Barrera, Morse and Sanchez",Germany,LLP,Beauty,2023-06-25,4627636.0
S107626,Williams-Henry,Germany,LLP,Automotive,2023-03-16,3084385.0
S107627,Dixon-Gutierrez,UK,LLP,Books,2023-08-10,1331962.0
S107628,"Logan, Grimes and Barajas",India,Sole Proprietor,Electronics,2026-06-21,8980905.0
S107629,Morgan Ltd,Australia,LLP,Electronics,2023-03-14,6459677.0
S107630,Smith-Tucker,Germany,Private Limited,Sports,2022-02-07,5722836.0
S107631,Singh and Sons,USA,Individual,Fashion,2025-02-05,9107599.0
S107632,"Roach, Robinson and Morris",India,Sole Proprietor,Fashion,2024-06-29,7244732.0
S107633,Chen-Maldonado,Canada,LLP,Home,2022-07-24,9060335.0
S107634,Gonzales-Stein,Singapore,LLP,Home,2024-10-14,1396727.0
S107635,Martinez-Davis,UK,Partnership,Automotive,2022-10-03,2831872.0
S107636,Williamson-Lowe,India,Individual,Books,2025-09-17,8811524.0
S107637,"Walker, Hill and Short",USA,Private Limited,Fashion,2023-10-25,4528895.0
S107638,Williams-Richardson,India,Individual,Electronics,2023-01-14,7480895.0
S107639,"Medina, Garcia and Jones",USA,Sole Proprietor,Fashion,2024-03-08,241560.0
S107640,Parker Group,USA,Individual,Sports,2024-09-13,6675199.0
S107641,Curtis Ltd,UK,Partnership,Beauty,2022-04-05,9663511.0
S107642,Goodwin and Sons,India,Partnership,Automotive,2025-09-23,8156221.0
S107643,"Mcguire, Rosales and Gonzalez",Germany,Individual,Sports,2023-05-01,7851944.0
S107644,"Mooney, Wilson and Burton",Germany,Private Limited,Automotive,2025-05-21,6310863.0
S107645,Fuentes-Frank,India,Partnership,Beauty,2025-09-01,8149709.0
S107646,"Jones, Johnson and Fowler",Australia,Individual,Automotive,2024-05-02,3162874.0
S107647,Williamson-Medina,India,Partnership,Fashion,2022-03-27,4780150.0
S107648,Hall LLC,Canada,Sole Proprietor,Home,2024-11-23,6672837.0
S107649,"Adams, Simmons and Carter",Canada,Individual,Automotive,2023-09-06,1777684.0
S107650,Cherry-Andrews,Canada,Partnership,Home,2025-03-22,3780755.0
S107651,Johnson-Juarez,India,Private Limited,Home,2025-10-06,2765145.0
S107652,Weiss Group,Germany,LLP,Automotive,2023-11-04,6771048.0
S107653,"Chase, Mckay and Olsen",UK,Sole Proprietor,Beauty,2024-08-14,5058177.0
S107654,Reynolds and Sons,India,Sole Proprietor,Sports,2022-06-20,6782328.0
S107655,"Flores, Robinson and Jimenez",India,LLP,Automotive,2025-11-03,3920352.0
S107656,"Clark, Wilson and Aguilar",Canada,Individual,Beauty,2026-05-26,4247200.0
S107657,Diaz-Mccarthy,Singapore,Sole Proprietor,Electronics,2025-03-02,8212832.0
S107658,Guzman Ltd,Australia,Individual,Fashion,2023-09-04,2242587.0
S107659,"Thomas, Gonzales and Garcia",UK,Individual,Automotive,2025-05-05,7610292.0
S107660,Nixon-Schroeder,Australia,Individual,Electronics,2025-02-05,1210166.0
S107661,Page and Sons,Australia,LLP,Sports,2025-03-21,1725054.0
S107662,"Gallegos, Rivera and Richardson",INDIA,Partnership,Sports,2022-10-19,9773691.0
S107663,"Stanley, Day and Ferrell",india,Partnership,Electronics,2024-08-04,4701852.0
S107664,Perez LLC,USA,Individual,Books,2023-05-21,1173816.0
S107665,Bennett Ltd,Canada,Private Limited,Automotive,2024-03-26,2374436.0
S107666,Jones-Reed,Singapore,LLP,Fashion,2024-04-02,107835.0
S107667,"King, Wright and Reynolds",USA,Private Limited,Electronics,2024-05-17,9636279.0
S107668,Johnson-Owens,Australia,Individual,Sports,2025-12-20,8607119.0
S107669,Evans Group,Germany,LLP,Home,2023-07-20,8680184.0
S107670,Fletcher-Price,India,Private Limited,Home,2025-05-20,3940720.0
S107671,"Martinez, Paul and Armstrong",USA,LLP,Sports,2023-04-18,8497086.0
S107672,"Campbell, Miller and Burton",Singapore,LLP,Fashion,2025-10-29,1437188.0
S107673,Yang-Mclean,India,Partnership,Books,2024-07-07,4065007.0
S107674,"Wilson, Brown and Smith",Singapore,LLP,Home,2022-06-22,8103365.0
S107675,Vaughan and Sons,UK,LLP,Books,2024-02-12,9678614.0
S107676,Palmer Inc,USA,LLP,Electronics,2022-02-23,2783417.0
S107677,Cunningham-Jones,Australia,Individual,Books,2022-04-07,1533561.0
S107678,Vance-Garcia,USA,Sole Proprietor,Fashion,2023-01-23,1505936.0
S107679,Monroe-Contreras,Canada,LLP,Books,2024-11-17,9829551.0
S107680,Hale-Brown,Australia,Partnership,Sports,2025-03-30,250226.0
S107681,"Scott, Hart and Benson",USA,LLP,Home,2026-04-03,7663430.0
S107682,Roberts-Fitzgerald,India,Partnership,Beauty,2022-06-16,8202593.0
S107683,Vargas Ltd,Australia,Individual,Fashion,2022-03-08,5844845.0
S107684,Herrera LLC,Germany,Sole Proprietor,Beauty,2022-04-27,9665516.0
S107685,"Walsh, Allen and Harris",UK,Individual,Fashion,2023-06-04,6458675.0
S107686,Cain Group,India,LLP,Electronics,2024-03-14,4300843.0
S107687,"Bailey, Cantu and Johnson",Canada,Private Limited,Home,2025-07-23,9366062.0
S107688,"Brewer, Cruz and Fuentes",Canada,LLP,Fashion,2023-05-05,7569850.0
S107689,Grant and Sons,Germany,Sole Proprietor,Books,2022-08-25,9400823.0
S107690,Bennett-Stevens,Germany,Partnership,Beauty,2024-08-09,7357873.0
S107691,"Francis, Fritz and Gutierrez",Singapore,Individual,Electronics,2024-03-05,4744522.0
S107692,Smith LLC,USA,LLP,Books,2025-09-05,9900277.0
S107693,"Long, Allen and Thompson",Singapore,Partnership,Automotive,2025-07-24,3962074.0
S107694,Taylor and Sons,Singapore,Individual,Automotive,2026-04-11,7975877.0
S107695,Frazier and Sons,Singapore,Private Limited,Electronics,2023-04-12,3838266.0
S107696,Austin-Stephens,USA,LLP,Sports,2026-06-09,7099767.0
S107697,Yoder and Sons,INDIA,Partnership,Books,2026-03-27,8436469.0
S107698,"Kim, Henderson and Walker",UK,LLP,Electronics,2026-05-16,55407.0
S107699,Freeman-Williamson,UK,Sole Proprietor,Books,2024-12-28,774594.0
S107700,Davis Group,Canada,LLP,Automotive,2024-06-17,3694289.0
S107701,"Jones, Hernandez and Torres",Singapore,Individual,Sports,2022-07-09,5828718.0
S107702,Martinez-Carter,Germany,Individual,Home,2023-11-30,4907173.0
S107703,"Martin, Sanchez and Garrison",USA,Partnership,Electronics,2024-07-20,9842460.0
S107704,Ellis Group,UK,Sole Proprietor,Automotive,2023-09-05,8058084.0
S107705,Hamilton-Parker,Germany,Individual,Electronics,2022-08-09,909412.0
S107706,Li-Rodriguez,Germany,Sole Proprietor,Beauty,2024-03-14,5195126.0
S107707,Sanchez-Walton,Germany,LLP,Books,2025-10-11,5940368.0
S107708,Robinson-Bradley,Germany,LLP,Beauty,2022-11-03,8635506.0
S107709,Moss-Day,Canada,Partnership,Fashion,2022-12-07,6549512.0
S107710,"Schultz, Kelly and Chang",Australia,Sole Proprietor,Fashion,2023-08-30,8554537.0
S107711,"White, Jennings and Bennett",UK,LLP,Automotive,2022-02-20,3459424.0
S107712,Cain-Evans,Canada,Individual,Sports,2024-11-05,4375520.0
S107713,Johnson PLC,Australia,Partnership,Sports,2023-12-16,7043789.0
S107714,Smith-White,India,Partnership,Beauty,2026-01-21,9950784.0
S107715,Cooper-Chandler,Australia,Sole Proprietor,Fashion,2025-08-24,6890467.0
S107716,Decker LLC,India,Private Limited,Sports,2022-09-28,6924750.0
S107717,Schaefer-Scott,Singapore,Sole Proprietor,Beauty,2022-03-11,7479946.0
S107718,"Ross, Taylor and Ferguson",Germany,Partnership,Beauty,2025-05-05,6334497.0
S107719,"Perez, Smith and Harrison",Germany,Individual,Home,2025-09-01,3491352.0
S107720,Frye Inc,Canada,Sole Proprietor,Home,2024-04-12,2471205.0
S107721,Buckley-Hill,Germany,Private Limited,Beauty,2024-08-17,9936135.0
S107722,"Stevenson, Miller and Parks",USA,Partnership,Electronics,2025-10-04,1482757.0
S107723,Carpenter-Gonzalez,India,Partnership,Home,2023-05-04,6049371.0
S107724,Davis-Green,India,Private Limited,Sports,2025-05-07,7087085.0
S107725,"Ellis, Holmes and Lawrence",IN,Private Limited,Automotive,2026-06-13,594957.0
S107726,Lewis-Anderson,Germany,Sole Proprietor,Automotive,2022-12-10,4872101.0
S107727,"Smith, Smith and Morris",USA,Private Limited,Fashion,2023-01-30,4107676.0
S107728,Alexander Ltd,India,Private Limited,Fashion,2025-06-17,9938266.0
S107729,Coleman-Palmer,USA,LLP,Books,2024-02-16,428454.0
S107730,Hale LLC,Singapore,Partnership,Home,2025-12-21,511875.0
S107731,"Williams, Garcia and Horton",Singapore,Partnership,Sports,2023-06-14,3851143.0
S107732,Hanna-Miller,Australia,Individual,Beauty,2025-06-07,5817836.0
S107733,Aguilar LLC,Australia,Private Limited,Fashion,2023-11-30,7392481.0
S107734,Mays LLC,Canada,Partnership,Books,2026-05-14,2408453.0
S107735,Hamilton PLC,Canada,LLP,Electronics,2022-10-07,8536726.0
S107736,Jackson-Garcia,UK,Private Limited,Beauty,2026-01-05,864704.0
S107737,Tucker PLC,India,Partnership,Home,2023-06-27,4308198.0
S107738,Dunn Inc,Canada,Sole Proprietor,Books,2023-08-12,8970580.0
S107739,Gilbert Group,Germany,LLP,Fashion,2022-08-07,2003671.0
S107740,"Warren, Henderson and Anderson",Canada,Sole Proprietor,Home,2022-01-21,4343710.0
S107741,Combs-Russell,USA,LLP,Books,2023-09-29,2452037.0
S107742,"Pearson, Smith and Shields",Canada,Individual,Books,2023-05-23,7500197.0
S107743,"Douglas, Sanchez and Stokes",Germany,LLP,Fashion,2024-01-18,5637170.0
S107744,Watson LLC,Singapore,Individual,Beauty,2025-02-15,7168181.0
S107745,Mann and Sons,Canada,Sole Proprietor,Automotive,2024-07-03,9182785.0
S107746,Powell Inc,Germany,Individual,Automotive,2023-01-05,755368.0
S107747,Lee and Sons,USA,Sole Proprietor,Fashion,2022-12-12,2102579.0
S107748,"Reynolds, Rogers and Holland",USA,Individual,Beauty,2022-03-12,1610784.0
S107749,Kent-Smith,Canada,LLP,Sports,2024-04-01,7007606.0
S107750,Sexton-Taylor,USA,Sole Proprietor,Home,2025-03-27,2259870.0
S107751,Yang-Davis,Canada,Partnership,Sports,2024-12-10,8170779.0
S107752,Johnson Group,USA,Sole Proprietor,Beauty,2023-02-20,1329911.0
S107753,Johnson-Edwards,UK,Private Limited,Home,2023-09-27,9569123.0
S107754,Flores-Chapman,UK,Partnership,Fashion,2025-03-26,1947507.0
S107755,Smith Group,Germany,Sole Proprietor,Beauty,2023-09-27,5090161.0
S107756,Orozco-Harris,India,Partnership,Electronics,2023-04-26,3316492.0
S107757,"Stone, Anderson and Farrell",Singapore,Private Limited,Sports,2025-02-14,8548639.0
S107758,Johnson-Esparza,India,Partnership,Electronics,2022-02-09,5488861.0
S107759,Booth PLC,India,Individual,Fashion,2024-12-15,8231715.0
S107760,Lopez and Sons,UK,LLP,Automotive,2022-06-12,2567639.0
S107761,Watson and Sons,India,Private Limited,Automotive,2022-11-23,110841.0
S107762,"Johnson, Woodward and Stevenson",India,Partnership,Books,2023-09-02,
S107763,Jefferson Inc,UK,Individual,Beauty,2023-07-19,8939026.0
S107764,Scott LLC,Germany,Sole Proprietor,Fashion,2025-09-10,1193380.0
S107765,Walker Inc,India,LLP,Beauty,2024-04-30,2258016.0
S107766,Perez and Sons,Singapore,Partnership,Books,2025-08-24,350420.0
S107767,White-Gray,Singapore,Individual,Books,2022-12-17,6857418.0
S107768,Hogan and Sons,Australia,Sole Proprietor,Beauty,2023-06-02,4676735.0
S107769,Quinn LLC,USA,Individual,Fashion,2026-01-17,6731408.0
S107770,Collier-Jenkins,India,Partnership,Sports,2026-04-20,5782009.0
S107771,Cook-Robinson,UK,Sole Proprietor,Home,2023-01-22,3433346.0
S107772,Mason LLC,India,Sole Proprietor,Books,2024-11-05,8328067.0
S107773,Lynch-Patterson,USA,Private Limited,Automotive,2025-02-11,3676686.0
S107774,Thompson PLC,Germany,Sole Proprietor,Automotive,2025-08-12,225585.0
S107775,"Jordan, Lee and Thompson",Germany,Individual,Home,2022-06-30,4405629.0
S107776,Blair PLC,UK,Partnership,Sports,2022-11-11,3893995.0
S107777,Wright-Christensen,USA,Partnership,Beauty,2022-06-04,4544466.0
S107778,"Santiago, Weber and Camacho",Australia,Sole Proprietor,Books,2024-10-21,1723074.0
S107779,Hill PLC,Canada,Partnership,Electronics,2022-07-15,6173391.0
S107780,"Walsh, Ward and Howell",India,Individual,Sports,2024-06-04,8377395.0
S107781,Kelly Inc,Canada,Partnership,Automotive,2022-09-28,514876.0
S107782,Barker-Osborn,Canada,Private Limited,Books,2022-05-31,9637462.0
S107783,Watson-Cook,USA,Individual,Electronics,2025-02-25,2646062.0
S107784,Adams Group,Canada,LLP,Fashion,2023-05-03,3855822.0
S107785,Wood and Sons,Australia,Private Limited,Sports,2024-07-10,112928.0
S107786,"Dixon, Harvey and Butler",Singapore,LLP,Sports,2025-08-18,3366925.0
S107787,Garcia-Kennedy,Singapore,Partnership,Sports,2023-11-29,8531232.0
S107788,Robinson-Powell,USA,Sole Proprietor,Electronics,2023-12-05,9034639.0
S107789,"Wolfe, Moore and Humphrey",Australia,LLP,Books,2026-07-19,2145356.0
S107790,Bradshaw-Long,India,Partnership,Home,2023-03-09,7492905.0
S107791,"Stewart, Hall and Clark",India,LLP,Sports,2022-12-04,375432.0
S107792,"Hale, Lyons and Russell",Singapore,Partnership,Books,2024-07-30,5128529.0
S107793,"Gilmore, Ray and Beasley",Australia,Individual,Home,2023-09-27,3128929.0
S107794,"Wright, Roberts and Rich",UK,Sole Proprietor,Home,2024-08-15,4046732.0
S107795,"Fischer, Price and Bradshaw",Canada,Partnership,Fashion,2024-02-29,2235837.0
S107796,Evans LLC,UK,Sole Proprietor,Electronics,2024-11-25,9200521.0
S107797,Miller-Davidson,USA,Individual,Fashion,2023-09-08,9698656.0
S107798,"Wolfe, Barnes and Gonzalez",Singapore,Partnership,Automotive,2024-07-09,4003289.0
S107799,"Payne, Walker and Nelson",Singapore,Partnership,Automotive,2026-06-05,7785772.0
S107800,"Mitchell, Dunn and Porter",Germany,Private Limited,Home,2023-06-13,5033956.0
S107801,Sanchez-Lane,INDIA,LLP,Fashion,2025-07-13,5798005.0
S107802,Glover-Long,Singapore,LLP,Sports,2024-08-05,8755563.0
S107803,"Thomas, Cunningham and Lawrence",Germany,Private Limited,Sports,2024-02-10,6121727.0
S107804,Gilbert PLC,Germany,Individual,Books,2024-04-11,5207067.0
S107805,"Jones, Davis and Dalton",USA,Sole Proprietor,Home,2025-10-17,771598.0
S107806,"Potts, Miller and Long",Singapore,Private Limited,Sports,2025-03-16,836436.0
S107807,"Rios, Neal and Davis",Singapore,Private Limited,Books,2024-12-29,364787.0
S107808,Johnson and Sons,Australia,LLP,Fashion,2023-08-24,7950396.0
S107809,Anderson-Brown,Canada,Partnership,Electronics,2025-07-07,562899.0
S107810,"Martin, Greer and Smith",Australia,Individual,Sports,2023-08-11,209111.0
S107811,Hill PLC,Canada,Individual,Beauty,2025-12-02,5994782.0
S107812,Olsen-Haley,Germany,Private Limited,Beauty,2024-04-30,2188168.0
S107813,"Smith, Kemp and Hughes",UK,Private Limited,Beauty,2024-02-22,2372319.0
S107814,Berry-Wilson,USA,LLP,Books,2025-05-01,2630163.0
S107815,Werner Group,India,Private Limited,Beauty,2026-05-21,3924343.0
S107816,Vargas LLC,India,Sole Proprietor,Home,2022-06-23,4553509.0
S107817,Sanders-Morris,Singapore,Individual,Electronics,2025-10-22,5621507.0
S107818,Massey-Goodman,USA,Partnership,Fashion,2022-08-11,1956711.0
S107819,"Martin, Kirby and Phillips",Singapore,Partnership,Fashion,2023-01-09,6693810.0
S107820,Harris-Cabrera,UK,Individual,Books,2024-10-03,5557269.0
S107821,"Rodriguez, Taylor and Galvan",Germany,Sole Proprietor,Home,2022-01-27,243365.0
S107822,"Mccoy, Turner and Lewis",Australia,Individual,Sports,2023-06-29,2161810.0
S107823,"Baker, Mathis and Miller",india,Private Limited,Fashion,2023-11-07,8899783.0
S107824,"Rodriguez, May and Park",Australia,LLP,Beauty,2026-06-29,5186761.0
S107825,Higgins-Bradley,USA,Private Limited,Sports,2025-01-08,4116077.0
S107826,Oliver Group,Singapore,LLP,Sports,2024-05-04,7019901.0
S107827,"Johnson, Fleming and Pierce",Australia,Partnership,Home,2024-09-03,1432777.0
S107828,Murphy PLC,UK,Private Limited,Home,2025-05-03,383515.0
S107829,Johnson Group,Singapore,Private Limited,Fashion,2024-06-02,2793507.0
S107830,Jackson PLC,Australia,LLP,Beauty,2026-02-01,4014080.0
S107831,Wilson Ltd,Germany,LLP,Electronics,2022-03-29,3452291.0
S107832,Bradley LLC,USA,Sole Proprietor,Sports,2022-02-02,9691016.0
S107833,"Richards, Juarez and Miller",India,Individual,Beauty,2023-09-08,7654820.0
S107834,Hall LLC,Germany,Individual,Home,2025-08-13,5280534.0
S107835,Alvarez Ltd,UK,Private Limited,Beauty,2024-10-27,8252221.0
S107836,Whitaker-Douglas,USA,LLP,Books,2023-06-17,930761.0
S107837,Krueger LLC,Australia,LLP,Fashion,2025-08-06,4220552.0
S107838,"Norton, Campbell and Petersen",India,Partnership,Sports,2024-10-06,2459346.0
S107839,"Robles, Baker and Chandler",Australia,Individual,Automotive,2024-06-05,7480203.0
S107840,Hancock Group,INDIA,LLP,Sports,2023-04-06,3345932.0
S107841,"Robinson, Jones and King",UK,Private Limited,Automotive,2025-03-22,6765005.0
S107842,"Davis, Morales and Hester",Canada,Individual,Books,2023-10-17,3606965.0
S107843,"Pena, Garza and Sandoval",Australia,Sole Proprietor,Home,2023-01-11,5867661.0
S107844,Williams LLC,USA,Sole Proprietor,Beauty,2025-02-16,3781791.0
S107845,"Nolan, Martin and Buck",UK,Partnership,Fashion,2023-05-24,8622172.0
S107846,Moreno Group,India,Private Limited,Fashion,2022-02-10,8126583.0
S107847,Frost-Powell,USA,LLP,Books,2023-05-25,3542872.0
S107848,"Kidd, Adkins and Jones",India,Private Limited,Fashion,2024-05-16,5254731.0
S107849,"Guzman, Wright and Thomas",India,Private Limited,Fashion,2023-08-24,8030134.0
S107850,Scott Ltd,UK,Individual,Automotive,2025-03-13,9088451.0
S107851,Turner-Green,UK,Private Limited,Automotive,2024-07-28,2688763.0
S107852,Davies and Sons,India,Private Limited,Fashion,2023-12-12,801994.0
S107853,Gonzalez-Coleman,UK,Individual,Beauty,2022-04-09,2155767.0
S107854,"Woods, Joyce and Davis",USA,Private Limited,Books,2022-07-16,525421.0
S107855,"Garcia, Mccall and Reyes",Germany,Individual,Books,2024-01-01,5490283.0
S107856,Nguyen Group,Canada,Partnership,Electronics,2026-07-05,9910953.0
S107857,Wyatt Inc,UK,Individual,Books,2022-11-08,2605381.0
S107858,Wilson-Mcdowell,Australia,LLP,Books,2024-03-16,5176251.0
S107859,"Davis, Maldonado and Howe",India,Individual,Sports,2025-06-25,2671766.0
S107860,Davies LLC,UK,LLP,Home,2022-06-29,2257812.0
S107861,Caldwell-Smith,UK,Private Limited,Sports,2026-06-29,647156.0
S107862,"Peters, Rios and Roberts",Germany,Sole Proprietor,Electronics,2025-04-15,1578959.0
S107863,Anderson PLC,Singapore,Private Limited,Home,2026-02-09,5842490.0
S107864,Rosales-Evans,India,LLP,Automotive,2026-03-02,3794906.0
S107865,Kerr Ltd,Australia,LLP,Sports,2023-06-05,1197253.0
S107866,Barton PLC,Canada,Partnership,Electronics,2023-11-14,8391839.0
S107867,Booker Group,Singapore,LLP,Books,2024-10-13,2084681.0
S107868,"Richardson, James and Dalton",Germany,Partnership,Home,2023-04-18,2963827.0
S107869,Jacobs and Sons,Canada,Private Limited,Books,2024-04-18,4177721.0
S107870,"Kramer, Miller and Hardin",India,Partnership,Electronics,2026-03-06,6937337.0
S107871,Turner-Arellano,USA,Individual,Automotive,2025-10-03,9050082.0
S107872,"Odom, Martinez and Lane",Australia,LLP,Automotive,2024-06-04,4033691.0
S107873,Jackson-May,UK,Private Limited,Electronics,2026-05-15,63016.0
S107874,Bailey Inc,Germany,Partnership,Electronics,2023-10-03,746850.0
S107875,Mckinney Inc,UK,Private Limited,Electronics,2023-10-06,9485120.0
S107876,Robinson-Williams,Australia,Partnership,Sports,2026-07-15,6064621.0
S107877,"Alvarado, Church and Lopez",Australia,Partnership,Sports,2024-07-01,7777235.0
S107878,Russell LLC,India,LLP,Fashion,2025-11-05,3670051.0
S107879,Rogers-Murillo,Australia,Partnership,Electronics,2024-10-31,755194.0
S107880,Todd Group,Australia,Sole Proprietor,Electronics,2022-08-12,790400.0
S107881,"Collins, Jones and Taylor",India,LLP,Home,2026-03-25,7056128.0
S107882,Campbell-Le,Australia,Individual,Home,2022-04-13,3683090.0
S107883,Villa Group,Canada,Private Limited,Beauty,2024-11-17,8848727.0
S107884,"Daniels, Bush and Hill",Canada,Sole Proprietor,Electronics,2025-01-06,3524964.0
S107885,"Melendez, Howard and Myers",India,LLP,Home,2024-03-11,
S107886,Hunter-Hendrix,Germany,Private Limited,Sports,2024-12-07,1960617.0
S107887,"Walker, Brown and Wood",Germany,Sole Proprietor,Beauty,2025-12-20,9036829.0
S107888,"Mooney, Haynes and Peterson",Australia,LLP,Electronics,2024-12-16,5976067.0
S107889,Bailey-Alvarado,Germany,Sole Proprietor,Electronics,2023-12-19,640299.0
S107890,Clark-Cox,Australia,Sole Proprietor,Beauty,2023-11-16,6765244.0
S107891,"Phillips, Thomas and Mooney",Singapore,Sole Proprietor,Sports,2026-04-03,2739591.0
S107892,Little-Miller,Germany,Partnership,Fashion,2024-12-09,625036.0
S107893,Price and Sons,India,Partnership,Fashion,2026-01-03,8241897.0
S107894,"Ward, Richardson and Green",USA,Individual,Automotive,2025-07-31,9344170.0
S107895,Alvarez Ltd,India,LLP,Beauty,2022-11-13,3290610.0
S107896,Miller Ltd,Germany,Private Limited,Books,2024-05-10,4793218.0
S107897,Rodriguez-Walker,India,Partnership,Sports,2023-04-03,532819.0
S107898,Hicks-Sosa,Canada,Private Limited,Electronics,2026-04-24,6766629.0
S107899,Callahan-Green,Canada,Partnership,Sports,2026-04-06,9847697.0
S107900,"Hunt, Strickland and Garcia",INDIA,Sole Proprietor,Books,2022-07-31,4333277.0
S107901,Smith Ltd,UK,LLP,Sports,2025-01-28,3479590.0
S107902,Ortiz-Greene,Germany,Partnership,Electronics,2023-06-17,6551644.0
S107903,"Nelson, Stanton and Malone",Germany,LLP,Sports,2022-03-14,7344423.0
S107904,Taylor-Taylor,Germany,Sole Proprietor,Sports,2026-01-21,7060465.0
S107905,Russell-Lee,Germany,LLP,Electronics,2025-02-23,5714429.0
S107906,"Rodriguez, Bell and Sparks",Singapore,Partnership,Electronics,2022-06-22,7180091.0
S107907,Taylor and Sons,UK,LLP,Beauty,2022-04-04,5940384.0
S107908,"Hernandez, Thompson and Moore",Australia,Sole Proprietor,Home,2024-01-19,6797304.0
S107909,Herrera Group,USA,LLP,Fashion,2026-03-18,1549964.0
S107910,Cline-Fox,Canada,Individual,Automotive,2025-09-05,7413445.0
S107911,Cooke-Garza,USA,Sole Proprietor,Fashion,2022-02-03,593119.0
S107912,Johnson-Nelson,USA,LLP,Sports,2023-12-10,7239410.0
S107913,Barber PLC,UK,Private Limited,Fashion,2026-04-28,7930685.0
S107914,Chavez-Lang,Australia,Partnership,Beauty,2026-06-16,4109317.0
S107915,Watson Inc,India,Private Limited,Electronics,2024-02-15,8356887.0
S107916,"Wilson, Sanchez and Estrada",Australia,Sole Proprietor,Beauty,2022-08-10,9980478.0
S107917,Lee-Coffey,Singapore,Private Limited,Home,2024-05-01,1857429.0
S107918,Pennington-Martin,UK,LLP,Sports,2024-09-11,2628640.0
S107919,"Schmidt, Anderson and Petersen",INDIA,Individual,Fashion,2023-06-22,1015982.0
S107920,Roberts-Bowman,USA,LLP,Home,2023-08-18,5704177.0
S107921,"Howard, Burns and Hooper",UK,Individual,Automotive,2022-04-29,5789511.0
S107922,"Malone, Warren and Johnson",UK,Sole Proprietor,Electronics,2024-11-04,661999.0
S107923,"Smith, Jones and Jacobson",Australia,Sole Proprietor,Sports,2025-02-01,3552761.0
S107924,Howell Ltd,Canada,Partnership,Beauty,2025-07-16,7738119.0
S107925,Sanchez-Jones,USA,Sole Proprietor,Sports,2024-09-06,2316679.0
S107926,Savage-Martinez,UK,Partnership,Electronics,2024-03-13,3649637.0
S107927,"Hodges, Davis and Rios",India,Private Limited,Home,2026-06-14,4782826.0
S107928,Harrison-Ortiz,USA,Sole Proprietor,Fashion,2026-05-01,1047220.0
S107929,Roberts-Stephenson,India,Individual,Sports,2022-06-12,4933003.0
S107930,Pierce and Sons,USA,LLP,Fashion,2025-06-13,5204185.0
S107931,May Ltd,Canada,Private Limited,Electronics,2024-10-04,4713725.0
S107932,"House, Walker and Cruz",India,Partnership,Sports,2025-03-05,6975241.0
S107933,Jimenez-Durham,UK,LLP,Beauty,2026-03-26,6550935.0
S107934,"Page, Johnson and Cowan",USA,Sole Proprietor,Sports,2024-10-13,3315708.0
S107935,Grant-Mejia,UK,Individual,Sports,2025-05-25,6384944.0
S107936,"Thomas, Walker and Guerrero",USA,Private Limited,Books,2022-11-14,7639033.0
S107937,"Stein, Wallace and Velazquez",Singapore,LLP,Automotive,2024-04-07,984269.0
S107938,Short Group,India,Private Limited,Fashion,2023-05-27,676712.0
S107939,"Johnston, Flores and Rivera",USA,Private Limited,Books,2022-03-21,6295827.0
S107940,Rosario-Melendez,Germany,Partnership,Beauty,2022-07-29,3144594.0
S107941,Vargas-Torres,UK,Individual,Automotive,2024-01-26,8751622.0
S107942,Gardner LLC,Canada,Individual,Home,2023-06-22,1766124.0
S107943,Johnston Ltd,Canada,Private Limited,Home,2024-11-04,250863.0
S107944,Flowers PLC,UK,Individual,Beauty,2024-04-04,7286960.0
S107945,Knight-Williams,India,Sole Proprietor,Home,2022-08-24,3064745.0
S107946,Howard-Hernandez,USA,Sole Proprietor,Fashion,2024-09-26,8895022.0
S107947,"Owen, Patterson and Bennett",Canada,LLP,Home,2023-07-19,8202287.0
S107948,"Williams, Rivera and Stevens",Australia,Sole Proprietor,Electronics,2025-04-10,9392792.0
S107949,Chavez LLC,Germany,Private Limited,Beauty,2022-06-19,5525832.0
S107950,Wallace-Williams,USA,Partnership,Beauty,2025-06-06,5468354.0
S107951,Flores-Wallace,Singapore,Sole Proprietor,Home,2026-07-22,4778628.0
S107952,House Group,UK,LLP,Fashion,2022-01-31,2478462.0
S107953,"Castro, Evans and Nolan",USA,LLP,Automotive,2025-02-11,2552745.0
S107954,Taylor and Sons,UK,Sole Proprietor,Sports,2024-03-15,3261039.0
S107955,"Smith, Ramirez and Mendoza",Australia,Individual,Fashion,2024-08-03,3987704.0
S107956,Gilbert-Martin,Germany,Individual,Books,2024-01-22,747133.0
S107957,"Sweeney, Phillips and Turner",USA,Individual,Home,2022-08-14,8992483.0
S107958,Heath-White,India,Private Limited,Beauty,2025-10-22,6436221.0
S107959,Schmidt Ltd,Australia,Sole Proprietor,Home,2022-09-07,4471974.0
S107960,Allen and Sons,Singapore,Individual,Sports,2026-04-11,4219748.0
S107961,Thompson-Turner,Australia,Sole Proprietor,Beauty,2022-01-14,6479612.0
S107962,Wang LLC,India,Individual,Books,2024-07-19,1602142.0
S107963,Gibson and Sons,Singapore,Sole Proprietor,Sports,2026-03-05,2132730.0
S107964,Rodriguez-Rivera,Singapore,Individual,Home,2025-04-03,2150416.0
S107965,Dunlap Group,Australia,LLP,Home,2024-02-14,2449386.0
S107966,"Rodriguez, Nichols and Stewart",UK,Partnership,Beauty,2025-02-21,9314572.0
S107967,Singleton-Richards,Australia,Private Limited,Books,2022-05-10,809445.0
S107968,Cruz Group,USA,LLP,Electronics,2023-07-30,1614246.0
S107969,"Lamb, Smith and Ramirez",USA,Individual,Sports,2022-08-01,1909994.0
S107970,Chavez-Allen,Singapore,Sole Proprietor,Automotive,2022-08-01,5285338.0
S107971,Walker and Sons,india,LLP,Electronics,2025-11-29,3933185.0
S107972,"Norton, Lowe and Carter",USA,LLP,Automotive,2022-08-26,7514758.0
S107973,Galvan Inc,Singapore,Sole Proprietor,Automotive,2022-01-05,5246201.0
S107974,Bowman-Dorsey,UK,Partnership,Electronics,2024-10-25,6109233.0
S107975,Fox and Sons,Germany,Individual,Sports,2026-03-06,4661896.0
S107976,Ramirez and Sons,Singapore,Individual,Home,2024-03-02,7654027.0
S107977,"Graham, White and Macias",India,LLP,Automotive,2024-10-27,7746905.0
S107978,"Greene, Ramos and Garcia",Canada,Private Limited,Electronics,2022-02-14,3370756.0
S107979,Bean-Burke,India,LLP,Home,2026-07-12,5983890.0
S107980,Johnson Inc,Singapore,Partnership,Books,2023-10-07,7999066.0
S107981,Marshall-Pennington,USA,Private Limited,Beauty,2023-11-03,7975498.0
S107982,Stein LLC,Canada,LLP,Home,2022-04-22,7683531.0
S107983,"Allen, Thompson and Sullivan",Australia,LLP,Electronics,2023-04-01,3653654.0
S107984,"Clark, Garrison and Flowers",Singapore,Partnership,Books,2023-06-13,9791261.0
S107985,Walker-Martinez,Canada,Sole Proprietor,Beauty,2022-01-08,3903231.0
S107986,Walton-Maddox,USA,Sole Proprietor,Electronics,2025-12-21,3887945.0
S107987,Combs PLC,Germany,Sole Proprietor,Books,2022-07-02,3167577.0
S107988,Porter LLC,Singapore,Partnership,Books,2022-05-26,122259.0
S107989,"Deleon, Nicholson and Smith",Singapore,Partnership,Electronics,2023-04-05,2865714.0
S107990,Williams Inc,Germany,Partnership,Books,2023-04-24,1146686.0
S107991,"Richards, Rodriguez and Allen",Australia,Sole Proprietor,Electronics,2023-12-14,8252555.0
S107992,Lewis PLC,Germany,Private Limited,Electronics,2025-11-04,657430.0
S107993,Burns Group,India,Individual,Sports,2025-05-19,6862327.0
S107994,Munoz Inc,Australia,LLP,Books,2024-04-13,1637478.0
S107995,Lucas and Sons,USA,LLP,Fashion,2024-03-22,678337.0
S107996,"Perkins, Peterson and Garcia",Germany,LLP,Electronics,2022-05-06,4762700.0
S107997,Lopez LLC,Germany,LLP,Sports,2024-03-30,7832600.0
S107998,Baldwin-Rhodes,Canada,LLP,Sports,2024-02-15,9845850.0
S107999,"Vasquez, Palmer and Richardson",Singapore,Sole Proprietor,Sports,2023-07-11,8585670.0
S108000,"Parker, Acosta and Riley",UK,Sole Proprietor,Electronics,2024-08-15,253290.0
S108001,"Cain, Thomas and Smith",Australia,Private Limited,Beauty,2026-07-14,1837170.0
S108002,Acosta-Madden,India,Individual,Beauty,2026-06-23,7910718.0
S108003,Paul Inc,India,Individual,Beauty,2024-09-22,3773259.0
S108004,Curtis-Harrison,Australia,Partnership,Books,2025-03-21,5249969.0
S108005,"Tate, Mitchell and Bennett",Canada,Private Limited,Home,2023-02-18,670291.0
S108006,Gross-Massey,Germany,Sole Proprietor,Electronics,2022-08-15,1289574.0
S108007,Smith-Singh,Germany,Individual,Sports,2025-12-11,7148844.0
S108008,"Phillips, Sherman and Gonzalez",Singapore,Individual,Electronics,2023-07-24,446379.0
S108009,"Lyons, Garcia and Miller",USA,Individual,Books,2023-08-10,4977882.0
S108010,Dickson-Patterson,India,LLP,Books,2025-04-27,7144649.0
S108011,Dawson-Morgan,Germany,LLP,Fashion,2023-04-21,3964015.0
S108012,Thompson-Ruiz,Australia,Sole Proprietor,Books,2025-09-21,9523164.0
S108013,Jones-Johnson,Australia,Partnership,Automotive,2023-12-03,6325108.0
S108014,"Moore, Miller and Graves",USA,Private Limited,Sports,2022-08-12,8103817.0
S108015,Woods-Brown,Singapore,Individual,Home,2023-03-09,3978188.0
S108016,"Jones, Griffith and Brown",UK,Private Limited,Electronics,2026-03-31,979478.0
S108017,Sanchez Ltd,UK,Sole Proprietor,Automotive,2026-06-21,9875854.0
S108018,Myers Ltd,Canada,Private Limited,Beauty,2025-07-07,6831660.0
S108019,"Frazier, Ramos and Hughes",UK,Private Limited,Automotive,2024-03-01,1923480.0
S108020,Chen-Harris,Australia,Sole Proprietor,Beauty,2025-08-19,7706484.0
S108021,Taylor and Sons,USA,Individual,Beauty,2023-03-20,9578200.0
S108022,"Tucker, Ryan and Willis",Singapore,LLP,Home,2024-05-25,2646615.0
S108023,Melton Group,UK,Sole Proprietor,Beauty,2026-01-09,2604104.0
S108024,"Black, Mitchell and Hunt",USA,Sole Proprietor,Home,2023-12-16,8875690.0
S108025,Walker-Jimenez,INDIA,LLP,Automotive,2023-05-14,2624192.0
S108026,Mitchell and Sons,Singapore,Partnership,Automotive,2026-07-22,6559900.0
S108027,"Collins, Smith and Johnson",Canada,Partnership,Automotive,2022-07-09,4425070.0
S108028,"Sanchez, Greer and Mejia",Australia,Individual,Fashion,2023-07-15,9722181.0
S108029,Hudson PLC,USA,Individual,Home,2024-09-13,6601786.0
S108030,"Velez, Hernandez and Sanchez",Germany,Individual,Beauty,2022-01-13,6178570.0
S108031,"Jones, Thomas and Kim",UK,Sole Proprietor,Automotive,2022-07-27,8064324.0
S108032,"Hopkins, Shaw and James",Singapore,Private Limited,Home,2023-10-17,7809588.0
S108033,"Clark, Arellano and Fischer",Canada,Private Limited,Electronics,2026-01-08,2087343.0
S108034,"Reeves, Garcia and Hopkins",Germany,Private Limited,Books,2022-02-20,6646826.0
S108035,Solis Group,Australia,Sole Proprietor,Sports,2025-06-08,3203748.0
S108036,Peterson-Jones,UK,LLP,Beauty,2023-09-12,6771692.0
S108037,Woodard-Calhoun,USA,Sole Proprietor,Sports,2025-11-22,7563851.0
S108038,Williams Inc,India,Individual,Books,2025-09-19,5547182.0
S108039,Contreras-Johnson,INDIA,Partnership,Electronics,2023-04-18,4031854.0
S108040,Lara-Martin,UK,Private Limited,Beauty,2025-11-25,1711888.0
S108041,Long-White,Australia,Sole Proprietor,Beauty,2024-03-25,9834324.0
S108042,Glenn-Mcdowell,USA,LLP,Books,2022-09-16,968727.0
S108043,Brown-Thomas,UK,Individual,Sports,2022-12-22,6583553.0
S108044,Holder LLC,India,Individual,Electronics,2025-09-27,1395605.0
S108045,Walker-Morton,Singapore,Individual,Automotive,2026-04-28,
S108046,Burns LLC,India,LLP,Beauty,2022-06-01,7017211.0
S108047,"Myers, Arias and Cruz",India,Sole Proprietor,Beauty,2023-01-30,9476247.0
S108048,Madden-Green,UK,LLP,Home,2026-03-10,8678019.0
S108049,Dixon-Chapman,India,Private Limited,Electronics,2023-04-19,70255.0
S108050,Martin PLC,India,Sole Proprietor,Sports,2022-10-14,3291648.0
S108051,Erickson-Rivas,Canada,LLP,Automotive,2024-02-08,9662685.0
S108052,Parker Ltd,Canada,Individual,Home,2025-10-25,9456687.0
S108053,Edwards Group,Singapore,Partnership,Beauty,2022-09-19,3349107.0
S108054,"Anderson, Bradley and Murphy",Australia,Private Limited,Electronics,2022-05-06,4474085.0
S108055,"Mcfarland, Trevino and Thomas",Australia,LLP,Sports,2022-09-13,8334425.0
S108056,"Brown, Fisher and Martinez",Australia,Partnership,Automotive,2023-05-17,6973821.0
S108057,Liu-Dawson,Singapore,LLP,Books,2026-01-24,7079501.0
S108058,Harper and Sons,India,Sole Proprietor,Fashion,2022-09-16,1254968.0
S108059,"Flores, Johnson and Alexander",Singapore,Sole Proprietor,Sports,2022-10-06,2393930.0
S108060,Scott LLC,India,Partnership,Fashion,2026-03-18,1419209.0
S108061,Jones PLC,Canada,Partnership,Home,2023-08-12,2089509.0
S108062,Turner Ltd,Germany,Partnership,Electronics,2025-07-30,3797095.0
S108063,Santana-Lopez,Singapore,Individual,Fashion,2023-01-24,6986707.0
S108064,Carter Group,UK,Individual,Automotive,2025-07-09,7370938.0
S108065,Pierce-Vincent,Canada,Private Limited,Beauty,2024-11-03,3225493.0
S108066,"Barnett, Hale and Mitchell",UK,Sole Proprietor,Sports,2022-05-16,6992866.0
S108067,Compton-Sharp,Singapore,Partnership,Beauty,2023-07-15,300828.0
S108068,Hodge-Taylor,Singapore,Private Limited,Fashion,2023-04-07,9737251.0
S108069,Shields LLC,Australia,Individual,Automotive,2025-03-16,3877150.0
S108070,"Rios, Stevens and Harris",Australia,Private Limited,Books,2022-10-14,9003334.0
S108071,"Carr, Anderson and Carter",USA,Partnership,Home,2024-07-19,1756225.0
S108072,"Becker, Arroyo and Mercer",USA,Partnership,Sports,2023-05-08,7785896.0
S108073,Schroeder and Sons,Canada,LLP,Sports,2025-07-03,9573930.0
S108074,Brewer-Gilmore,UK,Private Limited,Fashion,2023-10-04,3153937.0
S108075,"Brown, Bradley and Warner",Canada,Partnership,Home,2023-06-11,4380840.0
S108076,Brown-Nielsen,UK,Sole Proprietor,Books,2026-04-06,4215993.0
S108077,Ross-Blair,Singapore,Partnership,Home,2025-12-11,9145408.0
S108078,Foster Group,Germany,Sole Proprietor,Electronics,2022-08-26,1297981.0
S108079,"Robinson, Taylor and Roy",UK,Private Limited,Fashion,2022-04-05,7198531.0
S108080,"Simmons, Smith and Jones",UK,Individual,Sports,2025-12-20,8769744.0
S108081,Ware and Sons,India,LLP,Sports,2024-10-20,8084655.0
S108082,Underwood Inc,India,LLP,Books,2025-12-09,5883773.0
S108083,"Lowe, Carter and Hull",Canada,Individual,Home,2025-08-04,6570573.0
S108084,Hughes LLC,Australia,Private Limited,Home,2024-09-13,8952773.0
S108085,"Harris, Haney and Lewis",Germany,Sole Proprietor,Electronics,2022-12-18,6028238.0
S108086,Lowe-James,Canada,Individual,Automotive,2022-11-08,315271.0
S108087,"Jackson, Madden and Fernandez",Australia,LLP,Beauty,2023-04-28,7901100.0
S108088,Jimenez-Singh,USA,Individual,Beauty,2023-01-01,
S108089,Terry Group,Germany,Individual,Fashion,2022-10-26,3242063.0
S108090,Christian Ltd,UK,Sole Proprietor,Books,2022-05-29,9028954.0
S108091,"King, Lowery and Macdonald",IN,Individual,Fashion,2025-06-28,5409899.0
S108092,"Anderson, Hart and Wood",UK,Sole Proprietor,Sports,2025-03-08,8265901.0
S108093,Ramirez-Espinoza,Germany,Private Limited,Automotive,2024-07-21,9633987.0
S108094,Wilson and Sons,USA,Sole Proprietor,Home,2024-01-06,8251790.0
S108095,Green LLC,Singapore,Sole Proprietor,Books,2026-04-13,5859223.0
S108096,Odonnell and Sons,India,Sole Proprietor,Automotive,2026-07-30,2500291.0
S108097,Williams-Delgado,UK,Partnership,Books,2025-10-29,1481740.0
S108098,Jones LLC,India,Individual,Beauty,2025-10-15,3683465.0
S108099,Myers-Alvarez,Germany,Partnership,Electronics,2023-03-24,8903438.0
S108100,"Baldwin, Kline and May",Germany,Private Limited,Books,2024-03-15,7818126.0
S108101,"Rich, Robinson and Warren",Singapore,Partnership,Electronics,2022-07-31,2739600.0
S108102,"Ray, Todd and Moss",UK,Sole Proprietor,Books,2026-02-04,2740523.0
S108103,Scott-Jones,USA,Private Limited,Electronics,2026-06-20,291821.0
S108104,Brown-Allen,Canada,Individual,Books,2024-03-25,4231632.0
S108105,Sullivan-English,India,Sole Proprietor,Automotive,2022-10-27,9747843.0
S108106,Jones-Lewis,USA,LLP,Automotive,2025-02-18,2387324.0
S108107,Lee-Walters,Canada,Partnership,Fashion,2022-12-17,1906073.0
S108108,Hill Ltd,India,Partnership,Automotive,2026-01-06,8802714.0
S108109,Woods Group,Canada,Private Limited,Electronics,2022-12-18,7455073.0
S108110,Bell-Williams,USA,Partnership,Books,2026-04-11,4925593.0
S108111,Weber Inc,Canada,LLP,Fashion,2023-01-12,94784.0
S108112,Weeks PLC,Germany,Private Limited,Electronics,2022-05-12,7586142.0
S108113,James-West,Singapore,Individual,Sports,2023-08-28,2360671.0
S108114,Randall-Hayes,Canada,Partnership,Books,2025-10-11,1213579.0
S108115,Johnson-Hayden,Germany,Private Limited,Beauty,2025-06-09,7262222.0
S108116,"Johnson, Oneal and Tyler",Singapore,Private Limited,Automotive,2024-03-21,5523518.0
S108117,"Garcia, Merritt and Rose",India,Private Limited,Sports,2026-02-06,5540139.0
S108118,"Brewer, Harris and Miles",UK,LLP,Electronics,2025-11-02,376890.0
S108119,Davis-Diaz,INDIA,LLP,Electronics,2022-03-08,8661200.0
S108120,Coleman-Lindsey,India,Sole Proprietor,Books,2025-11-11,9072219.0
S108121,Rodriguez-Carroll,Singapore,LLP,Automotive,2022-09-21,2211263.0
S108122,Serrano-Cruz,Germany,Private Limited,Fashion,2025-11-14,849541.0
S108123,Riley-Marquez,India,Private Limited,Beauty,2022-01-22,7629892.0
S108124,Beck and Sons,USA,Private Limited,Fashion,2023-10-22,692338.0
S108125,Jones-Kane,USA,Sole Proprietor,Fashion,2022-01-06,3244393.0
S108126,"Flores, Johnson and Montes",Australia,LLP,Automotive,2022-10-19,4657997.0
S108127,"Clark, Lopez and Kelly",USA,Partnership,Books,2026-07-11,3484487.0
S108128,"Jones, Bailey and Murphy",Canada,Individual,Beauty,2026-04-21,9665482.0
S108129,"Hernandez, Wood and Diaz",USA,Sole Proprietor,Electronics,2025-05-26,1926652.0
S108130,Archer PLC,Singapore,Partnership,Automotive,2024-03-22,3759669.0
S108131,"Watkins, Juarez and Martin",India,Partnership,Home,2026-05-26,7201665.0
S108132,Hughes Ltd,Canada,Partnership,Home,2025-02-17,7956186.0
S108133,Davis Ltd,Australia,LLP,Electronics,2023-05-25,3511832.0
S108134,Rogers-Williams,Singapore,Individual,Books,2024-02-05,4721585.0
S108135,"Rivera, Olsen and Hickman",UK,Individual,Electronics,2024-03-08,1720846.0
S108136,Kelley-Jacobs,Germany,Partnership,Books,2025-04-03,7839791.0
S108137,Smith and Sons,India,Individual,Automotive,2025-01-24,4871676.0
S108138,Hernandez PLC,UK,LLP,Sports,2022-02-26,1725244.0
S108139,Harris-Santana,UK,Individual,Beauty,2024-04-13,5071818.0
S108140,White-Molina,USA,Sole Proprietor,Beauty,2025-11-20,2901395.0
S108141,Watkins-Shepherd,Canada,Individual,Sports,2022-09-23,5011327.0
S108142,Scott Inc,India,Individual,Books,2022-01-13,5382657.0
S108143,"Watson, Rodgers and Brown",Singapore,Individual,Automotive,2025-06-02,6894188.0
S108144,Martinez-Holmes,Canada,Sole Proprietor,Automotive,2024-05-01,1706171.0
S108145,Simmons-Donaldson,Australia,Private Limited,Electronics,2023-11-07,2775100.0
S108146,Lara Group,Australia,LLP,Books,2022-11-24,4152738.0
S108147,Pugh Inc,Australia,Private Limited,Fashion,2025-09-15,9322339.0
S108148,"Moon, Bradshaw and Martinez",India,LLP,Sports,2025-01-27,3289790.0
S108149,"Kirby, Fowler and Cannon",Germany,Partnership,Automotive,2023-09-15,3992841.0
S108150,Peters Ltd,UK,LLP,Automotive,2022-04-28,5184876.0
S108151,Clements Group,Germany,Partnership,Fashion,2023-11-28,3379896.0
S108152,Bryant-Burgess,Canada,LLP,Electronics,2026-04-30,1836889.0
S108153,Martinez PLC,India,Individual,Books,2026-05-09,2720217.0
S108154,Taylor-Anderson,Singapore,LLP,Books,2024-11-03,7354832.0
S108155,"Castillo, Gordon and Price",Singapore,Private Limited,Beauty,2024-07-01,9165025.0
S108156,Deleon Inc,Canada,Sole Proprietor,Fashion,2024-04-03,727410.0
S108157,Ramos Inc,USA,Individual,Beauty,2023-07-20,8967496.0
S108158,Jones and Sons,Canada,Individual,Fashion,2022-02-10,4323611.0
S108159,"Mathews, Taylor and Phillips",UK,Sole Proprietor,Home,2024-11-05,167324.0
S108160,Burns-Beasley,Australia,Sole Proprietor,Beauty,2022-08-30,9169567.0
S108161,Bailey Ltd,Germany,Individual,Home,2023-09-26,2251947.0
S108162,Allison-Holt,USA,Sole Proprietor,Fashion,2024-01-24,5560925.0
S108163,Duke-Davis,Australia,LLP,Automotive,2026-02-05,6164714.0
S108164,"Flowers, Bowers and Berger",Canada,Private Limited,Electronics,2023-10-30,5966056.0
S108165,Byrd PLC,Canada,Partnership,Beauty,2023-10-20,7514474.0
S108166,"Wells, Bennett and Mckinney",Germany,Sole Proprietor,Sports,2022-06-30,1844738.0
S108167,Bailey-Ross,Australia,Private Limited,Home,2024-07-08,9989061.0
S108168,Russell-Williams,Singapore,Sole Proprietor,Fashion,2022-02-07,5174603.0
S108169,"Cummings, Gray and Bond",Singapore,LLP,Beauty,2024-04-23,2445719.0
S108170,Roberts LLC,Germany,LLP,Books,2026-04-20,1796171.0
S108171,Smith Ltd,India,Partnership,Electronics,2025-01-30,9612796.0
S108172,Hernandez-Mayer,Singapore,LLP,Sports,2025-03-14,7847291.0
S108173,Landry-Downs,India,Individual,Books,2025-09-12,2866672.0
S108174,Fleming-Diaz,USA,Individual,Home,2023-02-25,3429225.0
S108175,Weber-Krueger,Germany,Sole Proprietor,Sports,2026-05-10,6357579.0
S108176,Martinez Inc,India,Individual,Sports,2023-02-05,4618345.0
S108177,"Jones, Green and Riggs",Germany,Partnership,Automotive,2026-03-13,1230243.0
S108178,"Smith, Smith and Steele",USA,Sole Proprietor,Automotive,2025-03-29,8710651.0
S108179,Powers-Fisher,Canada,Sole Proprietor,Automotive,2023-04-11,167985.0
S108180,Cook Ltd,Australia,Partnership,Books,2024-03-10,1825488.0
S108181,"Wilson, Velez and Murphy",Australia,Individual,Automotive,2023-05-20,9650677.0
S108182,"Park, Williams and Sanders",Canada,Partnership,Sports,2025-05-02,2174764.0
S108183,Barnes Inc,Germany,Individual,Automotive,2023-11-04,6659338.0
S108184,"Johnson, Morales and Castro",India,Private Limited,Fashion,2024-12-02,8199532.0
S108185,"Clark, Green and Harrison",Australia,Sole Proprietor,Sports,2025-10-17,5968428.0
S108186,Harper-Boyer,Singapore,Private Limited,Sports,2024-01-19,9459023.0
S108187,Walker LLC,Singapore,Sole Proprietor,Sports,2024-03-23,8648818.0
S108188,"Mason, Clark and Vasquez",Australia,Individual,Sports,2026-05-03,4381921.0
S108189,Greene Inc,Singapore,Private Limited,Sports,2024-08-15,6692531.0
S108190,Duncan-Kennedy,Australia,Private Limited,Electronics,2025-12-28,9587392.0
S108191,Meyers Group,India,Individual,Beauty,2023-05-01,8378905.0
S108192,Waller Ltd,Canada,LLP,Sports,2025-04-07,5036002.0
S108193,"Glass, Mercer and Hughes",Singapore,LLP,Books,2024-08-05,4288782.0
S108194,Shelton-Allen,Singapore,LLP,Books,2022-08-14,775025.0
S108195,Johnson and Sons,Germany,Partnership,Sports,2022-12-15,7197819.0
S108196,Dunlap Group,USA,Partnership,Automotive,2026-04-29,5810621.0
S108197,"Taylor, Sandoval and Henderson",UK,Private Limited,Books,2026-04-24,7632036.0
S108198,Osborne and Sons,Singapore,LLP,Sports,2022-08-12,6609878.0
S108199,Long-Cook,India,LLP,Fashion,2023-11-30,9776407.0
S108200,"Valenzuela, Hinton and Jimenez",Australia,Sole Proprietor,Fashion,2025-06-05,8702424.0
S108201,Roberts Inc,UK,Sole Proprietor,Automotive,2022-04-21,7802101.0
S108202,Norris Ltd,Singapore,Sole Proprietor,Automotive,2026-05-23,9651628.0
S108203,"Barrett, Smith and Myers",Germany,LLP,Sports,2023-10-06,7607120.0
S108204,Miller Ltd,Canada,Private Limited,Automotive,2024-10-14,5584227.0
S108205,"Bennett, Smith and Miller",Germany,Sole Proprietor,Electronics,2024-02-14,8051915.0
S108206,Hansen LLC,Canada,LLP,Home,2023-03-23,5193609.0
S108207,Clark-Thomas,Australia,Individual,Beauty,2025-11-21,3581870.0
S108208,Morales Ltd,India,Partnership,Automotive,2025-10-04,1691846.0
S108209,Blair Ltd,Singapore,Partnership,Beauty,2024-03-05,1625706.0
S108210,"Swanson, Mcneil and Flores",Australia,Private Limited,Books,2025-09-08,478500.0
S108211,Kirk-Browning,Australia,Individual,Beauty,2024-11-06,9019124.0
S108212,George-Farmer,USA,Partnership,Sports,2022-11-17,2543299.0
S108213,Cain Inc,USA,Private Limited,Automotive,2025-12-28,8456212.0
S108214,Brown Inc,UK,LLP,Electronics,2023-04-29,3222410.0
S108215,"Williams, Hoover and Chapman",Germany,Sole Proprietor,Sports,2025-05-22,5755386.0
S108216,Tran PLC,USA,Sole Proprietor,Books,2025-10-28,775078.0
S108217,Acosta LLC,Australia,Private Limited,Fashion,2022-06-28,2369359.0
S108218,"Coffey, Thompson and Schneider",Singapore,Partnership,Books,2023-02-05,2711235.0
S108219,Rogers LLC,Germany,Private Limited,Books,2025-11-23,5603502.0
S108220,Rogers PLC,Singapore,Individual,Books,2025-06-30,7607973.0
S108221,Weber Inc,USA,LLP,Sports,2025-11-14,949763.0
S108222,"Singh, Williams and Baker",USA,Private Limited,Fashion,2023-05-19,4543581.0
S108223,Schultz Group,Germany,Partnership,Electronics,2023-08-22,7161541.0
S108224,Davis-Townsend,Singapore,Sole Proprietor,Books,2022-03-10,9867356.0
S108225,Jackson-Hendricks,USA,LLP,Books,2024-01-24,5832711.0
S108226,Hunt Inc,Australia,Partnership,Electronics,2022-11-01,666526.0
S108227,Mercer Ltd,India,Partnership,Electronics,2024-08-21,4269074.0
S108228,"Patterson, Jones and Farrell",India,Private Limited,Beauty,2023-09-26,4503829.0
S108229,"Turner, Ellis and Terry",Singapore,LLP,Sports,2023-07-16,7937091.0
S108230,Hammond-Bradford,Singapore,Partnership,Electronics,2026-04-18,2736324.0
S108231,Pruitt-Robinson,India,Sole Proprietor,Sports,2023-05-26,1614371.0
S108232,Johnson LLC,Australia,Private Limited,Beauty,2025-10-18,289396.0
S108233,"Kelley, Lewis and Chan",Singapore,Partnership,Books,2022-03-02,7391700.0
S108234,Smith PLC,Australia,Partnership,Electronics,2022-11-12,2882999.0
S108235,Crawford-Harris,Singapore,Private Limited,Sports,2025-08-22,4023772.0
S108236,Montgomery-Roberts,Australia,Individual,Books,2024-03-01,5016720.0
S108237,Davis PLC,UK,Partnership,Sports,2025-11-24,5967343.0
S108238,Burgess and Sons,USA,Individual,Books,2024-01-30,6252819.0
S108239,"Henderson, Hall and Lutz",UK,LLP,Sports,2023-11-13,906562.0
S108240,"Boyer, Holland and Todd",USA,Partnership,Fashion,2025-12-16,5633965.0
S108241,Sullivan Group,Germany,Individual,Beauty,2024-10-17,8225345.0
S108242,Mendoza-Delacruz,Singapore,Sole Proprietor,Sports,2026-07-01,5278005.0
S108243,"Simpson, Sanders and Hurst",Singapore,Private Limited,Fashion,2025-08-16,2346775.0
S108244,"Schmidt, Cochran and Robinson",Germany,Partnership,Home,2023-01-28,9723044.0
S108245,Reynolds PLC,Australia,Sole Proprietor,Electronics,2023-06-23,6946441.0
S108246,"Estrada, Johnson and Chandler",India,Individual,Sports,2022-12-31,4146936.0
S108247,Koch-Casey,Germany,Sole Proprietor,Beauty,2026-01-16,2434327.0
S108248,Stevens Group,Germany,Sole Proprietor,Electronics,2023-01-12,3133007.0
S108249,Vargas and Sons,USA,Individual,Sports,2024-06-28,6333482.0
S108250,Reynolds-Wallace,UK,Individual,Beauty,2022-08-02,7732481.0
S108251,"Robertson, Hudson and Watts",Singapore,Sole Proprietor,Electronics,2024-06-03,7804886.0
S108252,Schneider-Miller,India,Individual,Books,2025-10-20,1858824.0
S108253,Mayo-Nguyen,USA,Individual,Electronics,2023-03-01,9848206.0
S108254,Pierce Ltd,Singapore,Private Limited,Books,2023-09-26,606409.0
S108255,"Lowe, Klein and Ponce",Germany,Partnership,Sports,2024-09-01,2794581.0
S108256,Ford PLC,India,Partnership,Fashion,2026-01-31,1289596.0
S108257,"Allen, Stewart and Nichols",Canada,Private Limited,Automotive,2023-05-02,3929075.0
S108258,Morris PLC,india,Individual,Automotive,2025-05-06,2693272.0
S108259,Castillo-Hernandez,Canada,Partnership,Home,2025-08-21,2511317.0
S108260,Villegas-Huff,India,Individual,Home,2023-11-22,3813655.0
S108261,Phillips-Dunn,India,Partnership,Electronics,2022-11-23,2958100.0
S108262,Barr LLC,Germany,Individual,Home,2022-04-24,9432248.0
S108263,"Patel, Stewart and Glass",USA,Private Limited,Sports,2023-04-23,7822901.0
S108264,"Pugh, Carter and Mejia",Germany,LLP,Fashion,2024-07-18,958336.0
S108265,Mcclain Group,UK,LLP,Sports,2025-02-20,5488342.0
S108266,Webb-Aguilar,Germany,Sole Proprietor,Sports,2024-06-30,2843657.0
S108267,"Jones, Morrow and Lawrence",Canada,Private Limited,Electronics,2024-03-30,3296654.0
S108268,Dillon-Bell,USA,Private Limited,Automotive,2025-09-14,8749877.0
S108269,Ferguson Group,Singapore,Individual,Electronics,2022-12-09,7119724.0
S108270,Wong LLC,Canada,Sole Proprietor,Electronics,2023-08-20,4390035.0
S108271,"Patterson, Brown and Pearson",Germany,Partnership,Books,2024-10-27,9773904.0
S108272,Smith PLC,UK,Private Limited,Automotive,2023-07-09,8288780.0
S108273,Green PLC,Germany,Individual,Home,2025-03-08,7045360.0
S108274,"Little, Mills and West",Singapore,Individual,Automotive,2024-05-23,4500482.0
S108275,Bailey-Ford,Germany,Private Limited,Automotive,2025-07-09,4362912.0
S108276,Sims Ltd,Singapore,LLP,Fashion,2024-01-11,7784832.0
S108277,Schroeder PLC,USA,Partnership,Sports,2024-08-11,4254511.0
S108278,Smith Inc,Germany,Partnership,Sports,2025-01-03,4426692.0
S108279,"Wiley, Morgan and Smith",India,Partnership,Electronics,2026-07-18,4623210.0
S108280,"Hunter, Houston and Johnson",Germany,LLP,Beauty,2024-08-16,7736451.0
S108281,Jackson-Webster,Singapore,Individual,Beauty,2022-06-26,2437048.0
S108282,Morales Ltd,Canada,Sole Proprietor,Sports,2025-05-27,7662834.0
S108283,"Cooper, Cowan and Martin",USA,Sole Proprietor,Books,2022-11-14,6742188.0
S108284,Russell and Sons,Canada,Individual,Home,2025-05-11,2337252.0
S108285,Walters Inc,Canada,Private Limited,Beauty,2025-11-08,1244551.0
S108286,Jackson-Williams,Australia,Partnership,Books,2022-09-02,7390817.0
S108287,Fowler-Smith,India,Individual,Books,2023-02-06,8315993.0
S108288,Burnett and Sons,India,Sole Proprietor,Beauty,2022-03-10,5665147.0
S108289,Curtis-Henderson,Germany,Partnership,Sports,2024-11-21,227410.0
S108290,Miles-Andrews,Singapore,Private Limited,Electronics,2025-11-14,6784698.0
S108291,Allen-Landry,Germany,LLP,Beauty,2025-03-28,6218683.0
S108292,"Reid, Gamble and Terry",Australia,Individual,Fashion,2024-08-12,9824964.0
S108293,Simpson-Casey,Canada,Private Limited,Electronics,2022-12-23,4454163.0
S108294,Roman LLC,USA,Sole Proprietor,Automotive,2024-01-10,4046708.0
S108295,Myers-Alvarado,UK,LLP,Electronics,2024-03-27,352086.0
S108296,"Richardson, Russell and Waters",India,Sole Proprietor,Sports,2022-06-25,9384287.0
S108297,Scott-Le,Australia,LLP,Sports,2022-02-10,8812731.0
S108298,"Leach, Mccormick and Cox",Germany,Individual,Automotive,2022-08-31,7956784.0
S108299,King-Watson,India,Sole Proprietor,Home,2026-01-22,6767365.0
S108300,Rivera-Jones,Germany,Individual,Books,2022-12-16,711183.0
S108301,Rios-Kemp,Germany,Partnership,Automotive,2022-07-31,969627.0
S108302,"Bates, Barnes and Pennington",Germany,LLP,Electronics,2023-08-07,3843141.0
S108303,"Gonzalez, Adkins and Adams",USA,Partnership,Sports,2025-03-31,6307735.0
S108304,Buchanan PLC,Australia,Partnership,Sports,2024-02-16,7650275.0
S108305,"Chase, Stanley and Mcintosh",Australia,Private Limited,Automotive,2023-08-25,6966975.0
S108306,"Payne, Patterson and Moore",India,Individual,Books,2022-05-18,1586638.0
S108307,Collier-Lewis,India,Sole Proprietor,Electronics,2022-04-15,7918209.0
S108308,Gallegos-Holmes,India,Individual,Beauty,2025-02-11,6125376.0
S108309,Moore Ltd,India,Private Limited,Electronics,2024-02-02,856400.0
S108310,Kennedy-Warren,USA,LLP,Automotive,2023-08-15,9534932.0
S108311,Glass PLC,Germany,Private Limited,Automotive,2026-04-11,3902779.0
S108312,Sanchez-Mejia,Australia,Sole Proprietor,Fashion,2022-03-09,1424194.0
S108313,"Ortiz, Brock and Hoffman",India,Private Limited,Sports,2024-08-21,
S108314,"Calderon, King and Sanchez",Canada,Sole Proprietor,Beauty,2023-07-05,7779471.0
S108315,"Jordan, Harper and Rogers",Australia,LLP,Automotive,2023-04-17,7134363.0
S108316,"Johnson, Johnson and Ramsey",UK,Sole Proprietor,Home,2026-03-13,7621641.0
S108317,Flores-Brown,Australia,LLP,Books,2026-04-06,2851766.0
S108318,"Johnson, Thompson and Adams",UK,Private Limited,Beauty,2025-09-20,4377097.0
S108319,Martin-Carson,Australia,Private Limited,Electronics,2023-07-31,1448894.0
S108320,Ellis LLC,Germany,LLP,Electronics,2023-12-17,3593166.0
S108321,Hardin PLC,Germany,LLP,Electronics,2026-06-13,6196970.0
S108322,Bradley Ltd,India,Private Limited,Fashion,2024-07-28,3904891.0
S108323,Griffin-Melendez,Singapore,Partnership,Home,2024-05-17,6684880.0
S108324,Meadows-Richard,Australia,Sole Proprietor,Home,2026-05-24,7554258.0
S108325,"Edwards, Reid and Weeks",Germany,Sole Proprietor,Electronics,2026-03-03,6370381.0
S108326,"Fuller, Jennings and Allen",Singapore,Individual,Home,2024-12-21,5422578.0
S108327,Brown and Sons,UK,Partnership,Home,2022-07-01,7730694.0
S108328,Hansen-Bell,UK,Sole Proprietor,Automotive,2022-04-06,6142983.0
S108329,Johnson-Anderson,Canada,LLP,Sports,2026-01-21,6609647.0
S108330,"Fields, Evans and Cooper",Canada,Sole Proprietor,Electronics,2023-07-18,4628001.0
S108331,"Lopez, Hart and Collins",Canada,Sole Proprietor,Electronics,2024-11-21,1028314.0
S108332,Perez-Brown,USA,LLP,Sports,2024-03-31,2917485.0
S108333,Carlson-Ingram,UK,Individual,Automotive,2023-12-30,7502585.0
S108334,"Chambers, Hall and Walker",UK,LLP,Books,2022-02-24,9528077.0
S108335,Oliver-Wall,Canada,Sole Proprietor,Sports,2024-06-13,3558111.0
S108336,Lopez-Salinas,USA,LLP,Books,2026-04-16,4135025.0
S108337,"Bullock, Rodriguez and Allen",IN,Private Limited,Beauty,2026-02-17,9968060.0
S108338,Johnston-Hill,India,Individual,Electronics,2022-07-05,1002169.0
S108339,Morales and Sons,Australia,Sole Proprietor,Books,2026-06-28,1238167.0
S108340,Montoya-Hernandez,Canada,LLP,Beauty,2025-10-19,7168419.0
S108341,Pittman-James,Canada,Sole Proprietor,Sports,2025-09-30,5443992.0
S108342,Drake LLC,Canada,Private Limited,Home,2022-12-06,1331345.0
S108343,Holt PLC,USA,LLP,Home,2025-03-27,6963049.0
S108344,Crawford-Rice,India,Sole Proprietor,Automotive,2023-03-06,927705.0
S108345,"Espinoza, Bell and Carter",Singapore,Partnership,Automotive,2025-11-23,3381277.0
S108346,Green Group,Australia,LLP,Automotive,2024-12-25,189487.0
S108347,Yates Ltd,Singapore,Individual,Fashion,2022-10-30,7072793.0
S108348,Richards LLC,UK,Private Limited,Books,2025-06-15,
S108349,Miller Ltd,Australia,Private Limited,Electronics,2023-11-17,5618060.0
S108350,Cooper-Howard,UK,Sole Proprietor,Home,2022-12-02,9687610.0
S108351,"Robinson, Chavez and Johnson",Canada,Partnership,Home,2025-01-27,1760850.0
S108352,Taylor-Lopez,Australia,Sole Proprietor,Fashion,2022-05-12,4779761.0
S108353,Perry and Sons,Germany,LLP,Sports,2026-02-01,9106884.0
S108354,Ramos Group,UK,Partnership,Books,2024-03-02,132541.0
S108355,Cuevas and Sons,UK,Private Limited,Sports,2023-05-23,7694827.0
S108356,Contreras Group,India,Partnership,Automotive,2025-01-26,4279032.0
S108357,Richmond-Ball,Australia,Partnership,Home,2023-01-05,1402311.0
S108358,"Jackson, Coleman and Andrade",UK,Partnership,Electronics,2024-07-27,3122940.0
S108359,Mullins Inc,Germany,LLP,Sports,2022-04-08,4603736.0
S108360,"Scott, Wilson and Daugherty",UK,Private Limited,Sports,2023-01-06,7160574.0
S108361,"Ramos, Moore and Lawrence",Germany,Partnership,Sports,2024-10-28,8748482.0
S108362,Coleman and Sons,Australia,Sole Proprietor,Beauty,2025-04-22,9139193.0
S108363,Munoz Group,Canada,Partnership,Beauty,2023-11-09,4968980.0
S108364,Smith and Sons,UK,LLP,Sports,2023-06-13,7631944.0
S108365,"Harper, Dodson and Graham",Singapore,LLP,Electronics,2023-04-28,4707941.0
S108366,Everett-Collins,India,Individual,Sports,2022-10-06,9801666.0
S108367,Joseph Ltd,Australia,Private Limited,Beauty,2022-01-07,5557846.0
S108368,"Underwood, Fernandez and Hardin",Canada,Partnership,Fashion,2025-11-25,7661461.0
S108369,Rocha Ltd,UK,Individual,Automotive,2025-04-05,3552996.0
S108370,"Barnes, Perez and Lara",UK,Partnership,Fashion,2024-11-22,506598.0
S108371,Farley and Sons,India,Private Limited,Home,2023-07-25,8908132.0
S108372,Harrington-Carey,UK,LLP,Beauty,2025-05-22,4116816.0
S108373,"Gillespie, Schmidt and Johnson",Germany,LLP,Beauty,2022-09-01,1222819.0
S108374,"Cooper, Walls and Sandoval",UK,Partnership,Sports,2026-07-04,6795496.0
S108375,"Hernandez, Thomas and Franklin",USA,Private Limited,Automotive,2023-05-07,1091906.0
S108376,Morales LLC,Singapore,Partnership,Electronics,2025-09-08,7077733.0
S108377,Trevino and Sons,UK,Sole Proprietor,Books,2024-11-27,557611.0
S108378,"Thompson, Bowen and Rodriguez",Singapore,LLP,Fashion,2022-07-29,6404661.0
S108379,Anderson-Cox,India,Private Limited,Automotive,2022-09-25,7591537.0
S108380,Alexander-Owens,Australia,LLP,Fashion,2023-05-24,936802.0
S108381,"Lynch, Rodriguez and Rivera",USA,Partnership,Automotive,2022-12-27,8305362.0
S108382,"Johnson, Mitchell and Green",India,Sole Proprietor,Beauty,2025-07-25,2767088.0
S108383,Boyd Ltd,INDIA,LLP,Beauty,2023-12-23,7069080.0
S108384,Lucas and Sons,USA,Individual,Home,2026-07-10,1813953.0
S108385,Andrade-Watson,USA,Individual,Fashion,2025-01-18,290522.0
S108386,Tanner Ltd,Germany,Sole Proprietor,Home,2023-01-16,9404986.0
S108387,"Foley, Beck and Richards",Germany,Sole Proprietor,Home,2026-06-23,846684.0
S108388,Wilson-Day,Germany,Partnership,Electronics,2023-10-16,5063160.0
S108389,Smith-Thomas,UK,Sole Proprietor,Home,2024-11-11,5608780.0
S108390,"Wilson, Nunez and Mcdonald",Canada,Partnership,Beauty,2023-04-20,5983084.0
S108391,Price LLC,Germany,LLP,Automotive,2023-08-31,1390581.0
S108392,Browning and Sons,Canada,Individual,Fashion,2025-07-11,
S108393,Hicks Group,Australia,Sole Proprietor,Fashion,2023-11-25,2390586.0
S108394,Jennings Inc,India,Private Limited,Automotive,2024-12-07,9114637.0
S108395,"Brown, Gordon and Perez",Germany,Partnership,Sports,2022-03-26,5353258.0
S108396,"Moore, Garcia and Pierce",Singapore,Sole Proprietor,Books,2024-03-09,9937349.0
S108397,Bradley-Jones,Australia,Sole Proprietor,Sports,2026-04-08,5253659.0
S108398,Ramos-Shelton,USA,Sole Proprietor,Sports,2022-11-17,8985807.0
S108399,Strickland-Wilson,UK,Partnership,Electronics,2023-11-04,
S108400,Howard PLC,India,Private Limited,Electronics,2025-10-03,3744666.0
S108401,"Fleming, Freeman and Ramos",Singapore,Private Limited,Home,2025-06-17,9116307.0
S108402,Reed-Larson,Canada,Partnership,Electronics,2026-06-12,2861643.0
S108403,"Pittman, Miller and Boyer",USA,Private Limited,Electronics,2023-03-02,7307668.0
S108404,King LLC,Germany,Sole Proprietor,Beauty,2023-08-24,2176948.0
S108405,Smith and Sons,Singapore,Partnership,Home,2026-03-14,8111958.0
S108406,Anderson Ltd,Canada,Partnership,Fashion,2024-05-25,9136180.0
S108407,Newton-Meyer,Australia,LLP,Fashion,2024-08-23,2466340.0
S108408,"Snyder, Salazar and Eaton",Canada,Partnership,Automotive,2024-02-15,537550.0
S108409,"Bentley, Little and Gilmore",Australia,Private Limited,Fashion,2022-01-13,8536234.0
S108410,Wheeler PLC,Germany,Partnership,Sports,2023-04-09,4556991.0
S108411,Chavez-Sanders,Germany,Individual,Automotive,2022-01-15,6873292.0
S108412,Wong Inc,USA,Sole Proprietor,Fashion,2023-03-31,4512064.0
S108413,Smith-Norman,Australia,LLP,Home,2026-03-25,6228762.0
S108414,Nelson Ltd,Germany,Private Limited,Books,2024-05-20,2960582.0
S108415,"Stevens, Bailey and Garrett",USA,Private Limited,Home,2026-07-06,7648671.0
S108416,"Dawson, Thomas and Mccormick",Germany,Individual,Electronics,2023-06-06,5596407.0
S108417,"Wagner, Williams and Oneal",USA,LLP,Sports,2024-01-01,9848082.0
S108418,"Ortega, Griffin and Jones",Germany,Private Limited,Electronics,2022-09-15,7805807.0
S108419,Garcia-Sanchez,USA,Private Limited,Fashion,2025-02-01,5827920.0
S108420,Brown-Gardner,Singapore,Partnership,Electronics,2023-10-02,2788326.0
S108421,Hernandez Inc,Singapore,LLP,Electronics,2026-04-13,2606730.0
S108422,Nichols PLC,UK,LLP,Books,2023-08-18,6937795.0
S108423,Ward and Sons,Canada,Sole Proprietor,Automotive,2026-06-06,3790173.0
S108424,Johnson PLC,Canada,Partnership,Beauty,2025-08-22,698901.0
S108425,"Gonzalez, Simon and Keith",UK,Individual,Electronics,2024-05-01,8047298.0
S108426,"Hughes, Martinez and Chan",Canada,Sole Proprietor,Home,2022-05-22,6084514.0
S108427,Walker-Randall,Singapore,Sole Proprietor,Beauty,2025-07-29,4839713.0
S108428,Medina Ltd,Germany,Partnership,Fashion,2024-12-16,6609458.0
S108429,"Frazier, Wong and Miles",Singapore,LLP,Beauty,2025-05-31,220443.0
S108430,Rodgers PLC,UK,LLP,Sports,2025-10-06,4488524.0
S108431,Owens PLC,Australia,Partnership,Beauty,2026-03-09,3879636.0
S108432,"Mccarthy, Wong and Patterson",USA,Private Limited,Automotive,2023-01-01,1233684.0
S108433,Williams Inc,Australia,Private Limited,Books,2025-01-19,5591421.0
S108434,Anderson-Scott,UK,Sole Proprietor,Beauty,2025-11-13,7393442.0
S108435,"Garcia, Williams and Wells",India,Individual,Automotive,2024-05-16,2762555.0
S108436,Bryant Group,USA,Sole Proprietor,Books,2023-10-03,9825811.0
S108437,Adams LLC,Singapore,Sole Proprietor,Automotive,2023-07-26,2728648.0
S108438,Bauer Ltd,Germany,LLP,Electronics,2024-09-26,6971950.0
S108439,"Massey, Flores and White",India,Sole Proprietor,Sports,2023-10-24,3511625.0
S108440,Smith-Watson,India,Individual,Fashion,2026-01-11,841859.0
S108441,Khan PLC,USA,Private Limited,Sports,2024-11-13,535463.0
S108442,Dean Ltd,Australia,Individual,Fashion,2026-01-17,8515020.0
S108443,Cox-Donovan,Germany,Individual,Home,2026-04-04,6356911.0
S108444,Jacobs-Thomas,USA,Sole Proprietor,Fashion,2023-05-23,6020234.0
S108445,Cooper-Price,Germany,Sole Proprietor,Sports,2022-04-20,5426568.0
S108446,Greene Group,Canada,Individual,Electronics,2025-01-12,333679.0
S108447,Jimenez-Young,India,LLP,Home,2023-03-24,3517952.0
S108448,Navarro-Cochran,Germany,LLP,Home,2026-07-14,3367311.0
S108449,"Fischer, Mason and Perry",UK,Partnership,Beauty,2022-02-13,2219300.0
S108450,Mathis and Sons,Australia,Partnership,Beauty,2022-12-06,8631441.0
S108451,"Gomez, Rodriguez and Harmon",Singapore,Partnership,Electronics,2023-10-15,6441642.0
S108452,Mclean-Alexander,UK,Sole Proprietor,Beauty,2025-09-13,6225540.0
S108453,Case LLC,Germany,Sole Proprietor,Automotive,2023-08-29,5979961.0
S108454,Snyder-Ellis,Germany,LLP,Sports,2023-12-04,9613723.0
S108455,Stephens PLC,UK,LLP,Electronics,2023-12-03,5489343.0
S108456,Burgess-Morrow,Australia,Private Limited,Automotive,2025-07-12,6538130.0
S108457,Martin and Sons,USA,Sole Proprietor,Automotive,2025-07-17,1442154.0
S108458,Mcdaniel Ltd,Germany,Individual,Books,2024-11-18,6166131.0
S108459,Contreras-Ali,Singapore,LLP,Electronics,2025-02-19,3812393.0
S108460,Phillips-Myers,Canada,LLP,Fashion,2025-11-13,5300306.0
S108461,Thompson-Coleman,USA,LLP,Fashion,2026-07-15,1085204.0
S108462,"Robinson, Phillips and Frazier",Germany,Sole Proprietor,Automotive,2024-10-22,2801892.0
S108463,Trujillo Group,Singapore,Individual,Beauty,2025-08-24,5306890.0
S108464,Sutton and Sons,India,Individual,Sports,2025-07-12,3153349.0
S108465,"Lambert, Brooks and Phillips",India,LLP,Home,2024-02-06,8294760.0
S108466,Rodriguez Group,UK,LLP,Books,2022-11-02,1057341.0
S108467,"Mclaughlin, Clark and Leblanc",Singapore,Private Limited,Electronics,2026-06-05,2323417.0
S108468,Mendoza-Skinner,Germany,Partnership,Home,2025-06-29,4446923.0
S108469,Edwards-Ryan,Germany,Private Limited,Electronics,2024-11-16,9225882.0
S108470,"Hughes, Dixon and Webb",USA,LLP,Electronics,2023-01-22,6129661.0
S108471,Robinson PLC,Australia,Private Limited,Fashion,2026-01-21,1586154.0
S108472,"Chan, Hall and Johnson",Singapore,Private Limited,Automotive,2023-08-06,4843768.0
S108473,"Robinson, Vega and Knapp",India,Private Limited,Sports,2023-02-15,7373389.0
S108474,Morales and Sons,USA,LLP,Automotive,2026-06-15,419971.0
S108475,"Cameron, Cannon and Ray",Canada,LLP,Electronics,2022-12-27,1535573.0
S108476,Francis and Sons,Singapore,Sole Proprietor,Electronics,2024-01-11,2814314.0
S108477,"Travis, Wheeler and Stanley",UK,Partnership,Sports,2023-10-12,9831026.0
S108478,Olson Inc,Canada,Individual,Automotive,2022-02-25,4786428.0
S108479,Rivera-Walker,Singapore,Partnership,Sports,2023-06-02,1535465.0
S108480,Williams LLC,USA,Private Limited,Fashion,2023-10-28,5124885.0
S108481,Bennett Ltd,INDIA,Individual,Electronics,2025-02-07,1508953.0
S108482,Riley Inc,Singapore,Individual,Fashion,2026-06-27,5126862.0
S108483,"Hayes, Anderson and Moore",Australia,Private Limited,Books,2026-06-29,8477858.0
S108484,Martinez-Lee,Australia,LLP,Beauty,2022-05-21,3441155.0
S108485,Herrera Group,USA,Sole Proprietor,Home,2025-11-05,7304557.0
S108486,"Silva, Zhang and Morales",Australia,Private Limited,Beauty,2024-05-25,9224867.0
S108487,Charles Group,Germany,Individual,Fashion,2024-10-07,4063389.0
S108488,Byrd-Fox,UK,Private Limited,Electronics,2026-04-22,2004499.0
S108489,"Tyler, Acosta and Douglas",USA,Individual,Home,2022-12-05,1498081.0
S108490,"Woods, Mitchell and Mendez",Australia,Private Limited,Sports,2022-06-21,3804545.0
S108491,"Burke, Stewart and Spears",India,Individual,Books,2025-04-27,5172342.0
S108492,Rodriguez Inc,Canada,Individual,Fashion,2025-06-19,8868817.0
S108493,Ramirez Group,Canada,Individual,Sports,2025-01-21,8913265.0
S108494,Travis-Kelly,Australia,Individual,Sports,2024-02-17,6965041.0
S108495,"Davis, Harvey and Alvarado",UK,LLP,Fashion,2023-01-21,2013223.0
S108496,Reynolds Group,Singapore,Sole Proprietor,Electronics,2025-10-16,9708889.0
S108497,Welch Ltd,Singapore,Sole Proprietor,Electronics,2024-11-16,2635029.0
S108498,"Edwards, Hensley and Davis",India,Private Limited,Fashion,2023-10-20,6635981.0
S108499,Gonzalez-Davis,Canada,Private Limited,Electronics,2024-06-24,2593500.0
S108500,"Murray, Friedman and Wall",USA,Partnership,Home,2025-07-06,6738948.0
S108501,Meyers-Garner,Germany,Individual,Books,2025-12-28,1211062.0
S108502,Garcia-Carlson,Germany,Individual,Electronics,2025-09-03,3701645.0
S108503,"Jenkins, Freeman and Castro",Australia,Sole Proprietor,Sports,2022-07-08,1981921.0
S108504,Davis and Sons,Canada,Partnership,Books,2022-03-15,5436483.0
S108505,"Farrell, Page and Wong",Singapore,Individual,Electronics,2023-05-05,3505171.0
S108506,"Brown, Moreno and Gould",Singapore,Private Limited,Electronics,2026-04-13,4227785.0
S108507,"Williams, Gallagher and Day",UK,LLP,Sports,2024-01-24,7261809.0
S108508,Porter Group,India,Partnership,Electronics,2023-06-09,8761378.0
S108509,Bailey-Pope,Germany,Partnership,Books,2022-04-29,8370349.0
S108510,"Jackson, Price and Lang",Germany,LLP,Home,2025-12-11,2625237.0
S108511,"Lee, Mccall and Lang",UK,Partnership,Fashion,2023-04-09,1312344.0
S108512,Jones PLC,Singapore,Partnership,Home,2026-03-09,3555894.0
S108513,"Rivera, Lane and Webster",India,Partnership,Electronics,2023-02-06,8396046.0
S108514,Collins PLC,Australia,Sole Proprietor,Automotive,2022-06-07,1607294.0
S108515,Sanchez Ltd,Australia,Individual,Books,2026-04-28,7423458.0
S108516,Guzman Ltd,Singapore,Individual,Fashion,2026-04-05,9668899.0
S108517,Watson-Frank,Canada,Partnership,Home,2026-04-30,3502319.0
S108518,"Walker, Neal and Mckee",India,Partnership,Beauty,2024-08-03,431009.0
S108519,Frazier PLC,India,LLP,Sports,2025-05-29,4763314.0
S108520,"Blake, Martinez and Olson",Germany,Sole Proprietor,Home,2024-03-23,6714130.0
S108521,Kidd-Robinson,Australia,Sole Proprietor,Fashion,2026-01-05,2347217.0
S108522,"Moore, Bartlett and Waters",Singapore,Private Limited,Fashion,2025-11-14,7787862.0
S108523,Rodriguez-Stokes,India,Individual,Beauty,2022-08-10,5389778.0
S108524,Bass Ltd,Canada,Individual,Home,2022-02-24,9780747.0
S108525,"Lopez, Grant and Humphrey",Germany,Individual,Books,2025-09-05,864637.0
S108526,"Stevenson, Jarvis and Fry",Canada,Partnership,Fashion,2023-05-27,3113615.0
S108527,Collier-Dillon,USA,LLP,Fashion,2022-03-04,6865254.0
S108528,Conway Inc,UK,Sole Proprietor,Home,2024-10-02,4968284.0
S108529,"Frey, Mann and Sullivan",UK,Sole Proprietor,Automotive,2024-12-13,9312020.0
S108530,Martinez PLC,USA,Sole Proprietor,Automotive,2022-12-17,4133672.0
S108531,Hall-George,Germany,LLP,Sports,2026-02-08,137311.0
S108532,Scott-Summers,Singapore,Sole Proprietor,Beauty,2023-01-17,2434724.0
S108533,"Barton, King and Hall",Canada,LLP,Sports,2025-11-19,2421849.0
S108534,Price-Parsons,Australia,LLP,Sports,2023-11-23,4652790.0
S108535,"Allen, Jacobson and Owen",UK,LLP,Home,2022-08-19,3599604.0
S108536,"Ross, Stanley and Morgan",Canada,Individual,Sports,2024-05-11,451415.0
S108537,"Williams, Matthews and Dominguez",USA,LLP,Sports,2022-12-05,3996131.0
S108538,Cox-Kramer,Germany,Partnership,Sports,2025-02-22,3509323.0
S108539,"Marshall, Soto and Melendez",Canada,Partnership,Fashion,2024-03-22,9488732.0
S108540,Hart Ltd,Singapore,Private Limited,Fashion,2023-05-08,8973618.0
S108541,"Jacobs, Thompson and Rodriguez",India,Individual,Books,2025-11-24,3999116.0
S108542,Fields-Mcclain,Germany,LLP,Beauty,2024-01-16,8755392.0
S108543,Curtis-Hodges,UK,Partnership,Beauty,2026-06-26,4638065.0
S108544,Barnes PLC,Canada,Partnership,Automotive,2024-09-09,4508527.0
S108545,Jones and Sons,India,Partnership,Fashion,2024-10-02,1532041.0
S108546,Mccarty Group,USA,Individual,Beauty,2023-04-12,1822498.0
S108547,Villa Group,Germany,LLP,Books,2022-12-12,9698365.0
S108548,Mendoza and Sons,Germany,Partnership,Beauty,2022-03-18,2093939.0
S108549,Mendoza and Sons,UK,LLP,Sports,2023-09-11,131719.0
S108550,"Carter, Smith and Gillespie",Canada,Individual,Electronics,2026-03-15,4569022.0
S108551,Anderson-Jackson,UK,Individual,Books,2024-06-18,3040750.0
S108552,Moss LLC,Canada,Individual,Automotive,2023-10-01,3643275.0
S108553,Barker PLC,Australia,Partnership,Electronics,2022-05-29,6996964.0
S108554,"Perez, Pacheco and Jenkins",Canada,Partnership,Electronics,2022-07-28,5199191.0
S108555,Lopez and Sons,Germany,Individual,Home,2023-02-11,6342330.0
S108556,Edwards-Winters,India,Individual,Sports,2025-05-29,2841492.0
S108557,Snow Inc,Germany,Individual,Home,2023-11-13,5782692.0
S108558,"Gibbs, Roberts and Jackson",UK,LLP,Beauty,2023-12-20,4381950.0
S108559,"Salas, Nelson and Caldwell",USA,Partnership,Sports,2023-05-21,6421564.0
S108560,"Johnson, Steele and Sanchez",Canada,LLP,Home,2026-05-15,3933491.0
S108561,Smith-Burke,Germany,Partnership,Electronics,2023-07-01,
S108562,Jenkins-Miles,USA,LLP,Home,2025-10-17,4624998.0
S108563,Wilson Ltd,Australia,LLP,Books,2023-11-24,9556012.0
S108564,"Simmons, Brown and Rogers",UK,Partnership,Home,2024-05-18,530872.0
S108565,Smith-Lang,India,Private Limited,Electronics,2022-06-26,1605513.0
S108566,Garcia-Simpson,Canada,Partnership,Automotive,2022-10-09,2603286.0
S108567,Oliver PLC,Germany,Private Limited,Fashion,2024-12-06,6365065.0
S108568,"Brown, Lee and Williams",Singapore,Sole Proprietor,Beauty,2023-07-01,2159024.0
S108569,Rivas-Anderson,Australia,Individual,Automotive,2026-01-28,7516209.0
S108570,Branch-Cohen,Australia,Private Limited,Beauty,2026-06-22,8948248.0
S108571,"Brown, Blankenship and White",USA,Sole Proprietor,Books,2025-09-09,978699.0
S108572,Contreras Inc,Canada,LLP,Home,2025-10-22,7616213.0
S108573,Day LLC,India,Sole Proprietor,Fashion,2023-06-14,542858.0
S108574,Flores-Adams,Singapore,Sole Proprietor,Sports,2022-06-24,6868051.0
S108575,"Lane, Branch and Johnson",Australia,LLP,Electronics,2025-01-18,1954247.0
S108576,Allen Group,India,Private Limited,Beauty,2026-07-04,4405728.0
S108577,"James, Aguilar and Zuniga",Singapore,Individual,Fashion,2023-07-18,8903171.0
S108578,Greene-Rowe,Australia,LLP,Sports,2023-07-12,3217864.0
S108579,"Reed, Hall and Reyes",Singapore,Partnership,Home,2024-08-07,619186.0
S108580,"Wright, Davenport and Weber",India,Partnership,Fashion,2026-07-18,8220742.0
S108581,"Patton, Lee and Rhodes",Canada,LLP,Automotive,2025-09-15,9720414.0
S108582,"Mcguire, Logan and Torres",UK,Individual,Books,2026-07-20,3090742.0
S108583,Valdez-Trevino,Canada,LLP,Books,2023-08-07,6546103.0
S108584,Smith-Coleman,Germany,Sole Proprietor,Books,2023-08-25,2368412.0
S108585,Hunt and Sons,Singapore,Individual,Automotive,2026-03-20,8035604.0
S108586,Ortiz-Harris,Singapore,LLP,Home,2024-06-10,2238262.0
S108587,Craig-Ryan,Germany,LLP,Fashion,2024-10-22,180063.0
S108588,Farley LLC,India,Individual,Beauty,2026-03-01,1171337.0
S108589,Kennedy Inc,Australia,Partnership,Fashion,2023-07-09,5184381.0
S108590,"Rose, Graham and Salazar",Germany,Sole Proprietor,Automotive,2026-05-23,4824228.0
S108591,"Johnson, Hamilton and Stokes",Australia,LLP,Sports,2023-01-13,3979809.0
S108592,Thompson-Wright,UK,Individual,Home,2024-04-18,3621174.0
S108593,"Thompson, Acevedo and Duffy",Canada,Private Limited,Home,2022-11-29,7139424.0
S108594,"Rivera, Smith and Adams",UK,Sole Proprietor,Sports,2024-09-23,1578343.0
S108595,Nicholson-Smith,Australia,Individual,Electronics,2022-07-05,7515123.0
S108596,Martin-Malone,India,Partnership,Sports,2022-07-31,2154700.0
S108597,"Schultz, Boyle and Roman",Australia,Sole Proprietor,Books,2025-07-27,
S108598,Lynch-Suarez,Germany,Partnership,Electronics,2026-02-19,4066593.0
S108599,Bridges-Glenn,India,LLP,Home,2026-05-13,
S108600,Hudson PLC,UK,Sole Proprietor,Books,2022-07-04,4888878.0
S108601,Campbell-Clark,USA,Private Limited,Books,2026-01-01,5932169.0
S108602,"Davis, Atkins and Sullivan",Singapore,Private Limited,Home,2026-07-25,9140261.0
S108603,Green Inc,USA,Private Limited,Beauty,2022-12-13,9023716.0
S108604,"Mills, Smith and Gill",Singapore,Partnership,Automotive,2024-01-06,6851205.0
S108605,"Peterson, Taylor and Romero",Australia,Partnership,Sports,2025-02-10,2142024.0
S108606,Lewis-Hill,Australia,Private Limited,Electronics,2022-10-11,7005095.0
S108607,Stevenson-Bishop,UK,Partnership,Books,2025-07-29,7706193.0
S108608,Estrada-Black,Australia,Partnership,Electronics,2022-06-19,5781958.0
S108609,Jordan-Chapman,Canada,Sole Proprietor,Fashion,2026-02-01,1136312.0
S108610,"Riley, Bryant and Ortiz",Singapore,Sole Proprietor,Home,2024-08-17,679467.0
S108611,Ellis Ltd,Australia,Sole Proprietor,Home,2025-05-02,4707275.0
S108612,Brennan Group,India,Individual,Beauty,2026-01-30,9728066.0
S108613,"Williams, Mathis and Howell",India,Individual,Beauty,2022-09-02,1326185.0
S108614,Miller and Sons,UK,Partnership,Books,2023-06-06,6455955.0
S108615,"Green, Bean and Baldwin",Australia,Individual,Electronics,2025-04-08,8519764.0
S108616,Garcia-Myers,USA,Individual,Home,2025-03-26,7725182.0
S108617,Barnes-Luna,UK,LLP,Fashion,2026-02-07,5116277.0
S108618,Delgado Inc,Singapore,Partnership,Fashion,2026-02-07,8710068.0
S108619,"Luna, Henderson and Smith",Canada,LLP,Automotive,2023-01-14,4096252.0
S108620,Cruz Ltd,Germany,Partnership,Books,2025-02-19,8364402.0
S108621,Green-Tanner,Germany,Individual,Electronics,2024-08-18,9450567.0
S108622,"White, Mitchell and Clark",Canada,Individual,Automotive,2022-10-29,
S108623,Bishop-Bowman,USA,Private Limited,Books,2022-07-14,2681072.0
S108624,Johnston-Murphy,India,Sole Proprietor,Home,2022-03-05,9287558.0
S108625,Nguyen-Blankenship,USA,Private Limited,Beauty,2024-09-16,9642394.0
S108626,"Rogers, Ortiz and Vincent",Canada,Individual,Sports,2024-04-17,6859306.0
S108627,"Gibbs, Perez and Cooper",Germany,Individual,Fashion,2025-01-13,7270540.0
S108628,Taylor Ltd,UK,Private Limited,Sports,2023-03-17,9631314.0
S108629,"Santana, Santana and Pope",Australia,LLP,Beauty,2022-05-10,6926430.0
S108630,Jones-Decker,UK,Partnership,Home,2025-10-01,8935323.0
S108631,"Matthews, Lam and Solis",USA,Individual,Home,2026-01-08,69526.0
S108632,Turner Inc,Singapore,Individual,Fashion,2025-10-30,7975331.0
S108633,Rivera Ltd,India,Sole Proprietor,Home,2022-02-13,7549717.0
S108634,Ryan Ltd,india,Private Limited,Beauty,2024-12-01,1069563.0
S108635,Patterson-Thompson,Canada,Sole Proprietor,Home,2026-02-10,7044671.0
S108636,Baxter-Turner,Australia,Partnership,Home,2026-07-12,9781466.0
S108637,Soto and Sons,USA,Private Limited,Electronics,2024-10-18,639264.0
S108638,"Lucas, Berry and Blake",Canada,Sole Proprietor,Fashion,2023-07-14,8515901.0
S108639,Villarreal-Oneill,UK,Sole Proprietor,Fashion,2025-10-09,7351344.0
S108640,"Cruz, Morris and Bell",Germany,LLP,Sports,2024-06-20,6918021.0
S108641,Cortez Inc,Australia,Private Limited,Sports,2024-04-19,5881981.0
S108642,Carrillo and Sons,India,Partnership,Home,2023-08-10,4563430.0
S108643,Dunn-Bennett,Singapore,LLP,Beauty,2023-10-11,7459519.0
S108644,Miller-Drake,USA,Partnership,Beauty,2024-03-20,6097357.0
S108645,"Clark, Malone and Day",Australia,LLP,Electronics,2026-05-03,8603548.0
S108646,"Heath, Hernandez and Oneill",USA,Sole Proprietor,Electronics,2024-07-03,9881099.0
S108647,"Burns, Bell and Bennett",UK,Partnership,Beauty,2025-03-28,5922444.0
S108648,Williams-Robinson,India,Individual,Fashion,2023-09-22,5650978.0
S108649,Perry-Williams,Singapore,Private Limited,Home,2022-11-02,1073580.0
S108650,Burgess and Sons,USA,Partnership,Fashion,2024-03-24,3837760.0
S108651,Torres-Campbell,India,Private Limited,Fashion,2026-03-03,6575330.0
S108652,"Larson, Powell and Norman",Australia,LLP,Books,2022-12-18,6277987.0
S108653,Burgess-Higgins,Germany,Private Limited,Fashion,2022-01-21,603774.0
S108654,Garcia Inc,Germany,LLP,Home,2026-04-07,708042.0
S108655,"Mccarty, Gonzalez and Wood",Australia,Partnership,Fashion,2023-11-18,1501923.0
S108656,"Fisher, Woods and Kirby",Germany,Sole Proprietor,Books,2022-10-28,2541173.0
S108657,West and Sons,UK,Partnership,Beauty,2026-03-06,8080174.0
S108658,Blackwell LLC,UK,Individual,Fashion,2023-12-03,9411350.0
S108659,Delacruz-Murray,USA,Partnership,Home,2025-07-20,9692803.0
S108660,Thompson-Gutierrez,Canada,Individual,Electronics,2026-01-14,6058943.0
S108661,Hughes Group,Singapore,Private Limited,Beauty,2026-01-21,6898369.0
S108662,Medina-Horton,Canada,Private Limited,Fashion,2022-10-06,8313901.0
S108663,"Mendez, Blankenship and Melendez",Germany,Private Limited,Fashion,2023-06-13,2222959.0
S108664,"Freeman, Simpson and Bowers",USA,Sole Proprietor,Books,2025-11-28,6765027.0
S108665,Austin-Sutton,USA,Sole Proprietor,Fashion,2024-08-11,2395670.0
S108666,"Allen, Mitchell and Shaw",Singapore,Private Limited,Beauty,2025-10-12,3014766.0
S108667,Taylor-Gomez,USA,LLP,Home,2025-04-02,3537943.0
S108668,Griffin Group,India,Individual,Fashion,2026-07-17,3899159.0
S108669,Humphrey-Booth,Australia,Partnership,Home,2026-04-20,942659.0
S108670,Alvarez Group,India,Sole Proprietor,Automotive,2025-04-11,5287747.0
S108671,Grant-Campbell,USA,Private Limited,Books,2022-03-11,3479497.0
S108672,Wiggins-Johnson,Australia,Partnership,Electronics,2023-07-02,3363729.0
S108673,Fisher-Gomez,USA,Private Limited,Home,2023-02-07,2126843.0
S108674,Carlson-Bell,Australia,Sole Proprietor,Home,2024-11-19,3582310.0
S108675,Davis-Stewart,Canada,LLP,Books,2024-03-27,1433944.0
S108676,Miranda-Pearson,USA,LLP,Automotive,2024-09-24,9234270.0
S108677,Brown PLC,Australia,Individual,Books,2024-08-09,3726232.0
S108678,Mccormick Ltd,Germany,Individual,Sports,2024-12-08,6285831.0
S108679,"Williams, Rosales and Rodgers",Singapore,Individual,Beauty,2024-05-12,9635944.0
S108680,Watson-Kelly,Australia,Partnership,Sports,2022-02-03,
S108681,"Hernandez, Garner and Bowen",UK,LLP,Home,2025-12-16,6031786.0
S108682,Sanchez-Bird,UK,LLP,Automotive,2025-11-16,2467252.0
S108683,Pena-Henderson,India,LLP,Beauty,2025-09-25,9099284.0
S108684,Peterson and Sons,Singapore,Private Limited,Beauty,2025-06-25,2689760.0
S108685,Hancock and Sons,Germany,LLP,Electronics,2023-10-24,3510445.0
S108686,Jordan-Johnson,Australia,Private Limited,Automotive,2024-07-11,3375563.0
S108687,"Sexton, Lambert and Smith",Australia,Sole Proprietor,Beauty,2024-12-05,8930506.0
S108688,Green Inc,UK,Sole Proprietor,Fashion,2023-06-23,2277787.0
S108689,"Doyle, Jones and Fitzgerald",Canada,Sole Proprietor,Fashion,2025-07-25,9649354.0
S108690,Richards-Molina,India,Private Limited,Sports,2024-07-24,7914304.0
S108691,Summers-Miller,Australia,Sole Proprietor,Home,2023-03-22,3593799.0
S108692,"Norris, Harper and Bradley",India,LLP,Electronics,2023-05-03,2817919.0
S108693,"Ross, Edwards and Miller",India,Sole Proprietor,Sports,2024-02-06,9808537.0
S108694,"Garcia, Tanner and Shaw",Singapore,Partnership,Books,2026-06-23,6136861.0
S108695,"Nixon, Cobb and Hill",Singapore,Individual,Automotive,2025-11-03,550857.0
S108696,Jones-Cross,USA,LLP,Electronics,2024-03-22,7363387.0
S108697,West-Mclean,Germany,Sole Proprietor,Beauty,2025-07-30,667796.0
S108698,"Day, Wong and Dixon",Germany,Partnership,Fashion,2023-09-02,8341506.0
S108699,"Smith, Le and Quinn",Germany,Partnership,Electronics,2023-09-02,9583507.0
S108700,Ross-Curtis,IN,Sole Proprietor,Beauty,2023-05-21,2437832.0
S108701,Kelley-Thomas,Canada,Sole Proprietor,Books,2026-01-23,1543623.0
S108702,"Smith, Watson and Anderson",Australia,Individual,Fashion,2024-12-16,5669513.0
S108703,Cooper-Burke,USA,LLP,Fashion,2024-08-19,6444361.0
S108704,Smith-May,USA,Private Limited,Electronics,2023-10-29,5963459.0
S108705,Hill and Sons,Canada,Partnership,Fashion,2025-10-18,7461607.0
S108706,"Hall, Hall and Blair",IN,Private Limited,Sports,2025-10-17,7006373.0
S108707,"Bush, Crawford and Odonnell",USA,Sole Proprietor,Sports,2023-06-11,5700849.0
S108708,Stewart Group,Canada,LLP,Electronics,2023-02-16,9383692.0
S108709,"Allen, Nichols and Thompson",Canada,LLP,Books,2026-06-02,4848227.0
S108710,Jones Inc,Germany,LLP,Beauty,2026-05-14,6224035.0
S108711,Jones-Liu,USA,Individual,Beauty,2022-04-30,8665900.0
S108712,"Price, Johnson and Washington",Germany,Private Limited,Electronics,2022-04-20,2560157.0
S108713,Dillon-Lewis,Australia,Individual,Electronics,2025-09-18,2507381.0
S108714,"Massey, King and Quinn",Australia,Partnership,Fashion,2024-02-18,6358956.0
S108715,"Morgan, Green and Evans",USA,Private Limited,Books,2026-02-15,6601864.0
S108716,Carey-Smith,Australia,Partnership,Fashion,2026-01-14,3168675.0
S108717,Obrien-Campbell,USA,Private Limited,Books,2024-10-31,7633596.0
S108718,Conrad Ltd,UK,Sole Proprietor,Fashion,2025-05-10,1145751.0
S108719,"Jackson, Bowen and Logan",Germany,Partnership,Electronics,2026-06-21,1661253.0
S108720,Brewer-Massey,Canada,Individual,Electronics,2025-05-20,224089.0
S108721,Medina Ltd,UK,Sole Proprietor,Sports,2024-06-01,6699320.0
S108722,"Lyons, Villarreal and Gutierrez",Australia,Individual,Automotive,2024-06-24,3537525.0
S108723,Mendoza-Davis,Singapore,Private Limited,Beauty,2023-09-26,5153743.0
S108724,Montes LLC,Singapore,Partnership,Home,2026-04-24,9405319.0
S108725,Wagner and Sons,Canada,Private Limited,Automotive,2024-08-18,8675133.0
S108726,Thomas PLC,UK,Sole Proprietor,Books,2025-07-14,4737439.0
S108727,Gonzalez-Lester,India,Partnership,Beauty,2026-06-17,1027769.0
S108728,Barton-Nichols,Singapore,Sole Proprietor,Automotive,2022-02-17,3368995.0
S108729,Bailey PLC,Germany,Individual,Beauty,2023-08-23,6186216.0
S108730,"Parsons, Diaz and Jackson",Australia,Sole Proprietor,Electronics,2022-01-30,4840971.0
S108731,Burns PLC,UK,Partnership,Home,2023-05-21,4611727.0
S108732,Cooper-Dean,Germany,Partnership,Sports,2023-09-07,4327210.0
S108733,"Brown, Ray and Torres",Germany,Private Limited,Automotive,2023-04-24,9102346.0
S108734,"Leon, Jones and Jackson",Germany,Sole Proprietor,Electronics,2026-03-05,5512358.0
S108735,"Krause, Rivera and Aguirre",USA,Sole Proprietor,Sports,2022-03-03,5615925.0
S108736,Bennett LLC,Germany,Partnership,Books,2022-06-29,9329911.0
S108737,"Thompson, Medina and Dunlap",USA,Partnership,Sports,2026-06-25,5132538.0
S108738,Matthews LLC,Australia,Partnership,Beauty,2022-07-05,8919529.0
S108739,"Gill, Armstrong and Kelley",Singapore,Sole Proprietor,Sports,2023-04-30,7516877.0
S108740,"Cannon, Oconnor and Haney",UK,Private Limited,Home,2023-06-25,6001888.0
S108741,"Brown, Scott and Cruz",India,Sole Proprietor,Home,2024-04-05,8574691.0
S108742,Martinez-Lawson,UK,Sole Proprietor,Fashion,2024-10-27,730765.0
S108743,Collins and Sons,Germany,Private Limited,Automotive,2023-10-25,1019015.0
S108744,Norris LLC,USA,Private Limited,Electronics,2024-11-13,9623891.0
S108745,"Ford, Randall and Spence",Australia,Sole Proprietor,Home,2025-10-10,6592015.0
S108746,Pittman Ltd,UK,Partnership,Home,2025-05-30,2824944.0
S108747,Thompson PLC,UK,Private Limited,Books,2026-05-06,3945575.0
S108748,Moore-Conway,UK,LLP,Sports,2024-04-10,5586089.0
S108749,Davis-Miller,USA,Individual,Fashion,2022-07-29,6017140.0
S108750,"Morales, Gonzalez and Miller",Germany,Individual,Home,2023-04-27,8512493.0
S108751,"Kelly, Gonzalez and Brown",Germany,Individual,Electronics,2024-12-03,9208709.0
S108752,Flores Inc,India,Private Limited,Books,2023-09-28,7089846.0
S108753,Brown LLC,Canada,LLP,Beauty,2024-05-24,61605.0
S108754,Smith-Alexander,UK,Sole Proprietor,Home,2022-05-01,3605722.0
S108755,Powers Inc,Germany,Partnership,Books,2024-06-22,4683945.0
S108756,Jensen Ltd,Germany,Partnership,Automotive,2025-04-08,2105639.0
S108757,Ward-Dunn,Australia,Individual,Beauty,2022-06-16,3174969.0
S108758,"Tate, Flores and Russell",USA,Individual,Home,2023-11-24,792890.0
S108759,"Reynolds, Curry and Torres",Singapore,Private Limited,Automotive,2025-03-22,6845786.0
S108760,Wilson-Grant,Australia,LLP,Books,2025-02-02,6908111.0
S108761,Harper Inc,Australia,Sole Proprietor,Automotive,2025-12-08,1226584.0
S108762,Russell PLC,Australia,Sole Proprietor,Automotive,2022-04-01,761440.0
S108763,"Adams, Hernandez and Butler",Singapore,LLP,Electronics,2023-10-05,8793174.0
S108764,"Miller, Montgomery and Gross",Canada,Private Limited,Fashion,2023-03-20,6304661.0
S108765,Johnson Inc,USA,Sole Proprietor,Beauty,2026-01-03,6779218.0
S108766,"Goodman, Hendrix and James",India,Individual,Home,2023-04-03,8700750.0
S108767,"Davis, Brown and Molina",UK,LLP,Automotive,2022-01-01,484732.0
S108768,"Acosta, Fields and Moore",USA,Sole Proprietor,Books,2026-05-28,8135281.0
S108769,Anderson-Singh,USA,Sole Proprietor,Electronics,2022-08-05,572888.0
S108770,Nichols-Butler,India,Private Limited,Home,2023-08-26,5986127.0
S108771,"Buckley, Hernandez and Miller",Singapore,Partnership,Electronics,2025-01-14,1604284.0
S108772,Kelly-Little,UK,Sole Proprietor,Electronics,2024-02-28,1570290.0
S108773,Santos Group,Canada,LLP,Sports,2025-03-09,9753914.0
S108774,"Carroll, James and Thomas",India,Private Limited,Beauty,2025-07-04,6319263.0
S108775,"Lee, Nelson and Berry",India,LLP,Books,2022-09-05,9706744.0
S108776,"Miller, Smith and Reed",India,Sole Proprietor,Fashion,2025-03-26,6958592.0
S108777,Taylor Ltd,Canada,Partnership,Electronics,2024-10-24,7316203.0
S108778,"Nielsen, Valentine and Bell",Singapore,Partnership,Electronics,2024-09-16,180641.0
S108779,Wolf PLC,Canada,Individual,Automotive,2023-09-30,2526369.0
S108780,"Bryant, Warner and Moore",Canada,Private Limited,Automotive,2022-11-30,9420068.0
S108781,Williams Ltd,Australia,LLP,Electronics,2024-10-01,1751430.0
S108782,"Ford, Bruce and Hansen",Canada,Partnership,Electronics,2022-11-11,9965193.0
S108783,"Snyder, Anderson and Trujillo",USA,Private Limited,Home,2022-10-15,1295301.0
S108784,"Ford, Martinez and Bishop",Singapore,Private Limited,Books,2025-03-26,5972598.0
S108785,Phillips and Sons,USA,Private Limited,Electronics,2025-02-26,4499090.0
S108786,"Shepherd, Rivera and Forbes",India,Individual,Home,2023-03-13,8069517.0
S108787,"Johnson, Spears and Mcintyre",Singapore,Individual,Beauty,2024-10-12,6143744.0
S108788,"Ross, Shaffer and Williams",Canada,Sole Proprietor,Books,2024-02-29,2642071.0
S108789,"Johnson, Moody and Decker",Australia,Partnership,Books,2025-01-12,165847.0
S108790,Smith-Logan,Germany,Partnership,Electronics,2022-05-20,3091928.0
S108791,Tanner-Baker,Germany,Private Limited,Automotive,2022-03-09,3901254.0
S108792,Schwartz-Lawson,India,Partnership,Sports,2024-01-29,1281985.0
S108793,Williams-Riley,Germany,LLP,Beauty,2025-10-11,1615354.0
S108794,Harrell-Walters,USA,Individual,Electronics,2025-02-09,7291409.0
S108795,"Silva, Rivera and Myers",India,Individual,Sports,2022-06-17,2087405.0
S108796,"Green, Johnson and Lester",Australia,Private Limited,Home,2025-09-30,3909134.0
S108797,Sims-Gomez,Singapore,Sole Proprietor,Home,2025-05-31,3768703.0
S108798,Walker PLC,USA,Individual,Fashion,2023-10-27,6042439.0
S108799,Schmidt-Mcintosh,Canada,Sole Proprietor,Home,2024-10-11,9794360.0
S108800,Luna-James,Australia,Private Limited,Electronics,2024-05-28,2577377.0
S108801,Terry-Pruitt,USA,Individual,Home,2023-08-06,5768407.0
S108802,"Hanson, Young and Harris",Canada,Partnership,Sports,2025-09-09,8520736.0
S108803,"Haley, Butler and Anderson",Australia,Sole Proprietor,Home,2026-07-29,1819249.0
S108804,Bridges Inc,Singapore,Individual,Sports,2025-12-12,6541156.0
S108805,Gay Ltd,Australia,Individual,Sports,2026-04-12,6837413.0
S108806,Hawkins Inc,Singapore,Sole Proprietor,Electronics,2023-08-14,6078224.0
S108807,Olson-Lawrence,India,LLP,Fashion,2022-07-02,1142233.0
S108808,"Mullins, Orr and Miller",USA,Individual,Home,2023-03-21,7133215.0
S108809,"Gilbert, Lewis and Smith",India,Sole Proprietor,Electronics,2024-04-09,4648386.0
S108810,Martinez-Le,Singapore,Individual,Automotive,2025-02-14,273625.0
S108811,Vincent-Meyer,UK,LLP,Automotive,2026-06-19,6879497.0
S108812,Blair-Castro,Singapore,Individual,Sports,2025-12-07,1314611.0
S108813,"Hudson, Parker and Lawrence",Australia,Sole Proprietor,Beauty,2022-07-29,4355945.0
S108814,Green PLC,India,Sole Proprietor,Home,2023-04-29,4633118.0
S108815,"Williams, Ward and Parker",Germany,Sole Proprietor,Books,2023-06-24,4755832.0
S108816,Castro PLC,Canada,LLP,Electronics,2024-04-07,243858.0
S108817,Andrade-Bernard,Canada,LLP,Home,2024-10-24,632698.0
S108818,Wells-Bowman,Germany,Private Limited,Automotive,2024-07-24,4450256.0
S108819,"Rivera, Walker and Sandoval",UK,Partnership,Beauty,2025-05-01,9403329.0
S108820,Snyder-Morton,USA,Sole Proprietor,Automotive,2025-01-23,5894967.0
S108821,Lin-Malone,Canada,Individual,Beauty,2023-06-13,2426653.0
S108822,Briggs-Rice,Canada,LLP,Electronics,2023-09-17,2450403.0
S108823,Davenport-Rivera,Australia,Sole Proprietor,Automotive,2022-02-02,4921363.0
S108824,"Guerrero, Watkins and Jackson",Canada,LLP,Beauty,2025-08-25,7483356.0
S108825,"Crosby, Nichols and Lopez",Germany,Private Limited,Books,2023-01-26,9003228.0
S108826,Fox and Sons,UK,Partnership,Beauty,2026-03-22,6602080.0
S108827,"Herrera, Smith and Gallagher",Canada,Individual,Sports,2026-07-10,5844791.0
S108828,"Robinson, Sanchez and Clark",USA,Individual,Electronics,2024-03-11,4843100.0
S108829,Villanueva-Palmer,Germany,Private Limited,Sports,2025-07-14,6775217.0
S108830,Nichols-Evans,India,Partnership,Books,2025-10-08,6346906.0
S108831,Washington-Ortiz,Canada,LLP,Sports,2022-01-30,2310741.0
S108832,Shaw-Bishop,Singapore,Partnership,Fashion,2025-05-31,7532476.0
S108833,Ramirez-Solis,Germany,Individual,Electronics,2026-04-03,6596967.0
S108834,Castillo LLC,Germany,Private Limited,Home,2026-01-12,9112100.0
S108835,"Campbell, Nguyen and Andrews",Germany,Partnership,Electronics,2026-04-22,3231647.0
S108836,Thomas-Hall,UK,Sole Proprietor,Sports,2022-09-19,4580994.0
S108837,"Gonzalez, Pace and Morris",Singapore,Partnership,Sports,2025-05-02,6980068.0
S108838,Sutton-Fletcher,Germany,Individual,Electronics,2024-03-21,6250485.0
S108839,"Fuller, Bradshaw and Graves",Germany,Private Limited,Home,2024-10-16,8288811.0
S108840,Hill-Erickson,Singapore,LLP,Electronics,2022-11-20,1105378.0
S108841,Miller-Jennings,UK,Partnership,Fashion,2023-02-27,1505204.0
S108842,"Fields, Arellano and Cruz",Australia,Private Limited,Books,2022-10-31,4638843.0
S108843,Patterson LLC,USA,Private Limited,Books,2022-11-07,5780611.0
S108844,Combs Ltd,Singapore,Partnership,Home,2022-03-11,61537.0
S108845,Tyler PLC,Canada,LLP,Automotive,2024-12-06,5232478.0
S108846,Coleman-Cook,Canada,Partnership,Electronics,2024-07-15,3065751.0
S108847,Austin-Kelly,India,LLP,Home,2022-04-26,5745515.0
S108848,Jones-Howard,Singapore,Private Limited,Electronics,2025-07-05,6089471.0
S108849,"Graham, Tanner and Carr",Australia,Private Limited,Books,2023-02-12,1520634.0
S108850,Moreno-Simmons,USA,Individual,Sports,2023-07-12,6282179.0
S108851,"Smith, Lamb and Knight",Germany,Individual,Books,2025-06-08,3907678.0
S108852,Bell PLC,UK,Private Limited,Fashion,2022-11-03,2178615.0
S108853,Brown Inc,Australia,Individual,Electronics,2025-05-23,1479375.0
S108854,Mueller-Hood,USA,Sole Proprietor,Books,2023-06-13,3845355.0
S108855,Blake LLC,Australia,Individual,Home,2026-07-26,4700035.0
S108856,"Alvarez, Fowler and Thompson",Australia,Individual,Books,2022-03-05,9080310.0
S108857,Thomas-Warren,Singapore,Partnership,Sports,2023-04-01,4499975.0
S108858,"Conner, Lewis and Barton",Australia,Private Limited,Automotive,2025-07-24,7861073.0
S108859,"Jackson, James and Tran",Singapore,Partnership,Sports,2026-04-10,9176663.0
S108860,"Fuller, Miranda and Graham",USA,LLP,Electronics,2026-03-29,2542884.0
S108861,"Williams, Miller and Schultz",India,Individual,Beauty,2024-12-23,2520821.0
S108862,"Arellano, Hill and Leon",USA,Individual,Fashion,2024-10-04,9543379.0
S108863,Kent PLC,Singapore,Sole Proprietor,Electronics,2024-10-25,1879543.0
S108864,Jones LLC,Australia,Individual,Electronics,2026-07-05,9560367.0
S108865,Gonzales and Sons,Germany,Private Limited,Home,2023-09-29,2778392.0
S108866,Norton-Rose,Germany,LLP,Beauty,2024-11-29,7351766.0
S108867,Hatfield-Tucker,Singapore,Private Limited,Automotive,2023-11-12,6117008.0
S108868,Nguyen-Nelson,Canada,Partnership,Beauty,2023-08-02,5868799.0
S108869,Reed PLC,Singapore,Private Limited,Beauty,2023-03-13,5091682.0
S108870,Stafford Inc,Canada,Sole Proprietor,Sports,2022-10-22,3328631.0
S108871,"Zamora, Washington and Adams",Australia,Partnership,Home,2025-07-07,2551378.0
S108872,"Summers, Powell and Graves",UK,LLP,Books,2026-03-12,3165183.0
S108873,Taylor-Soto,USA,LLP,Fashion,2023-11-01,2008825.0
S108874,"Harris, Schaefer and Phelps",India,Partnership,Sports,2025-10-23,9396565.0
S108875,Hanson-Brown,Singapore,Private Limited,Sports,2022-02-21,5605250.0
S108876,"Vazquez, Page and Nicholson",India,Private Limited,Books,2023-11-20,6182464.0
S108877,Ortiz-Rodgers,USA,Sole Proprietor,Automotive,2024-12-15,3182103.0
S108878,"Hernandez, Mason and Rojas",Canada,Partnership,Fashion,2022-01-15,4445559.0
S108879,Zavala LLC,Germany,Partnership,Beauty,2024-06-10,6420156.0
S108880,Sharp-Atkinson,Germany,Individual,Sports,2022-09-21,9115327.0
S108881,"Roberson, Robinson and Sanchez",Canada,Partnership,Books,2023-10-20,8447901.0
S108882,Nunez Group,Germany,Individual,Automotive,2025-09-24,2220668.0
S108883,Baxter-Dunn,India,Partnership,Books,2023-03-02,1262241.0
S108884,Sloan Group,india,Private Limited,Automotive,2024-03-09,9368826.0
S108885,Butler and Sons,UK,Sole Proprietor,Fashion,2022-07-30,6281355.0
S108886,"Wood, Woods and Hunt",Singapore,Private Limited,Beauty,2022-09-20,1648563.0
S108887,Goodman-Smith,Australia,Individual,Beauty,2023-08-29,1429079.0
S108888,"Lynch, Collier and Guerra",UK,LLP,Fashion,2022-01-08,2093149.0
S108889,Miller-Harrington,India,Partnership,Electronics,2023-07-23,4850899.0
S108890,"Terry, Hurley and Lawson",UK,Private Limited,Sports,2026-06-03,6458078.0
S108891,Bryant LLC,INDIA,LLP,Automotive,2024-08-02,5282620.0
S108892,Jones-Armstrong,UK,Private Limited,Fashion,2022-05-22,8083348.0
S108893,"Ramirez, Davis and Parker",India,Individual,Automotive,2024-01-13,3854764.0
S108894,Morgan Ltd,USA,Private Limited,Books,2026-05-28,9791328.0
S108895,Jordan LLC,Germany,Private Limited,Sports,2024-06-04,7891724.0
S108896,"Weaver, Meyer and Chambers",India,Individual,Electronics,2026-03-17,816854.0
S108897,Holmes Ltd,Australia,Private Limited,Home,2025-07-20,5125855.0
S108898,Alvarado-Alvarez,USA,LLP,Books,2025-05-13,8377109.0
S108899,Wallace-Bell,UK,Sole Proprietor,Automotive,2023-12-30,9303447.0
S108900,Aguilar-Johnson,Australia,Partnership,Automotive,2022-05-21,8953384.0
S108901,Ward LLC,Canada,Sole Proprietor,Electronics,2024-09-02,8635494.0
S108902,"Salazar, Wong and Erickson",Germany,Individual,Automotive,2026-07-15,2245026.0
S108903,"Conley, Walker and Cannon",India,LLP,Sports,2025-04-24,2624403.0
S108904,"Ruiz, Vasquez and Rogers",Germany,Sole Proprietor,Books,2023-03-22,7706190.0
S108905,Owen-Thompson,Germany,Private Limited,Sports,2022-09-19,8288354.0
S108906,Swanson PLC,UK,Sole Proprietor,Home,2022-04-03,3584222.0
S108907,Saunders-Garrison,USA,Individual,Fashion,2022-12-09,3174198.0
S108908,Tucker Ltd,USA,Sole Proprietor,Books,2023-06-25,9390678.0
S108909,Evans Inc,India,Partnership,Electronics,2023-08-17,7607614.0
S108910,Clark-Wheeler,USA,Individual,Books,2026-02-07,8864085.0
S108911,Martinez-Williams,INDIA,Partnership,Sports,2024-08-06,5245131.0
S108912,Rodriguez LLC,Germany,Partnership,Automotive,2024-10-13,4342254.0
S108913,"King, Gibson and Perez",India,Partnership,Electronics,2023-03-29,6806005.0
S108914,Mendez-Baker,Germany,Partnership,Home,2026-04-11,5976589.0
S108915,"Jones, Kline and Baker",Germany,Individual,Electronics,2025-10-08,7587680.0
S108916,"Webb, Thompson and Bender",Germany,Private Limited,Fashion,2025-01-30,2644682.0
S108917,Hayden-Rogers,India,Private Limited,Home,2025-11-08,9088994.0
S108918,Garcia-Cooper,USA,Individual,Sports,2023-03-12,8496410.0
S108919,"Burch, Walters and Parker",Germany,Sole Proprietor,Fashion,2024-09-11,9371370.0
S108920,Ferguson-Hutchinson,Singapore,LLP,Home,2024-06-20,2292498.0
S108921,Mcdonald-Harvey,Germany,LLP,Automotive,2026-06-07,3665384.0
S108922,Hernandez-Valencia,Canada,Private Limited,Fashion,2022-01-23,5072500.0
S108923,"Richardson, Watson and Tran",Australia,LLP,Automotive,2025-04-15,7279112.0
S108924,"Brady, Floyd and Copeland",Canada,Private Limited,Automotive,2026-04-07,665455.0
S108925,Burgess-Turner,Germany,Partnership,Automotive,2024-03-24,594614.0
S108926,Cox-Mason,UK,Sole Proprietor,Books,2023-04-20,1635459.0
S108927,"Ortiz, Williams and Cobb",USA,Private Limited,Books,2025-08-31,4489652.0
S108928,"Ayala, Baker and Bowman",USA,LLP,Sports,2026-07-20,4699256.0
S108929,Jenkins and Sons,Canada,Sole Proprietor,Electronics,2022-08-19,8788492.0
S108930,Harmon Ltd,Australia,LLP,Home,2026-06-23,7314484.0
S108931,"Turner, Smith and Smith",UK,Individual,Fashion,2023-06-20,3091970.0
S108932,King PLC,India,Individual,Home,2024-03-07,3993299.0
S108933,Schultz-Davis,Germany,Sole Proprietor,Automotive,2022-06-30,7999711.0
S108934,"Werner, Caldwell and Burns",Singapore,Individual,Books,2025-02-19,3833677.0
S108935,"Sanchez, Carter and Hawkins",Singapore,Partnership,Books,2025-07-05,8925603.0
S108936,"Flores, Peterson and Williams",India,Individual,Automotive,2024-04-21,5721547.0
S108937,"Robinson, Mcmillan and Watson",Canada,LLP,Books,2026-02-20,9319157.0
S108938,Johnson-Murray,Singapore,LLP,Sports,2023-06-13,2850451.0
S108939,Franklin Group,India,Sole Proprietor,Fashion,2024-10-20,9676905.0
S108940,Smith Group,Singapore,Private Limited,Electronics,2023-03-04,6930557.0
S108941,Gilbert-Johnson,USA,Partnership,Books,2025-03-26,8380638.0
S108942,Chang Group,USA,Partnership,Beauty,2024-08-02,7225107.0
S108943,"Johnson, Reyes and Armstrong",Canada,Partnership,Beauty,2024-09-26,6192260.0
S108944,"Nelson, Johnson and Daniels",Canada,Private Limited,Books,2026-06-03,9428453.0
S108945,"Harper, Raymond and Edwards",Germany,Individual,Fashion,2026-05-08,5227422.0
S108946,"Garcia, Mckee and Moore",India,Partnership,Books,2025-05-04,1274296.0
S108947,"Yates, Lane and Norman",Canada,LLP,Fashion,2026-05-06,9368029.0
S108948,"Dunn, Moody and Richards",India,Sole Proprietor,Automotive,2025-01-19,5045921.0
S108949,Morales-Wright,USA,Partnership,Home,2024-10-03,2235690.0
S108950,Gibbs Group,USA,Private Limited,Sports,2025-05-27,267869.0
S108951,Richardson Ltd,Australia,Partnership,Home,2024-04-11,1979069.0
S108952,Warner-Wheeler,UK,Individual,Electronics,2022-07-12,1308222.0
S108953,Burns Group,India,Private Limited,Sports,2022-08-06,5658829.0
S108954,Anderson PLC,UK,Sole Proprietor,Electronics,2023-09-23,4798939.0
S108955,Nelson Inc,USA,Private Limited,Beauty,2023-05-30,8428396.0
S108956,Hall LLC,Canada,Private Limited,Home,2022-06-02,4438055.0
S108957,Mullins PLC,Canada,Sole Proprietor,Electronics,2022-06-28,92543.0
S108958,Jones and Sons,Singapore,Sole Proprietor,Beauty,2022-07-19,6500393.0
S108959,Munoz LLC,Singapore,LLP,Home,2024-07-31,361186.0
S108960,Vasquez LLC,UK,Sole Proprietor,Sports,2022-07-03,5798327.0
S108961,"Perez, Sullivan and Chambers",Germany,Private Limited,Sports,2025-09-16,498978.0
S108962,Edwards Ltd,Germany,Partnership,Sports,2025-03-18,6440274.0
S108963,"Bradley, Alexander and Wilkins",Germany,Private Limited,Beauty,2024-07-14,3095186.0
S108964,Sampson LLC,India,Sole Proprietor,Automotive,2024-03-18,2032588.0
S108965,"Richmond, Gonzalez and Saunders",India,Private Limited,Home,2023-02-01,7735126.0
S108966,"Smith, Williams and Bryant",USA,Partnership,Books,2023-04-04,2960025.0
S108967,"Perez, Diaz and Fuller",India,LLP,Sports,2026-06-24,6542009.0
S108968,Castro-Hernandez,Canada,Sole Proprietor,Beauty,2022-11-21,4528801.0
S108969,Palmer LLC,UK,Sole Proprietor,Beauty,2022-08-01,6157511.0
S108970,Fry Ltd,UK,Partnership,Sports,2023-02-05,2683281.0
S108971,Young-Blair,Singapore,Partnership,Beauty,2022-01-15,2038854.0
S108972,"Bautista, Zimmerman and Marsh",India,LLP,Books,2025-10-20,1658514.0
S108973,Mercado PLC,Singapore,Partnership,Automotive,2024-10-19,3499428.0
S108974,Patterson-Aguilar,Australia,Private Limited,Automotive,2024-04-27,127214.0
S108975,Patrick Ltd,Singapore,Sole Proprietor,Beauty,2024-11-06,5759818.0
S108976,Krueger and Sons,Germany,Sole Proprietor,Sports,2025-11-09,9043271.0
S108977,Baker Ltd,Singapore,Sole Proprietor,Beauty,2026-03-25,1104221.0
S108978,Morris and Sons,India,Sole Proprietor,Books,2025-10-11,8007144.0
S108979,Miller-Rodriguez,USA,LLP,Sports,2024-02-15,
S108980,Clarke-Payne,india,Sole Proprietor,Books,2023-03-12,3313962.0
S108981,Cameron PLC,Singapore,Partnership,Books,2023-07-11,8374589.0
S108982,Long-Chang,India,Private Limited,Beauty,2023-02-16,2572969.0
S108983,Hayes-Baker,Germany,Partnership,Home,2024-10-06,7168523.0
S108984,"Nelson, Melendez and Graves",Singapore,LLP,Sports,2024-03-17,4476463.0
S108985,Brooks LLC,Australia,LLP,Sports,2024-06-29,6546909.0
S108986,Mitchell-Jones,Germany,Sole Proprietor,Books,2025-04-09,4497266.0
S108987,"Davis, Barton and Patel",Germany,Individual,Books,2023-12-26,4053268.0
S108988,"Cooper, Lewis and Morse",UK,Partnership,Books,2023-10-17,655303.0
S108989,Dixon Inc,Australia,Private Limited,Books,2022-02-18,6166047.0
S108990,"Morgan, Brown and Tran",USA,Partnership,Beauty,2022-12-14,143283.0
S108991,"Schneider, Garcia and Watkins",Canada,LLP,Automotive,2026-03-12,8844923.0
S108992,Monroe-Bowen,Canada,Partnership,Books,2023-04-10,4390236.0
S108993,"Turner, Garcia and Osborne",UK,Individual,Fashion,2024-06-22,5911919.0
S108994,Atkins-Crosby,UK,Sole Proprietor,Home,2022-03-08,8137279.0
S108995,Reyes-Taylor,Canada,Individual,Books,2023-04-16,8977085.0
S108996,Shah LLC,USA,Private Limited,Automotive,2024-12-28,6289001.0
S108997,"Boyd, Gonzalez and Morris",Germany,Sole Proprietor,Fashion,2023-01-18,2077788.0
S108998,Lam Inc,USA,Partnership,Sports,2024-02-17,5132554.0
S108999,Ramos PLC,Australia,Sole Proprietor,Electronics,2025-11-27,4692193.0
S109000,Pruitt Inc,Singapore,Individual,Beauty,2023-03-30,7743998.0
S109001,Smith Group,USA,Individual,Home,2023-07-17,1515676.0
S109002,Mora-Harrison,UK,Individual,Automotive,2024-03-02,3714536.0
S109003,Williams-Berry,USA,LLP,Home,2022-03-02,5321838.0
S109004,Stanley-Webb,India,Individual,Home,2026-02-20,2418143.0
S109005,Mata and Sons,Germany,LLP,Sports,2023-04-17,8991635.0
S109006,Bennett-Yang,Germany,Sole Proprietor,Beauty,2023-02-26,3440524.0
S109007,Smith-Fisher,UK,Partnership,Beauty,2023-07-30,7214562.0
S109008,Barker-Jones,UK,Partnership,Home,2024-06-03,676506.0
S109009,Lopez-Davis,USA,Private Limited,Home,2022-10-07,8198566.0
S109010,Williams PLC,USA,Sole Proprietor,Sports,2024-08-29,4486840.0
S109011,"Singleton, Foster and Williams",India,LLP,Sports,2022-10-28,950697.0
S109012,Garcia-Price,Australia,Sole Proprietor,Books,2026-07-29,1221314.0
S109013,"Walker, Perez and Wilcox",India,Individual,Electronics,2023-01-02,8257968.0
S109014,Hughes LLC,Germany,Individual,Beauty,2026-07-05,8997623.0
S109015,"Murphy, Morales and Mendez",India,Sole Proprietor,Books,2022-08-24,6622309.0
S109016,Evans-Chapman,UK,Sole Proprietor,Books,2025-04-27,7792414.0
S109017,Morales LLC,Germany,Sole Proprietor,Automotive,2024-08-19,3442094.0
S109018,"Escobar, Mullins and Lynch",Canada,Private Limited,Fashion,2022-02-14,7215820.0
S109019,Hughes LLC,India,LLP,Books,2023-03-17,5442735.0
S109020,"Johnson, Cunningham and Mckinney",Germany,LLP,Books,2025-12-16,7986603.0
S109021,Brewer-Perez,Canada,Sole Proprietor,Fashion,2023-12-01,434649.0
S109022,Rogers Ltd,Singapore,LLP,Automotive,2026-04-01,3127335.0
S109023,Thornton PLC,Germany,Individual,Fashion,2026-04-07,7890700.0
S109024,Fleming-Martinez,India,Partnership,Home,2024-12-17,7941519.0
S109025,Mclaughlin LLC,UK,Partnership,Home,2024-08-21,1064393.0
S109026,"Berry, Lopez and Holder",Germany,Individual,Automotive,2025-12-03,9139082.0
S109027,Riley Group,Australia,Individual,Fashion,2025-05-13,3109047.0
S109028,Ford and Sons,USA,Partnership,Electronics,2023-03-24,9612767.0
S109029,Yu and Sons,India,Private Limited,Fashion,2024-10-04,7796388.0
S109030,George Ltd,UK,LLP,Sports,2025-08-13,9919192.0
S109031,Chandler-Norman,Canada,LLP,Automotive,2022-07-29,3524585.0
S109032,Cisneros-Morales,USA,Partnership,Beauty,2024-10-22,7530864.0
S109033,Taylor Inc,India,LLP,Automotive,2024-10-31,246423.0
S109034,Duncan-Hickman,Germany,Sole Proprietor,Electronics,2026-04-03,802795.0
S109035,Pierce PLC,Australia,Partnership,Home,2025-08-06,6146256.0
S109036,Richardson-Hill,India,Individual,Home,2024-05-25,4535021.0
S109037,Thomas PLC,India,Partnership,Electronics,2024-07-20,8903509.0
S109038,Gonzalez LLC,USA,Sole Proprietor,Automotive,2025-08-14,5106497.0
S109039,"Hall, Gordon and Evans",Germany,Sole Proprietor,Automotive,2023-07-05,8644805.0
S109040,"Combs, Fowler and Smith",USA,Individual,Fashion,2023-06-05,8732957.0
S109041,West-Mcclure,Singapore,LLP,Beauty,2023-03-13,7312177.0
S109042,York-Castillo,Singapore,LLP,Automotive,2023-08-07,171448.0
S109043,Hull-Bennett,Singapore,LLP,Books,2025-06-24,2219230.0
S109044,Ingram Ltd,Germany,Private Limited,Sports,2022-04-29,215941.0
S109045,Martinez-Liu,USA,Individual,Home,2024-07-14,9345937.0
S109046,"Miller, Williams and Morton",Singapore,Sole Proprietor,Fashion,2026-06-10,6592448.0
S109047,Hernandez PLC,Singapore,LLP,Fashion,2026-02-23,1437594.0
S109048,Lopez PLC,Germany,Partnership,Automotive,2024-11-29,5513031.0
S109049,Richardson-Lynn,Australia,Sole Proprietor,Sports,2023-07-01,4430404.0
S109050,"Mann, Knight and Smith",UK,Individual,Sports,2025-02-24,9655559.0
S109051,Morgan PLC,UK,Sole Proprietor,Fashion,2022-02-19,3403815.0
S109052,Garcia-Hickman,USA,Individual,Beauty,2025-07-06,6286805.0
S109053,Vincent Ltd,Germany,Individual,Home,2025-12-31,5792471.0
S109054,Lee LLC,USA,Partnership,Sports,2025-07-03,957396.0
S109055,Mason-Solomon,India,LLP,Fashion,2023-02-28,683577.0
S109056,"Turner, Anderson and Kent",USA,Sole Proprietor,Sports,2025-09-10,6797887.0
S109057,"Reyes, Rivera and Richmond",Germany,Private Limited,Fashion,2022-02-13,2820463.0
S109058,Fernandez-Hall,USA,LLP,Home,2024-03-29,5966052.0
S109059,"Welch, Garza and Clark",UK,Individual,Fashion,2022-03-02,7434774.0
S109060,Cruz-Green,Canada,Sole Proprietor,Electronics,2026-07-04,5976041.0
S109061,"Chavez, Wall and Ellis",UK,Individual,Home,2023-01-04,7816361.0
S109062,"Graham, Brown and Hughes",USA,Private Limited,Electronics,2022-08-29,2498961.0
S109063,Collins Ltd,Singapore,Sole Proprietor,Books,2023-03-17,
S109064,"Velazquez, Lloyd and Gibson",Canada,LLP,Electronics,2022-02-15,4952406.0
S109065,"Barnett, Hall and Miller",USA,Private Limited,Electronics,2025-09-22,8970446.0
S109066,Wolf-Williams,USA,Individual,Home,2025-11-19,6500998.0
S109067,Thompson PLC,Canada,Private Limited,Home,2022-04-24,5099211.0
S109068,Goodman-Sharp,Canada,Individual,Home,2025-11-20,595807.0
S109069,Cook-Fischer,Canada,Private Limited,Electronics,2023-12-11,5038230.0
S109070,Kemp-Baker,Canada,LLP,Automotive,2024-07-07,3699288.0
S109071,Wilson-Smith,Canada,LLP,Beauty,2026-03-30,8193886.0
S109072,"Campbell, Ferguson and Williams",INDIA,Partnership,Fashion,2025-04-16,
S109073,Haynes-Lucero,Australia,Private Limited,Books,2026-01-07,5578230.0
S109074,"Pham, Anthony and Weaver",Australia,LLP,Fashion,2024-12-13,1811238.0
S109075,Hughes-Gates,UK,Individual,Sports,2022-11-18,8204054.0
S109076,Martin-Williams,USA,Private Limited,Home,2024-11-21,2366651.0
S109077,"Chan, Silva and Crosby",Germany,LLP,Home,2022-09-27,9896238.0
S109078,"Robbins, Evans and Woods",UK,Individual,Sports,2023-12-05,3148179.0
S109079,Garcia Inc,Singapore,LLP,Books,2025-08-17,7885596.0
S109080,Ashley-Johnston,Australia,Partnership,Home,2024-12-17,8873952.0
S109081,Parker-Cole,Australia,Individual,Books,2023-11-25,9977894.0
S109082,Nunez-Bell,India,Private Limited,Electronics,2024-11-17,2129259.0
S109083,Murray-Hunt,Canada,Partnership,Automotive,2026-01-28,5558711.0
S109084,Hernandez-Hughes,Singapore,LLP,Books,2026-02-28,8468940.0
S109085,"Clark, Hunter and Adams",Germany,Partnership,Electronics,2025-10-14,5730499.0
S109086,"Johnson, Harris and Smith",India,LLP,Sports,2025-02-09,4776559.0
S109087,"Scott, Jennings and Rice",Canada,Individual,Automotive,2023-10-29,560848.0
S109088,Harmon-Smith,Canada,Sole Proprietor,Fashion,2025-09-02,4333351.0
S109089,Gray-Lawrence,UK,Partnership,Automotive,2023-08-18,739058.0
S109090,"White, Glenn and Santos",USA,LLP,Electronics,2024-06-27,6978542.0
S109091,Jones-Stone,Canada,LLP,Books,2026-05-25,5960559.0
S109092,Casey-Alvarez,Canada,Private Limited,Books,2023-11-13,8577917.0
S109093,"Saunders, Ramos and Alexander",Canada,Individual,Home,2022-05-07,8569295.0
S109094,Gonzales-Brooks,Singapore,Private Limited,Automotive,2022-11-09,7543320.0
S109095,Sherman and Sons,Germany,LLP,Books,2024-07-04,7633737.0
S109096,"Cunningham, Bryan and Thomas",Australia,Partnership,Beauty,2023-07-11,6292867.0
S109097,Crawford PLC,Canada,Private Limited,Books,2023-08-05,2020852.0
S109098,Suarez Group,USA,Private Limited,Sports,2024-07-05,2539483.0
S109099,Santiago Inc,Singapore,LLP,Automotive,2025-04-16,4216108.0
S109100,Potts and Sons,Germany,Sole Proprietor,Beauty,2025-06-14,696551.0
S109101,Martinez-Spencer,India,Partnership,Electronics,2025-12-26,4831888.0
S109102,Jackson-Guerrero,Singapore,LLP,Books,2025-05-13,4818227.0
S109103,Russell Ltd,Canada,LLP,Sports,2025-11-10,7030239.0
S109104,Mitchell and Sons,Germany,LLP,Automotive,2022-08-05,7371189.0
S109105,Lee and Sons,Germany,Private Limited,Fashion,2025-10-20,9506307.0
S109106,French and Sons,UK,Partnership,Automotive,2024-09-27,2019860.0
S109107,"Lawrence, Hall and Ramirez",USA,LLP,Books,2025-04-15,3757712.0
S109108,Cobb Ltd,UK,Individual,Fashion,2026-05-10,7606510.0
S109109,Davenport Group,Germany,Partnership,Books,2025-07-02,399328.0
S109110,"Mercer, Green and Perez",Germany,LLP,Electronics,2026-05-22,2648197.0
S109111,Ross LLC,Singapore,Private Limited,Beauty,2022-10-30,8147950.0
S109112,"Anderson, Peterson and Medina",Germany,LLP,Fashion,2026-07-08,1102832.0
S109113,Morris-Taylor,UK,LLP,Electronics,2025-11-21,3438297.0
S109114,Davis-Wagner,UK,Individual,Beauty,2025-07-28,879219.0
S109115,Olson Inc,India,LLP,Books,2024-01-17,5693687.0
S109116,Floyd LLC,Canada,Private Limited,Home,2023-08-17,5975581.0
S109117,Schmidt-Clayton,UK,Sole Proprietor,Books,2024-01-15,7350462.0
S109118,Mitchell-Mendoza,Singapore,Private Limited,Electronics,2024-05-18,9415773.0
S109119,Sanchez-Wilson,Australia,Private Limited,Fashion,2024-02-03,8164373.0
S109120,"Welch, Duran and Meyer",Australia,Partnership,Beauty,2024-11-08,955441.0
S109121,Scott LLC,Canada,Sole Proprietor,Books,2026-04-03,180501.0
S109122,Mccarty-Conway,UK,Sole Proprietor,Electronics,2022-03-03,8484612.0
S109123,"Pham, Nguyen and Mccann",Germany,Individual,Books,2023-02-16,1383079.0
S109124,Wolf-Turner,Germany,Individual,Books,2023-11-07,7961282.0
S109125,Diaz Inc,Canada,LLP,Home,2022-11-21,1618497.0
S109126,Hawkins-Arellano,Australia,Sole Proprietor,Beauty,2025-04-09,3934153.0
S109127,Pierce-Walsh,USA,Partnership,Sports,2024-02-25,825541.0
S109128,Stephens-Johnson,Singapore,Sole Proprietor,Automotive,2023-05-12,1200365.0
S109129,Williams Ltd,Australia,Partnership,Electronics,2024-12-08,9709544.0
S109130,"Tapia, Jackson and Wright",Canada,Sole Proprietor,Sports,2023-12-19,460098.0
S109131,Stark Inc,India,Individual,Books,2024-02-01,9308807.0
S109132,Howell Ltd,USA,Sole Proprietor,Electronics,2022-07-10,1862390.0
S109133,Castro-Brandt,UK,Private Limited,Fashion,2022-03-31,2763939.0
S109134,Bean PLC,Germany,LLP,Electronics,2022-03-09,3235312.0
S109135,"Anderson, Shepherd and Knight",Australia,Private Limited,Automotive,2023-03-21,9624151.0
S109136,Moore-Blackwell,Germany,Private Limited,Beauty,2025-04-18,764120.0
S109137,Harris-Salinas,USA,Individual,Automotive,2025-10-02,4012847.0
S109138,King and Sons,Canada,Sole Proprietor,Automotive,2024-07-05,8753348.0
S109139,Bradley-Robles,USA,Individual,Sports,2024-12-26,3594271.0
S109140,Johnston Inc,Canada,LLP,Books,2024-07-10,8769674.0
S109141,Sexton-Ray,India,Partnership,Home,2024-07-16,7302403.0
S109142,Evans-Simmons,Germany,Private Limited,Automotive,2023-07-14,2316846.0
S109143,Lee and Sons,Australia,Individual,Sports,2023-04-22,5066012.0
S109144,"Hawkins, Smith and Smith",Canada,Individual,Fashion,2023-08-26,3176399.0
S109145,Miller-Williams,Australia,Partnership,Beauty,2023-08-22,8115389.0
S109146,"Freeman, Morgan and Miller",UK,Private Limited,Automotive,2026-07-30,6979467.0
S109147,Thomas and Sons,UK,LLP,Home,2022-03-03,4372770.0
S109148,"Warner, Goodwin and Miller",Germany,Sole Proprietor,Fashion,2026-04-19,2842630.0
S109149,Ward-Richardson,Singapore,Partnership,Sports,2024-06-08,6869352.0
S109150,Jones-Hill,USA,Partnership,Sports,2026-05-27,5540541.0
S109151,Harvey-Barrett,Canada,Individual,Automotive,2025-11-20,9271867.0
S109152,"Jones, Oneill and Adams",Germany,Partnership,Home,2023-09-12,4623907.0
S109153,Anderson-Owens,Canada,Sole Proprietor,Fashion,2023-09-30,6562418.0
S109154,"Singh, Chan and Kelly",Canada,Partnership,Automotive,2022-06-30,5183079.0
S109155,Becker-Duncan,UK,Partnership,Home,2025-06-02,3694458.0
S109156,Hill-Bryan,Singapore,Sole Proprietor,Sports,2025-12-11,5669686.0
S109157,Parrish Group,USA,Individual,Home,2023-11-01,5591198.0
S109158,Olson LLC,Singapore,Partnership,Beauty,2023-09-29,2468817.0
S109159,Moss-Frederick,USA,Sole Proprietor,Books,2022-01-21,2610141.0
S109160,Harris PLC,Australia,Partnership,Home,2026-06-14,9836754.0
S109161,Romero-Snyder,Singapore,Individual,Home,2025-02-11,9534936.0
S109162,Barker and Sons,Singapore,Partnership,Books,2026-04-18,9934295.0
S109163,Nichols-Newman,Germany,Partnership,Beauty,2025-09-29,8763426.0
S109164,Williams-Miller,India,Individual,Automotive,2025-01-06,3104488.0
S109165,Rogers-Levine,Singapore,Private Limited,Sports,2026-05-20,2497696.0
S109166,Perez Group,USA,Private Limited,Books,2024-02-25,9448343.0
S109167,Jones-Figueroa,Germany,Private Limited,Fashion,2022-04-18,3850985.0
S109168,"Peterson, Padilla and Oliver",Germany,Private Limited,Fashion,2024-09-22,9411638.0
S109169,Smith-Diaz,Singapore,LLP,Electronics,2024-03-03,1129141.0
S109170,"Rodriguez, Reynolds and Lynch",USA,Sole Proprietor,Beauty,2024-10-04,5096614.0
S109171,Caldwell-Johnson,Australia,Sole Proprietor,Books,2024-10-12,8462818.0
S109172,Bell PLC,USA,Individual,Books,2026-06-01,5581488.0
S109173,Williams PLC,UK,Sole Proprietor,Beauty,2025-11-06,5511852.0
S109174,Dunn Ltd,Australia,Partnership,Automotive,2024-03-28,6288439.0
S109175,Martinez-Perez,IN,Partnership,Sports,2024-02-29,9472461.0
S109176,Montes Group,Australia,Individual,Electronics,2023-12-24,5709360.0
S109177,Guerra PLC,India,Private Limited,Beauty,2025-07-28,8085909.0
S109178,"Rosales, Molina and Richards",Australia,Partnership,Books,2025-08-01,4335710.0
S109179,"Martin, Blankenship and Cooper",Canada,LLP,Fashion,2024-04-28,3811307.0
S109180,"Kerr, Rocha and Cochran",USA,Partnership,Electronics,2024-01-23,6946892.0
S109181,Jordan and Sons,India,LLP,Beauty,2023-12-29,3286038.0
S109182,"Brewer, Miller and Guzman",UK,LLP,Fashion,2022-03-28,1080989.0
S109183,Mckee Group,UK,Private Limited,Electronics,2025-11-03,8608084.0
S109184,Rivas-Stevens,Germany,Partnership,Books,2024-07-22,1723560.0
S109185,"Villarreal, Cooley and Richmond",Singapore,LLP,Fashion,2022-04-14,
S109186,Evans Group,UK,Individual,Automotive,2025-03-22,1605051.0
S109187,Aguilar and Sons,Canada,Sole Proprietor,Books,2025-10-05,414100.0
S109188,Anderson-Burke,Singapore,LLP,Beauty,2024-02-06,1749225.0
S109189,"Frost, Young and Jones",USA,Private Limited,Books,2025-01-25,5410396.0
S109190,Delgado-Farley,India,Sole Proprietor,Electronics,2025-07-05,
S109191,Luna-Young,USA,Private Limited,Home,2023-01-16,9489778.0
S109192,"Hamilton, Clarke and Castillo",Canada,Partnership,Beauty,2024-04-21,3486174.0
S109193,Phillips-Reid,USA,Partnership,Automotive,2025-04-25,848938.0
S109194,Soto LLC,Singapore,LLP,Fashion,2023-03-01,3480189.0
S109195,Dean-Ford,INDIA,Individual,Electronics,2024-04-03,730438.0
S109196,Martin-Villegas,Australia,Sole Proprietor,Sports,2022-06-08,8288712.0
S109197,Cox-Rodriguez,India,Individual,Books,2022-11-06,2179190.0
S109198,Goodwin-York,Canada,Individual,Sports,2023-07-02,5914840.0
S109199,Shannon Ltd,Germany,LLP,Sports,2026-04-20,6868750.0
S109200,"Williams, Moore and Moon",UK,Sole Proprietor,Sports,2022-02-12,5649435.0
S109201,Hines and Sons,Singapore,Private Limited,Beauty,2022-02-08,3073092.0
S109202,Reilly-Holland,UK,Sole Proprietor,Sports,2024-05-29,1655286.0
S109203,"Phillips, Carter and Perkins",India,LLP,Fashion,2023-10-11,8502364.0
S109204,Woodward-Sims,Singapore,Private Limited,Electronics,2023-10-02,154674.0
S109205,"Williams, Mitchell and Guzman",Australia,Partnership,Beauty,2026-02-07,6195165.0
S109206,Hale-Webb,India,Private Limited,Electronics,2024-05-26,
S109207,Perry-Roberts,India,Sole Proprietor,Home,2022-11-10,2397697.0
S109208,Sullivan Ltd,India,Partnership,Sports,2025-04-18,7696625.0
S109209,"Whitaker, Martinez and Green",UK,LLP,Home,2023-02-16,7765867.0
S109210,Livingston and Sons,India,LLP,Beauty,2023-05-05,2650427.0
S109211,Casey-Hall,India,LLP,Fashion,2022-06-19,2168273.0
S109212,"Hodges, Robbins and Adams",Germany,LLP,Fashion,2026-06-27,1509426.0
S109213,"Villegas, Gaines and Shelton",USA,Partnership,Beauty,2024-04-22,5945346.0
S109214,Owens Inc,Germany,Individual,Fashion,2023-03-30,3426352.0
S109215,"Wilson, Stevens and Weiss",Germany,Individual,Beauty,2023-12-30,5750102.0
S109216,Collins-Jones,Canada,Individual,Beauty,2026-04-12,2491853.0
S109217,Choi-Murphy,UK,Partnership,Books,2023-11-11,5726941.0
S109218,"Booker, Smith and Smith",USA,Partnership,Beauty,2022-10-12,958300.0
S109219,Boyd and Sons,Australia,Private Limited,Beauty,2025-07-12,7986786.0
S109220,"Robles, Robinson and Rivera",Australia,Individual,Fashion,2024-07-20,5319479.0
S109221,"Mercer, Nelson and Owen",India,Individual,Electronics,2023-12-31,7375324.0
S109222,Moore PLC,Canada,Partnership,Electronics,2024-05-22,9764801.0
S109223,"Allen, Bauer and Gill",India,LLP,Beauty,2022-06-05,1241148.0
S109224,Jensen-Cohen,USA,Individual,Automotive,2024-12-06,1581920.0
S109225,"Olson, Woods and Villa",Singapore,Partnership,Beauty,2025-11-10,3449222.0
S109226,Wright-Larson,Singapore,Private Limited,Fashion,2024-01-18,3197796.0
S109227,Martin and Sons,Canada,Private Limited,Home,2025-11-26,3931349.0
S109228,"Turner, Chandler and Young",India,LLP,Books,2024-12-20,4779096.0
S109229,Smith-Cortez,Australia,Sole Proprietor,Automotive,2023-10-17,1424064.0
S109230,Jacobs Inc,Singapore,Partnership,Books,2024-08-26,990615.0
S109231,"Johnson, Mata and Brown",Germany,Sole Proprietor,Books,2023-01-21,2487397.0
S109232,Kirby-Russell,Singapore,Individual,Automotive,2024-12-17,3861819.0
S109233,"Collins, Thomas and Gordon",India,Private Limited,Books,2022-12-28,6692851.0
S109234,Wilkinson Ltd,Australia,LLP,Beauty,2026-03-16,8913748.0
S109235,Stewart-Hopkins,Singapore,LLP,Automotive,2025-11-02,5601876.0
S109236,Klein LLC,Australia,Individual,Sports,2022-02-20,2443848.0
S109237,Davidson Inc,Australia,Individual,Books,2022-05-21,1137050.0
S109238,Harvey-George,UK,LLP,Sports,2024-10-30,599909.0
S109239,"Thornton, Brown and Reynolds",Singapore,LLP,Electronics,2022-04-13,3763763.0
S109240,Shepherd-Adams,USA,LLP,Beauty,2026-05-06,6174098.0
S109241,"Walker, Gonzalez and Blanchard",Australia,Private Limited,Fashion,2024-05-03,3457162.0
S109242,"Andrews, Matthews and Ramirez",Singapore,Private Limited,Electronics,2023-10-09,8136516.0
S109243,Stevenson Ltd,Australia,LLP,Automotive,2023-09-12,3296521.0
S109244,"Grimes, Moody and Barker",Germany,Individual,Electronics,2025-03-29,9114046.0
S109245,Palmer PLC,UK,Individual,Beauty,2026-04-29,4471583.0
S109246,"Walker, Bryant and Wright",USA,Partnership,Beauty,2022-03-09,2511593.0
S109247,"Garcia, Walker and Smith",India,Partnership,Electronics,2026-03-10,4572374.0
S109248,Hall-Peterson,Germany,Individual,Electronics,2023-01-12,5771182.0
S109249,"Villanueva, Shelton and Williams",Australia,Sole Proprietor,Fashion,2025-02-04,3807673.0
S109250,Henderson Inc,Singapore,Private Limited,Automotive,2025-03-03,7947047.0
S109251,Hernandez Group,India,Partnership,Automotive,2025-01-09,6326558.0
S109252,Smith-Hudson,Germany,Sole Proprietor,Electronics,2024-07-18,6401705.0
S109253,Lee-Fuentes,Canada,Partnership,Books,2022-03-17,5999300.0
S109254,Brown and Sons,Canada,Individual,Beauty,2026-02-23,4022084.0
S109255,Williams-Moon,INDIA,Sole Proprietor,Fashion,2022-03-04,1210805.0
S109256,Williams-Wright,India,LLP,Automotive,2024-01-14,9942885.0
S109257,Murphy Inc,India,Partnership,Sports,2026-04-25,
S109258,Erickson-Diaz,USA,Private Limited,Automotive,2025-08-25,1285408.0
S109259,Nguyen-Villarreal,Germany,Sole Proprietor,Fashion,2024-02-09,4873825.0
S109260,Brock LLC,Australia,Partnership,Electronics,2024-11-29,4373488.0
S109261,"Cuevas, Williams and Hernandez",Australia,LLP,Electronics,2024-02-29,5928493.0
S109262,"Meyers, Leonard and Shah",Australia,LLP,Home,2023-12-28,2553866.0
S109263,Torres-Miller,Australia,LLP,Sports,2023-02-19,6234221.0
S109264,"Moore, Hess and Foley",Germany,Individual,Automotive,2024-10-15,6462210.0
S109265,Flores PLC,Singapore,LLP,Electronics,2025-03-26,4428177.0
S109266,Pugh PLC,Germany,Private Limited,Home,2022-01-26,7918075.0
S109267,Willis and Sons,Canada,LLP,Beauty,2022-10-29,3108281.0
S109268,"Beltran, Reed and Smith",Germany,Individual,Sports,2025-09-17,2736287.0
S109269,"Paul, Daniel and Collins",Germany,Individual,Home,2022-09-21,6476092.0
S109270,Huynh-Dickson,Singapore,Individual,Electronics,2025-02-23,7366711.0
S109271,"Marquez, Ruiz and Cook",Canada,Individual,Automotive,2022-08-29,492743.0
S109272,Garrison-Edwards,Canada,Private Limited,Beauty,2022-01-07,9908879.0
S109273,Avery-Shannon,Australia,Individual,Sports,2023-07-25,9642731.0
S109274,Reynolds-Hall,India,Sole Proprietor,Electronics,2025-08-31,7890888.0
S109275,"Welch, Anderson and Ramirez",India,Individual,Home,2023-02-07,2330594.0
S109276,Smith Group,Germany,Partnership,Automotive,2022-12-11,8897996.0
S109277,Mcgee and Sons,India,LLP,Home,2026-07-02,8839295.0
S109278,Powers PLC,Germany,Partnership,Home,2024-10-02,8367538.0
S109279,"Diaz, Fry and Reynolds",Singapore,Individual,Electronics,2023-07-23,9926236.0
S109280,Anderson-Sawyer,Germany,Private Limited,Automotive,2024-02-29,8548003.0
S109281,Ellis Inc,USA,Individual,Electronics,2025-02-27,5684654.0
S109282,Williams-Moore,Germany,Sole Proprietor,Beauty,2023-09-19,7331548.0
S109283,Lawson-Keller,India,Partnership,Beauty,2023-02-19,5384061.0
S109284,"Stokes, Contreras and Fisher",Canada,LLP,Beauty,2025-11-25,9494410.0
S109285,Murray-Jones,Australia,Individual,Sports,2022-12-09,2554777.0
S109286,Jennings Ltd,India,LLP,Home,2026-07-30,2065387.0
S109287,Johnson-Mahoney,USA,LLP,Beauty,2023-05-07,9595123.0
S109288,Mcgee PLC,Australia,Partnership,Home,2023-08-02,8952776.0
S109289,Rodriguez Inc,Singapore,Sole Proprietor,Fashion,2023-12-22,803024.0
S109290,Hubbard-Butler,India,Partnership,Books,2022-08-05,7170514.0
S109291,Atkinson Ltd,Germany,LLP,Home,2026-01-19,8857052.0
S109292,Greene Group,Germany,Partnership,Fashion,2024-01-14,9132176.0
S109293,"Warren, Grant and Medina",India,Sole Proprietor,Fashion,2026-02-05,1945920.0
S109294,Johnson Group,Germany,Partnership,Books,2024-11-09,7587577.0
S109295,"Wilson, Mays and Peters",UK,Partnership,Beauty,2025-05-28,4055695.0
S109296,Russell PLC,UK,Sole Proprietor,Sports,2025-09-27,5638362.0
S109297,Zimmerman-Gross,Australia,Sole Proprietor,Books,2023-03-19,9060153.0
S109298,Rose Ltd,USA,LLP,Beauty,2025-05-22,9758788.0
S109299,Cantu-Galvan,Canada,Partnership,Home,2022-09-12,3027012.0
S109300,Kaiser Ltd,UK,Private Limited,Home,2022-03-15,1396434.0
S109301,Guerrero Group,Canada,Private Limited,Electronics,2025-11-28,6424774.0
S109302,Holder-Blake,UK,Partnership,Automotive,2025-03-29,2115085.0
S109303,"Blake, James and Thompson",USA,Partnership,Home,2024-10-02,1927973.0
S109304,Smith and Sons,Canada,Individual,Sports,2024-05-10,9869169.0
S109305,"Freeman, Holloway and Ramsey",Canada,Private Limited,Fashion,2024-01-27,4059343.0
S109306,"Rodriguez, Barnett and Hancock",Australia,Individual,Fashion,2025-07-08,1330131.0
S109307,Moore-Lee,USA,Sole Proprietor,Beauty,2025-02-14,3686454.0
S109308,Bell LLC,India,LLP,Automotive,2024-03-16,8948121.0
S109309,Owens and Sons,USA,Sole Proprietor,Home,2026-02-20,8060135.0
S109310,"Ramsey, Norman and Chung",UK,Private Limited,Fashion,2023-11-06,5611358.0
S109311,Williams Group,USA,Partnership,Automotive,2022-12-18,943609.0
S109312,"Ramos, Wilkerson and Wolf",USA,Sole Proprietor,Automotive,2023-07-21,9258352.0
S109313,"Fuller, Hudson and Garcia",Germany,LLP,Beauty,2024-10-29,2128530.0
S109314,Reed-Campbell,India,Private Limited,Sports,2022-11-19,6815092.0
S109315,"Harris, Murray and Miller",Canada,Sole Proprietor,Fashion,2023-08-18,6230555.0
S109316,Castillo-Elliott,India,Partnership,Fashion,2025-03-14,2821635.0
S109317,Gray-Robertson,Singapore,Private Limited,Fashion,2025-03-31,3758239.0
S109318,Cole-Jones,India,Partnership,Automotive,2024-07-31,8617842.0
S109319,"Morgan, Henry and Garcia",Germany,LLP,Electronics,2026-06-13,4148591.0
S109320,Torres-Jordan,Canada,LLP,Automotive,2026-01-17,7421524.0
S109321,Barnett-Flynn,UK,Individual,Books,2023-10-29,8142582.0
S109322,Clark-Torres,Australia,Partnership,Automotive,2024-09-15,9487920.0
S109323,Gordon Ltd,India,Partnership,Books,2023-02-22,1294267.0
S109324,"Gonzales, Chapman and Thomas",USA,LLP,Fashion,2023-09-11,
S109325,"Johnson, Bailey and Davenport",USA,LLP,Fashion,2024-10-26,1333313.0
S109326,Patterson-Chang,India,LLP,Beauty,2023-12-22,581126.0
S109327,Allen Group,Singapore,Sole Proprietor,Fashion,2024-07-29,2699476.0
S109328,"Woods, Norton and Smith",India,Sole Proprietor,Books,2024-11-21,631153.0
S109329,Garcia Group,Australia,Private Limited,Beauty,2025-04-26,6310583.0
S109330,"Grant, Rodriguez and Patton",Germany,LLP,Beauty,2023-01-17,4354732.0
S109331,Rodriguez-Campbell,USA,Private Limited,Sports,2022-07-25,6877264.0
S109332,Nunez-Smith,Canada,Partnership,Home,2026-06-08,7777784.0
S109333,Thomas Ltd,India,Sole Proprietor,Sports,2023-10-08,5494426.0
S109334,Taylor LLC,India,Partnership,Sports,2026-04-04,4618035.0
S109335,Rogers-Johnson,USA,Sole Proprietor,Automotive,2023-07-13,4513116.0
S109336,Shea LLC,Singapore,Individual,Electronics,2026-05-29,1181772.0
S109337,"Riddle, Hunter and Garner",India,LLP,Fashion,2024-09-23,9998966.0
S109338,Wade PLC,Germany,LLP,Sports,2023-01-31,5902022.0
S109339,"Cameron, Bradley and Crawford",UK,Sole Proprietor,Fashion,2022-08-23,73435.0
S109340,"Ellis, Meyer and Mendoza",India,Sole Proprietor,Home,2022-05-26,8521318.0
S109341,Gray-Myers,Canada,Sole Proprietor,Beauty,2025-06-05,1956299.0
S109342,Harris LLC,USA,Private Limited,Home,2025-07-09,9885200.0
S109343,Fox Ltd,USA,LLP,Beauty,2023-10-20,3575517.0
S109344,Johnson PLC,Canada,LLP,Home,2024-10-26,1351306.0
S109345,Carter LLC,India,Individual,Books,2026-01-07,8429959.0
S109346,Gilbert PLC,India,Private Limited,Books,2024-07-27,6248028.0
S109347,Odom Group,Germany,Individual,Automotive,2022-07-09,6962820.0
S109348,"Beltran, Ramirez and Kim",INDIA,Private Limited,Beauty,2023-01-19,5114839.0
S109349,"Knight, Schneider and Edwards",Singapore,LLP,Books,2023-08-05,7033110.0
S109350,Gutierrez-Hughes,USA,Individual,Fashion,2022-09-10,3917397.0
S109351,"Harvey, Steele and Howard",UK,LLP,Home,2024-03-08,2895703.0
S109352,"Obrien, Gray and Thomas",USA,Private Limited,Sports,2023-08-06,116538.0
S109353,Chavez LLC,Germany,Individual,Home,2024-06-29,4179209.0
S109354,"Powell, Smith and Anderson",Australia,LLP,Fashion,2023-07-20,6507905.0
S109355,Anderson LLC,Germany,Individual,Home,2025-07-02,5762992.0
S109356,Watson Ltd,Singapore,LLP,Beauty,2025-11-04,881937.0
S109357,Hayes-Charles,Australia,Individual,Beauty,2022-04-14,4241541.0
S109358,Lopez Inc,Canada,Sole Proprietor,Home,2022-06-07,913545.0
S109359,"Wood, Elliott and Williams",Germany,Sole Proprietor,Home,2024-01-03,1867908.0
S109360,Garcia-Black,Germany,Private Limited,Books,2022-10-01,1300886.0
S109361,"Martin, Atkins and Khan",UK,Individual,Automotive,2022-12-30,57634.0
S109362,Rogers Group,USA,Private Limited,Books,2025-07-20,1840029.0
S109363,Reynolds-Mckinney,Germany,LLP,Beauty,2022-05-18,6475166.0
S109364,Horn and Sons,Canada,Individual,Sports,2023-11-23,7366922.0
S109365,"Martinez, Rose and Carter",UK,Individual,Sports,2026-02-07,5683387.0
S109366,Tucker-Mendez,UK,Individual,Fashion,2023-03-24,3356098.0
S109367,"Hawkins, Marsh and Butler",Germany,Partnership,Books,2026-02-05,256914.0
S109368,Taylor-Myers,USA,Sole Proprietor,Books,2025-05-08,1179728.0
S109369,Calderon-Patrick,UK,Partnership,Automotive,2026-04-04,5410227.0
S109370,Turner-Moore,Canada,Individual,Beauty,2025-08-17,1709332.0
S109371,Moore LLC,Australia,LLP,Automotive,2024-08-27,9257407.0
S109372,"Peters, King and Stephens",USA,Sole Proprietor,Electronics,2025-12-12,5572947.0
S109373,Lee-Jones,USA,LLP,Sports,2023-01-01,2905213.0
S109374,Young-Jones,India,Sole Proprietor,Home,2022-08-26,1772081.0
S109375,Williams-Hahn,Australia,LLP,Fashion,2025-03-14,9829385.0
S109376,Gentry Inc,Canada,LLP,Sports,2022-08-20,4918633.0
S109377,"Hernandez, Shelton and Welch",India,LLP,Electronics,2026-03-19,1460808.0
S109378,Mora Inc,USA,Sole Proprietor,Books,2025-11-21,6706720.0
S109379,"Farmer, Caldwell and Ortiz",Canada,Sole Proprietor,Fashion,2025-04-03,2079994.0
S109380,Miller-Baker,UK,Private Limited,Beauty,2023-10-21,2630943.0
S109381,Marks PLC,India,Individual,Home,2022-11-29,562186.0
S109382,"Martinez, Garcia and Carpenter",India,Partnership,Books,2022-03-29,2602599.0
S109383,"Martinez, Stewart and Gould",India,Sole Proprietor,Sports,2025-08-17,5128900.0
S109384,"Rhodes, Thomas and Torres",Australia,LLP,Beauty,2025-06-20,8492235.0
S109385,Ortiz-Arnold,Canada,Sole Proprietor,Beauty,2024-04-05,6156690.0
S109386,Roberts Inc,Canada,LLP,Sports,2022-06-01,9151011.0
S109387,Green LLC,USA,Partnership,Fashion,2026-06-25,2140848.0
S109388,Gonzalez Inc,USA,Partnership,Beauty,2025-09-30,5535289.0
S109389,"Garcia, Acevedo and Key",Canada,Individual,Beauty,2023-10-02,4632036.0
S109390,"Schultz, Collins and Rush",Australia,Sole Proprietor,Electronics,2023-10-04,3260970.0
S109391,Dorsey-Terry,Singapore,Private Limited,Automotive,2022-08-21,9440987.0
S109392,Moore Ltd,Australia,Individual,Electronics,2022-07-21,3249215.0
S109393,Wallace PLC,India,Sole Proprietor,Books,2022-10-09,3702874.0
S109394,"Smith, Collins and Johnson",India,LLP,Beauty,2024-12-28,2915974.0
S109395,Gutierrez-Armstrong,USA,LLP,Fashion,2025-01-17,4256142.0
S109396,Sparks-Roman,Australia,Individual,Automotive,2022-09-14,2525502.0
S109397,Chavez-Phillips,Australia,LLP,Beauty,2022-12-23,6644547.0
S109398,"Ellis, Lewis and Johnson",Germany,Individual,Automotive,2023-05-13,2702450.0
S109399,Baker LLC,India,Private Limited,Books,2023-05-21,4296950.0
S109400,Nelson-Wells,USA,Private Limited,Sports,2024-05-18,7448943.0
S109401,Ellis Ltd,Singapore,Individual,Home,2024-07-06,8003858.0
S109402,Greene-Gibbs,Germany,Individual,Books,2026-05-02,2308474.0
S109403,Swanson-Johnson,Canada,Private Limited,Automotive,2025-07-23,9949270.0
S109404,Hodge Group,Singapore,Sole Proprietor,Beauty,2025-08-03,7207265.0
S109405,Scott-Burton,Australia,Partnership,Beauty,2023-09-12,919210.0
S109406,"Morse, Fox and Smith",Canada,Partnership,Beauty,2022-10-02,1308941.0
S109407,Wright Inc,India,Partnership,Automotive,2023-11-24,3044366.0
S109408,"Perez, Adkins and Duarte",Singapore,LLP,Home,2025-11-10,918372.0
S109409,Davis-Cabrera,India,Private Limited,Home,2023-03-24,650549.0
S109410,Richmond-Jones,Singapore,LLP,Home,2022-05-30,363231.0
S109411,Smith-Jackson,Australia,Sole Proprietor,Automotive,2024-10-06,2476671.0
S109412,Bell-Bentley,UK,Partnership,Home,2022-10-09,5832524.0
S109413,"Brewer, Williams and Burns",UK,Private Limited,Beauty,2023-12-11,4904314.0
S109414,Allen-Jennings,India,Partnership,Automotive,2026-07-19,8972954.0
S109415,Miller PLC,Canada,Private Limited,Sports,2022-12-31,8193595.0
S109416,"Sullivan, Cook and Russell",Singapore,Partnership,Home,2026-01-22,3974753.0
S109417,Martin and Sons,Canada,Sole Proprietor,Books,2025-12-03,3158486.0
S109418,Johnson-Galvan,USA,Sole Proprietor,Automotive,2022-07-31,9299815.0
S109419,Brown Group,USA,Sole Proprietor,Sports,2023-01-26,6447601.0
S109420,Sampson-Ross,Australia,Private Limited,Automotive,2025-07-07,2841930.0
S109421,"Evans, Hoffman and Hampton",Singapore,Partnership,Sports,2025-08-26,7205135.0
S109422,"Silva, Stone and Nelson",Canada,Individual,Beauty,2026-02-19,716585.0
S109423,Black-Mcdonald,UK,Private Limited,Automotive,2023-04-21,5960307.0
S109424,"Wright, Morton and Johnson",Germany,Private Limited,Electronics,2024-12-03,6210857.0
S109425,Morse Group,Canada,Private Limited,Electronics,2022-06-15,7203495.0
S109426,Smith-Jones,Australia,Sole Proprietor,Sports,2023-01-19,1406856.0
S109427,Herring-Hubbard,Australia,Private Limited,Books,2023-05-26,5292232.0
S109428,Valdez LLC,Australia,Partnership,Automotive,2022-04-27,5857952.0
S109429,"Solomon, Larson and Lamb",India,Partnership,Home,2025-09-04,105306.0
S109430,Wallace Inc,Germany,Partnership,Books,2022-01-13,9421581.0
S109431,Huynh Inc,Canada,LLP,Sports,2023-08-02,9745027.0
S109432,Rodriguez-Warner,Canada,Sole Proprietor,Home,2024-03-29,3368864.0
S109433,Collier-Haney,Singapore,LLP,Beauty,2024-02-13,8515259.0
S109434,Jensen-Jackson,Germany,Partnership,Fashion,2026-04-24,1236027.0
S109435,Adams LLC,USA,Sole Proprietor,Electronics,2026-07-21,5508551.0
S109436,Duffy LLC,Canada,LLP,Electronics,2025-06-05,4365180.0
S109437,Sweeney-Henderson,Canada,LLP,Automotive,2024-01-06,4712455.0
S109438,Perez-Hall,Australia,Private Limited,Fashion,2024-01-30,9826066.0
S109439,"Stone, Alvarado and Cross",UK,LLP,Electronics,2023-02-06,3219690.0
S109440,"Frost, Brooks and Martin",Australia,Individual,Automotive,2023-11-02,1179457.0
S109441,"Duke, Castillo and Frazier",UK,LLP,Electronics,2025-04-06,6986884.0
S109442,Acosta LLC,USA,LLP,Electronics,2026-03-12,1719370.0
S109443,Meadows Inc,India,Sole Proprietor,Beauty,2024-10-16,5227825.0
S109444,Williamson-Robles,UK,Individual,Automotive,2023-04-17,7245547.0
S109445,"White, Sims and Whitney",USA,Partnership,Home,2023-12-30,214692.0
S109446,Ball Ltd,Singapore,LLP,Automotive,2022-03-04,4274651.0
S109447,Bernard PLC,India,Partnership,Fashion,2024-10-14,2438446.0
S109448,Holland-Bryant,USA,Private Limited,Books,2022-10-03,7093228.0
S109449,Vang and Sons,Singapore,Partnership,Home,2024-10-25,7870227.0
S109450,"Booth, Hines and Benson",Singapore,Individual,Automotive,2023-02-11,2943887.0
S109451,Nelson Group,USA,Sole Proprietor,Electronics,2022-10-14,8706279.0
S109452,"Sharp, Hickman and Gonzalez",India,Partnership,Electronics,2026-06-11,8880319.0
S109453,"Cain, Carson and Singleton",Singapore,Sole Proprietor,Automotive,2026-01-25,9616414.0
S109454,Hodge-Booker,Singapore,Private Limited,Books,2023-09-22,7484324.0
S109455,Houston and Sons,Australia,LLP,Fashion,2022-09-03,1234573.0
S109456,Hopkins-Hughes,USA,Partnership,Automotive,2023-10-12,9803336.0
S109457,Beck-Green,Germany,Private Limited,Home,2024-10-16,3698331.0
S109458,Ritter and Sons,India,Individual,Books,2025-05-26,3503497.0
S109459,Ray-Gibbs,USA,Individual,Electronics,2024-12-31,8503512.0
S109460,Lowery-Myers,Germany,Private Limited,Fashion,2022-04-21,7297501.0
S109461,Jordan LLC,Australia,LLP,Home,2025-04-05,4402275.0
S109462,Hansen-Garcia,Australia,Individual,Electronics,2023-04-27,8984658.0
S109463,Summers Group,India,Sole Proprietor,Home,2022-02-08,4134484.0
S109464,"Martinez, Gilmore and Martinez",Australia,Partnership,Books,2025-01-25,6294866.0
S109465,Morgan Group,Australia,Individual,Automotive,2022-03-18,797129.0
S109466,"Cain, Grant and Lopez",USA,Individual,Sports,2022-11-10,5159527.0
S109467,Christensen-Long,India,LLP,Electronics,2025-01-19,1513709.0
S109468,Clark-Watkins,Germany,Individual,Fashion,2024-11-26,4442118.0
S109469,"Carlson, Smith and Mcmillan",Germany,Individual,Beauty,2025-07-23,9280032.0
S109470,"Rowland, Brewer and Ward",Germany,Sole Proprietor,Beauty,2025-08-06,3263844.0
S109471,Bradford and Sons,USA,Individual,Books,2025-03-09,9679154.0
S109472,"Love, King and Anderson",Germany,Individual,Fashion,2025-09-23,2203509.0
S109473,"Larsen, Garcia and Weaver",India,LLP,Fashion,2025-08-12,5274220.0
S109474,Sanders-Burgess,Australia,Partnership,Books,2023-03-13,3488168.0
S109475,Cox and Sons,UK,LLP,Fashion,2022-08-02,777924.0
S109476,"Bass, Wong and Murphy",Germany,LLP,Electronics,2022-04-03,399145.0
S109477,"Bradshaw, Price and Brown",UK,Partnership,Electronics,2022-05-15,251107.0
S109478,Estrada Inc,india,LLP,Electronics,2023-02-13,2096127.0
S109479,"Townsend, Brown and Meyers",USA,LLP,Books,2023-11-15,7687240.0
S109480,Jones-Jones,Canada,LLP,Fashion,2022-04-07,7974857.0
S109481,"Stevens, Hoffman and French",Singapore,Private Limited,Automotive,2025-10-26,2195859.0
S109482,"Hanson, Robertson and Taylor",Australia,Private Limited,Sports,2024-01-02,7151178.0
S109483,Foley Inc,Singapore,Partnership,Fashion,2025-09-07,1477513.0
S109484,Chambers PLC,Germany,Partnership,Home,2026-05-19,1337737.0
S109485,"Taylor, Gallagher and Schmidt",Australia,Sole Proprietor,Home,2026-04-15,9433534.0
S109486,Wade-Bennett,Canada,Sole Proprietor,Beauty,2026-01-04,9339978.0
S109487,"Weber, Duran and Parks",Singapore,Partnership,Beauty,2024-05-17,8037984.0
S109488,"Wilkins, Farrell and Woods",Australia,Partnership,Books,2022-05-11,3703030.0
S109489,Craig and Sons,Canada,Partnership,Beauty,2025-09-06,1332728.0
S109490,Brown Ltd,USA,Private Limited,Sports,2025-01-04,1459698.0
S109491,Moreno-Snyder,Canada,Sole Proprietor,Fashion,2025-06-12,7708321.0
S109492,Fry-Sanchez,Australia,Private Limited,Electronics,2023-07-23,8550660.0
S109493,Chase-Mcmillan,Germany,Private Limited,Electronics,2023-07-18,6110703.0
S109494,Hardy-Jones,India,Sole Proprietor,Books,2023-10-16,5780804.0
S109495,Martinez Inc,Australia,Sole Proprietor,Beauty,2024-11-10,1467579.0
S109496,"Payne, Koch and Smith",Australia,Partnership,Home,2026-01-23,3797132.0
S109497,Christensen PLC,UK,Individual,Sports,2025-02-11,563736.0
S109498,"Riggs, Short and Martinez",Germany,Sole Proprietor,Automotive,2024-04-04,5279431.0
S109499,Brown-Soto,Australia,Individual,Fashion,2025-07-06,1844212.0
S109500,"Walker, Johnson and Lopez",UK,Partnership,Home,2023-10-16,8606359.0
S109501,Duran-Vaughn,INDIA,Sole Proprietor,Fashion,2025-03-10,1829107.0
S109502,Lawson-Henderson,Singapore,Sole Proprietor,Automotive,2023-10-29,4050124.0
S109503,Stewart Ltd,Australia,Partnership,Automotive,2022-10-15,603114.0
S109504,"Garza, Gutierrez and Ford",UK,LLP,Home,2023-09-19,3258029.0
S109505,Smith-Sanchez,Singapore,Private Limited,Sports,2023-01-10,7567170.0
S109506,Harrington Ltd,India,Sole Proprietor,Books,2023-05-31,571716.0
S109507,Marquez Ltd,Germany,Private Limited,Sports,2023-10-06,7104426.0
S109508,Barrett LLC,Germany,Individual,Fashion,2022-04-22,7906113.0
S109509,Kramer PLC,Australia,Individual,Home,2023-12-29,3358799.0
S109510,Mcclure Ltd,Germany,Sole Proprietor,Automotive,2023-07-26,3169075.0
S109511,Trujillo-Buck,India,LLP,Books,2025-10-29,5892538.0
S109512,James PLC,Australia,LLP,Home,2023-03-25,5412174.0
S109513,Murray LLC,UK,LLP,Home,2022-03-15,7602693.0
S109514,"Singleton, Bradley and Singleton",Singapore,Sole Proprietor,Automotive,2025-04-30,6982005.0
S109515,Mayer LLC,Germany,Partnership,Automotive,2024-10-27,8868663.0
S109516,Meadows Group,Canada,Sole Proprietor,Fashion,2025-08-12,2322041.0
S109517,Scott-Sutton,Singapore,Individual,Home,2022-03-06,699264.0
S109518,Wolf-Wright,Germany,Private Limited,Automotive,2025-09-26,203492.0
S109519,"Soto, Wang and Blair",UK,Individual,Home,2026-03-29,5256904.0
S109520,Hunter-Wiggins,Germany,Individual,Electronics,2026-05-22,2965675.0
S109521,Jones and Sons,UK,Partnership,Electronics,2025-11-10,7492257.0
S109522,Williams LLC,UK,Partnership,Sports,2025-11-19,312129.0
S109523,Jacobs PLC,UK,Individual,Electronics,2025-11-22,5261425.0
S109524,Flores Group,Canada,Partnership,Beauty,2024-09-17,1422690.0
S109525,Miller-Cook,Canada,Partnership,Books,2023-07-14,2548712.0
S109526,"Bailey, Leonard and Harrington",Germany,Private Limited,Home,2023-08-22,
S109527,Wise Group,Singapore,Partnership,Electronics,2025-11-25,4391292.0
S109528,"Oneal, Deleon and Schmidt",Canada,Sole Proprietor,Beauty,2024-08-20,1428487.0
S109529,"Williams, Nielsen and Ray",India,Individual,Electronics,2024-10-25,7820969.0
S109530,"Hernandez, Reeves and Adams",Germany,Individual,Fashion,2023-05-12,2684529.0
S109531,Mckay-Mcdonald,UK,Partnership,Home,2022-04-07,4835962.0
S109532,Gutierrez Ltd,Australia,LLP,Fashion,2026-05-29,539026.0
S109533,Foster-Johnson,Germany,Private Limited,Fashion,2023-09-23,6361721.0
S109534,Lee PLC,Australia,Partnership,Home,2024-12-21,9550848.0
S109535,Jones-Hogan,Canada,Partnership,Automotive,2023-06-10,1053980.0
S109536,Dean LLC,Singapore,Private Limited,Automotive,2026-05-08,1007090.0
S109537,"Harvey, Bradley and Burns",UK,Private Limited,Sports,2022-07-27,7835256.0
S109538,Griffith PLC,Germany,Sole Proprietor,Sports,2026-02-25,8442150.0
S109539,Guzman LLC,Canada,Sole Proprietor,Fashion,2023-06-19,6827044.0
S109540,Farrell-Stewart,Singapore,Sole Proprietor,Fashion,2023-08-04,7886906.0
S109541,Jones-Nixon,India,LLP,Home,2024-12-16,2083599.0
S109542,Scott Group,India,Private Limited,Electronics,2022-07-10,8634189.0
S109543,Fleming-Jones,Germany,LLP,Fashion,2022-10-06,4201698.0
S109544,Leonard-Huerta,India,LLP,Books,2025-11-12,6407817.0
S109545,Smith-Page,Singapore,LLP,Electronics,2024-11-10,2142092.0
S109546,Hernandez-Kelly,USA,Partnership,Books,2025-05-02,1403481.0
S109547,"Ford, Jordan and Garcia",Singapore,Partnership,Electronics,2022-02-14,4172673.0
S109548,Vaughan-Carter,UK,Private Limited,Home,2024-07-31,4593468.0
S109549,Harris Inc,USA,Private Limited,Books,2024-02-20,7918449.0
S109550,Daniels LLC,UK,Individual,Home,2026-06-15,5596609.0
S109551,Huber-Johnson,USA,Partnership,Fashion,2023-10-08,1583598.0
S109552,"Lyons, Lane and Martin",Australia,Private Limited,Fashion,2022-09-10,1275399.0
S109553,Gamble-Hansen,Singapore,LLP,Books,2022-08-12,1165038.0
S109554,"Owens, Nixon and Roberson",India,Sole Proprietor,Home,2022-02-25,2357012.0
S109555,Lloyd Inc,India,Partnership,Electronics,2024-09-28,1769006.0
S109556,Vega-Boyd,USA,Partnership,Automotive,2025-04-09,3470921.0
S109557,Miller Ltd,India,Individual,Books,2022-09-21,3011786.0
S109558,Perez-Simmons,India,LLP,Books,2022-12-02,7160714.0
S109559,Farmer-Roberts,Singapore,Partnership,Automotive,2023-05-16,6182699.0
S109560,Hernandez-Smith,Singapore,Private Limited,Sports,2023-06-28,2333197.0
S109561,Smith PLC,UK,Partnership,Electronics,2022-09-11,6917873.0
S109562,Kirk-Pierce,India,LLP,Automotive,2026-04-15,9627700.0
S109563,Gardner LLC,Australia,Sole Proprietor,Books,2023-07-08,2426812.0
S109564,"Jones, Maldonado and Moore",Germany,Individual,Sports,2023-07-18,5577260.0
S109565,"Wolfe, Gill and Clark",UK,Private Limited,Beauty,2026-04-13,5363853.0
S109566,Nguyen-Moore,Canada,Private Limited,Beauty,2024-12-21,2184941.0
S109567,"Cross, Gomez and Davis",Australia,Sole Proprietor,Books,2022-05-03,9006643.0
S109568,"Smith, Krueger and Dyer",India,LLP,Home,2025-06-07,9789668.0
S109569,Palmer PLC,Singapore,LLP,Electronics,2023-01-10,3262901.0
S109570,Barker-Mack,USA,Private Limited,Books,2025-02-10,6264920.0
S109571,"Anderson, Patterson and Thompson",Canada,Private Limited,Home,2023-12-14,8626111.0
S109572,"Williams, Clark and Smith",India,Private Limited,Automotive,2026-02-17,5641164.0
S109573,Taylor-Allen,Australia,Private Limited,Sports,2024-11-26,557675.0
S109574,Hernandez Ltd,UK,Individual,Home,2024-10-12,5354154.0
S109575,"Hall, Thornton and Lee",India,Partnership,Automotive,2025-09-25,8580883.0
S109576,Vega-Wiley,India,Sole Proprietor,Automotive,2025-07-15,7617612.0
S109577,"Hill, Forbes and Rivera",Singapore,Private Limited,Books,2023-06-15,4994083.0
S109578,Andrews Group,USA,LLP,Fashion,2023-07-29,7991680.0
S109579,"Thomas, Frye and Johnson",Germany,Partnership,Beauty,2023-06-03,4836107.0
S109580,"Rodriguez, Perry and Sanders",Singapore,LLP,Sports,2024-03-10,4488300.0
S109581,Henderson Group,Singapore,Sole Proprietor,Fashion,2022-03-11,5185826.0
S109582,"Cruz, Grant and Acosta",Germany,LLP,Home,2022-04-19,868876.0
S109583,Smith-Clark,Germany,Individual,Beauty,2025-03-09,8976699.0
S109584,King LLC,Singapore,Sole Proprietor,Fashion,2024-03-10,
S109585,Brown-Smith,Canada,Partnership,Fashion,2026-02-28,7725147.0
S109586,Graham LLC,UK,LLP,Home,2023-03-02,8385576.0
S109587,"Marshall, Johnson and Payne",Germany,Sole Proprietor,Fashion,2026-05-28,9486714.0
S109588,Mccormick-Rivera,UK,LLP,Automotive,2026-07-06,6422642.0
S109589,Garcia Ltd,India,Sole Proprietor,Electronics,2022-10-14,2084798.0
S109590,"Davis, Russell and Thomas",India,LLP,Electronics,2024-08-16,2686707.0
S109591,Greer-Jackson,Singapore,LLP,Books,2026-07-17,5992955.0
S109592,Willis LLC,Australia,Private Limited,Sports,2024-06-10,780201.0
S109593,Wilson Inc,India,Partnership,Electronics,2025-03-20,3783815.0
S109594,Meyers-Pena,USA,LLP,Beauty,2022-03-05,7438018.0
S109595,Gilbert-Good,Canada,Private Limited,Beauty,2022-10-06,6099342.0
S109596,Garcia-Higgins,Australia,Individual,Automotive,2024-09-03,5026940.0
S109597,Martinez and Sons,USA,Individual,Automotive,2024-03-18,1002471.0
S109598,"Rivera, Moore and Sanchez",USA,Private Limited,Books,2022-05-01,3927872.0
S109599,Anderson PLC,Australia,Sole Proprietor,Books,2023-05-20,8581474.0
S109600,Nguyen PLC,Canada,LLP,Books,2022-11-13,7766331.0
S109601,Riggs Ltd,Canada,Sole Proprietor,Books,2022-11-15,4123469.0
S109602,Fields-Young,Germany,Individual,Home,2024-10-19,9974232.0
S109603,Singh-Blevins,UK,Sole Proprietor,Beauty,2026-01-26,4455083.0
S109604,"Torres, Carney and Thompson",UK,LLP,Sports,2025-12-01,5994909.0
S109605,Reese-Rhodes,Australia,Sole Proprietor,Books,2024-07-23,8557289.0
S109606,"Diaz, Ingram and Miller",India,Private Limited,Beauty,2026-01-25,3288768.0
S109607,Parsons-Montoya,Australia,Individual,Beauty,2025-12-24,4880107.0
S109608,Hunter-Graham,Australia,Private Limited,Beauty,2026-02-02,1836276.0
S109609,Ford Ltd,Canada,Private Limited,Fashion,2022-10-25,4745265.0
S109610,"Arnold, Thompson and Williams",India,Private Limited,Fashion,2025-05-13,3550877.0
S109611,Bird LLC,Germany,Private Limited,Beauty,2024-03-04,1767350.0
S109612,"Matthews, Montes and Smith",Germany,Partnership,Home,2023-07-09,560014.0
S109613,Lang-Ferguson,Singapore,LLP,Electronics,2023-07-24,6583697.0
S109614,"Smith, Malone and Ruiz",UK,LLP,Electronics,2022-06-15,2790903.0
S109615,"Reynolds, Lloyd and Atkinson",Canada,Partnership,Fashion,2024-10-30,1383035.0
S109616,Serrano-Anderson,India,Individual,Books,2022-01-14,2329306.0
S109617,"Frey, Robinson and Bernard",Australia,Private Limited,Sports,2026-01-11,2766822.0
S109618,Moyer-Tate,India,Partnership,Home,2025-08-23,4948168.0
S109619,"Simon, Carlson and White",Australia,LLP,Sports,2024-01-01,2897230.0
S109620,Doyle-Gomez,Singapore,Sole Proprietor,Automotive,2022-10-04,7471458.0
S109621,Ramos-Wallace,Singapore,Partnership,Beauty,2024-09-13,4628628.0
S109622,"Lawson, Phelps and Rodriguez",USA,Private Limited,Sports,2023-03-07,5390952.0
S109623,Glover PLC,Australia,LLP,Fashion,2026-03-21,3895954.0
S109624,"Walker, Erickson and Blake",Singapore,Partnership,Fashion,2026-02-06,2284621.0
S109625,Jenkins-Thomas,Australia,Partnership,Sports,2023-03-19,7066745.0
S109626,Nguyen-Parrish,Singapore,Sole Proprietor,Fashion,2022-06-13,5833317.0
S109627,Miller Group,India,Individual,Electronics,2022-10-10,6414528.0
S109628,Dunn LLC,india,Partnership,Beauty,2026-03-30,2820489.0
S109629,"Hudson, Buck and Williams",India,LLP,Fashion,2025-07-10,4267473.0
S109630,Humphrey Ltd,IN,Sole Proprietor,Beauty,2025-03-11,6469930.0
S109631,White and Sons,Singapore,LLP,Fashion,2024-10-14,1195601.0
S109632,Gray PLC,UK,LLP,Beauty,2023-05-25,1918960.0
S109633,"Frank, Brown and Sexton",India,LLP,Fashion,2022-01-09,9450526.0
S109634,Nelson Group,Canada,Sole Proprietor,Fashion,2022-05-15,9380041.0
S109635,"Goodman, Anderson and Romero",Germany,Private Limited,Electronics,2025-09-24,9585238.0
S109636,"Beasley, Willis and Griffith",UK,Individual,Beauty,2025-06-29,3566378.0
S109637,Mcdaniel Group,Singapore,Private Limited,Beauty,2024-07-09,3870764.0
S109638,Myers-Rodriguez,India,Private Limited,Sports,2024-09-02,3284144.0
S109639,Adkins Ltd,UK,Individual,Automotive,2023-09-30,8727079.0
S109640,"Munoz, Fowler and Ray",UK,Individual,Home,2022-11-24,7664650.0
S109641,"Martinez, Garcia and Escobar",Australia,LLP,Sports,2025-08-01,499635.0
S109642,Dominguez-Donovan,Canada,Private Limited,Beauty,2025-01-19,361004.0
S109643,Clark Ltd,India,Sole Proprietor,Electronics,2024-08-24,2579053.0
S109644,Goodman-Macias,USA,Individual,Sports,2025-09-03,8062615.0
S109645,"Gomez, Poole and Palmer",India,Private Limited,Home,2022-09-06,8815200.0
S109646,"Day, Harding and Valencia",Canada,LLP,Books,2023-01-04,4165632.0
S109647,"Sanders, Pearson and Payne",Canada,LLP,Sports,2024-04-26,684223.0
S109648,Parsons-Costa,USA,Private Limited,Fashion,2022-06-04,5550452.0
S109649,Foster-Sanchez,india,Sole Proprietor,Home,2025-07-01,8708626.0
S109650,"Blankenship, Carroll and Newman",Australia,Partnership,Books,2022-08-24,7771613.0
S109651,Young-Matthews,UK,Partnership,Home,2025-06-25,545869.0
S109652,"Aguilar, Carr and Logan",USA,Private Limited,Fashion,2022-01-29,9290862.0
S109653,"Valdez, Phillips and Hill",Canada,Sole Proprietor,Electronics,2026-06-15,7330452.0
S109654,Sutton-Day,Singapore,Individual,Sports,2023-08-03,1174704.0
S109655,Kane-Collins,Germany,LLP,Electronics,2022-12-13,4742181.0
S109656,Horn Inc,India,Private Limited,Electronics,2022-04-07,7494081.0
S109657,Powell-Whitehead,Canada,Sole Proprietor,Beauty,2024-10-07,5914452.0
S109658,Manning and Sons,Canada,Partnership,Books,2023-11-29,9129992.0
S109659,Bowman-Howe,UK,Individual,Sports,2023-11-25,9697576.0
S109660,Pena-Evans,Singapore,Individual,Books,2023-11-18,772999.0
S109661,Greer-Holder,UK,Sole Proprietor,Home,2024-06-15,3002379.0
S109662,Norris Inc,USA,Partnership,Beauty,2025-06-27,4936661.0
S109663,"Green, Peterson and Pearson",Australia,Partnership,Fashion,2024-07-01,3036032.0
S109664,"Clark, Carr and Rivera",Canada,Partnership,Books,2022-08-02,9112661.0
S109665,"Walsh, Atkins and Yang",India,LLP,Home,2025-11-13,2303741.0
S109666,Burnett-Padilla,India,LLP,Home,2023-04-08,9335222.0
S109667,"Burch, Cox and Wyatt",UK,LLP,Electronics,2025-10-28,4399498.0
S109668,Romero-Walker,Germany,Private Limited,Electronics,2024-09-24,6527113.0
S109669,"Crawford, Butler and Andersen",UK,Private Limited,Books,2025-05-23,3425409.0
S109670,"Jones, Woods and Parker",Singapore,Sole Proprietor,Books,2022-08-07,7192813.0
S109671,Ritter Ltd,Singapore,Partnership,Beauty,2023-06-10,612242.0
S109672,Burns Ltd,Germany,Sole Proprietor,Automotive,2025-02-20,7087458.0
S109673,Brown Group,Canada,Sole Proprietor,Automotive,2025-11-27,6088155.0
S109674,"Santiago, Drake and Larsen",Canada,LLP,Beauty,2023-07-09,1314604.0
S109675,Bernard-Davis,Singapore,Individual,Electronics,2024-03-20,7377521.0
S109676,"Walsh, Lee and Sandoval",Germany,Private Limited,Beauty,2023-08-17,1587599.0
S109677,"Sims, Vasquez and Nichols",Canada,Partnership,Sports,2023-04-29,9765076.0
S109678,Silva-Hernandez,Germany,Sole Proprietor,Sports,2023-10-12,3684386.0
S109679,Baldwin PLC,Germany,Partnership,Electronics,2022-05-29,2736160.0
S109680,Campbell-Young,UK,Sole Proprietor,Fashion,2022-08-13,7283666.0
S109681,Ortiz PLC,Australia,LLP,Books,2025-10-16,8799939.0
S109682,"Peterson, Finley and Cook",USA,LLP,Fashion,2024-06-17,9220121.0
S109683,Luna and Sons,India,LLP,Beauty,2022-01-06,4961117.0
S109684,Hubbard and Sons,India,Partnership,Automotive,2025-04-21,3420644.0
S109685,"Owen, Edwards and Moore",Germany,LLP,Electronics,2026-07-01,8588946.0
S109686,Edwards Ltd,Singapore,Partnership,Books,2024-03-17,9779191.0
S109687,"Rivera, Wilson and Dean",USA,Partnership,Automotive,2025-04-22,2391457.0
S109688,Baker Ltd,Singapore,Individual,Home,2026-05-04,3750650.0
S109689,Lopez and Sons,Australia,Private Limited,Beauty,2023-03-03,5792665.0
S109690,Adams Group,Singapore,Partnership,Electronics,2022-10-16,6160360.0
S109691,Carter PLC,Germany,Partnership,Fashion,2022-05-29,2638711.0
S109692,Mercado-Richards,Singapore,Private Limited,Electronics,2022-02-25,9320529.0
S109693,"Kelly, Richardson and Neal",Singapore,LLP,Beauty,2025-09-13,8538389.0
S109694,Gentry and Sons,Singapore,Sole Proprietor,Books,2026-06-02,9897853.0
S109695,Williams Inc,India,LLP,Fashion,2022-10-18,5165954.0
S109696,King-Lee,USA,LLP,Home,2024-03-06,6436372.0
S109697,Baker-Mahoney,India,Individual,Sports,2025-01-10,64095.0
S109698,Elliott-Lloyd,Singapore,LLP,Beauty,2026-07-20,9070982.0
S109699,Rodriguez-Moore,USA,Partnership,Automotive,2025-05-25,824733.0
S109700,"Elliott, Ho and Harper",Australia,Private Limited,Electronics,2023-02-19,4557497.0
S109701,"Hernandez, Rhodes and Campos",India,Private Limited,Home,2025-07-28,6855884.0
S109702,Cameron LLC,UK,Private Limited,Fashion,2025-04-19,8700043.0
S109703,Kim Group,UK,Partnership,Automotive,2025-01-02,4528972.0
S109704,Escobar and Sons,Canada,Sole Proprietor,Home,2024-06-27,7451951.0
S109705,Escobar PLC,Singapore,Individual,Automotive,2024-10-17,779968.0
S109706,"Young, Mckinney and Johnson",Germany,Individual,Electronics,2024-10-18,4619371.0
S109707,Phillips-Barnes,Germany,Individual,Home,2023-07-24,4070045.0
S109708,"Gomez, Lambert and Zuniga",USA,Partnership,Electronics,2022-04-15,4710351.0
S109709,Wood-Shepherd,Australia,Sole Proprietor,Electronics,2026-02-03,8240651.0
S109710,Carpenter-Williams,UK,LLP,Fashion,2024-03-04,9442210.0
S109711,Lewis-Cook,Germany,Individual,Automotive,2026-01-31,6451792.0
S109712,Porter Group,USA,Sole Proprietor,Automotive,2024-07-27,7375988.0
S109713,"Obrien, Chambers and Livingston",USA,Individual,Books,2024-09-05,8267358.0
S109714,Hall and Sons,Singapore,LLP,Home,2022-01-13,5503173.0
S109715,Ortiz-Andersen,UK,LLP,Home,2024-10-24,7383769.0
S109716,"Cummings, Brown and Gregory",Germany,Individual,Sports,2022-11-02,4923277.0
S109717,Johnson-Stone,Singapore,Sole Proprietor,Automotive,2024-10-19,5210775.0
S109718,"Harmon, Sanchez and Cunningham",India,LLP,Fashion,2024-09-28,8537669.0
S109719,"Guerrero, Weiss and Thomas",UK,Private Limited,Automotive,2022-05-11,4255923.0
S109720,Wu-Hart,India,Sole Proprietor,Sports,2024-10-22,7937404.0
S109721,Arroyo and Sons,USA,Partnership,Fashion,2025-12-22,4382530.0
S109722,Brown Group,Australia,Sole Proprietor,Fashion,2022-06-18,2751689.0
S109723,Rush-Rhodes,USA,Private Limited,Automotive,2023-03-25,9717733.0
S109724,Garcia-Mejia,Singapore,Sole Proprietor,Home,2026-06-29,8843825.0
S109725,Reynolds Group,Singapore,Private Limited,Electronics,2023-10-06,9498708.0
S109726,Hardin Inc,Singapore,Individual,Electronics,2024-08-02,2112316.0
S109727,Gregory-Thompson,USA,Private Limited,Automotive,2025-11-26,162758.0
S109728,Clark and Sons,IN,LLP,Sports,2023-06-14,5940588.0
S109729,Parker-Johnson,Germany,Partnership,Home,2024-09-16,1242376.0
S109730,Greene-Shannon,UK,LLP,Electronics,2026-02-12,7845690.0
S109731,Reyes Ltd,Australia,Partnership,Beauty,2022-01-15,5027814.0
S109732,Arnold and Sons,UK,Partnership,Sports,2025-04-21,3920054.0
S109733,"Young, Parks and Hall",Canada,Individual,Electronics,2024-04-03,5252894.0
S109734,"Reid, Combs and Yang",UK,Partnership,Automotive,2024-03-31,8296843.0
S109735,Lane Group,Singapore,Partnership,Home,2026-07-27,6752473.0
S109736,"Lynch, Rodriguez and Horn",UK,Partnership,Automotive,2024-06-05,6506994.0
S109737,Johnson Inc,Germany,LLP,Beauty,2024-03-18,836330.0
S109738,Thompson Group,Canada,LLP,Fashion,2022-01-18,8440855.0
S109739,Glenn PLC,Australia,LLP,Home,2025-08-05,2393413.0
S109740,Wilkerson PLC,Canada,Partnership,Books,2023-11-06,5429702.0
S109741,Pearson Group,USA,Individual,Beauty,2024-01-15,1090574.0
S109742,"Ramirez, Gibson and Brown",UK,Sole Proprietor,Sports,2025-01-05,8764211.0
S109743,Oliver-Nguyen,Germany,Sole Proprietor,Fashion,2025-04-30,9416915.0
S109744,"Weaver, Small and Mccormick",Canada,Partnership,Fashion,2024-08-16,6099743.0
S109745,"Mahoney, Brown and Lee",UK,LLP,Fashion,2022-12-08,132995.0
S109746,Steele PLC,Germany,Individual,Automotive,2025-12-04,9344754.0
S109747,"Burgess, Johnson and Miller",UK,Individual,Beauty,2025-05-28,2904940.0
S109748,Fisher PLC,Canada,Sole Proprietor,Beauty,2026-05-24,3944990.0
S109749,"Brown, Carter and Perry",Australia,Sole Proprietor,Beauty,2026-05-27,4674291.0
S109750,Diaz-Riley,India,Individual,Beauty,2026-06-28,8085492.0
S109751,Yang LLC,india,LLP,Beauty,2024-06-03,3441837.0
S109752,Ortiz-Kirk,Canada,Individual,Fashion,2022-11-29,1521699.0
S109753,Cardenas-Short,UK,Private Limited,Electronics,2023-02-02,1542535.0
S109754,"Simmons, Greer and Baker",Canada,Private Limited,Sports,2023-05-05,4106973.0
S109755,Neal LLC,Singapore,Individual,Electronics,2022-08-11,1929690.0
S109756,Thompson-Murray,Singapore,Sole Proprietor,Books,2025-10-01,409908.0
S109757,Pierce-Neal,Germany,LLP,Books,2024-10-24,8971738.0
S109758,Simpson-Escobar,UK,LLP,Sports,2024-10-17,5415061.0
S109759,Smith-Smith,UK,Private Limited,Automotive,2023-08-16,6013950.0
S109760,"Lyons, Nelson and Stewart",USA,Sole Proprietor,Beauty,2022-08-02,5814698.0
S109761,Ellis-Dillon,India,LLP,Fashion,2024-04-23,7724889.0
S109762,Miller-Stein,UK,LLP,Beauty,2025-12-19,8829222.0
S109763,"Porter, Chavez and Morse",USA,LLP,Electronics,2024-07-16,9644388.0
S109764,"Torres, Ross and Brown",Canada,Private Limited,Automotive,2024-10-24,7705050.0
S109765,"Taylor, Hogan and Thomas",Australia,Individual,Automotive,2023-05-10,5555921.0
S109766,Mcdaniel-Jones,UK,Partnership,Beauty,2025-06-18,7298196.0
S109767,"Campos, Scott and Kim",USA,Private Limited,Home,2025-01-16,9699713.0
S109768,Peterson Group,UK,Sole Proprietor,Beauty,2025-09-22,4249941.0
S109769,Brewer Group,India,Partnership,Automotive,2024-12-29,2413347.0
S109770,Cook Ltd,UK,Partnership,Electronics,2025-11-19,2108008.0
S109771,"Sanders, Robertson and Norton",Canada,Sole Proprietor,Automotive,2025-04-09,1909597.0
S109772,Vaughn Ltd,Singapore,Partnership,Fashion,2023-06-25,7173072.0
S109773,Gray-Key,Canada,LLP,Automotive,2024-08-21,
S109774,"Massey, Fields and Thomas",Australia,Private Limited,Sports,2023-02-06,6649055.0
S109775,"Mills, Merritt and Beard",Singapore,Sole Proprietor,Books,2022-10-09,7291284.0
S109776,Anderson-Cohen,Canada,LLP,Home,2022-08-28,8191083.0
S109777,Bird Ltd,Canada,Partnership,Fashion,2024-06-08,8126324.0
S109778,"Nelson, Roberson and Conner",Canada,Sole Proprietor,Electronics,2022-07-05,115843.0
S109779,Ray Inc,USA,Partnership,Home,2022-06-07,1025229.0
S109780,"Hawkins, Green and Smith",Australia,Sole Proprietor,Books,2026-01-15,2184176.0
S109781,Smith-Park,Singapore,Individual,Fashion,2025-01-10,7670153.0
S109782,Smith-Robertson,USA,Individual,Fashion,2022-09-12,6179228.0
S109783,"Jennings, Tucker and Villanueva",Australia,Individual,Sports,2022-03-26,4647229.0
S109784,Jackson-Mendoza,UK,Partnership,Fashion,2023-09-17,4590953.0
S109785,"Garcia, Rush and Ruiz",Germany,Private Limited,Fashion,2022-03-15,1624549.0
S109786,Brown-Perez,Germany,LLP,Beauty,2024-04-15,3691767.0
S109787,Proctor-Riley,Australia,Private Limited,Sports,2023-03-11,5969121.0
S109788,"Ramos, Gray and Lyons",India,Sole Proprietor,Fashion,2023-08-13,3214360.0
S109789,"Barr, Gutierrez and Santiago",Australia,Private Limited,Beauty,2022-09-20,5469588.0
S109790,Villegas-Davis,USA,Sole Proprietor,Electronics,2023-07-21,293160.0
S109791,"Buckley, Williams and Harrison",USA,Individual,Automotive,2024-10-09,5316012.0
S109792,Crawford Ltd,UK,Sole Proprietor,Home,2024-12-15,
S109793,Johnson-Thompson,India,LLP,Fashion,2022-05-06,2417992.0
S109794,Williams-Bailey,UK,Sole Proprietor,Books,2023-01-24,5863727.0
S109795,Cunningham-Martin,India,Partnership,Books,2024-01-26,292978.0
S109796,"Hall, Fleming and Thompson",Singapore,Sole Proprietor,Fashion,2026-02-19,4189809.0
S109797,Smith Ltd,USA,Sole Proprietor,Electronics,2025-04-11,9529221.0
S109798,Harvey Group,Canada,Partnership,Electronics,2022-10-14,4495932.0
S109799,Conway-Gibbs,UK,Individual,Books,2026-06-02,3442549.0
S109800,Adams-Murray,India,Individual,Sports,2022-01-25,7902698.0
S109801,"Valdez, Dalton and Cook",Germany,Individual,Automotive,2025-02-15,2967394.0
S109802,Parrish Group,USA,LLP,Automotive,2025-11-13,4102136.0
S109803,Larson-Goodman,USA,Partnership,Beauty,2025-07-13,3751250.0
S109804,Goodman-King,Germany,Partnership,Books,2023-12-04,4366024.0
S109805,Reed Group,Germany,Partnership,Electronics,2024-06-15,2185299.0
S109806,"Gregory, Gilbert and Harmon",Germany,LLP,Beauty,2023-04-07,5713203.0
S109807,"Wong, Brown and Miller",UK,LLP,Sports,2022-08-07,4883525.0
S109808,Rodriguez-Osborne,Germany,Individual,Fashion,2024-03-08,6866358.0
S109809,Alexander Inc,Germany,Individual,Books,2025-10-31,4195031.0
S109810,"Rosales, Davis and Villanueva",Canada,Private Limited,Home,2026-04-30,9732143.0
S109811,Allen PLC,Australia,Private Limited,Sports,2023-06-30,3057015.0
S109812,Oneill Group,Germany,Individual,Home,2022-10-12,1207193.0
S109813,Figueroa-Wise,UK,Individual,Automotive,2022-07-21,3534528.0
S109814,"Franklin, Gray and Wilson",UK,Private Limited,Automotive,2023-05-27,9602846.0
S109815,"Lester, Wang and Smith",India,Partnership,Fashion,2024-08-25,9102886.0
S109816,"Flores, Crawford and Davis",Canada,LLP,Sports,2023-01-06,4882198.0
S109817,Turner-Sandoval,Singapore,Partnership,Beauty,2023-01-22,3660765.0
S109818,Meyer-Gilbert,Australia,Sole Proprietor,Electronics,2022-09-27,778150.0
S109819,Black-Miller,USA,Partnership,Electronics,2025-11-11,1889491.0
S109820,Chapman-Johnson,USA,Partnership,Books,2025-05-12,4117139.0
S109821,Lewis LLC,Canada,LLP,Books,2024-08-04,1518578.0
S109822,"Morales, Campbell and Williams",UK,Private Limited,Electronics,2026-06-06,1552772.0
S109823,Wallace-Baker,Germany,Private Limited,Fashion,2022-03-10,6619895.0
S109824,Cunningham PLC,Singapore,LLP,Sports,2022-07-01,819372.0
S109825,"Kim, White and Brooks",India,LLP,Home,2023-05-30,3230788.0
S109826,Stewart Group,Germany,LLP,Fashion,2024-03-14,4530282.0
S109827,"Garza, Davis and Wilson",UK,LLP,Fashion,2022-11-25,9502738.0
S109828,"Estes, Bartlett and Holmes",Singapore,Partnership,Sports,2022-07-10,4292665.0
S109829,"Hensley, Hayden and Wright",USA,Private Limited,Automotive,2026-04-06,175082.0
S109830,"Coleman, Hunt and Spencer",Australia,Individual,Beauty,2025-07-12,2570711.0
S109831,"Morris, Walker and Martin",USA,Partnership,Beauty,2026-01-10,8442397.0
S109832,Kelly PLC,USA,LLP,Fashion,2024-08-03,8583099.0
S109833,Wilson-Wade,India,Sole Proprietor,Beauty,2025-01-21,5412126.0
S109834,Cardenas Group,Australia,Partnership,Electronics,2022-04-26,3712454.0
S109835,"Benson, Curtis and Steele",USA,Sole Proprietor,Home,2024-02-02,3708227.0
S109836,"Smith, Malone and Dyer",India,Individual,Electronics,2025-04-19,777920.0
S109837,Douglas Group,India,Partnership,Fashion,2025-07-22,2407377.0
S109838,Moore-Jensen,UK,Sole Proprietor,Automotive,2024-05-18,8033343.0
S109839,Bates-Anderson,Germany,LLP,Books,2024-04-04,6252136.0
S109840,York-Phillips,Canada,Partnership,Electronics,2024-09-08,2829959.0
S109841,Carson PLC,Canada,LLP,Beauty,2025-09-01,516573.0
S109842,Morse-Kelley,USA,LLP,Books,2026-07-04,7115848.0
S109843,Higgins and Sons,Australia,Private Limited,Fashion,2023-01-12,4865766.0
S109844,Nash LLC,Singapore,Partnership,Books,2025-08-21,6980821.0
S109845,Bonilla-Scott,Singapore,Sole Proprietor,Books,2026-04-29,1141491.0
S109846,"Fernandez, Griffin and Hughes",UK,LLP,Automotive,2024-04-21,3417120.0
S109847,Thompson-Wright,UK,Individual,Beauty,2023-10-03,8356069.0
S109848,Mullen-Olson,USA,LLP,Home,2022-05-20,8684788.0
S109849,"Ellison, Fleming and Hatfield",UK,Individual,Home,2026-02-02,8433533.0
S109850,Miller Group,Germany,Sole Proprietor,Automotive,2024-03-02,6072607.0
S109851,Ellis Group,Australia,Sole Proprietor,Books,2025-04-02,6901615.0
S109852,Nichols-Stokes,UK,Partnership,Electronics,2022-03-27,3886380.0
S109853,Mcbride-Howell,Australia,Private Limited,Beauty,2026-03-04,5331077.0
S109854,Coleman Group,USA,Private Limited,Sports,2024-03-20,4614197.0
S109855,"Calhoun, Stone and Montgomery",Canada,LLP,Automotive,2022-10-14,1531020.0
S109856,"Kaiser, Warren and Shepard",India,Sole Proprietor,Fashion,2023-01-12,2195504.0
S109857,Carter-Rivera,UK,Individual,Automotive,2023-06-28,5729280.0
S109858,Stephenson-Blake,UK,Partnership,Sports,2025-07-22,6228480.0
S109859,Young Inc,Singapore,Private Limited,Beauty,2025-08-06,2238785.0
S109860,Hull and Sons,USA,Partnership,Beauty,2024-04-26,806213.0
S109861,"Walls, Ritter and Terrell",UK,Individual,Books,2022-10-22,7258225.0
S109862,Vang-Stark,UK,Private Limited,Electronics,2023-01-14,7966565.0
S109863,"Murphy, Guzman and White",India,Sole Proprietor,Electronics,2023-03-28,8215299.0
S109864,Cook-Ritter,USA,Private Limited,Sports,2025-02-19,2444839.0
S109865,"Perkins, King and Huang",India,Individual,Sports,2026-05-15,3410746.0
S109866,"Morrison, Rodriguez and Pittman",UK,Private Limited,Books,2025-10-06,3240898.0
S109867,"Mitchell, Phillips and Munoz",Canada,Private Limited,Fashion,2025-05-28,6245501.0
S109868,Higgins-Caldwell,India,Individual,Automotive,2025-10-11,5177318.0
S109869,Wilson-Eaton,Canada,Partnership,Fashion,2025-02-14,4417107.0
S109870,Ortiz-Pratt,india,Partnership,Home,2024-06-04,9976202.0
S109871,Thornton Ltd,Singapore,LLP,Fashion,2025-05-20,963271.0
S109872,Parrish Inc,Canada,Partnership,Sports,2023-03-12,4983474.0
S109873,Johnson-Barnes,Singapore,Partnership,Beauty,2024-07-26,453445.0
S109874,"King, Johnson and Stewart",India,Partnership,Sports,2022-11-16,5262745.0
S109875,Garcia Inc,UK,Partnership,Beauty,2024-03-14,6379805.0
S109876,Mann Group,Canada,LLP,Automotive,2025-02-24,3774223.0
S109877,"Bradshaw, Allen and Brown",Germany,Individual,Automotive,2025-03-03,5239138.0
S109878,Horne-Thompson,USA,Sole Proprietor,Beauty,2024-11-01,2713703.0
S109879,"Baldwin, Kerr and Jones",Australia,LLP,Automotive,2022-02-03,8931480.0
S109880,Reid-Martin,INDIA,LLP,Sports,2023-01-06,5656909.0
S109881,Bryant-Sawyer,Singapore,Partnership,Fashion,2025-03-15,8048103.0
S109882,Lopez-Brown,Singapore,Private Limited,Beauty,2024-02-18,9538613.0
S109883,Anderson Inc,Singapore,Private Limited,Fashion,2026-07-12,2445005.0
S109884,Stephens Inc,UK,Partnership,Automotive,2026-07-27,2714886.0
S109885,Stephens-Lopez,Germany,Private Limited,Automotive,2023-09-15,6976800.0
S109886,Ryan-Yates,Canada,Sole Proprietor,Automotive,2022-12-06,7995297.0
S109887,Butler-Flores,India,LLP,Beauty,2022-12-29,3278556.0
S109888,Reed-Hensley,Singapore,Private Limited,Books,2025-07-30,4267885.0
S109889,Palmer-Bennett,Germany,Partnership,Beauty,2022-08-04,821296.0
S109890,Hamilton-Erickson,UK,Individual,Books,2025-05-12,6531628.0
S109891,Miller-Conrad,India,Sole Proprietor,Electronics,2024-02-15,8660099.0
S109892,Fuller PLC,Germany,Private Limited,Sports,2026-07-25,9258971.0
S109893,"Boyd, Morgan and Jones",Germany,Sole Proprietor,Automotive,2024-12-04,7949976.0
S109894,Melendez PLC,Canada,Private Limited,Books,2023-05-29,4325197.0
S109895,"Fernandez, Reynolds and Williams",India,Private Limited,Automotive,2026-06-19,6093599.0
S109896,Flowers-Austin,India,Sole Proprietor,Beauty,2025-06-27,5485975.0
S109897,Lawrence-Espinoza,Germany,Individual,Fashion,2025-09-28,5078059.0
S109898,"Juarez, Thompson and Mason",UK,Individual,Home,2025-02-23,9113594.0
S109899,Holder PLC,USA,Private Limited,Home,2022-07-27,9184578.0
S109900,Cole-Johnson,USA,Sole Proprietor,Electronics,2022-09-06,6677705.0
S109901,Williams Inc,Canada,Private Limited,Books,2024-08-18,7110322.0
S109902,"Robinson, Craig and Olsen",Canada,Individual,Home,2022-10-04,3464013.0
S109903,"Peters, Conway and Davis",Germany,Partnership,Sports,2026-05-27,4205754.0
S109904,"Fischer, Jackson and Reese",Australia,Sole Proprietor,Sports,2026-07-11,89569.0
S109905,Clark Group,India,Private Limited,Fashion,2026-06-26,516456.0
S109906,Mills-Baird,India,Partnership,Fashion,2022-07-16,8458308.0
S109907,French Ltd,Singapore,LLP,Fashion,2022-03-05,149050.0
S109908,Gardner-Taylor,Australia,Private Limited,Fashion,2025-04-02,1717758.0
S109909,"Park, Strickland and Lopez",UK,Private Limited,Fashion,2022-05-30,3318996.0
S109910,Rice Ltd,USA,Partnership,Automotive,2026-04-06,3688154.0
S109911,Jarvis-Bowen,Australia,Individual,Books,2026-04-22,131716.0
S109912,Smith Group,Canada,Sole Proprietor,Fashion,2022-06-12,2867927.0
S109913,Hoffman-Guerra,Germany,Individual,Fashion,2023-05-16,2100061.0
S109914,Booker-Frye,Canada,Sole Proprietor,Beauty,2024-09-18,3192334.0
S109915,Russell Ltd,India,Individual,Fashion,2025-06-28,5883165.0
S109916,"Perez, Walker and Little",Canada,Individual,Home,2023-05-17,1688852.0
S109917,Li-Webster,Australia,Partnership,Beauty,2025-07-25,5422066.0
S109918,"Padilla, Castillo and Peterson",Germany,Sole Proprietor,Automotive,2025-11-12,280539.0
S109919,Thompson-Finley,India,Individual,Automotive,2022-08-04,9811556.0
S109920,Trevino Group,Australia,Individual,Beauty,2024-02-10,5800452.0
S109921,Newman-Wang,Singapore,Private Limited,Home,2026-04-01,2971984.0
S109922,Scott and Sons,UK,LLP,Sports,2023-05-04,4364741.0
S109923,Schmidt-Thornton,USA,Sole Proprietor,Home,2024-09-12,1958115.0
S109924,Robinson-David,UK,Individual,Books,2023-08-07,8318030.0
S109925,Walker-Fields,UK,Partnership,Sports,2022-08-25,1955330.0
S109926,Jackson LLC,Germany,Individual,Automotive,2025-11-14,9318565.0
S109927,Livingston-Johnson,Germany,Individual,Fashion,2024-09-15,2409406.0
S109928,"Martin, Scott and Hines",Canada,Private Limited,Electronics,2023-06-06,943030.0
S109929,Rivera LLC,India,Sole Proprietor,Fashion,2025-09-07,8768692.0
S109930,Odonnell-Boyd,India,Sole Proprietor,Automotive,2023-02-18,4798492.0
S109931,"Clarke, Sutton and Zavala",Australia,Sole Proprietor,Automotive,2022-08-22,3048444.0
S109932,Stafford-Bird,Singapore,Private Limited,Fashion,2022-08-20,6432716.0
S109933,"Johnson, Garcia and Perry",Australia,Individual,Electronics,2024-02-07,3651983.0
S109934,"Medina, Best and Ward",USA,LLP,Automotive,2022-06-05,9216810.0
S109935,"Fisher, Mueller and Mitchell",USA,Private Limited,Automotive,2026-02-16,5927112.0
S109936,"Stevens, Rose and Skinner",USA,Partnership,Beauty,2022-11-25,
S109937,James-Smith,USA,Individual,Fashion,2022-06-30,3745057.0
S109938,Robertson-Pennington,India,Individual,Beauty,2024-08-15,9512341.0
S109939,Reese-Reynolds,UK,LLP,Fashion,2024-12-19,3658865.0
S109940,"Perez, Lopez and White",USA,Partnership,Beauty,2025-10-23,495809.0
S109941,Hanna and Sons,INDIA,Individual,Beauty,2024-07-02,8531497.0
S109942,Stephens-Rivera,India,Individual,Home,2024-06-05,7906455.0
S109943,"Marshall, Norris and Johnson",Singapore,Sole Proprietor,Beauty,2026-02-18,2326657.0
S109944,"Sweeney, Vance and Allen",Canada,Individual,Fashion,2023-10-18,1658107.0
S109945,"Green, Edwards and Pittman",UK,Private Limited,Sports,2024-03-24,4354858.0
S109946,"Wilkinson, Haley and Fisher",Singapore,Private Limited,Beauty,2024-06-25,3973551.0
S109947,Freeman Inc,Singapore,Individual,Fashion,2022-12-17,734441.0
S109948,"Peters, Morris and Brown",Canada,Sole Proprietor,Books,2022-06-21,8158888.0
S109949,Raymond Inc,Australia,LLP,Fashion,2025-08-05,438492.0
S109950,Villarreal and Sons,UK,Individual,Books,2026-06-10,3361593.0
S109951,"Hunt, Benson and Allen",India,Sole Proprietor,Sports,2023-07-30,1295874.0
S109952,"Porter, Camacho and Bennett",India,LLP,Electronics,2024-07-05,5458167.0
S109953,"Walker, Kelly and Dunn",Singapore,LLP,Electronics,2024-12-16,4402979.0
S109954,Flores PLC,Canada,LLP,Fashion,2025-01-26,4935750.0
S109955,Johnson Ltd,Germany,Partnership,Beauty,2022-05-08,3953804.0
S109956,Potts LLC,Singapore,Partnership,Sports,2023-05-29,7367616.0
S109957,Clark LLC,Germany,Sole Proprietor,Beauty,2022-04-12,166389.0
S109958,Nguyen Group,Canada,Private Limited,Electronics,2025-08-25,7591460.0
S109959,Anderson Ltd,Germany,LLP,Automotive,2023-08-26,726751.0
S109960,Henry-Dixon,UK,Sole Proprietor,Fashion,2023-10-22,5547442.0
S109961,Jones-Flores,Australia,Individual,Electronics,2024-10-15,2791742.0
S109962,Diaz-Reynolds,Germany,Private Limited,Beauty,2025-08-06,7477120.0
S109963,"Richardson, Terry and Perkins",USA,Private Limited,Sports,2023-01-19,9524225.0
S109964,Gomez-Simpson,India,Individual,Home,2025-11-13,9229544.0
S109965,"Cooper, Hudson and Cherry",USA,Private Limited,Electronics,2024-01-10,1860933.0
S109966,Vance LLC,India,Private Limited,Electronics,2023-01-31,4338573.0
S109967,"Allen, Soto and Anderson",India,Partnership,Fashion,2024-02-25,9011776.0
S109968,"Welch, Ramos and Evans",India,Individual,Sports,2025-05-06,713375.0
S109969,Hutchinson-Krueger,UK,Individual,Fashion,2023-09-13,745539.0
S109970,Merritt-Hansen,Germany,LLP,Electronics,2022-05-16,7919583.0
S109971,"Cooper, Martin and Edwards",Australia,LLP,Home,2024-08-30,1352581.0
S109972,"Castaneda, Prince and Thomas",Australia,Individual,Beauty,2022-04-11,6641382.0
S109973,Dunlap Ltd,UK,Sole Proprietor,Books,2026-07-21,7430855.0
S109974,"Brewer, Mason and Hampton",Canada,Partnership,Sports,2025-02-12,6853814.0
S109975,Foster LLC,USA,Individual,Fashion,2026-05-28,4321754.0
S109976,Russo PLC,Singapore,Individual,Beauty,2026-02-20,473454.0
S109977,"Mckinney, Davis and Collier",UK,LLP,Sports,2025-11-03,1396370.0
S109978,Henry-Page,USA,Sole Proprietor,Automotive,2024-12-03,2071156.0
S109979,Hernandez-Lara,Canada,Individual,Electronics,2022-07-24,4653244.0
S109980,Clarke Ltd,Singapore,LLP,Automotive,2024-04-13,8436050.0
S109981,Wells Group,Singapore,Partnership,Beauty,2024-06-18,7030880.0
S109982,"Keith, Ford and Johnson",India,Sole Proprietor,Home,2023-11-24,2218393.0
S109983,"Hampton, Thomas and Tapia",UK,Sole Proprietor,Beauty,2026-02-20,536328.0
S109984,Carson LLC,India,Partnership,Electronics,2025-03-09,2621587.0
S109985,"Garrison, Jackson and Pineda",Singapore,Individual,Beauty,2024-05-14,5190935.0
S109986,Rojas LLC,UK,Individual,Beauty,2024-08-13,723134.0
S109987,Smith-Park,USA,Private Limited,Automotive,2023-02-26,9363348.0
S109988,"Gonzalez, Mejia and Hall",India,LLP,Automotive,2023-12-18,3908809.0
S109989,"Houston, Hartman and Johnston",UK,Partnership,Sports,2022-11-29,7439153.0
S109990,Thompson Ltd,Germany,Private Limited,Books,2023-01-24,2545920.0
S109991,Carson Inc,India,Sole Proprietor,Books,2025-07-26,9915943.0
S109992,Higgins-Keller,Australia,Private Limited,Sports,2023-07-03,8843516.0
S109993,Mendoza-Stewart,Canada,Sole Proprietor,Beauty,2026-05-25,4004732.0
S109994,"Brown, Johnson and Buckley",UK,Sole Proprietor,Beauty,2022-12-24,7743689.0
S109995,Franklin-King,USA,Sole Proprietor,Sports,2023-01-25,3656435.0
S109996,Mcbride Ltd,Australia,LLP,Automotive,2024-08-25,316695.0
S109997,Strong LLC,USA,LLP,Electronics,2026-07-29,4121469.0
S109998,Russell-Miller,Canada,Sole Proprietor,Beauty,2025-09-25,7158304.0
S109999,"Miller, Levy and Wilson",USA,Sole Proprietor,Home,2024-12-18,5222999.0
S110000,Figueroa-Blair,Singapore,Partnership,Books,2024-12-29,4848244.0
S106253,Rich and Sons,India,Individual,Home,2023-03-20,9892213.0
S104685,"Stewart, Robinson and Shaffer",India,Sole Proprietor,Beauty,2023-01-08,5904133.0
S101732,Moore-Murray,Australia,Individual,Sports,2024-03-18,3312330.0
S104743,Jackson-Hodge,Canada,Private Limited,Books,2026-01-20,6381500.0
S104522,"Mathews, Wright and Jensen",USA,LLP,Beauty,2022-12-10,9704342.0
S106341,Nichols-Esparza,India,Sole Proprietor,Fashion,2025-04-17,9625309.0
S100577,"Becker, Wilson and Hester",Germany,Sole Proprietor,Beauty,2023-04-16,4202562.0
S105203,"Rhodes, Hamilton and Adams",Canada,Sole Proprietor,Automotive,2024-07-18,6861271.0
S106364,Palmer and Sons,Australia,Private Limited,Automotive,2026-01-21,4335200.0
S100440,King-York,Australia,LLP,Sports,2024-06-09,4656274.0
S102751,"Richardson, Brown and Cruz",Germany,Partnership,Beauty,2025-05-06,4607932.0
S107488,"Simmons, Lawrence and Oliver",INDIA,Sole Proprietor,Home,2024-11-24,6828198.0
S105273,Powell Group,India,Private Limited,Fashion,2023-09-27,7725900.0
S105654,Robertson LLC,USA,Private Limited,Sports,2023-07-07,1430465.0
S104000,"Jones, Rowland and Oconnor",India,Partnership,Beauty,2026-01-23,7521356.0
S106034,Wood-Kennedy,Germany,LLP,Fashion,2022-07-07,6606784.0
S100583,Martin-Ewing,Canada,Private Limited,Home,2026-05-09,996973.0
S109931,"Clarke, Sutton and Zavala",Australia,Sole Proprietor,Automotive,2022-08-22,3048444.0
S107052,"Cook, Gordon and Mueller",Singapore,Partnership,Home,2026-07-05,9459546.0
S108159,"Mathews, Taylor and Phillips",UK,Sole Proprietor,Home,2024-11-05,167324.0
S109897,Lawrence-Espinoza,Germany,Individual,Fashion,2025-09-28,5078059.0
S102250,Wilcox-Snyder,Canada,LLP,Sports,2024-10-02,7770951.0
S104641,Lucas-Campos,USA,Individual,Electronics,2023-08-06,431001.0
S109486,Wade-Bennett,Canada,Sole Proprietor,Beauty,2026-01-04,9339978.0
S104948,Sullivan and Sons,Germany,LLP,Automotive,2025-08-31,1503304.0
S109921,Newman-Wang,Singapore,Private Limited,Home,2026-04-01,2971984.0
S101964,Ellis-Jackson,India,Individual,Sports,2022-08-09,8617311.0
S108244,"Schmidt, Cochran and Robinson",Germany,Partnership,Home,2023-01-28,9723044.0
S106591,Thompson-Miller,USA,Sole Proprietor,Books,2023-11-19,6957522.0
S108848,Jones-Howard,Singapore,Private Limited,Electronics,2025-07-05,6089471.0
S100322,Brock-Mcdonald,Singapore,Private Limited,Sports,2022-05-03,
S102679,Byrd and Sons,UK,LLP,Automotive,2022-12-27,1452429.0
S104626,Richards-Smith,USA,Individual,Sports,2023-02-07,132417.0
S104950,"Carpenter, Coffey and Wright",Australia,LLP,Automotive,2023-08-24,3858484.0
S108329,Johnson-Anderson,Canada,LLP,Sports,2026-01-21,6609647.0
S103338,Ibarra-Jackson,Singapore,Partnership,Books,2025-07-28,3873830.0
S105590,Greene Group,India,Sole Proprietor,Home,2025-03-31,
S100252,"Graham, Olsen and Costa",USA,LLP,Fashion,2026-03-10,1566313.0
S103974,Cohen PLC,USA,Individual,Automotive,2025-03-06,1054617.0
S106631,Kline PLC,Australia,Individual,Sports,2022-10-14,6536029.0
S105548,"Jones, Mueller and Williams",Germany,Sole Proprietor,Electronics,2024-01-29,5345273.0
S100036,Rodriguez-Graham,Singapore,Sole Proprietor,Sports,2023-02-12,2614217.0
S108363,Munoz Group,Canada,Partnership,Beauty,2023-11-09,4968980.0
S101514,Compton LLC,india,LLP,Home,2023-10-28,7654827.0
S109318,Cole-Jones,India,Partnership,Automotive,2024-07-31,8617842.0
S100040,"Romero, Gonzalez and Brooks",USA,Individual,Fashion,2025-03-07,1371324.0
S104820,Adams LLC,India,Sole Proprietor,Electronics,2022-08-10,8012220.0
S103466,"Rivera, Todd and Gaines",Germany,Partnership,Automotive,2025-03-15,3343151.0
S101761,"Castro, Garcia and Daniels",Canada,LLP,Home,2023-10-10,5101155.0
S102305,Smith and Sons,Singapore,LLP,Books,2023-05-12,3503043.0
