seller_id,orders,sales,returns,refunds
S100001,250,393500,39,40521
S100002,116,256244,12,14928
S100003,291,653877,40,45600
S100004,155,241800,13,10036
S100005,45,48600,5,4320
S100006,250,483750,24,8064
S100007,282,139308,1,1228
S100008,316,416804,60,66600
S100009,86,98126,9,4959
S100010,157,109272,6,10788
S100011,27,27081,2,668
S100012,252,431424,12,14388
S100013,109,149984,10,3090
S100014,489,560883,1,1184
S100015,244,250588,12,20064
S100016,280,262920,29,40107
S100017,53,76479,6,9132
S100018,198,475398,24,30264
S100019,40,64880,8,6408
S100020,282,571614,19,27132
S100021,279,651744,33,56463
S100022,421,1042396,82,105452
S100023,361,433922,64,27648
S100024,432,448416,72,60912
S100025,192,365952,31,35743
S100026,474,255960,82,161376
S100027,69,104811,9,4446
S100028,490,451290,39,44304
S100029,289,141321,10,10500
S100030,307,602027,49,68355
S100031,44,95832,6,5514
S100032,483,212037,10,12970
S100033,136,86360,18,31194
S100034,21,18312,1,348
S100035,349,403095,61,104432
S100036,451,1120284,28,19656
S100037,82,53382,13,25792
S100038,428,940316,11,10219
S100039,218,515570,40,17040
S100040,492,583512,97,47627
S100041,67,167031,6,11226
S100042,305,227530,43,34787
S100043,382,374360,15,13095
S100044,475,1152825,93,93000
S100045,436,470444,44,29524
S100046,355,886790,38,28994
S100047,366,786168,24,16296
S100048,439,431976,21,9345
S100049,495,1174635,7,11697
S100050,178,106266,28,27496
S100051,235,101520,17,21896
S100052,421,635710,8,5000
S100053,397,772562,34,19074
S100054,285,626145,36,44100
S100055,26,49504,5,3915
S100056,73,154979,12,16224
S100057,394,778544,53,66303
S100058,305,197640,7,8036
S100059,264,523248,44,22704
S100060,278,224624,45,38115
S100061,239,467006,8,4616
S100062,86,64844,8,14912
S100063,453,1022874,86,39646
S100064,52,97032,2,2274
S100065,403,816075,44,30096
S100066,102,51612,12,23688
S100067,225,506925,14,21952
S100068,447,769734,36,29700
S100069,243,427680,22,25652
S100070,264,253440,20,16620
S100071,80,185440,15,8325
S100072,450,795600,83,78103
S100073,39,84396,7,9072
S100074,20,9300,0,0
S100075,284,431396,34,29716
S100076,183,395646,18,28458
S100077,264,144408,14,14784
S100078,206,451758,27,14472
S100079,37,67192,6,5292
S100080,449,281523,40,56040
S100081,252,319284,19,12654
S100082,83,94454,11,7557
S100083,274,548548,7,11697
S100084,271,245797,28,52472
S100085,126,113148,8,6120
S100086,26,14118,5,3275
S100087,25,51025,4,1824
S100088,283,363938,27,41445
S100089,61,56730,4,5448
S100090,319,728915,12,20052
S100091,125,302375,6,8694
S100092,278,668312,44,27016
S100093,128,75136,24,41280
S100094,402,213060,17,15487
S100095,500,695000,19,15694
S100096,3,5412,0,0
S100097,399,594111,73,34748
S100098,50,71050,8,3176
S100099,383,265419,71,32802
S100100,118,275648,18,22590
S100101,349,353537,35,68950
S100102,321,218601,57,46797
S100103,93,86490,13,12337
S100104,129,232974,3,1227
S100105,54,21816,2,858
S100106,384,332544,28,46704
S100107,103,154603,1,1222
S100108,258,169764,16,10672
S100109,219,443694,15,9780
S100110,472,1138464,40,58400
S100111,96,142272,16,20320
S100112,164,310452,15,14505
S100113,339,611895,63,88452
S100114,396,883872,74,110778
S100115,223,311085,10,7800
S100116,267,584997,27,24705
S100117,88,199760,8,12720
S100118,79,81686,8,7488
S100119,45,99720,5,3620
S100120,469,1002722,61,76555
S100121,185,240315,26,15158
S100122,438,388944,0,0
S100123,467,1114262,29,53041
S100124,171,112518,3,3606
S100125,412,266564,19,17100
S100126,248,474176,26,33202
S100127,433,182726,60,99540
S100128,247,135356,11,20812
S100129,34,50184,3,5898
S100130,132,247764,10,3700
S100131,463,337064,83,71214
S100132,379,369146,26,50440
S100133,140,311920,24,37008
S100134,288,379584,7,9744
S100135,137,241805,21,36162
S100136,225,388800,18,12330
S100137,44,98340,0,0
S100138,253,305371,24,31032
S100139,435,931770,2,3388
S100140,200,431200,33,59631
S100141,382,864848,73,114026
S100142,368,336720,66,71412
S100143,123,74907,17,11050
S100144,164,214348,2,676
S100145,179,266352,14,6006
S100146,193,428846,0,0
S100147,25,37075,4,2368
S100148,85,91120,8,3176
S100149,440,961400,55,96855
S100150,215,103845,25,20425
S100151,22,42702,2,2168
S100152,82,189256,16,22960
S100153,432,924912,52,37024
S100154,264,117216,0,0
S100155,100,82500,6,11262
S100156,388,904428,47,65189
S100157,352,799744,64,25408
S100158,236,531708,24,29040
S100159,225,414225,34,26962
S100160,500,425000,26,43654
S100161,349,271522,18,27072
S100162,250,622500,23,22701
S100163,78,167778,8,11000
S100164,341,439890,64,123456
S100165,352,728992,15,26205
S100166,58,71804,9,9288
S100167,165,249645,14,12418
S100168,29,50170,2,3296
S100169,344,248368,51,101541
S100170,337,389572,41,42476
S100171,363,228327,65,28990
S100172,387,940023,64,71680
S100173,305,728340,30,50490
S100174,76,172368,7,8288
S100175,14,26460,0,0
S100176,39,15873,3,3072
S100177,108,200880,17,13294
S100178,484,842644,17,16354
S100179,256,166400,3,1059
S100180,469,1019137,24,11376
S100181,269,152792,49,90013
S100182,16,32880,1,704
S100183,373,267068,51,55998
S100184,408,742560,79,60040
S100185,499,1124247,27,52272
S100186,456,775200,6,2922
S100187,16,20128,0,0
S100188,204,160956,38,37468
S100189,256,599552,12,3768
S100190,63,71694,4,6600
S100191,142,128084,26,37518
S100192,316,328956,30,26130
S100193,272,300288,9,5886
S100194,151,345790,2,2026
S100195,335,581225,15,14280
S100196,47,83754,2,2700
S100197,444,832944,36,51948
S100198,390,722670,78,106860
S100199,225,175950,5,7870
S100200,497,1032269,81,125226
S100201,414,217764,16,8640
S100202,112,238896,17,18887
S100203,412,282632,81,131382
S100204,52,70668,9,8343
S100205,370,905020,41,24477
S100206,379,912632,12,7140
S100207,297,128304,17,10591
S100208,146,68474,16,10528
S100209,254,397764,24,12360
S100210,312,280800,27,53541
S100211,159,257262,14,10108
S100212,327,765180,25,8725
S100213,310,187550,2,3018
S100214,16,32592,1,1567
S100215,306,226440,55,98890
S100216,115,68080,8,4032
S100217,6,9306,0,0
S100218,118,151984,3,2622
S100219,238,479570,31,22134
S100220,10,6020,2,3108
S100221,53,109286,4,4332
S100222,38,26790,5,7250
S100223,355,658880,27,10233
S100224,265,560210,52,65156
S100225,128,256256,7,3206
S100226,411,655134,43,80797
S100227,79,96064,13,7306
S100228,53,23108,3,3417
S100229,38,75658,5,4250
S100230,114,282834,9,7371
S100231,61,56608,6,4566
S100232,83,175296,5,3860
S100233,244,514108,13,11063
S100234,167,333165,10,11870
S100235,104,199368,20,35020
S100236,497,620256,42,80850
S100237,64,69504,7,12173
S100238,234,344448,33,12408
S100239,248,531464,25,28625
S100240,464,273760,72,132480
S100241,208,355056,19,19494
S100242,363,391677,40,33840
S100243,145,258390,23,10143
S100244,231,500115,19,12160
S100245,481,778258,96,144480
S100246,123,141204,15,11865
S100247,283,410916,34,48144
S100248,412,964904,53,23956
S100249,3,1893,1,1575
S100250,128,125568,15,5775
S100251,391,825792,76,28804
S100252,449,1023271,83,43824
S100253,490,621320,11,20020
S100254,314,719060,9,12096
S100255,176,439648,3,1833
S100256,420,169260,66,41184
S100257,24,49152,2,2184
S100258,474,234156,16,22064
S100259,460,553380,52,70668
S100260,184,438656,34,38760
S100261,19,14554,2,3952
S100262,386,166752,32,25600
S100263,317,406077,10,16360
S100264,500,1246000,55,81620
S100265,213,495012,21,41559
S100266,2,3240,1,1163
S100267,138,173466,22,8910
S100268,252,613872,11,4356
S100269,483,1116696,84,113316
S100270,24,28008,4,2484
S100271,356,812036,28,40880
S100272,272,159664,37,70041
S100273,313,780309,48,80208
S100274,482,848802,28,35868
S100275,234,389844,28,49252
S100276,468,934596,79,57196
S100277,13,20553,2,1990
S100278,419,290786,4,7024
S100279,185,238280,31,44237
S100280,438,731898,76,102600
S100281,219,123954,3,3201
S100282,447,726375,17,17612
S100283,36,78552,0,0
S100284,349,639717,44,14740
S100285,251,584328,32,44960
S100286,134,178220,18,26478
S100287,421,805794,83,154463
S100288,338,165282,12,16680
S100289,40,63400,8,13192
S100290,109,190641,1,1877
S100291,86,183868,11,6776
S100292,451,1064360,73,27156
S100293,448,767872,78,95004
S100294,113,47347,21,36267
S100295,229,506090,31,44795
S100296,56,33432,8,14568
S100297,281,234916,15,5730
S100298,190,417430,21,17892
S100299,51,24531,0,0
S100300,50,104550,9,13860
S100301,199,206761,4,7168
S100302,410,507170,73,48180
S100303,100,89100,12,12480
S100304,43,62823,2,3184
S100305,128,162432,4,6156
S100306,140,147420,20,31380
S100307,78,129168,0,0
S100308,150,263100,6,4668
S100309,279,460908,23,14536
S100310,492,799008,57,101631
S100311,492,724224,13,19955
S100312,237,291036,21,25473
S100313,55,62590,8,8472
S100314,105,142800,4,2852
S100315,391,320229,78,78936
S100316,62,64852,1,1723
S100317,168,252504,33,39666
S100318,277,662307,2,2748
S100319,227,380225,24,31176
S100320,134,86028,19,6061
S100321,346,676776,13,11037
S100322,110,186670,12,20208
S100323,323,456722,8,2808
S100324,275,282425,15,10095
S100325,327,225630,14,7686
S100326,451,796917,1,1362
S100327,95,152855,16,18544
S100328,330,253110,12,10896
S100329,40,83080,3,3105
S100330,171,309510,30,39930
S100331,268,405216,5,4385
S100332,177,401967,18,23058
S100333,123,222384,11,15928
S100334,467,1060557,67,108473
S100335,328,560224,63,68670
S100336,245,176155,24,47040
S100337,410,542430,38,32148
S100338,255,581655,36,51624
S100339,228,310536,12,5616
S100340,393,290034,73,87673
S100341,451,818114,57,60135
S100342,127,83185,20,35200
S100343,150,259800,6,7530
S100344,425,260950,63,53802
S100345,464,1130768,12,8820
S100346,38,54644,3,4455
S100347,210,213780,26,12298
S100348,290,267670,33,61908
S100349,86,198402,7,2639
S100350,226,433468,2,1670
S100351,225,397350,29,51678
S100352,30,65880,2,3400
S100353,412,372036,33,18282
S100354,253,420233,20,7260
S100355,49,39347,5,7640
S100356,182,257348,4,5700
S100357,190,451630,4,6080
S100358,371,822507,40,78840
S100359,44,89936,4,3264
S100360,404,901324,68,65824
S100361,446,732332,32,22464
S100362,313,717709,48,51600
S100363,80,59280,0,0
S100364,290,695710,57,47595
S100365,283,524682,47,82438
S100366,158,171430,2,2648
S100367,370,599400,71,120629
S100368,61,82838,12,17664
S100369,358,632586,13,20020
S100370,6,9306,1,1211
S100371,62,154566,6,10386
S100372,243,322704,0,0
S100373,183,362706,11,11825
S100374,91,120393,5,4235
S100375,44,81664,1,794
S100376,414,645840,5,2350
S100377,236,359192,38,63270
S100378,345,790740,13,9334
S100379,326,708398,33,15114
S100380,65,111410,11,21593
S100381,453,679500,15,20460
S100382,301,541198,1,1370
S100383,448,386624,86,151532
S100384,204,307428,35,44905
S100385,354,828006,25,38050
S100386,243,476037,20,10160
S100387,230,287960,35,56700
S100388,181,175389,23,13662
S100389,348,794832,37,63048
S100390,231,102333,17,31569
S100391,194,338918,28,13580
S100392,325,738400,28,44912
S100393,225,511650,40,67480
S100394,34,63750,6,7368
S100395,389,860468,22,32274
S100396,345,465750,0,0
S100397,2,1470,0,0
S100398,305,358680,32,20672
S100399,296,629888,13,25636
S100400,191,320880,14,9086
S100401,400,705600,64,82688
S100402,464,1129376,1,1822
S100403,70,66220,1,588
S100404,455,675675,32,62176
S100405,211,353425,6,10830
S100406,217,185318,42,45276
S100407,195,291720,21,30744
S100408,159,393207,13,24063
S100409,371,192920,61,52582
S100410,45,57690,9,13518
S100411,427,376187,37,63159
S100412,181,264803,8,4792
S100413,499,1241512,74,93610
S100414,135,170505,23,18998
S100415,247,504127,9,13599
S100416,217,173166,4,7420
S100417,341,750882,15,29460
S100418,374,513128,50,19450
S100419,467,558065,66,99660
S100420,65,44200,6,7056
S100421,373,384936,16,28240
S100422,421,647498,9,9720
S100423,190,391590,30,21150
S100424,487,1207760,84,142716
S100425,219,98112,20,23860
S100426,34,14722,3,1911
S100427,63,144018,10,9750
S100428,214,248240,27,41256
S100429,75,93375,7,13230
S100430,286,370942,46,85790
S100431,126,84168,4,3704
S100432,437,923381,61,65148
S100433,428,1045176,63,113274
S100434,398,475212,56,82768
S100435,442,212602,0,0
S100436,451,1110362,38,66576
S100437,330,415140,65,56550
S100438,287,553623,7,7378
S100439,352,684992,70,35700
S100440,107,100366,5,8340
S100441,32,34880,2,2930
S100442,184,279864,12,20124
S100443,84,42000,6,3672
S100444,171,218025,26,13520
S100445,159,245019,14,19194
S100446,342,148770,44,19580
S100447,463,794971,64,96832
S100448,169,193336,28,36008
S100449,264,343728,48,43104
S100450,31,48918,6,10392
S100451,209,442035,22,9130
S100452,146,318134,26,42718
S100453,377,530439,65,42640
S100454,359,404952,29,18705
S100455,211,443733,34,12886
S100456,280,546280,25,17800
S100457,354,260544,45,28080
S100458,327,781857,12,23808
S100459,227,501670,26,31954
S100460,147,319284,12,7740
S100461,414,230598,24,23712
S100462,210,410130,3,4368
S100463,135,204930,12,18636
S100464,251,480665,22,8800
S100465,25,36150,3,4722
S100466,211,215220,26,14898
S100467,186,416082,33,51546
S100468,249,514434,7,11270
S100469,192,191808,36,40680
S100470,287,204918,36,21168
S100471,278,187094,0,0
S100472,230,192970,31,49445
S100473,203,209090,7,7105
S100474,202,346430,32,45472
S100475,193,93219,10,6510
S100476,469,1002722,29,25288
S100477,242,201586,17,28016
S100478,58,42456,10,7780
S100479,202,281184,5,8410
S100480,252,559692,27,18063
S100481,465,923955,0,0
S100482,471,632553,46,88458
S100483,243,371790,7,13167
S100484,437,995923,2,3572
S100485,447,1060284,7,3087
S100486,132,250404,0,0
S100487,444,831168,71,22010
S100488,145,292465,26,37882
S100489,163,381094,21,22092
S100490,162,183546,24,41376
S100491,223,487478,25,20525
S100492,356,241724,41,42435
S100493,234,107640,38,59736
S100494,35,21385,7,13923
S100495,310,478640,22,35244
S100496,39,89388,4,6676
S100497,500,628500,66,94446
S100498,360,255960,67,115240
S100499,15,21510,0,0
S100500,6,10512,1,1898
S100501,105,169995,8,14048
S100502,169,221052,9,14733
S100503,80,60320,15,24825
S100504,267,389553,5,4985
S100505,44,90156,6,2958
S100506,386,926400,46,67436
S100507,220,257180,5,8260
S100508,105,217980,8,5688
S100509,355,718165,23,11891
S100510,326,787942,48,40224
S100511,26,31096,4,7748
S100512,455,611520,18,22626
S100513,354,323556,56,96656
S100514,325,627900,8,7048
S100515,368,368000,12,9852
S100516,168,264432,28,38276
S100517,32,68576,4,6052
S100518,376,768544,45,45720
S100519,75,42000,12,7980
S100520,18,40284,3,3561
S100521,294,441882,8,3584
S100522,228,119016,0,0
S100523,26,20384,4,7652
S100524,271,412462,29,50460
S100525,393,713295,57,82536
S100526,203,216195,4,5344
S100527,442,220116,67,35041
S100528,422,875228,30,55470
S100529,201,111153,10,3130
S100530,293,608268,8,11392
S100531,216,465048,3,2475
S100532,421,640341,0,0
S100533,397,966298,44,82016
S100534,230,150650,27,14553
S100535,460,890100,12,12900
S100536,261,640494,40,78600
S100537,214,239252,3,2790
S100538,108,243216,16,21680
S100539,404,310676,40,55440
S100540,48,77232,1,339
S100541,275,319825,24,44184
S100542,164,160884,23,27876
S100543,183,390339,2,2418
S100544,281,308819,12,17604
S100545,382,566888,38,67298
S100546,435,258390,81,143208
S100547,131,309422,6,5148
S100548,5,8450,1,437
S100549,238,427686,29,29000
S100550,374,461890,33,37092
S100551,102,160650,6,2580
S100552,188,213192,0,0
S100553,280,325640,23,30889
S100554,25,23450,4,5740
S100555,71,124676,1,1886
S100556,214,232618,34,15946
S100557,441,888615,58,104226
S100558,333,386613,56,87808
S100559,483,937020,51,96645
S100560,431,658137,9,17811
S100561,2,1206,0,0
S100562,259,350945,45,37890
S100563,139,149703,1,1653
S100564,249,337644,4,1388
S100565,260,335400,44,56892
S100566,437,210634,68,105740
S100567,441,188307,43,31175
S100568,253,612260,39,57720
S100569,360,615600,8,12392
S100570,445,898010,45,27540
S100571,276,443256,19,18582
S100572,147,95403,12,10332
S100573,357,857157,59,70328
S100574,277,644025,37,54316
S100575,450,287550,27,16254
S100576,372,483600,67,61037
S100577,286,249106,37,35705
S100578,446,205160,2,638
S100579,50,95100,10,14640
S100580,375,745500,26,43836
S100581,180,269280,5,7505
S100582,259,326081,11,4235
S100583,454,641048,54,100278
S100584,165,287265,20,12880
S100585,119,230741,13,8476
S100586,208,304096,12,14616
S100587,440,992200,9,8532
S100588,487,1104029,88,162448
S100589,274,368256,31,53506
S100590,23,27554,4,5108
S100591,71,142071,2,3648
S100592,63,145404,8,10920
S100593,476,516460,77,55671
S100594,344,242864,34,31654
S100595,286,640926,55,97460
S100596,355,594980,59,64841
S100597,307,424274,54,31752
S100598,168,390432,11,11825
S100599,25,38975,2,3784
S100600,312,163800,39,22503
S100601,180,182160,8,11048
S100602,20,26760,4,7276
S100603,406,220052,72,104328
S100604,283,114615,9,9000
S100605,330,449790,47,27918
S100606,127,211074,17,33643
S100607,145,320740,29,53331
S100608,343,275429,18,14994
S100609,154,366366,15,21060
S100610,254,285242,27,36450
S100611,183,381006,20,20940
S100612,421,192818,45,76950
S100613,68,105060,3,957
S100614,153,246024,7,11452
S100615,420,687120,19,16397
S100616,214,318004,23,14375
S100617,80,44880,7,10878
S100618,147,83937,11,8899
S100619,401,565410,13,21229
S100620,456,881448,37,29489
S100621,404,973236,68,46172
S100622,427,913780,81,52650
S100623,164,267320,21,29190
S100624,457,537432,68,128588
S100625,427,753655,23,11063
S100626,151,276632,14,24150
S100627,344,607848,61,67405
S100628,252,512568,1,654
S100629,394,614640,36,14508
S100630,435,309720,13,24154
S100631,147,175518,5,9270
S100632,24,40800,2,2754
S100633,263,110197,14,17878
S100634,84,69720,15,29070
S100635,284,623380,35,32795
S100636,152,108680,23,23414
S100637,419,249305,46,51612
S100638,285,275025,35,38500
S100639,481,294372,60,48840
S100640,273,480207,51,34833
S100641,290,721520,24,29832
S100642,393,747879,42,37128
S100643,72,75672,11,15499
S100644,123,135054,9,11691
S100645,383,442748,2,3422
S100646,272,210256,29,18096
S100647,253,481206,42,42630
S100648,391,373405,47,62792
S100649,288,377856,37,34595
S100650,88,159016,12,8088
S100651,393,526227,57,51300
S100652,52,38844,10,5140
S100653,425,484500,13,10478
S100654,290,493870,54,29106
S100655,55,112200,7,4984
S100656,226,332446,42,83160
S100657,309,751179,27,17847
S100658,434,477400,5,3290
S100659,48,84480,4,7576
S100660,468,772668,16,12736
S100661,272,369648,41,34686
S100662,349,774431,42,58968
S100663,138,171534,14,12208
S100664,1,913,1,1640
S100665,398,185866,48,76944
S100666,64,31168,9,17334
S100667,72,77184,7,6923
S100668,51,96033,8,12608
S100669,172,321640,9,6723
S100670,27,39393,2,3366
S100671,335,283745,32,20160
S100672,153,314874,18,21456
S100673,106,250584,3,1128
S100674,296,603840,17,32929
S100675,46,49956,4,6004
S100676,482,913390,49,93933
S100677,275,193050,38,16340
S100678,62,51894,12,7044
S100679,297,212652,37,45177
S100680,421,627711,18,21186
S100681,315,474705,14,6216
S100682,396,302148,57,97299
S100683,69,86319,12,9828
S100684,335,714890,50,16650
S100685,119,50456,18,6444
S100686,62,84382,1,1313
S100687,54,127386,1,1386
S100688,28,37688,3,5871
S100689,106,74624,7,12285
S100690,135,302265,19,11647
S100691,54,31104,3,5232
S100692,74,178932,12,19128
S100693,57,135090,1,1348
S100694,160,318880,2,2156
S100695,479,1115591,14,12068
S100696,272,183056,23,40043
S100697,119,137088,1,1734
S100698,52,27040,7,11830
S100699,117,220545,11,14883
S100700,100,71500,0,0
S100701,76,56848,5,6750
S100702,418,1025772,76,126312
S100703,57,119130,9,8208
S100704,18,25758,3,2376
S100705,380,795340,42,80766
S100706,369,182286,69,119991
S100707,431,1056381,20,31400
S100708,3,3741,0,0
S100709,282,599814,0,0
S100710,309,201777,37,60458
S100711,57,117135,6,6540
S100712,221,397579,41,16933
S100713,431,818469,51,30141
S100714,129,224589,10,9890
S100715,100,75800,1,1561
S100716,18,26892,1,1464
S100717,497,1231069,46,51198
S100718,161,301875,6,4800
S100719,452,1056776,78,100776
S100720,414,438012,62,59706
S100721,428,614608,45,61830
S100722,425,309825,36,27720
S100723,3,2991,0,0
S100724,482,758668,44,68024
S100725,428,443836,62,53196
S100726,394,805336,54,35154
S100727,341,281666,52,100516
S100728,356,835888,68,64532
S100729,181,316569,28,32340
S100730,2,3502,1,1432
S100731,459,400248,57,62358
S100732,109,47306,4,6148
S100733,199,303873,2,2710
S100734,64,50368,8,6976
S100735,293,560509,41,78761
S100736,273,150696,25,21300
S100737,430,760670,76,150936
S100738,412,886624,29,14210
S100739,488,1173152,81,43254
S100740,320,747840,22,15180
S100741,455,829465,14,21070
S100742,223,107040,36,38124
S100743,259,515410,3,2943
S100744,445,208260,42,43050
S100745,258,203304,19,31464
S100746,233,192458,9,6084
S100747,189,164430,21,26817
S100748,174,224460,32,12288
S100749,461,402453,46,64630
S100750,353,530912,7,13174
S100751,67,52997,11,4664
S100752,131,105848,23,43010
S100753,55,32395,9,11268
S100754,311,341167,37,26048
S100755,347,697817,20,19080
S100756,286,465036,57,111720
S100757,493,261783,91,81718
S100758,8,9840,0,0
S100759,105,116970,12,4416
S100760,284,125528,32,21152
S100761,274,605266,11,20636
S100762,103,196730,12,22596
S100763,348,609348,51,59109
S100764,188,303432,33,38544
S100765,383,369595,7,3948
S100766,355,694025,27,51084
S100767,391,764405,77,76076
S100768,265,148400,0,0
S100769,328,470680,11,12452
S100770,285,529530,35,58555
S100771,358,596428,8,9208
S100772,177,154698,5,5935
S100773,475,571425,79,144807
S100774,317,388325,13,18902
S100775,237,332985,47,35861
S100776,24,59400,3,4029
S100777,316,438924,61,79849
S100778,226,137634,19,37563
S100779,95,174135,3,4389
S100780,301,542101,11,16456
S100781,27,37098,0,0
S100782,440,833360,53,82362
S100783,151,288410,19,24890
S100784,156,134784,19,18278
S100785,54,130302,3,3327
S100786,186,156054,23,31050
S100787,177,276474,15,13455
S100788,172,193844,0,0
S100789,461,384474,31,27900
S100790,448,457856,7,4578
S100791,143,303732,6,4224
S100792,256,351744,11,14861
S100793,29,33379,4,6356
S100794,239,303291,20,15500
S100795,335,485080,15,7740
S100796,226,308038,28,12600
S100797,236,389400,23,31441
S100798,250,451500,35,37975
S100799,332,373168,41,52111
S100800,495,747450,24,17544
S100801,48,40896,6,5232
S100802,229,466015,4,1664
S100803,171,199899,27,9261
S100804,425,1020850,36,62928
S100805,97,133181,18,25380
S100806,299,165347,39,12129
S100807,239,433307,3,2736
S100808,396,543708,28,13944
S100809,187,457963,30,9360
S100810,136,280568,4,5572
S100811,34,59500,4,3244
S100812,490,623280,98,105154
S100813,258,635196,47,85399
S100814,357,463029,5,2670
S100815,343,289149,52,94640
S100816,3,6276,1,470
S100817,196,388864,32,61536
S100818,41,57728,5,8940
S100819,370,888370,54,42606
S100820,412,285516,14,20482
S100821,396,872388,75,48600
S100822,368,327520,64,51584
S100823,497,373744,89,100837
S100824,19,47120,3,2745
S100825,184,255392,22,10340
S100826,267,599148,35,41020
S100827,109,194674,17,15045
S100828,389,881085,59,103368
S100829,71,145337,7,10423
S100830,176,102080,13,12428
S100831,477,864801,65,94055
S100832,317,181007,43,32121
S100833,99,105435,10,9830
S100834,253,461219,38,48716
S100835,340,569840,62,122202
S100836,200,443400,2,1852
S100837,93,105276,1,628
S100838,155,240095,21,34797
S100839,267,166074,10,17660
S100840,112,270032,1,1748
S100841,461,430113,34,12308
S100842,74,108262,10,5300
S100843,439,1088720,61,89914
S100844,275,654775,32,30880
S100845,301,307923,57,78261
S100846,357,713286,71,84419
S100847,252,219240,16,23616
S100848,40,86680,6,8640
S100849,484,223608,11,11495
S100850,335,581560,12,3672
S100851,495,340560,81,41148
S100852,273,412503,43,26015
S100853,184,212704,27,23463
S100854,9,15201,0,0
S100855,314,553268,33,47949
S100856,69,47196,9,4563
S100857,323,756789,46,68310
S100858,183,184281,6,5256
S100859,467,935868,19,37430
S100860,26,63414,2,3186
S100861,389,318202,56,71400
S100862,209,443080,19,32490
S100863,19,11628,3,1698
S100864,15,18840,1,1742
S100865,388,397700,43,82001
S100866,398,762568,57,35055
S100867,365,380330,65,62075
S100868,334,798260,13,7644
S100869,58,103298,7,9709
S100870,180,345960,3,4821
S100871,156,314184,3,2685
S100872,389,879140,43,15007
S100873,311,494490,8,13808
S100874,55,108790,11,16335
S100875,464,514576,9,11097
S100876,241,476939,28,55496
S100877,308,678216,31,14570
S100878,470,1118600,42,64386
S100879,480,657120,4,6740
S100880,14,27510,0,0
S100881,233,568054,34,55182
S100882,312,483600,19,15618
S100883,188,142316,30,56520
S100884,482,264618,28,11900
S100885,103,205897,16,20704
S100886,114,159828,19,8645
S100887,54,95094,8,15184
S100888,129,158928,22,8558
S100889,58,78010,1,799
S100890,143,336765,28,24752
S100891,92,86020,15,12855
S100892,392,502544,41,24477
S100893,154,135366,9,6894
S100894,301,453908,1,538
S100895,12,19788,2,2890
S100896,266,117306,28,25900
S100897,137,335513,1,529
S100898,313,354942,58,72036
S100899,216,291816,28,48944
S100900,322,791798,50,32650
S100901,455,473200,40,14360
S100902,325,526825,17,14535
S100903,372,254448,39,40053
S100904,93,69006,8,5472
S100905,494,212914,7,5957
S100906,334,175684,52,35568
S100907,439,924095,83,125247
S100908,352,869440,39,46917
S100909,164,295200,5,6740
S100910,201,359589,24,12576
S100911,129,62952,24,16464
S100912,395,685720,34,55420
S100913,134,67268,25,49250
S100914,490,1007930,3,1026
S100915,172,218440,11,11330
S100916,285,662340,53,48071
S100917,274,558138,39,51129
S100918,35,37205,1,315
S100919,213,268806,23,28796
S100920,231,323862,37,44289
S100921,459,579258,80,66480
S100922,43,49880,7,2842
S100923,266,370538,18,18432
S100924,244,309392,0,0
S100925,52,43004,0,0
S100926,167,165831,24,24048
S100927,230,298080,35,42560
S100928,119,142800,9,4032
S100929,407,911273,19,34580
S100930,456,199272,45,17145
S100931,130,254280,11,13266
S100932,279,423801,24,26472
S100933,419,817050,18,34110
S100934,225,184725,13,5590
S100935,69,107157,0,0
S100936,117,134316,12,12060
S100937,125,278125,7,5341
S100938,457,1023680,68,71536
S100939,26,36816,3,3123
S100940,92,127696,7,7105
S100941,190,279870,11,4235
S100942,262,512472,29,50750
S100943,167,90514,7,10794
S100944,122,146522,20,37520
S100945,455,747565,38,28158
S100946,344,743728,47,80511
S100947,288,246528,48,46320
S100948,112,116592,15,17430
S100949,459,565947,80,124800
S100950,164,359324,22,10076
S100951,139,132050,6,7728
S100952,399,246582,35,63770
S100953,257,459516,23,11638
S100954,97,79831,7,9681
S100955,492,712416,28,49028
S100956,472,978928,48,21600
S100957,442,313378,24,24864
S100958,353,877558,69,98601
S100959,140,261240,15,18810
S100960,337,576607,3,1914
S100961,322,727076,44,73392
S100962,396,170280,7,3199
S100963,58,40600,8,4080
S100964,292,516840,54,19386
S100965,185,203500,34,33558
S100966,475,635075,92,35788
S100967,273,283647,6,1938
S100968,224,153888,43,16426
S100969,259,610981,31,46593
S100970,426,244950,71,93933
S100971,152,270256,13,10374
S100972,140,324800,20,32100
S100973,433,595808,56,35952
S100974,378,522018,7,2625
S100975,293,369180,48,18096
S100976,214,273920,14,20188
S100977,192,158784,27,10935
S100978,79,81370,4,4888
S100979,399,604086,19,32908
S100980,410,311600,60,85980
S100981,458,525784,89,111962
S100982,226,157748,3,5568
S100983,182,92092,5,8710
S100984,340,457300,21,21525
S100985,361,611534,11,6721
S100986,41,50758,8,5928
S100987,496,295120,64,51776
S100988,115,137425,6,5310
S100989,221,218790,11,12507
S100990,445,635905,18,14724
S100991,5,2690,0,0
S100992,247,381121,10,10410
S100993,315,254520,36,61740
S100994,134,317178,7,9968
S100995,102,133620,6,6708
S100996,243,137052,28,32844
S100997,83,39259,11,21197
S100998,208,99216,21,12180
S100999,436,726376,81,76059
S101000,5,8040,1,1997
S101001,390,863850,13,4368
S101002,18,17766,3,2991
S101003,377,915356,71,109269
S101004,274,573756,34,43724
S101005,345,840075,69,37605
S101006,493,440249,55,48125
S101007,317,191151,16,14800
S101008,407,484737,65,95160
S101009,223,435519,21,14553
S101010,329,663264,60,67140
S101011,110,66330,14,8904
S101012,365,822345,16,20048
S101013,387,717885,58,92800
S101014,110,91960,17,11288
S101015,345,289110,25,11300
S101016,404,532068,31,44733
S101017,194,124936,28,40992
S101018,80,191840,9,10143
S101019,376,362464,20,12720
S101020,69,120060,4,3668
S101021,192,270720,25,41125
S101022,100,95600,12,13704
S101023,289,236980,38,48906
S101024,198,397980,12,8412
S101025,1,1145,1,488
S101026,160,233440,17,25602
S101027,221,503217,44,66132
S101028,131,219425,14,7252
S101029,456,932976,63,66843
S101030,382,758652,73,121180
S101031,146,363540,11,17677
S101032,218,360572,41,59368
S101033,127,60833,19,36499
S101034,259,637658,38,69920
S101035,27,19791,2,1906
S101036,26,50804,5,4505
S101037,30,36720,1,1652
S101038,369,683388,49,83104
S101039,83,178533,9,15201
S101040,329,195426,45,78255
S101041,460,824320,40,19400
S101042,153,290853,14,8162
S101043,327,343350,12,12900
S101044,17,29393,3,1179
S101045,166,161186,24,29184
S101046,40,84200,7,8666
S101047,282,194298,38,50046
S101048,199,450735,14,7686
S101049,155,120745,9,7578
S101050,404,970812,75,79725
S101051,454,973376,5,4820
S101052,343,162239,19,7486
S101053,202,358954,4,3780
S101054,231,224301,1,668
S101055,128,110464,23,36202
S101056,394,201334,44,32516
S101057,193,196281,27,19305
S101058,303,603576,15,21630
S101059,166,358892,2,2084
S101060,330,417450,48,29520
S101061,176,368368,25,26425
S101062,144,119664,18,7398
S101063,55,46310,7,2800
S101064,402,939876,68,37876
S101065,344,285176,13,16601
S101066,215,326585,15,24855
S101067,383,833408,4,4444
S101068,239,445018,8,6720
S101069,237,445560,1,1284
S101070,404,277548,22,34386
S101071,228,247152,22,31086
S101072,377,885950,13,10348
S101073,69,76728,12,16224
S101074,242,447216,16,9728
S101075,333,169164,2,2118
S101076,202,468438,19,8360
S101077,433,426072,82,119064
S101078,153,190791,1,970
S101079,19,29260,2,2812
S101080,104,69368,15,10335
S101081,445,258990,2,2892
S101082,201,346926,30,42540
S101083,237,572355,3,2616
S101084,49,83006,7,5726
S101085,484,456412,79,116841
S101086,135,167400,4,1820
S101087,183,388692,26,41886
S101088,274,273452,36,24264
S101089,384,913920,27,10908
S101090,322,765716,31,56017
S101091,430,593830,57,20748
S101092,247,311467,18,26010
S101093,165,348480,30,29370
S101094,274,454566,41,59860
S101095,304,125856,40,16600
S101096,363,855228,32,48320
S101097,302,392298,28,28196
S101098,229,237702,31,12927
S101099,364,899444,47,49538
S101100,97,68870,12,13284
S101101,405,739125,7,6272
S101102,462,618156,38,32414
S101103,276,438840,25,29800
S101104,372,317316,13,15743
S101105,412,942656,11,12474
S101106,77,105413,1,675
S101107,400,620400,65,40105
S101108,463,1137128,11,8063
S101109,352,404096,5,2810
S101110,366,886452,18,32148
S101111,435,810405,61,60268
S101112,84,95928,13,8606
S101113,160,271520,18,24966
S101114,114,100776,10,19050
S101115,494,547846,91,53326
S101116,291,372480,2,1050
S101117,49,117649,9,9756
S101118,274,515668,6,5472
S101119,178,114988,35,36085
S101120,135,96930,4,7880
S101121,148,320124,13,18811
S101122,458,282586,88,36872
S101123,55,98450,6,4704
S101124,59,88205,3,3735
S101125,236,112100,42,21420
S101126,157,201745,10,17820
S101127,7,11480,1,1126
S101128,103,175615,17,16694
S101129,65,50180,12,5796
S101130,463,283819,15,19680
S101131,435,473280,7,8680
S101132,245,136465,22,28622
S101133,244,244976,39,49179
S101134,191,226144,14,10360
S101135,409,718204,53,55491
S101136,231,276969,9,13536
S101137,156,311532,1,548
S101138,76,190000,8,8000
S101139,94,187624,18,28782
S101140,118,156586,16,24896
S101141,134,327228,23,15364
S101142,490,1052030,75,136950
S101143,245,147490,30,59700
S101144,364,416416,58,91408
S101145,5,11935,0,0
S101146,335,391280,10,17630
S101147,192,451776,22,9284
S101148,229,306173,44,59488
S101149,269,568128,47,47282
S101150,467,851808,71,109553
S101151,318,276342,26,25246
S101152,153,310590,22,24772
S101153,329,594832,18,10512
S101154,266,607278,21,15918
S101155,367,518938,51,73899
S101156,284,606908,3,1308
S101157,24,25680,2,2230
S101158,345,373635,56,96096
S101159,216,478872,5,4400
S101160,222,447552,40,28080
S101161,499,465068,59,73573
S101162,172,259720,1,972
S101163,188,351184,2,3888
S101164,278,331654,48,40128
S101165,473,722744,0,0
S101166,202,185840,35,53340
S101167,317,548727,41,35998
S101168,159,232776,30,43740
S101169,425,388025,68,121244
S101170,306,725832,0,0
S101171,85,174505,16,23376
S101172,475,432250,18,29790
S101173,46,37260,8,7592
S101174,286,504790,14,27636
S101175,105,112140,19,20083
S101176,224,444192,22,43846
S101177,9,16317,0,0
S101178,460,925060,27,11421
S101179,436,183992,6,2232
S101180,18,24750,0,0
S101181,394,887682,34,17850
S101182,89,193575,1,318
S101183,418,320188,6,4542
S101184,37,35816,0,0
S101185,341,334862,38,74252
S101186,334,518368,57,46797
S101187,195,206895,11,12430
S101188,401,795584,36,13392
S101189,255,504645,15,21240
S101190,199,261287,5,6730
S101191,204,271524,16,15776
S101192,367,693997,40,75000
S101193,155,361305,0,0
S101194,459,249237,80,104960
S101195,256,158720,23,21528
S101196,2,4420,0,0
S101197,302,722988,36,11412
S101198,55,40150,7,12306
S101199,218,215384,5,4935
S101200,489,1200495,65,81900
S101201,119,88060,8,7648
S101202,344,194360,29,52722
S101203,127,107569,11,6325
S101204,107,202444,5,8465
S101205,364,628264,25,46350
S101206,92,92552,1,1434
S101207,322,249228,23,39054
S101208,254,425958,38,57684
S101209,123,88683,19,7714
S101210,485,207580,94,176908
S101211,420,334320,11,6237
S101212,262,393262,48,19680
S101213,398,319594,63,36981
S101214,438,573780,33,57420
S101215,133,267330,23,30383
S101216,249,472104,10,18650
S101217,203,116928,34,21080
S101218,454,931608,65,30810
S101219,414,704214,33,20163
S101220,121,137456,18,8334
S101221,302,636012,38,50958
S101222,280,160160,44,38412
S101223,295,203845,38,54074
S101224,332,223768,61,121268
S101225,1,470,0,0
S101226,309,267903,59,87084
S101227,369,850914,57,18069
S101228,399,895755,38,69654
S101229,138,181746,20,33340
S101230,497,726614,60,95100
S101231,376,930976,18,8586
S101232,419,967890,27,38826
S101233,405,353160,36,37548
S101234,187,82093,22,25102
S101235,328,547432,20,6660
S101236,68,105060,4,4652
S101237,155,159960,21,31269
S101238,422,807708,18,31374
S101239,174,187398,11,20614
S101240,146,140014,22,8932
S101241,402,179292,37,22681
S101242,339,618675,37,28749
S101243,90,69120,6,10662
S101244,464,1094576,71,26696
S101245,245,593880,8,4944
S101246,140,199640,3,2616
S101247,389,790837,28,19180
S101248,93,213900,16,22944
S101249,436,679724,41,79171
S101250,319,413743,3,2907
S101251,4,8756,1,1066
S101252,271,459345,9,9117
S101253,250,271250,17,32402
S101254,304,314944,49,51989
S101255,289,712096,30,34650
S101256,135,64800,24,9312
S101257,386,778176,73,85483
S101258,131,286497,19,6650
S101259,58,120292,4,3460
S101260,340,326400,30,53280
S101261,231,101409,5,9380
S101262,461,732990,8,7928
S101263,444,842268,8,14432
S101264,22,40128,0,0
S101265,249,434505,30,40620
S101266,428,832460,10,16280
S101267,78,107094,11,17809
S101268,350,857500,57,61275
S101269,195,204945,25,38850
S101270,25,18725,0,0
S101271,460,996360,30,56070
S101272,84,113820,12,22560
S101273,394,413306,47,32195
S101274,224,487872,13,4875
S101275,448,1008896,7,3815
S101276,322,406686,15,25215
S101277,386,774316,71,101743
S101278,489,1088514,67,27001
S101279,454,636962,31,51336
S101280,367,348283,29,14558
S101281,217,358484,36,35568
S101282,273,558012,16,30336
S101283,293,210374,52,68120
S101284,18,30924,0,0
S101285,451,282326,61,117303
S101286,48,76368,6,2298
S101287,57,31236,9,14013
S101288,177,414003,10,8470
S101289,151,99358,24,11496
S101290,321,232725,31,45632
S101291,247,333697,0,0
S101292,108,77328,1,1056
S101293,437,348289,73,79497
S101294,388,288284,39,70395
S101295,446,962468,74,127206
S101296,443,383638,1,1210
S101297,470,925430,33,25905
S101298,414,416070,51,36873
S101299,53,82733,2,1670
S101300,112,110208,20,12080
S101301,131,200561,5,7375
S101302,476,843948,13,13871
S101303,123,198891,3,1155
S101304,399,448077,39,14079
S101305,307,727590,20,13520
S101306,369,744273,3,5136
S101307,203,422849,23,39445
S101308,137,175908,3,1509
S101309,114,46512,19,21641
S101310,472,650416,56,71792
S101311,150,98250,24,39960
S101312,320,235520,33,21549
S101313,487,515246,65,67145
S101314,66,73392,0,0
S101315,402,491244,29,50721
S101316,4,1692,1,655
S101317,118,75992,10,3610
S101318,467,701901,56,78960
S101319,71,164933,7,4907
S101320,157,284798,29,50431
S101321,488,596336,93,148614
S101322,145,309720,21,19887
S101323,74,160728,7,12726
S101324,334,560786,66,52536
S101325,468,835380,92,165968
S101326,46,41906,7,8435
S101327,474,668814,59,69738
S101328,207,94599,27,17253
S101329,188,232932,29,37874
S101330,81,127332,10,12200
S101331,417,647184,33,17820
S101332,426,780432,26,40482
S101333,192,388224,2,2758
S101334,399,829122,5,9530
S101335,156,388596,16,4960
S101336,326,232112,46,22080
S101337,443,710129,74,86654
S101338,463,1057029,24,26520
S101339,278,448692,20,21640
S101340,44,29172,3,2652
S101341,317,383253,11,19591
S101342,195,454155,23,22149
S101343,357,187068,26,48698
S101344,337,282406,0,0
S101345,102,117096,19,19836
S101346,193,228512,29,45356
S101347,478,1116608,29,53070
S101348,384,781056,62,85870
S101349,291,140262,6,8994
S101350,479,996799,20,13060
S101351,104,82056,8,4520
S101352,500,410500,12,19872
S101353,430,484610,42,33390
S101354,138,60996,8,6672
S101355,138,221076,0,0
S101356,453,421743,11,4939
S101357,435,393675,22,20988
S101358,300,584700,57,108471
S101359,203,457156,36,68112
S101360,361,666045,52,26000
S101361,63,79758,9,6219
S101362,365,670870,30,11670
S101363,36,46332,6,4458
S101364,109,192494,18,23346
S101365,480,907200,60,76260
S101366,257,611660,50,84900
S101367,252,499464,6,3864
S101368,224,474208,23,12213
S101369,479,695029,88,133672
S101370,81,135594,3,942
S101371,30,62340,4,1488
S101372,9,13626,0,0
S101373,498,337146,80,63440
S101374,211,435926,9,3348
S101375,209,413820,27,12906
S101376,3,3276,0,0
S101377,47,105609,4,4196
S101378,58,143144,10,13870
S101379,416,584064,33,40062
S101380,234,305604,4,1672
S101381,54,39042,0,0
S101382,26,10686,1,312
S101383,383,675995,74,93906
S101384,114,270864,1,1096
S101385,58,64902,4,3880
S101386,188,346672,7,10402
S101387,187,123794,14,26740
S101388,471,433791,20,32440
S101389,68,144568,6,5892
S101390,21,10626,0,0
S101391,324,200556,45,51975
S101392,291,467928,38,67754
S101393,374,206074,35,33845
S101394,226,344424,31,16802
S101395,132,166320,11,4939
S101396,89,40406,1,870
S101397,440,796400,15,14190
S101398,260,291720,47,66740
S101399,158,206348,25,24375
S101400,222,549450,23,40848
S101401,280,557480,39,50232
S101402,420,609420,33,62304
S101403,117,60840,4,4896
S101404,262,208814,4,4960
S101405,371,616231,42,50148
S101406,55,96800,1,637
S101407,11,21219,1,376
S101408,137,339760,6,11334
S101409,159,291447,29,33930
S101410,477,448380,43,39818
S101411,34,44710,6,10506
S101412,446,487032,9,7929
S101413,349,751397,4,5112
S101414,243,172773,35,63070
S101415,145,178640,19,32566
S101416,115,219535,20,24040
S101417,375,547500,56,63728
S101418,443,810247,0,0
S101419,152,371944,12,15780
S101420,135,201420,20,19780
S101421,109,80115,7,13566
S101422,256,539648,30,40950
S101423,64,77824,6,3984
S101424,472,1145072,82,118900
S101425,139,139556,20,14300
S101426,420,986160,84,76104
S101427,20,33640,0,0
S101428,361,250173,56,58296
S101429,246,332838,10,5990
S101430,283,336770,27,14175
S101431,101,85648,9,6057
S101432,8,4952,0,0
S101433,247,344565,43,37926
S101434,369,155349,25,28400
S101435,92,218960,10,10980
S101436,79,143385,4,2248
S101437,373,598665,16,24368
S101438,113,112209,13,16120
S101439,132,231396,25,15300
S101440,434,264306,66,37752
S101441,216,108864,30,30360
S101442,304,253232,28,51968
S101443,334,431862,9,16821
S101444,50,109450,0,0
S101445,364,335608,36,64008
S101446,7,8232,1,411
S101447,100,211900,0,0
S101448,72,167472,8,4216
S101449,179,397201,22,38016
S101450,268,411112,37,53650
S101451,243,452466,45,46170
S101452,404,425412,66,29106
S101453,409,238447,74,54020
S101454,55,72820,8,11848
S101455,205,272035,23,24403
S101456,95,127680,2,1532
S101457,123,216357,16,28416
S101458,214,239680,25,33450
S101459,421,765799,2,1558
S101460,429,747318,80,149440
S101461,4,6204,1,1952
S101462,455,891800,83,33200
S101463,54,32130,1,1131
S101464,338,419458,18,28350
S101465,29,11716,0,0
S101466,348,373752,13,20254
S101467,300,387600,58,87928
S101468,198,111276,31,21576
S101469,97,83614,5,5265
S101470,214,429070,4,3364
S101471,452,462396,5,5430
S101472,64,55040,4,7496
S101473,18,18576,2,2960
S101474,303,430563,54,88236
S101475,149,136335,3,3942
S101476,423,365895,84,45612
S101477,164,150388,9,6327
S101478,63,72513,8,13064
S101479,423,677646,11,21307
S101480,492,933324,81,159732
S101481,431,496081,58,74298
S101482,192,357312,22,43076
S101483,291,332322,23,18584
S101484,387,400158,34,21624
S101485,162,242190,28,28868
S101486,292,503408,30,32880
S101487,88,143352,5,7585
S101488,393,835125,13,17784
S101489,471,1070112,41,26281
S101490,265,301040,33,18216
S101491,227,127801,10,11740
S101492,67,100500,5,7060
S101493,183,169275,9,8127
S101494,421,558667,10,11850
S101495,447,999045,16,6496
S101496,281,376821,46,66010
S101497,264,429000,44,72380
S101498,496,1070368,11,18282
S101499,10,20710,0,0
S101500,208,356096,38,17556
S101501,306,475218,0,0
S101502,381,800862,55,86845
S101503,428,621884,17,16456
S101504,456,241224,47,46295
S101505,194,198462,37,45066
S101506,494,879320,47,70688
S101507,116,142680,17,13957
S101508,59,128797,2,1064
S101509,469,1168748,44,79596
S101510,351,312039,43,45709
S101511,322,378028,36,67140
S101512,221,496808,22,43846
S101513,341,469557,66,59400
S101514,237,306915,24,23952
S101515,291,320391,31,55986
S101516,220,476300,4,2204
S101517,469,574525,13,23036
S101518,245,485345,48,26304
S101519,428,748572,80,137600
S101520,256,540160,23,41561
S101521,356,145604,34,59466
S101522,476,1174292,60,25020
S101523,464,1034720,20,27420
S101524,327,512736,5,2745
S101525,6,13128,1,1794
S101526,360,721800,35,55580
S101527,341,626417,35,12880
S101528,183,392169,2,1272
S101529,439,280082,85,36465
S101530,268,592548,13,7969
S101531,457,806148,50,48450
S101532,452,296060,81,144261
S101533,311,194997,22,41514
S101534,418,572242,65,21515
S101535,178,233002,17,19703
S101536,169,87204,12,7320
S101537,149,74053,27,19521
S101538,13,30472,0,0
S101539,115,66355,17,22525
S101540,411,733224,82,70520
S101541,382,442738,29,46429
S101542,158,202240,30,48390
S101543,396,827640,30,39810
S101544,301,525245,40,46200
S101545,25,60225,5,8825
S101546,96,194592,10,8980
S101547,477,1145277,56,45528
S101548,211,135673,5,8310
S101549,43,22962,8,6776
S101550,448,525504,79,138092
S101551,476,294168,10,11650
S101552,392,555072,45,61245
S101553,254,468122,6,4944
S101554,202,97364,3,1758
S101555,161,197869,1,325
S101556,318,597522,36,13716
S101557,123,183762,9,14112
S101558,295,200305,46,67482
S101559,186,270444,0,0
S101560,465,1045320,59,53100
S101561,488,911584,2,1384
S101562,485,821590,34,27880
S101563,312,284856,20,15140
S101564,369,227304,40,76400
S101565,266,208278,12,11580
S101566,188,160364,11,18095
S101567,212,324148,0,0
S101568,287,352149,35,57575
S101569,228,418836,20,31520
S101570,406,824586,69,29256
S101571,201,414462,27,50679
S101572,141,169905,0,0
S101573,230,274850,33,42702
S101574,160,90240,9,11484
S101575,431,947769,82,56990
S101576,441,879354,20,37240
S101577,430,339270,70,63350
S101578,261,180090,28,34664
S101579,461,669833,42,39900
S101580,425,676175,71,128439
S101581,448,396928,10,11580
S101582,193,159997,30,23790
S101583,332,507296,63,56448
S101584,91,105560,2,2974
S101585,308,211596,18,12636
S101586,50,93450,0,0
S101587,292,642692,2,2572
S101588,55,32065,2,3214
S101589,20,20780,1,882
S101590,310,350610,23,8809
S101591,313,641337,5,7120
S101592,495,659835,2,1544
S101593,434,1079792,53,34715
S101594,280,248080,54,78246
S101595,314,422958,10,14140
S101596,468,679068,5,9900
S101597,28,64288,4,2336
S101598,212,265424,4,6764
S101599,110,120780,8,15248
S101600,53,42347,0,0
S101601,26,29276,1,1006
S101602,300,239400,26,19734
S101603,108,158220,10,7320
S101604,383,621226,23,37053
S101605,56,26712,5,5280
S101606,277,233788,4,6204
S101607,272,369104,7,2723
S101608,461,613591,6,10986
S101609,350,651350,19,36081
S101610,231,111573,12,9792
S101611,130,89180,17,27302
S101612,140,231560,24,9984
S101613,362,590060,26,34970
S101614,360,154440,63,64638
S101615,183,277977,2,1962
S101616,390,733980,40,57600
S101617,192,316032,16,15152
S101618,73,148993,4,4404
S101619,186,92814,30,19110
S101620,387,482589,11,21593
S101621,342,486324,34,17680
S101622,313,251026,41,48831
S101623,77,124740,8,11208
S101624,112,215040,15,27705
S101625,172,223772,4,3648
S101626,283,118294,33,16500
S101627,25,26375,3,1695
S101628,119,159698,6,3540
S101629,316,654752,10,15150
S101630,379,529463,2,636
S101631,67,38458,7,10885
S101632,4,7952,1,1212
S101633,106,180624,16,5968
S101634,11,8844,2,2544
S101635,135,222615,2,3600
S101636,46,106260,0,0
S101637,238,247996,46,36478
S101638,456,226176,91,128219
S101639,414,665712,51,57630
S101640,223,231920,39,52689
S101641,37,84693,3,3024
S101642,261,397764,12,10368
S101643,324,252720,60,71160
S101644,389,702534,7,5614
S101645,220,102080,10,15280
S101646,41,52562,0,0
S101647,345,308775,19,23807
S101648,33,23694,0,0
S101649,395,582230,33,63756
S101650,487,1006629,40,77240
S101651,69,113505,10,19960
S101652,270,253800,27,27675
S101653,68,83028,4,2948
S101654,29,47995,0,0
S101655,447,580206,16,16192
S101656,375,372375,72,76248
S101657,196,147196,0,0
S101658,188,198152,18,32022
S101659,475,389500,47,41360
S101660,150,338550,19,33478
S101661,360,635760,66,29370
S101662,357,607971,0,0
S101663,83,39840,16,11536
S101664,263,289300,6,2634
S101665,210,251790,17,22321
S101666,7,6188,1,1883
S101667,407,770451,32,17472
S101668,268,368768,43,68800
S101669,347,526052,16,24864
S101670,349,441834,53,103456
S101671,109,85783,15,24855
S101672,208,158080,36,45864
S101673,111,49173,3,2772
S101674,328,225336,12,5940
S101675,465,272025,79,71337
S101676,343,842751,0,0
S101677,169,352534,30,46050
S101678,462,820050,64,73024
S101679,132,84744,15,23505
S101680,199,175916,34,31688
S101681,392,240688,34,23120
S101682,331,266786,11,12705
S101683,366,460794,27,23220
S101684,338,216320,15,17730
S101685,204,288864,13,6461
S101686,117,146718,7,13146
S101687,243,290142,25,11375
S101688,253,404547,16,25760
S101689,272,669120,51,36465
S101690,190,456760,19,30989
S101691,137,245504,6,3282
S101692,439,424952,34,63410
S101693,32,77984,6,10782
S101694,191,160058,26,23322
S101695,463,1063511,81,28269
S101696,145,314795,22,41514
S101697,155,73625,3,1605
S101698,393,600897,75,34500
S101699,102,144942,15,6030
S101700,290,434420,29,18531
S101701,202,195940,7,7651
S101702,422,576874,8,7936
S101703,239,547549,26,12428
S101704,180,412560,18,34938
S101705,113,207129,10,16140
S101706,55,72545,6,4962
S101707,402,555162,80,26640
S101708,486,395604,49,95060
S101709,318,494808,47,27589
S101710,289,624240,28,45528
S101711,83,138112,7,6251
S101712,335,806680,4,1864
S101713,158,174116,28,41244
S101714,50,30300,2,3642
S101715,192,469440,19,31711
S101716,434,435736,64,100160
S101717,425,209950,49,54537
S101718,290,154570,17,19431
S101719,122,265472,9,6525
S101720,31,45105,2,3586
S101721,315,728910,55,89925
S101722,319,778360,58,94134
S101723,419,328496,40,48120
S101724,197,115442,26,33774
S101725,404,171700,2,3682
S101726,377,290667,22,37114
S101727,281,136285,1,593
S101728,153,184059,2,2878
S101729,417,309414,4,1324
S101730,313,774049,61,38369
S101731,372,704568,27,19899
S101732,159,206700,25,24825
S101733,468,735696,57,18525
S101734,91,82264,13,8788
S101735,340,461720,49,47971
S101736,427,754082,54,67284
S101737,357,842163,8,6960
S101738,362,790246,65,119600
S101739,491,943211,57,48393
S101740,406,662186,43,27305
S101741,265,277985,20,36780
S101742,482,286308,69,130824
S101743,459,598536,26,41132
S101744,369,747963,59,80240
S101745,21,21714,1,1253
S101746,450,532800,46,46230
S101747,275,621500,37,46768
S101748,228,227772,39,52845
S101749,416,1023776,56,34048
S101750,173,360878,12,23436
S101751,342,810198,38,43586
S101752,276,537372,15,22305
S101753,434,1066772,35,55860
S101754,18,33966,2,1460
S101755,249,283611,32,33984
S101756,269,345665,36,28440
S101757,341,239382,27,24948
S101758,413,166026,31,53568
S101759,476,966756,5,6350
S101760,341,414997,62,77128
S101761,40,72040,0,0
S101762,37,51504,0,0
S101763,196,295176,38,14858
S101764,26,29848,4,5492
S101765,321,129684,63,44352
S101766,97,129398,1,876
S101767,24,38184,3,4629
S101768,155,117955,27,14229
S101769,78,103662,13,13793
S101770,83,100513,6,4596
S101771,436,756460,63,60039
S101772,380,849680,32,28800
S101773,189,200340,22,35970
S101774,330,744480,34,22134
S101775,114,277020,14,9422
S101776,15,22005,1,1467
S101777,111,171606,10,7270
S101778,8,10568,1,508
S101779,295,454005,24,33600
S101780,242,555632,44,23364
S101781,123,225582,0,0
S101782,347,658953,34,24922
S101783,100,213600,12,12300
S101784,472,327568,78,137358
S101785,126,138726,23,6946
S101786,309,616764,27,33183
S101787,455,518245,12,14040
S101788,87,146160,13,18590
S101789,478,857054,57,79800
S101790,273,396942,13,11843
S101791,234,408564,35,35805
S101792,3,1800,1,430
S101793,19,31920,3,1830
S101794,212,368456,9,11979
S101795,462,669900,50,87500
S101796,40,69240,6,5736
S101797,153,203796,18,9810
S101798,378,183330,45,21060
S101799,1,2156,1,1153
S101800,443,864293,80,95920
S101801,125,120625,5,5455
S101802,170,316030,13,9490
S101803,421,350272,17,26418
S101804,331,466048,15,28665
S101805,377,699712,22,17622
S101806,473,206228,84,28896
S101807,172,127796,27,51732
S101808,210,388500,9,17757
S101809,106,170978,7,3066
S101810,291,444357,24,23880
S101811,380,860320,37,58164
S101812,314,212578,26,51402
S101813,149,369669,9,17937
S101814,425,857650,23,19573
S101815,381,494919,15,13530
S101816,450,547650,42,49980
S101817,7,9681,1,453
S101818,35,53270,6,4032
S101819,180,316980,17,8636
S101820,76,186352,0,0
S101821,493,753797,78,54756
S101822,4,7164,1,734
S101823,141,91650,20,7220
S101824,303,499950,26,31954
S101825,146,67744,29,24998
S101826,54,41094,4,3808
S101827,233,444564,13,9802
S101828,303,530553,43,18576
S101829,182,411866,17,32028
S101830,219,102273,26,51714
S101831,237,582309,1,1409
S101832,97,75757,5,4125
S101833,222,413808,12,21756
S101834,1,2393,0,0
S101835,421,469415,75,138150
S101836,292,550712,21,12579
S101837,35,59045,7,4557
S101838,469,635026,12,9948
S101839,285,630990,40,39600
S101840,186,353214,36,41400
S101841,259,379953,7,4802
S101842,283,263473,54,74412
S101843,280,645680,21,22848
S101844,461,212060,70,126700
S101845,391,658444,50,76650
S101846,427,393694,6,3684
S101847,272,325040,21,12033
S101848,391,969289,57,61104
S101849,417,987873,42,45360
S101850,496,1076816,60,44580
S101851,331,269434,47,74824
S101852,412,618000,15,18810
S101853,51,77673,7,10899
S101854,415,813815,71,67876
S101855,41,17671,7,7798
S101856,364,683228,15,15990
S101857,482,472842,3,5676
S101858,108,188568,1,1339
S101859,112,225568,16,18208
S101860,14,30492,1,1379
S101861,139,232130,18,33084
S101862,213,313323,5,2755
S101863,415,570625,46,75900
S101864,448,486528,84,108276
S101865,351,148824,2,3242
S101866,194,196910,5,7640
S101867,79,50481,4,3532
S101868,162,84888,28,30268
S101869,92,146648,17,19142
S101870,138,203826,18,33642
S101871,349,290717,44,66044
S101872,347,624253,12,19248
S101873,435,988320,61,51972
S101874,125,196125,1,590
S101875,40,96640,0,0
S101876,9,18891,0,0
S101877,264,325248,10,7560
S101878,156,389688,27,18873
S101879,135,101655,11,20768
S101880,474,505284,12,8748
S101881,285,605625,30,48150
S101882,159,125292,28,14924
S101883,129,211947,16,16336
S101884,381,164592,59,25724
S101885,125,178000,10,19390
S101886,201,311751,23,33005
S101887,193,147259,27,53055
S101888,442,465868,35,46550
S101889,140,181720,25,47350
S101890,455,1132040,79,148678
S101891,111,149850,22,8448
S101892,333,475524,36,52416
S101893,380,257260,66,114048
S101894,313,533352,53,71974
S101895,57,55860,3,5496
S101896,326,812066,50,61550
S101897,112,256704,19,20691
S101898,13,6604,2,2310
S101899,369,147969,62,85126
S101900,16,25424,0,0
S101901,106,112996,21,41223
S101902,195,234585,6,3990
S101903,407,716727,13,24635
S101904,341,790097,56,65520
S101905,305,380945,42,47544
S101906,441,1032822,85,46410
S101907,474,654120,73,24674
S101908,458,859208,85,35190
S101909,266,461244,16,9808
S101910,141,81075,3,1806
S101911,396,977328,22,28292
S101912,98,73990,11,9889
S101913,76,57608,4,4124
S101914,263,608056,3,3390
S101915,165,378675,3,2010
S101916,344,503616,34,60554
S101917,187,189618,3,4479
S101918,270,244890,18,24408
S101919,59,113516,4,5596
S101920,25,47450,5,1615
S101921,24,42648,0,0
S101922,257,495753,0,0
S101923,70,98070,5,4110
S101924,63,30933,7,5299
S101925,228,230964,3,4146
S101926,425,1056975,16,10752
S101927,182,406042,16,17552
S101928,479,806157,82,162196
S101929,142,203912,16,6080
S101930,220,266420,41,79212
S101931,134,215874,23,25484
S101932,262,147768,10,7870
S101933,148,74296,15,5190
S101934,92,191636,14,24864
S101935,488,464576,97,159468
S101936,219,124611,6,7980
S101937,441,192717,30,41160
S101938,436,382372,37,35002
S101939,317,143284,63,20538
S101940,235,232885,18,32922
S101941,424,310792,37,54316
S101942,149,231844,3,1347
S101943,60,121680,12,20952
S101944,134,280462,8,12640
S101945,432,669168,83,117611
S101946,296,686720,42,16128
S101947,306,643824,45,41445
S101948,294,574770,20,16620
S101949,191,118420,3,1029
S101950,333,824175,3,3903
S101951,124,236344,1,488
S101952,169,218855,17,23477
S101953,145,140940,18,34200
S101954,349,233481,39,56550
S101955,298,724736,33,25146
S101956,422,213110,78,23868
S101957,297,152064,29,15457
S101958,230,123510,8,12248
S101959,12,13500,2,3586
S101960,263,145965,52,87828
S101961,58,76328,3,1719
S101962,244,112484,38,20292
S101963,44,37224,4,5388
S101964,283,331676,29,37700
S101965,427,527345,44,51436
S101966,468,1140048,9,14211
S101967,450,723150,77,148995
S101968,332,594280,43,48719
S101969,281,322869,5,8950
S101970,381,153543,52,80444
S101971,26,42198,0,0
S101972,278,674428,20,14520
S101973,346,652556,48,51456
S101974,78,93600,10,9250
S101975,198,440550,39,40131
S101976,410,531360,69,49473
S101977,225,548775,38,21508
S101978,377,664651,60,53280
S101979,18,31338,3,4476
S101980,97,220675,12,23712
S101981,479,201659,18,26010
S101982,277,534610,23,39698
S101983,72,179496,0,0
S101984,65,93990,12,13284
S101985,33,52305,0,0
S101986,65,116415,8,2520
S101987,130,322400,8,11680
S101988,184,159160,7,2142
S101989,185,350020,37,40959
S101990,412,986328,17,29495
S101991,265,624870,34,28186
S101992,39,73437,6,7476
S101993,401,826060,27,17712
S101994,370,310060,49,31507
S101995,109,104422,13,13312
S101996,329,792561,23,42757
S101997,448,642432,32,26464
S101998,348,409248,65,26585
S101999,226,502398,18,15012
S102000,92,68264,9,13707
S102001,170,99110,19,31882
S102002,230,335800,45,86940
S102003,371,856268,52,45552
S102004,157,125914,22,43912
S102005,27,64422,4,6720
S102006,168,290136,12,7140
S102007,223,441986,8,8120
S102008,399,441693,71,89673
S102009,367,285893,54,82836
S102010,352,557920,33,27192
S102011,84,122220,15,22125
S102012,213,291384,21,27132
S102013,264,414744,24,10320
S102014,52,63076,8,6656
S102015,160,121760,12,23448
S102016,490,206780,95,54340
S102017,309,159135,15,5235
S102018,104,244816,4,1412
S102019,487,922378,53,32860
S102020,177,92040,22,29018
S102021,476,903924,81,47790
S102022,58,85202,9,11520
S102023,132,126588,2,792
S102024,216,463104,17,18683
S102025,239,515762,14,16772
S102026,425,858500,4,5036
S102027,199,92933,27,46899
S102028,314,502086,8,3408
S102029,354,334530,19,34447
S102030,447,514497,83,83498
S102031,402,767820,16,25280
S102032,118,180068,3,3210
S102033,363,570999,72,87696
S102034,294,487452,30,47970
S102035,131,67596,3,4326
S102036,31,73811,3,4098
S102037,481,417508,29,9831
S102038,354,241074,0,0
S102039,167,332664,5,4190
S102040,306,439722,46,70518
S102041,85,100130,12,6480
S102042,62,132804,7,9058
S102043,401,587064,57,111606
S102044,239,299706,4,3020
S102045,327,417906,34,60112
S102046,469,367696,13,16718
S102047,406,238322,18,35424
S102048,239,227050,36,64008
S102049,378,537516,42,75516
S102050,179,418323,15,9240
S102051,397,982575,50,71200
S102052,433,1030973,8,10136
S102053,334,815628,40,74360
S102054,29,33437,2,2670
S102055,99,86328,4,1504
S102056,424,863688,9,15174
S102057,172,307880,33,49368
S102058,380,443080,67,48977
S102059,232,535920,22,14740
S102060,489,494868,24,24312
S102061,193,359559,22,10252
S102062,375,635250,15,21855
S102063,72,174888,10,9750
S102064,399,618450,12,23640
S102065,1,2126,1,1029
S102066,263,486813,33,60687
S102067,271,362327,17,18326
S102068,75,130650,1,898
S102069,57,39501,1,529
S102070,391,799204,64,92352
S102071,0,0,0,0
S102072,168,310464,17,11033
S102073,184,111136,17,26928
S102074,125,203750,9,5175
S102075,217,197904,1,858
S102076,252,194292,46,85284
S102077,147,78498,16,6256
S102078,131,214840,23,28359
S102079,300,568200,12,10896
S102080,119,162792,1,1071
S102081,201,428130,25,9550
S102082,141,252108,24,14616
S102083,385,518210,53,93969
S102084,372,353772,27,37530
S102085,82,87986,1,1061
S102086,5,5740,1,1923
S102087,274,178374,9,12987
S102088,394,580362,54,98928
S102089,389,465633,3,5778
S102090,467,826590,29,36888
S102091,422,704318,2,3010
S102092,269,572970,27,35991
S102093,59,117351,4,6880
S102094,267,573783,50,43550
S102095,339,735291,55,51700
S102096,291,353856,23,14444
S102097,476,674492,66,69036
S102098,246,198768,10,5500
S102099,331,342916,20,33300
S102100,248,104904,7,3535
S102101,292,282072,41,65887
S102102,115,205735,14,11018
S102103,248,313224,38,29450
S102104,462,537768,47,87561
S102105,348,194532,9,17991
S102106,311,344899,10,12730
S102107,337,265556,54,98820
S102108,241,109414,14,7630
S102109,6,10422,0,0
S102110,253,223146,49,67767
S102111,17,17051,0,0
S102112,484,684376,84,58464
S102113,481,1093313,86,112660
S102114,171,222129,4,2472
S102115,270,412830,53,64395
S102116,376,539560,31,23312
S102117,42,79590,2,928
S102118,207,450846,16,27296
S102119,129,202530,10,18080
S102120,5,11545,1,682
S102121,445,315505,61,82838
S102122,255,338895,1,401
S102123,176,410256,22,14300
S102124,411,728292,63,66339
S102125,474,1183578,24,25872
S102126,478,746636,77,130361
S102127,408,387600,71,125315
S102128,309,626034,52,58448
S102129,448,322112,1,1186
S102130,335,447895,1,335
S102131,471,1115799,87,55332
S102132,49,53802,6,10272
S102133,176,248336,21,39144
S102134,116,122960,3,4077
S102135,55,28325,8,11608
S102136,209,328757,8,12512
S102137,458,694328,85,165750
S102138,119,132566,2,3976
S102139,135,311040,9,13356
S102140,116,201840,8,11792
S102141,156,136500,0,0
S102142,253,485760,33,41580
S102143,373,893708,55,90365
S102144,302,716042,36,39960
S102145,414,200790,71,86265
S102146,457,293394,78,117546
S102147,317,392129,46,39054
S102148,358,379838,57,66576
S102149,458,420902,77,56364
S102150,42,96684,7,2611
S102151,250,557500,8,15312
S102152,481,668590,84,31164
S102153,342,738378,55,81895
S102154,150,125850,13,8840
S102155,18,25578,0,0
S102156,437,396359,42,52668
S102157,100,83100,9,17757
S102158,96,50496,11,16962
S102159,202,175336,24,8112
S102160,454,856244,3,3120
S102161,349,177990,31,30380
S102162,47,57904,8,13968
S102163,205,116850,18,30078
S102164,390,184470,2,2892
S102165,55,52690,2,3286
S102166,72,100368,2,3974
S102167,469,216678,1,1128
S102168,161,295596,24,21960
S102169,85,129200,10,18750
S102170,496,337776,76,93252
S102171,81,110646,12,6096
S102172,389,387444,37,23717
S102173,339,314253,22,26290
S102174,51,103887,7,5495
S102175,124,251100,24,27384
S102176,22,41888,1,1367
S102177,392,606816,32,30336
S102178,85,136510,0,0
S102179,165,263505,4,2996
S102180,82,101188,14,6818
S102181,182,253162,23,28750
S102182,304,543552,14,21616
S102183,356,577788,43,70391
S102184,186,170562,35,55300
S102185,55,94545,11,17380
S102186,484,398332,40,37440
S102187,241,333544,24,25176
S102188,97,73817,18,14130
S102189,100,204700,12,11940
S102190,73,29565,3,2856
S102191,436,661412,51,24429
S102192,72,31896,5,7940
S102193,156,212160,6,11952
S102194,105,99855,5,5280
S102195,321,568170,54,100278
S102196,357,188139,6,3048
S102197,30,25830,2,3394
S102198,174,287796,30,43290
S102199,487,669138,54,46548
S102200,441,578151,59,49147
S102201,260,254020,43,48375
S102202,68,87448,2,3868
S102203,291,604989,44,21956
S102204,285,701385,39,17004
S102205,258,519612,12,12240
S102206,392,274400,18,35136
S102207,134,294130,0,0
S102208,374,443938,12,19332
S102209,74,107448,12,4380
S102210,66,46134,4,1652
S102211,317,252332,36,69372
S102212,300,307500,5,4200
S102213,47,103071,1,347
S102214,362,262088,11,21076
S102215,494,842270,36,14796
S102216,84,86016,8,15328
S102217,278,180422,26,21164
S102218,88,39072,9,15381
S102219,487,1044615,24,17424
S102220,341,374759,2,3374
S102221,31,36084,3,4050
S102222,111,254412,1,361
S102223,235,276830,17,24786
S102224,170,201450,34,55930
S102225,58,25346,1,798
S102226,456,975384,11,5214
S102227,423,777474,5,9145
S102228,432,885168,39,47151
S102229,421,780113,48,87360
S102230,345,696900,12,8364
S102231,312,656760,4,1848
S102232,27,63909,3,5583
S102233,394,581544,58,44254
S102234,149,79119,20,15820
S102235,219,178485,43,59125
S102236,133,72352,12,5916
S102237,141,239277,28,23968
S102238,222,118326,3,4053
S102239,51,34680,8,7136
S102240,205,348090,0,0
S102241,474,441294,3,5508
S102242,487,1095263,62,113522
S102243,91,187733,2,1944
S102244,220,329340,39,29952
S102245,347,484759,14,22778
S102246,145,321030,12,16476
S102247,366,566202,51,38964
S102248,484,648560,37,52466
S102249,458,973708,83,60341
S102250,350,180250,9,12357
S102251,472,761336,39,38259
S102252,432,175824,20,20980
S102253,404,416524,71,60279
S102254,113,97180,4,7556
S102255,435,835200,34,26214
S102256,61,81069,11,4147
S102257,481,664261,47,31302
S102258,396,662112,57,37164
S102259,326,395764,2,640
S102260,385,745360,57,38646
S102261,262,274314,20,12920
S102262,430,678540,32,21536
S102263,448,557312,30,49920
S102264,500,386000,83,39508
S102265,106,123702,14,18046
S102266,107,164245,4,2188
S102267,486,1068714,55,98065
S102268,472,1068608,72,91944
S102269,26,38818,2,1278
S102270,423,411156,3,2916
S102271,293,693531,49,74823
S102272,270,414720,42,75978
S102273,431,820193,40,36880
S102274,82,192618,7,2149
S102275,177,150627,26,20176
S102276,368,160448,64,29056
S102277,326,435210,22,30162
S102278,60,111540,9,8694
S102279,234,263952,27,32805
S102280,409,881804,66,84678
S102281,398,916594,51,18972
S102282,174,134328,8,12960
S102283,231,560175,8,10600
S102284,281,278471,16,30848
S102285,426,918456,25,25250
S102286,284,514892,44,82984
S102287,310,401450,9,4014
S102288,30,52680,2,2186
S102289,165,390720,24,34008
S102290,5,4365,1,1390
S102291,71,78242,6,8022
S102292,482,919656,10,10250
S102293,176,143088,25,24500
S102294,413,906948,71,32447
S102295,209,178904,29,17632
S102296,444,531468,14,11368
S102297,358,180432,33,18183
S102298,169,238121,22,20284
S102299,451,364408,24,30288
S102300,22,25102,3,5733
S102301,477,539964,7,2345
S102302,443,793413,70,44870
S102303,25,34775,2,2444
S102304,149,233483,28,12124
S102305,270,224370,18,20628
S102306,448,808192,87,139635
S102307,23,54027,0,0
S102308,153,105264,25,26600
S102309,387,950859,6,11910
S102310,366,529236,53,54007
S102311,233,218321,4,1996
S102312,282,628860,51,30753
S102313,257,376248,13,25831
S102314,169,390897,3,2088
S102315,191,375124,22,11528
S102316,35,74130,6,1842
S102317,252,611100,41,56047
S102318,421,684125,3,2292
S102319,56,29344,5,8810
S102320,309,546621,57,103227
S102321,124,140244,11,19063
S102322,6,14856,1,1368
S102323,13,19201,2,1172
S102324,193,434057,9,10647
S102325,300,630300,24,34752
S102326,69,111987,12,18144
S102327,417,637176,58,49358
S102328,192,221376,20,31240
S102329,224,471520,36,20232
S102330,128,267520,20,19320
S102331,270,411210,3,2187
S102332,384,675072,18,20466
S102333,71,49487,14,9086
S102334,29,45878,0,0
S102335,281,465055,17,13464
S102336,241,206537,3,1071
S102337,432,581040,11,20999
S102338,411,703221,29,45066
S102339,46,46874,0,0
S102340,462,677754,4,7208
S102341,280,161560,25,17725
S102342,401,897438,50,37600
S102343,36,64044,6,11478
S102344,305,149755,19,19779
S102345,42,57876,2,3154
S102346,108,95688,2,1600
S102347,418,945516,13,18759
S102348,349,486506,36,51480
S102349,338,462384,4,5384
S102350,487,953059,95,75430
S102351,244,158112,6,3684
S102352,450,972900,63,112644
S102353,320,765760,2,2404
S102354,308,461076,4,3464
S102355,395,365770,66,44022
S102356,132,183216,2,1862
S102357,140,300860,17,11492
S102358,351,224991,34,11526
S102359,41,18409,7,10878
S102360,143,355641,0,0
S102361,420,192360,81,92826
S102362,179,346007,14,11438
S102363,392,909832,72,73008
S102364,353,839787,49,47481
S102365,36,46080,6,2424
S102366,49,62867,1,761
S102367,65,49920,0,0
S102368,322,145222,28,18172
S102369,144,329328,4,4924
S102370,354,310104,18,28962
S102371,65,106015,6,11502
S102372,487,651606,75,140025
S102373,158,232892,5,7230
S102374,150,369600,13,20462
S102375,436,577700,40,12400
S102376,74,140822,0,0
S102377,133,290605,16,24800
S102378,233,511202,13,13247
S102379,104,218920,16,18704
S102380,351,686907,55,107415
S102381,487,1023187,8,9664
S102382,321,180402,23,29187
S102383,437,1011655,44,80080
S102384,292,209072,5,1705
S102385,231,249942,16,30688
S102386,269,343513,20,10340
S102387,384,807552,61,112362
S102388,2,1660,0,0
S102389,347,840087,59,57820
S102390,474,1002510,47,65189
S102391,384,830976,40,60200
S102392,472,718384,51,65382
S102393,356,447136,71,141645
S102394,457,820772,23,42021
S102395,88,73392,14,16352
S102396,205,313035,23,45494
S102397,285,176415,29,13833
S102398,307,199857,26,22698
S102399,171,392445,3,1143
S102400,468,484848,35,38920
S102401,78,148278,12,12912
S102402,259,129759,23,10304
S102403,35,57505,7,4242
S102404,162,256608,32,38656
S102405,412,979736,49,26607
S102406,468,507312,55,92070
S102407,478,859444,28,12544
S102408,144,59616,28,48104
S102409,393,161916,4,2676
S102410,119,277627,13,16588
S102411,109,237293,0,0
S102412,43,95460,1,779
S102413,436,868076,36,31176
S102414,172,194016,15,17535
S102415,131,314138,23,34638
S102416,276,517500,5,2780
S102417,152,311448,2,3520
S102418,479,514446,95,95095
S102419,177,300192,26,39520
S102420,95,133855,2,2732
S102421,410,544480,14,24682
S102422,383,574117,22,23430
S102423,196,108192,12,12432
S102424,49,63063,7,13391
S102425,455,561470,31,48608
S102426,53,130115,4,6528
S102427,449,941553,2,2366
S102428,34,59330,5,1675
S102429,141,264939,9,12150
S102430,245,411110,13,19591
S102431,20,10480,1,1811
S102432,416,266656,64,126464
S102433,353,295108,33,13761
S102434,375,790500,35,39375
S102435,192,294336,11,10175
S102436,288,449280,4,5644
S102437,86,202186,10,18830
S102438,151,194639,29,11194
S102439,493,1137844,91,47957
S102440,154,113498,14,12936
S102441,255,212670,48,50304
S102442,236,359900,37,56018
S102443,397,807895,33,40953
S102444,84,108360,13,14326
S102445,42,29778,7,7854
S102446,36,54432,7,2310
S102447,459,498933,57,88236
S102448,348,509124,7,5747
S102449,301,598689,4,2004
S102450,53,118296,2,1692
S102451,406,910658,70,109270
S102452,62,89714,10,11540
S102453,179,247378,17,18309
S102454,41,45264,4,1480
S102455,488,200080,11,19602
S102456,71,42742,2,2968
S102457,257,471595,22,38786
S102458,157,140829,29,19111
S102459,207,486864,14,6216
S102460,341,336567,26,22906
S102461,21,30177,3,1911
S102462,47,32759,7,5719
S102463,189,404082,3,1788
S102464,377,790192,60,26160
S102465,158,85794,25,15150
S102466,12,23724,2,1430
S102467,32,70688,5,7175
S102468,194,278972,35,53585
S102469,441,989604,12,22920
S102470,129,183567,19,22629
S102471,211,117949,0,0
S102472,430,859140,57,79743
S102473,0,0,0,0
S102474,400,557200,25,9500
S102475,97,154036,19,6232
S102476,91,169624,15,14820
S102477,491,372178,7,12292
S102478,286,208208,37,72594
S102479,335,423440,6,3312
S102480,343,622202,39,72852
S102481,11,18678,1,647
S102482,209,363869,37,39405
S102483,51,122502,5,3600
S102484,308,563332,18,21978
S102485,214,93518,36,30492
S102486,47,83660,8,8688
S102487,114,94392,18,18972
S102488,427,256627,31,30969
S102489,254,163068,26,17394
S102490,339,354933,34,48280
S102491,389,279691,30,44340
S102492,449,424305,75,138225
S102493,341,499224,23,43585
S102494,379,897851,16,20896
S102495,213,365508,4,6912
S102496,483,427455,94,86010
S102497,17,17986,0,0
S102498,9,21960,0,0
S102499,323,160531,48,80112
S102500,186,199392,24,30816
S102501,250,513750,29,34104
S102502,500,690500,73,140306
S102503,59,135523,1,358
S102504,148,208532,8,14056
S102505,438,291708,4,7008
S102506,203,190211,32,35712
S102507,356,508724,63,99981
S102508,309,349479,12,5700
S102509,245,483875,5,9120
S102510,451,362153,33,39666
S102511,374,347072,39,32214
S102512,277,224924,53,51357
S102513,409,889984,35,19950
S102514,204,328440,12,18744
S102515,342,734274,34,34816
S102516,306,258264,22,11704
S102517,342,239742,48,22848
S102518,125,102000,9,15939
S102519,263,578863,44,19800
S102520,470,822500,42,22176
S102521,135,264870,5,4025
S102522,477,226575,93,49848
S102523,396,511236,63,122346
S102524,58,68730,2,2512
S102525,203,434826,23,13156
S102526,368,767280,64,66304
S102527,126,57456,14,25928
S102528,151,250962,1,495
S102529,353,536560,24,26904
S102530,216,310824,16,28736
S102531,465,1003470,72,23328
S102532,82,124804,13,14547
S102533,214,330202,40,41080
S102534,23,21045,4,5812
S102535,234,165906,32,47168
S102536,116,164952,3,4593
S102537,133,292467,20,37580
S102538,64,88704,5,3185
S102539,469,680988,67,92594
S102540,366,215940,61,98698
S102541,48,98304,3,1470
S102542,155,152830,4,5540
S102543,171,120897,24,32352
S102544,197,203698,7,4242
S102545,154,205744,18,7344
S102546,324,283176,45,69345
S102547,343,794045,24,14616
S102548,137,160153,21,11109
S102549,312,231816,20,30220
S102550,443,646780,23,33856
S102551,466,935262,69,104811
S102552,145,270135,15,8415
S102553,300,749400,48,57888
S102554,86,176988,0,0
S102555,55,132935,11,3762
S102556,413,913556,43,24811
S102557,397,686016,8,13744
S102558,384,462720,16,24816
S102559,8,18408,0,0
S102560,225,285075,35,49490
S102561,143,243672,16,11024
S102562,349,507097,30,28710
S102563,491,792965,77,100793
S102564,339,379002,61,76433
S102565,295,228330,13,12207
S102566,182,109928,36,31608
S102567,423,594315,18,19638
S102568,39,78624,7,7532
S102569,135,239895,13,18135
S102570,441,1041642,79,73075
S102571,487,988610,70,74620
S102572,226,450418,29,57333
S102573,358,891778,50,91050
S102574,371,520884,34,12614
S102575,180,178020,2,3098
S102576,334,773878,6,10878
S102577,434,709590,81,94365
S102578,407,509971,23,14053
S102579,236,298776,43,79464
S102580,184,288144,31,14663
S102581,157,293119,21,16590
S102582,325,537550,4,2096
S102583,24,48336,3,4911
S102584,368,537648,56,82320
S102585,310,139810,61,120597
S102586,232,274688,30,10140
S102587,355,786680,34,67796
S102588,102,154938,16,19312
S102589,177,99297,1,1835
S102590,91,227136,1,1530
S102591,210,366030,21,30744
S102592,17,26724,1,1778
S102593,33,65010,6,8100
S102594,167,123580,27,18981
S102595,178,429692,31,19158
S102596,3,6885,0,0
S102597,458,1134008,69,54993
S102598,209,151943,27,24840
S102599,191,383146,38,63612
S102600,114,107274,2,2216
S102601,43,38700,5,6820
S102602,365,387265,35,20160
S102603,356,784980,68,123352
S102604,34,18326,4,3216
S102605,28,17500,0,0
S102606,426,797472,30,38670
S102607,441,334278,36,23112
S102608,83,193639,12,18204
S102609,425,249900,31,37014
S102610,85,170085,8,6888
S102611,113,151420,4,7876
S102612,233,421031,22,28402
S102613,130,120510,26,28106
S102614,396,392436,62,76756
S102615,375,837750,26,8736
S102616,346,328354,25,29400
S102617,23,31809,0,0
S102618,184,101568,32,60288
S102619,230,442060,22,10054
S102620,254,329946,36,55368
S102621,363,342672,4,7372
S102622,465,783525,9,15093
S102623,248,573624,5,6720
S102624,282,640140,16,24272
S102625,130,190190,22,14564
S102626,110,98230,16,8768
S102627,34,52530,0,0
S102628,464,1105712,31,15438
S102629,418,338162,75,134475
S102630,464,1025440,44,81048
S102631,494,1037400,95,130815
S102632,112,125216,12,23724
S102633,414,979938,2,1696
S102634,493,892823,95,113050
S102635,302,676178,55,63800
S102636,108,173988,16,17744
S102637,170,242760,29,56173
S102638,364,341796,16,11616
S102639,459,284121,24,8592
S102640,386,677044,28,39844
S102641,456,1112640,4,4140
S102642,481,1031745,62,73284
S102643,263,167268,10,19620
S102644,9,11052,1,1208
S102645,464,517824,31,24800
S102646,45,42975,2,2396
S102647,451,285934,65,30355
S102648,5,12345,1,1750
S102649,31,37758,2,1728
S102650,159,89199,29,36830
S102651,99,242748,7,6258
S102652,178,208794,25,24100
S102653,482,630456,40,60480
S102654,207,351693,25,41575
S102655,256,304384,34,50184
S102656,7,12775,0,0
S102657,80,162560,16,18288
S102658,210,502530,24,25248
S102659,209,314127,1,1117
S102660,3,1335,0,0
S102661,125,289500,9,16884
S102662,385,222915,3,4773
S102663,374,814198,28,43568
S102664,70,104860,9,7749
S102665,457,682301,7,5446
S102666,488,394792,29,46893
S102667,126,147798,15,24810
S102668,411,951465,34,21794
S102669,282,421872,10,19140
S102670,270,466560,5,5995
S102671,321,778746,46,54142
S102672,168,341208,21,29421
S102673,264,378576,26,39078
S102674,354,322494,69,32361
S102675,198,346104,16,31664
S102676,410,892570,30,32160
S102677,262,169514,22,13992
S102678,131,227940,14,26082
S102679,311,555757,5,5990
S102680,23,44574,2,2962
S102681,185,188330,31,33325
S102682,43,85011,5,5085
S102683,125,121250,23,15433
S102684,324,665496,55,45045
S102685,89,190727,10,4440
S102686,478,1108482,55,32120
S102687,48,44832,6,6900
S102688,457,630660,40,12120
S102689,163,384517,0,0
S102690,295,244260,47,86245
S102691,397,931362,64,102208
S102692,249,516177,26,41106
S102693,109,177125,5,7105
S102694,413,545160,25,14650
S102695,106,264046,7,7210
S102696,223,237049,31,56265
S102697,363,459195,60,29520
S102698,44,32472,8,13536
S102699,78,32838,12,3660
S102700,151,278746,9,17721
S102701,15,32625,1,719
S102702,333,217116,8,15056
S102703,40,50000,4,5652
S102704,470,517470,53,55862
S102705,375,660000,10,5780
S102706,274,603896,35,65695
S102707,466,554074,35,46935
S102708,381,262509,73,72416
S102709,244,197640,19,36879
S102710,367,747212,29,44805
S102711,243,124659,38,12388
S102712,100,175600,11,21307
S102713,373,404332,72,88416
S102714,471,291078,76,85424
S102715,169,87542,5,6250
S102716,241,244856,31,24459
S102717,108,133596,5,7460
S102718,362,849614,53,83369
S102719,389,305754,14,11172
S102720,48,67632,3,3243
S102721,179,274586,9,10989
S102722,260,354380,35,16100
S102723,215,352385,22,16808
S102724,240,488400,27,14148
S102725,131,110564,17,29869
S102726,28,21364,1,1302
S102727,154,178024,11,15356
S102728,255,184875,6,6864
S102729,449,1092866,12,11100
S102730,363,338316,21,37422
S102731,229,435329,19,9443
S102732,25,42500,4,4896
S102733,160,332320,32,31520
S102734,487,787479,18,6300
S102735,209,405460,28,14588
S102736,92,137816,8,6776
S102737,119,195755,16,30848
S102738,165,244530,9,3204
S102739,366,784338,2,3926
S102740,292,701384,32,26432
S102741,357,885717,24,32976
S102742,288,345600,36,24408
S102743,353,580332,20,33040
S102744,335,226795,11,6347
S102745,335,391280,53,33072
S102746,298,383526,34,67286
S102747,456,466032,64,88704
S102748,232,517360,31,43586
S102749,373,907136,25,13825
S102750,497,657531,40,13080
S102751,118,215232,15,12420
S102752,126,176274,18,31176
S102753,175,89075,12,18000
S102754,225,560475,25,19075
S102755,1,1472,0,0
S102756,148,122544,19,25289
S102757,256,631808,33,36663
S102758,207,285039,6,10668
S102759,270,333720,25,31825
S102760,149,309920,21,14952
S102761,124,75888,7,6293
S102762,447,674523,49,61103
S102763,394,224186,16,31056
S102764,441,1058400,48,69024
S102765,4,8404,1,370
S102766,134,79998,6,8370
S102767,106,168964,6,11256
S102768,382,173810,55,86185
S102769,457,239468,31,29388
S102770,378,700434,48,40608
S102771,368,263120,49,59829
S102772,464,537312,6,9438
S102773,4,8704,0,0
S102774,86,70606,17,26452
S102775,268,128104,13,21502
S102776,73,159651,3,1290
S102777,7,5215,0,0
S102778,260,156260,35,59395
S102779,209,221122,38,61294
S102780,382,742608,52,33852
S102781,310,312790,12,6480
S102782,292,241776,40,25440
S102783,91,186004,13,15665
S102784,180,347580,22,16588
S102785,477,571923,60,98400
S102786,106,181896,15,22830
S102787,388,961852,63,105588
S102788,447,612390,38,74214
S102789,203,279734,39,19500
S102790,282,507318,49,28518
S102791,58,83810,7,10213
S102792,402,677772,77,114191
S102793,101,214120,18,13212
S102794,283,351769,53,89252
S102795,18,25236,2,3626
S102796,418,614042,58,103704
S102797,79,152707,8,15224
S102798,70,61740,1,1952
S102799,138,249366,24,32448
S102800,177,344442,7,10178
S102801,248,617768,1,1977
S102802,150,120600,25,33225
S102803,301,133042,9,13572
S102804,20,15920,4,7360
S102805,448,326592,68,32096
S102806,437,629717,4,4956
S102807,331,317098,34,48688
S102808,472,584808,8,10984
S102809,33,13761,0,0
S102810,343,172529,46,78292
S102811,449,1079396,31,40734
S102812,245,348145,12,17664
S102813,387,950859,57,28671
S102814,143,80652,18,29142
S102815,202,140188,37,50949
S102816,147,205800,24,43440
S102817,399,453264,22,7876
S102818,101,106757,11,9988
S102819,144,80064,17,33575
S102820,61,86803,7,13713
S102821,84,200508,15,17925
S102822,378,532602,12,5952
S102823,349,592253,8,14968
S102824,449,636682,52,101400
S102825,201,380493,6,11412
S102826,353,482904,2,2372
S102827,242,176902,13,9945
S102828,285,413820,14,24500
S102829,145,292755,7,11585
S102830,36,56520,7,7672
S102831,56,60312,4,1468
S102832,199,199199,38,63612
S102833,104,231712,16,24016
S102834,168,269808,3,2559
S102835,248,598176,30,45030
S102836,126,138222,24,9936
S102837,258,242520,34,58310
S102838,155,128185,17,19482
S102839,296,510896,35,58205
S102840,137,331540,3,2160
S102841,470,964910,83,112797
S102842,215,312610,40,27600
S102843,211,182726,9,12204
S102844,34,24922,3,2232
S102845,343,243873,0,0
S102846,83,60341,10,11460
S102847,93,226920,17,30838
S102848,106,73034,4,3056
S102849,415,634535,18,28026
S102850,349,375175,49,40229
S102851,445,1050645,49,79772
S102852,310,650070,20,39540
S102853,26,36504,0,0
S102854,407,724867,2,2444
S102855,326,778814,24,8688
S102856,317,611176,43,71681
S102857,312,754104,28,44380
S102858,58,86014,3,4761
S102859,476,1034348,72,130968
S102860,49,108829,1,957
S102861,311,233250,51,28866
S102862,29,45095,3,2781
S102863,150,240750,12,6756
S102864,240,354720,4,2936
S102865,476,1137164,38,43928
S102866,485,1000070,78,114036
S102867,402,540288,38,66956
S102868,221,360230,38,15960
S102869,407,755799,59,55637
S102870,83,34030,14,9128
S102871,388,647572,71,115730
S102872,498,1046298,25,12950
S102873,339,229842,30,25770
S102874,103,134621,20,28960
S102875,47,55084,2,644
S102876,332,277552,55,19030
S102877,243,477738,9,9792
S102878,173,90306,27,25353
S102879,438,225570,27,30591
S102880,276,446844,0,0
S102881,207,464301,10,6220
S102882,182,417508,11,8822
S102883,328,222056,16,8336
S102884,18,40410,1,1844
S102885,193,319029,9,11727
S102886,95,163590,2,2234
S102887,19,40318,2,2488
S102888,250,186000,25,24250
S102889,107,195703,8,6320
S102890,409,584461,55,83545
S102891,491,813096,91,124670
S102892,7,12145,1,428
S102893,452,341260,71,93791
S102894,267,195711,53,68370
S102895,234,127062,38,48982
S102896,201,238788,11,17083
S102897,482,486338,26,31486
S102898,98,92610,6,6090
S102899,59,93102,2,3622
S102900,117,200538,9,8127
S102901,354,495600,23,20424
S102902,5,10155,0,0
S102903,264,322080,6,7134
S102904,280,290360,43,46569
S102905,280,313320,30,56400
S102906,1,2074,1,385
S102907,373,397618,8,14392
S102908,369,478962,54,21546
S102909,256,145408,24,9408
S102910,287,376544,52,83200
S102911,40,93880,4,6412
S102912,346,332160,62,51460
S102913,145,128615,12,21864
S102914,361,492765,39,51675
S102915,437,698763,21,24213
S102916,93,179025,0,0
S102917,39,35490,5,9765
S102918,417,785628,51,51612
S102919,244,525088,6,2082
S102920,283,301395,33,65109
S102921,264,360096,16,18832
S102922,291,176055,38,11438
S102923,192,348096,20,16280
S102924,182,359450,12,23688
S102925,99,169290,4,3868
S102926,467,535182,53,24062
S102927,162,188406,24,32448
S102928,472,373824,88,35816
S102929,478,812122,82,96104
S102930,68,122060,0,0
S102931,192,109056,12,19104
S102932,197,120367,10,11380
S102933,162,147258,24,18432
S102934,162,201852,30,20790
S102935,339,318999,26,50830
S102936,149,170456,26,40144
S102937,28,13244,0,0
S102938,130,314470,13,23894
S102939,204,294576,20,30660
S102940,406,422646,55,73205
S102941,13,29926,0,0
S102942,478,282498,73,115632
S102943,167,179358,13,9737
S102944,195,229125,7,5747
S102945,171,257868,26,12324
S102946,185,210715,11,19239
S102947,177,341787,20,10180
S102948,433,868165,63,59472
S102949,250,605250,27,12582
S102950,223,332716,32,13472
S102951,396,604296,20,37440
S102952,457,399875,1,338
S102953,320,139200,54,30024
S102954,63,69615,3,5661
S102955,188,402884,13,14430
S102956,122,270840,17,25075
S102957,104,78312,20,16960
S102958,361,233567,38,33098
S102959,290,519390,11,12551
S102960,193,385421,17,17867
S102961,239,151765,42,25620
S102962,455,943670,84,128856
S102963,61,102053,8,13560
S102964,5,7265,0,0
S102965,134,109612,4,5168
S102966,113,141250,9,9459
S102967,24,45216,3,5208
S102968,96,180192,6,11310
S102969,331,532910,61,120170
S102970,212,234472,13,14313
S102971,72,74016,8,10800
S102972,77,149534,1,1250
S102973,62,83328,5,9965
S102974,241,473806,26,39754
S102975,496,801040,31,29915
S102976,200,372800,6,11568
S102977,117,189540,14,13412
S102978,304,501904,14,11984
S102979,313,620679,28,34748
S102980,401,936335,29,35786
S102981,34,64260,1,1748
S102982,255,307785,14,5810
S102983,333,203130,54,31482
S102984,445,1048865,56,33096
S102985,494,1129778,11,4730
S102986,322,453054,41,65723
S102987,204,312936,31,53723
S102988,373,251775,21,24927
S102989,248,326368,26,25584
S102990,28,65128,5,3625
S102991,451,628243,15,25290
S102992,129,66177,15,12390
S102993,309,133488,0,0
S102994,258,366876,42,26544
S102995,223,221216,2,1324
S102996,339,285777,21,15792
S102997,11,4950,2,2346
S102998,56,58688,0,0
S102999,279,504153,35,25620
S103000,31,61008,6,5844
S103001,201,275370,14,24136
S103002,434,824166,25,27000
S103003,270,512190,44,31108
S103004,21,20076,2,914
S103005,358,776502,40,52280
S103006,71,92016,6,5400
S103007,426,175938,25,8700
S103008,370,729640,62,59334
S103009,30,23760,4,6920
S103010,231,406329,20,19000
S103011,334,557112,1,899
S103012,250,492750,49,78400
S103013,221,286416,37,14393
S103014,183,399123,22,12892
S103015,297,523611,57,37848
S103016,201,240999,23,34891
S103017,26,39988,1,860
S103018,67,34706,7,7098
S103019,227,529137,25,27425
S103020,37,52059,0,0
S103021,8,16528,0,0
S103022,303,516009,24,28800
S103023,251,299192,5,9635
S103024,272,419152,9,17073
S103025,73,108770,7,9807
S103026,306,369954,3,3258
S103027,288,285696,56,87416
S103028,11,19844,2,2134
S103029,150,184200,16,7104
S103030,80,149040,5,7565
S103031,138,174570,27,37908
S103032,19,8664,1,934
S103033,49,53606,6,10926
S103034,422,225770,26,25532
S103035,458,761196,23,22057
S103036,327,611163,40,53880
S103037,494,276146,9,6174
S103038,64,127744,4,3644
S103039,248,318184,37,52725
S103040,131,310339,0,0
S103041,457,1062525,83,73372
S103042,270,562140,40,69480
S103043,184,233128,6,3936
S103044,355,678405,47,30550
S103045,230,279450,24,26568
S103046,92,166704,9,11979
S103047,331,139020,14,22260
S103048,352,219648,29,52838
S103049,43,97610,4,6564
S103050,257,618342,1,882
S103051,47,108241,7,9912
S103052,437,856957,31,59365
S103053,9,20385,0,0
S103054,13,25558,1,1500
S103055,233,312686,13,20618
S103056,271,209212,19,31388
S103057,413,569114,40,65880
S103058,371,833266,25,43150
S103059,365,451140,44,79288
S103060,41,29848,5,5245
S103061,410,412460,32,15360
S103062,178,422750,28,42616
S103063,86,150156,17,26962
S103064,361,612256,27,53676
S103065,12,11784,0,0
S103066,481,939393,46,74152
S103067,265,247245,47,74965
S103068,332,453180,64,33984
S103069,453,678594,36,67428
S103070,305,360205,11,15752
S103071,309,562380,21,25662
S103072,308,266728,33,55440
S103073,28,49028,1,1832
S103074,104,242736,17,31535
S103075,161,140070,10,6120
S103076,88,166848,6,11502
S103077,171,370215,17,19465
S103078,31,14074,6,6216
S103079,221,190944,18,8658
S103080,406,239946,34,49096
S103081,481,1185665,48,64176
S103082,296,602656,21,25116
S103083,32,47328,3,3993
S103084,140,337820,5,6655
S103085,303,612969,14,4228
S103086,278,252702,8,14616
S103087,349,256515,55,67210
S103088,324,451656,61,33550
S103089,497,494018,80,86240
S103090,108,255636,21,25158
S103091,94,222404,6,1938
S103092,415,340300,37,13431
S103093,266,503006,1,1627
S103094,254,143256,32,32064
S103095,405,298890,58,65366
S103096,486,1077462,43,74476
S103097,40,81440,1,363
S103098,482,444404,62,99572
S103099,453,999318,74,107004
S103100,432,1071360,43,34185
S103101,112,243376,2,3100
S103102,102,76296,1,1284
S103103,281,276785,49,66101
S103104,124,259160,14,21532
S103105,213,182541,8,14368
S103106,4,9648,1,1465
S103107,251,117217,39,27144
S103108,81,67149,8,4248
S103109,281,209064,43,60587
S103110,151,201887,25,46325
S103111,309,718734,44,69212
S103112,26,20384,3,5292
S103113,145,71195,7,11039
S103114,443,981245,23,41630
S103115,95,133855,8,5232
S103116,340,263160,40,36640
S103117,111,59496,0,0
S103118,233,216224,42,82614
S103119,420,409500,26,30212
S103120,179,397380,33,49665
S103121,53,82680,6,8676
S103122,172,373756,16,24480
S103123,490,566930,19,22306
S103124,428,278628,32,20992
S103125,55,130570,2,2080
S103126,373,571436,4,1972
S103127,130,282620,3,1809
S103128,225,176625,15,27120
S103129,367,184234,42,29274
S103130,211,196019,27,11988
S103131,224,546560,5,8415
S103132,118,205320,6,8178
S103133,335,211050,49,92267
S103134,323,594320,37,59866
S103135,437,874000,76,83448
S103136,77,79849,9,2844
S103137,165,100320,28,22204
S103138,450,958050,45,49680
S103139,40,29560,8,12944
S103140,435,980055,33,13299
S103141,365,861765,33,51216
S103142,300,208800,48,26064
S103143,434,815920,45,31725
S103144,318,164406,15,15390
S103145,295,648705,12,13428
S103146,440,699600,29,55651
S103147,167,85838,30,11850
S103148,376,325240,20,36880
S103149,478,924452,0,0
S103150,181,102446,33,38346
S103151,475,948575,10,3140
S103152,455,380835,88,104280
S103153,184,102120,18,28656
S103154,326,391852,6,11460
S103155,177,75402,19,36537
S103156,157,170031,5,6865
S103157,163,142951,8,3288
S103158,127,251841,4,4684
S103159,171,222129,13,13923
S103160,170,362780,18,14346
S103161,220,313940,41,27265
S103162,1,2231,1,876
S103163,73,125414,5,3195
S103164,125,202250,23,39583
S103165,290,405420,45,81585
S103166,67,103716,1,964
S103167,345,691035,64,91456
S103168,487,274181,96,158496
S103169,368,830208,18,25740
S103170,170,369580,0,0
S103171,249,322953,34,47192
S103172,316,545100,2,3248
S103173,331,292604,0,0
S103174,408,717672,10,3180
S103175,388,743796,14,24136
S103176,419,304613,73,143518
S103177,493,608855,10,18390
S103178,362,566168,40,13200
S103179,159,137058,5,7940
S103180,187,461516,8,4648
S103181,269,269538,20,26660
S103182,183,422547,28,8876
S103183,85,47515,14,24472
S103184,422,370516,77,143990
S103185,327,623589,53,18921
S103186,176,165616,32,33248
S103187,477,925380,18,17946
S103188,166,119354,15,27420
S103189,213,416202,26,12272
S103190,396,211860,6,9372
S103191,335,761790,19,16397
S103192,471,900081,77,81774
S103193,458,792340,18,8874
S103194,466,448758,17,8738
S103195,439,766933,47,53063
S103196,349,413565,13,21775
S103197,142,208740,21,7497
S103198,137,236325,21,25053
S103199,257,378818,31,38223
S103200,166,363540,10,10790
S103201,318,279522,36,23688
S103202,370,393310,74,44178
S103203,233,194322,0,0
S103204,410,973340,51,99093
S103205,228,386460,21,33264
S103206,265,374710,52,25844
S103207,40,25200,8,4112
S103208,84,99708,8,11184
S103209,308,435512,52,35412
S103210,109,217564,9,14454
S103211,171,132183,7,9912
S103212,483,1048593,41,63714
S103213,267,200784,29,52693
S103214,458,991570,0,0
S103215,372,220968,60,91860
S103216,145,297830,13,22854
S103217,56,74144,0,0
S103218,12,16440,1,1084
S103219,74,83102,1,688
S103220,462,826518,1,1118
S103221,134,311818,4,6720
S103222,12,23184,2,2520
S103223,206,92494,4,6924
S103224,325,343200,11,8624
S103225,352,461472,6,10992
S103226,173,400149,5,9765
S103227,476,892500,13,19864
S103228,451,847880,78,58890
S103229,102,241026,4,4212
S103230,41,51332,3,4179
S103231,221,281996,36,55872
S103232,230,419980,18,21402
S103233,279,286254,44,30492
S103234,259,463092,30,21120
S103235,61,56608,5,6080
S103236,110,144430,8,3008
S103237,459,772956,24,19440
S103238,288,124704,49,81144
S103239,87,184788,10,15420
S103240,77,167937,12,11748
S103241,10,13660,1,711
S103242,487,283921,7,3514
S103243,211,254044,35,49455
S103244,36,84312,7,3976
S103245,343,350889,1,1952
S103246,467,353519,1,1590
S103247,369,432468,22,29810
S103248,461,600222,10,4680
S103249,33,13926,6,4104
S103250,312,715104,18,22878
S103251,78,150150,13,22568
S103252,386,610652,54,88614
S103253,293,472609,31,53754
S103254,455,318500,31,53599
S103255,21,47649,1,338
S103256,215,179525,0,0
S103257,258,358362,17,25024
S103258,219,88914,25,39525
S103259,450,378450,49,89866
S103260,141,179634,3,2043
S103261,103,54384,12,16080
S103262,38,42104,5,8995
S103263,259,606319,33,17523
S103264,329,245434,7,13517
S103265,66,119196,2,2602
S103266,21,45087,0,0
S103267,71,141929,13,4849
S103268,347,733558,12,10656
S103269,374,414766,32,30080
S103270,281,610894,17,7939
S103271,151,268478,23,30981
S103272,93,123411,2,1420
S103273,448,732032,21,30387
S103274,482,1112938,25,19250
S103275,102,49776,14,16968
S103276,489,602448,59,62304
S103277,109,181921,15,12825
S103278,238,365806,24,21792
S103279,5,5080,0,0
S103280,181,335393,19,32699
S103281,41,37884,1,621
S103282,157,156215,13,12766
S103283,388,559108,50,21850
S103284,30,62640,0,0
S103285,320,283520,35,14035
S103286,123,165681,12,15780
S103287,218,187044,8,6032
S103288,179,399349,6,11658
S103289,14,6174,2,1368
S103290,100,79800,12,14712
S103291,364,698880,1,1108
S103292,91,48958,15,4740
S103293,494,987012,57,110865
S103294,348,612480,10,9070
S103295,103,67568,12,12768
S103296,357,878577,46,43608
S103297,377,912340,56,57008
S103298,155,236685,7,11158
S103299,380,738340,5,8360
S103300,224,169344,31,19778
S103301,382,277714,45,51075
S103302,209,248919,37,43512
S103303,91,206115,11,9405
S103304,335,407360,7,6300
S103305,27,58239,5,9790
S103306,146,325872,2,644
S103307,73,170309,11,3300
S103308,137,170976,21,38472
S103309,292,573488,52,101244
S103310,344,521848,13,6565
S103311,241,566350,41,33948
S103312,148,229104,1,551
S103313,417,577128,48,22752
S103314,210,119070,29,27521
S103315,288,253152,6,11604
S103316,486,250776,7,12355
S103317,360,178200,8,15440
S103318,73,93294,10,12000
S103319,19,19266,2,3578
S103320,208,232128,2,1184
S103321,472,636728,46,51888
S103322,65,40430,4,2992
S103323,363,895884,44,17952
S103324,29,51272,2,880
S103325,112,75824,12,11400
S103326,269,618700,50,27150
S103327,77,45507,11,4499
S103328,56,52248,2,3316
S103329,104,99320,15,6960
S103330,372,494388,19,6574
S103331,306,198900,48,44832
S103332,418,823878,49,83692
S103333,454,402244,17,26622
S103334,205,285770,4,1784
S103335,475,901075,50,73900
S103336,476,1115744,12,21216
S103337,474,1103946,89,39516
S103338,494,1037894,16,18480
S103339,255,237915,5,4275
S103340,181,357837,29,52345
S103341,144,323712,27,26217
S103342,18,19638,3,1650
S103343,484,903628,66,76164
S103344,55,107030,1,1809
S103345,430,591680,39,47541
S103346,35,85295,6,9510
S103347,47,56306,7,10346
S103348,280,586880,55,105930
S103349,237,380859,16,30848
S103350,299,556738,58,88566
S103351,245,316295,28,40264
S103352,218,237184,25,25500
S103353,353,315582,15,19200
S103354,309,617382,12,17556
S103355,42,28644,7,10654
S103356,88,113696,17,22525
S103357,260,352820,17,5712
S103358,343,393421,47,62651
S103359,197,210987,26,19032
S103360,272,140896,33,64482
S103361,194,207968,29,22765
S103362,458,422734,14,4606
S103363,346,784382,30,38130
S103364,230,372600,11,17754
S103365,150,250050,25,20000
S103366,415,707575,54,49248
S103367,263,107567,30,39870
S103368,292,421356,3,3318
S103369,67,146931,9,6741
S103370,22,39072,3,4566
S103371,413,824348,39,30264
S103372,281,628597,49,33908
S103373,106,165996,12,7548
S103374,83,129978,12,10464
S103375,138,126132,17,20927
S103376,393,421296,21,41895
S103377,113,91304,20,13700
S103378,458,197398,35,10605
S103379,3,5310,0,0
S103380,376,547456,67,77117
S103381,493,579275,42,80808
S103382,10,16190,2,2068
S103383,100,218300,20,17700
S103384,25,34050,2,1252
S103385,224,123872,13,21814
S103386,323,352070,0,0
S103387,214,152582,14,15120
S103388,427,415898,51,38454
S103389,294,400428,49,65121
S103390,140,162680,9,12735
S103391,42,42546,0,0
S103392,287,526645,17,8160
S103393,114,219222,4,4584
S103394,64,67968,8,11840
S103395,363,904596,11,3685
S103396,280,517160,2,742
S103397,16,12800,3,3300
S103398,171,396378,18,9720
S103399,26,49166,0,0
S103400,51,123471,1,1879
S103401,41,35957,7,11487
S103402,3,7197,0,0
S103403,434,589372,65,63700
S103404,170,274550,31,35402
S103405,335,828120,33,41250
S103406,194,459586,20,7340
S103407,353,702470,25,21825
S103408,129,298377,0,0
S103409,139,219342,9,5985
S103410,253,372922,3,3840
S103411,207,440289,17,15453
S103412,147,129213,1,1072
S103413,62,66960,0,0
S103414,400,671200,8,13944
S103415,70,68600,2,748
S103416,453,621063,69,90459
S103417,350,760200,57,41325
S103418,348,570024,17,25449
S103419,373,249537,65,60385
S103420,444,869352,12,7092
S103421,70,97510,9,4698
S103422,481,1184222,17,15504
S103423,380,719720,12,21828
S103424,467,732723,4,7268
S103425,419,873196,47,36660
S103426,151,86221,5,7840
S103427,435,496335,50,54500
S103428,254,327914,6,6996
S103429,231,420189,1,928
S103430,96,232896,8,7072
S103431,122,83082,23,35052
S103432,228,430920,16,9248
S103433,114,257412,4,5404
S103434,4,3324,1,346
S103435,419,750429,22,29634
S103436,130,240240,7,11550
S103437,47,41219,5,9350
S103438,270,610200,2,2464
S103439,307,221961,42,70392
S103440,134,111488,22,36916
S103441,401,469972,77,104797
S103442,426,454968,74,100048
S103443,436,307380,80,25040
S103444,374,753610,5,4600
S103445,137,110559,11,16577
S103446,114,198930,1,1511
S103447,275,189475,33,14454
S103448,143,277992,22,32142
S103449,212,319908,41,42804
S103450,108,149580,14,6930
S103451,373,634100,60,107760
S103452,134,179694,7,4823
S103453,152,190152,25,21450
S103454,36,32688,2,3208
S103455,379,714794,13,24869
S103456,143,291148,23,39353
S103457,128,65536,25,14800
S103458,85,125205,16,12640
S103459,30,30420,5,2955
S103460,4,6556,1,647
S103461,269,600946,19,31597
S103462,115,178825,6,10272
S103463,179,357642,8,4328
S103464,122,109434,17,27370
S103465,138,100188,22,31834
S103466,437,246031,61,32879
S103467,325,722475,6,8730
S103468,284,570556,53,56498
S103469,295,543390,19,8436
S103470,500,1209500,99,71478
S103471,91,108563,9,14616
S103472,80,141200,3,2112
S103473,258,564504,7,8393
S103474,163,276774,26,25168
S103475,33,75405,1,1623
S103476,478,696446,21,23541
S103477,77,40810,13,25454
S103478,52,83252,3,2517
S103479,265,512510,10,3550
S103480,394,732840,67,124285
S103481,135,305775,23,39514
S103482,327,130800,43,38184
S103483,423,295254,16,14192
S103484,365,553340,62,84878
S103485,284,449572,13,5330
S103486,9,16020,0,0
S103487,327,387822,41,28413
S103488,167,197394,11,9053
S103489,158,226098,9,13455
S103490,348,623616,60,116520
S103491,304,693728,35,38115
S103492,326,281990,17,24548
S103493,389,801340,0,0
S103494,109,157287,4,7280
S103495,85,92055,11,11990
S103496,66,100716,6,10566
S103497,371,900417,60,57600
S103498,39,78780,6,10614
S103499,435,900015,29,8787
S103500,124,88288,15,24780
S103501,76,66272,3,3513
S103502,83,136286,8,5184
S103503,34,71400,5,8400
S103504,293,576331,4,6748
S103505,449,994086,55,21010
S103506,1,431,1,416
S103507,358,418144,24,28464
S103508,347,700246,52,56628
S103509,202,190890,25,9100
S103510,259,461538,44,42900
S103511,281,694351,54,93852
S103512,101,236037,3,1179
S103513,106,185818,20,19440
S103514,286,432718,22,15972
S103515,487,1191202,63,100107
S103516,291,688506,15,13275
S103517,60,138420,4,1280
S103518,129,313857,2,2036
S103519,491,474306,72,38160
S103520,71,63332,3,6000
S103521,418,760342,64,89280
S103522,252,129024,16,11536
S103523,72,39384,14,19726
S103524,9,13374,1,1359
S103525,440,287760,6,11748
S103526,296,726384,56,78008
S103527,487,1056303,41,48503
S103528,245,295225,12,21924
S103529,138,264822,18,23868
S103530,348,496596,5,9130
S103531,358,850608,13,24531
S103532,359,823905,41,71135
S103533,87,140070,14,24850
S103534,446,957562,76,59052
S103535,418,731500,2,1218
S103536,3,1296,1,678
S103537,302,541788,25,48500
S103538,488,749080,20,22020
S103539,333,351648,37,70818
S103540,345,616515,69,82110
S103541,59,68971,4,4956
S103542,194,136770,20,18040
S103543,3,1212,0,0
S103544,256,104960,5,4475
S103545,122,200446,3,4182
S103546,347,385170,36,37188
S103547,96,38688,12,14964
S103548,424,1002336,19,11837
S103549,152,186352,7,10339
S103550,6,12126,1,1802
S103551,443,730064,80,49920
S103552,84,110712,3,1020
S103553,411,309072,22,40348
S103554,160,105600,8,11416
S103555,112,145712,15,29430
S103556,8,17624,0,0
S103557,107,69550,5,3335
S103558,142,153076,28,34888
S103559,289,367897,6,6648
S103560,201,274767,9,7821
S103561,43,105651,0,0
S103562,45,68670,7,13230
S103563,434,723478,8,8232
S103564,70,95270,5,6685
S103565,280,289240,46,60996
S103566,2,2420,0,0
S103567,378,549990,26,35958
S103568,241,150384,5,6065
S103569,203,251923,7,6188
S103570,15,15165,3,4194
S103571,128,93568,19,11400
S103572,303,356934,13,16744
S103573,86,191608,9,9243
S103574,347,464286,44,44352
S103575,8,17280,0,0
S103576,417,674706,16,29072
S103577,18,26910,3,3429
S103578,106,143842,0,0
S103579,493,377145,9,5805
S103580,492,246000,40,22080
S103581,479,738139,33,57552
S103582,343,528220,16,20032
S103583,455,1103830,70,101570
S103584,191,423447,4,1440
S103585,60,55320,7,13006
S103586,110,260370,17,32232
S103587,210,309960,21,11487
S103588,204,487152,35,47845
S103589,188,89676,23,45011
S103590,344,299968,66,19800
S103591,450,994950,6,2850
S103592,112,81312,11,3949
S103593,341,184822,54,34074
S103594,380,851580,21,30975
S103595,242,394460,4,2512
S103596,246,251166,11,7084
S103597,98,154252,5,3850
S103598,84,82656,6,2232
S103599,299,683514,58,92510
S103600,28,21644,5,3365
S103601,197,186756,6,4686
S103602,102,152592,4,7976
S103603,98,220598,8,13984
S103604,114,239400,4,7968
S103605,387,369972,25,37500
S103606,268,311952,30,12450
S103607,9,17820,1,593
S103608,314,479792,12,22632
S103609,292,692916,40,25800
S103610,450,669150,17,11458
S103611,224,263200,18,32256
S103612,217,226548,42,66150
S103613,20,46880,2,3880
S103614,466,478582,21,25221
S103615,245,441245,33,44253
S103616,438,984624,15,13185
S103617,119,241451,10,8110
S103618,345,418140,33,41184
S103619,308,715484,3,2133
S103620,64,102848,11,4389
S103621,137,217145,13,13481
S103622,221,397358,36,62352
S103623,159,221010,24,43680
S103624,245,229320,3,4245
S103625,318,510390,45,50580
S103626,54,55188,1,344
S103627,242,428098,30,58620
S103628,292,193304,40,57520
S103629,276,285384,27,31644
S103630,348,310764,60,25620
S103631,45,59265,6,4680
S103632,415,756545,28,10108
S103633,0,0,1,1029
S103634,351,365391,20,37660
S103635,310,689440,33,21516
S103636,285,140220,29,27376
S103637,118,218654,21,32067
S103638,138,343482,5,6610
S103639,37,72446,2,858
S103640,117,156312,17,17442
S103641,48,94176,6,4230
S103642,403,344162,65,54600
S103643,295,395595,18,9882
S103644,99,160281,11,21769
S103645,457,1083547,6,8706
S103646,500,408000,63,79947
S103647,161,208173,18,13104
S103648,112,261856,9,11448
S103649,464,715024,40,41680
S103650,396,520740,3,4485
S103651,189,186543,30,34590
S103652,52,72020,8,2432
S103653,421,274913,47,53439
S103654,121,176176,14,12096
S103655,498,683256,68,41752
S103656,285,698250,8,7856
S103657,291,679194,34,35666
S103658,155,285200,22,20878
S103659,9,15021,0,0
S103660,161,384951,1,1904
S103661,143,352924,25,10150
S103662,461,902638,5,9445
S103663,204,472668,38,68058
S103664,91,140777,8,12296
S103665,496,658688,78,43914
S103666,98,74088,17,9758
S103667,3,5247,0,0
S103668,480,974880,69,124338
S103669,151,87731,25,33400
S103670,494,792376,0,0
S103671,132,159456,8,10488
S103672,416,621504,62,97650
S103673,394,940084,72,93024
S103674,264,268224,26,34944
S103675,443,948020,19,17195
S103676,165,197175,4,6804
S103677,151,81993,18,9702
S103678,351,776061,14,11928
S103679,247,275652,28,10360
S103680,120,145320,18,18648
S103681,136,189584,10,7130
S103682,117,242424,4,2420
S103683,318,687198,62,77810
S103684,166,103086,27,19008
S103685,375,886125,27,49680
S103686,449,499288,82,82164
S103687,188,277676,36,14184
S103688,131,111088,22,42702
S103689,381,632079,46,61548
S103690,382,776988,20,14180
S103691,290,207350,12,18840
S103692,199,481779,28,26012
S103693,124,179676,21,33201
S103694,53,79288,6,7212
S103695,36,87804,0,0
S103696,475,1039775,38,36518
S103697,86,204422,6,6090
S103698,72,33192,1,760
S103699,106,169600,7,12488
S103700,197,319140,24,21384
S103701,176,276496,16,16720
S103702,26,10894,2,722
S103703,55,122815,7,13888
S103704,354,743400,58,113912
S103705,191,184888,2,620
S103706,119,197421,18,27612
S103707,375,556500,8,15144
S103708,57,96216,2,3088
S103709,292,308352,25,22475
S103710,157,95142,16,7920
S103711,9,17424,1,616
S103712,146,75774,21,15687
S103713,9,15876,1,1175
S103714,184,447488,33,39732
S103715,400,642400,56,66304
S103716,256,430080,5,7280
S103717,123,123369,18,25686
S103718,445,971435,24,16344
S103719,234,303030,4,2112
S103720,320,333440,20,32320
S103721,293,398773,32,9952
S103722,391,596666,14,15862
S103723,309,381306,29,33263
S103724,383,846430,0,0
S103725,220,296780,10,14810
S103726,182,365638,31,30225
S103727,284,422876,37,27676
S103728,63,152145,11,9658
S103729,126,248346,4,5280
S103730,407,326007,32,62272
S103731,61,147010,2,1198
S103732,464,469568,70,55650
S103733,9,14706,1,1240
S103734,395,391840,67,88976
S103735,171,214605,30,47550
S103736,283,400445,33,52734
S103737,384,320640,38,56658
S103738,469,956760,22,17358
S103739,320,514560,1,1640
S103740,382,399572,9,9693
S103741,131,276541,25,29225
S103742,493,1107278,12,18624
S103743,127,194437,21,12726
S103744,309,650445,8,7344
S103745,272,255952,39,65403
S103746,92,105984,18,35964
S103747,131,173837,4,2528
S103748,354,810660,13,5954
S103749,163,150938,13,23231
S103750,177,426216,33,14652
S103751,145,125135,27,38421
S103752,31,35216,6,2250
S103753,188,291776,0,0
S103754,263,245379,31,52049
S103755,315,211680,35,11445
S103756,133,115045,23,33005
S103757,351,735345,7,7091
S103758,206,283868,32,10656
S103759,151,79426,0,0
S103760,186,352470,11,11726
S103761,470,474700,52,48932
S103762,142,283716,1,1126
S103763,250,282500,26,34580
S103764,280,694680,14,11326
S103765,151,291581,16,5088
S103766,293,636689,45,70290
S103767,210,290640,0,0
S103768,161,328601,30,31230
S103769,164,100368,12,14472
S103770,499,1018958,84,163800
S103771,463,759320,62,83762
S103772,297,257202,14,10864
S103773,313,143980,0,0
S103774,153,333999,5,6795
S103775,206,170980,7,2884
S103776,451,791956,0,0
S103777,476,608804,46,60950
S103778,353,830256,63,68481
S103779,202,240784,6,7158
S103780,37,81067,4,6496
S103781,26,50050,1,1302
S103782,215,475150,2,3434
S103783,130,95940,10,5340
S103784,5,10160,0,0
S103785,441,781452,18,7668
S103786,206,134312,20,24380
S103787,305,401075,17,33541
S103788,361,328510,22,9460
S103789,358,572800,64,115776
S103790,276,470304,5,4265
S103791,173,415200,20,22460
S103792,23,41676,3,5604
S103793,16,37824,1,1255
S103794,224,166208,7,9359
S103795,276,314364,41,33456
S103796,449,478185,3,2856
S103797,412,371212,23,24518
S103798,362,493768,20,11620
S103799,4,8164,0,0
S103800,129,107715,14,10850
S103801,243,200961,18,29412
S103802,130,150410,3,2673
S103803,426,209592,20,7700
S103804,304,332880,4,6924
S103805,29,26970,5,8885
S103806,256,360448,45,37440
S103807,495,1050390,24,40968
S103808,439,845075,40,48160
S103809,423,1023237,40,33280
S103810,96,216768,5,7600
S103811,362,617210,37,15947
S103812,366,394182,41,72734
S103813,89,70933,2,3614
S103814,60,121200,9,17784
S103815,225,264825,25,28000
S103816,189,286335,0,0
S103817,382,204752,5,4350
S103818,100,249600,12,22416
S103819,169,194519,26,35620
S103820,146,109062,17,31025
S103821,377,814320,3,2844
S103822,103,57989,1,1575
S103823,0,0,1,1373
S103824,392,304976,31,35464
S103825,348,631620,53,99269
S103826,162,339390,21,23898
S103827,202,408040,15,10590
S103828,23,10074,1,979
S103829,130,166270,14,10150
S103830,52,104156,7,8113
S103831,312,765024,29,27318
S103832,63,105147,11,12254
S103833,134,270814,0,0
S103834,435,877395,23,21735
S103835,365,252215,4,3400
S103836,279,311364,48,63936
S103837,27,18981,5,6170
S103838,383,602842,44,40612
S103839,221,451061,25,16625
S103840,217,347634,34,49980
S103841,325,768300,25,40525
S103842,2,1658,0,0
S103843,389,256740,72,75168
S103844,320,645760,49,30870
S103845,203,476441,38,38038
S103846,433,808411,26,44850
S103847,199,96316,26,22724
S103848,293,588930,41,23903
S103849,459,408510,72,92736
S103850,220,401280,32,44032
S103851,204,103836,35,18585
S103852,369,402210,44,24068
S103853,327,241326,27,20682
S103854,316,772620,60,39240
S103855,385,934780,6,8850
S103856,453,673611,8,8624
S103857,492,817704,7,7805
S103858,346,238394,46,59294
S103859,349,412518,54,42444
S103860,183,382653,5,9825
S103861,446,253774,55,32615
S103862,328,385400,49,16072
S103863,17,34238,2,1060
S103864,55,118360,8,15064
S103865,5,6520,0,0
S103866,485,369085,30,48690
S103867,444,1026084,47,86621
S103868,329,329987,54,29754
S103869,329,340515,54,45252
S103870,30,44430,0,0
S103871,298,323926,42,14742
S103872,323,690574,24,19296
S103873,48,83760,0,0
S103874,326,774902,21,24255
S103875,139,151927,0,0
S103876,229,168315,11,4972
S103877,50,60150,10,13600
S103878,236,208860,10,19970
S103879,407,913715,3,4107
S103880,119,270844,23,12098
S103881,367,646287,25,46650
S103882,377,615264,64,78336
S103883,48,58752,4,7968
S103884,323,176358,24,35088
S103885,239,443345,41,50635
S103886,323,242573,26,45994
S103887,147,284004,11,6479
S103888,78,149994,15,17835
S103889,478,829808,0,0
S103890,20,46060,2,1738
S103891,311,248800,18,11178
S103892,446,516914,29,45965
S103893,143,327613,2,2984
S103894,491,307857,43,53578
S103895,422,605992,15,28305
S103896,228,285228,42,27846
S103897,471,352308,82,82656
S103898,146,238272,1,1511
S103899,284,669672,16,30368
S103900,57,55062,6,3204
S103901,310,770040,38,11818
S103902,466,829014,18,20412
S103903,293,232056,18,25614
S103904,264,603504,4,1288
S103905,489,1020054,75,74700
S103906,363,725274,23,22172
S103907,429,306306,38,42104
S103908,177,205143,25,48575
S103909,317,636536,30,13620
S103910,224,527744,29,50054
S103911,62,46748,3,1071
S103912,381,739140,15,9420
S103913,46,51612,6,8010
S103914,122,174826,5,3700
S103915,356,302600,55,64405
S103916,442,254150,5,5030
S103917,470,1168890,62,114204
S103918,343,560119,39,40131
S103919,465,647745,12,6216
S103920,14,14462,2,620
S103921,105,214830,12,15936
S103922,459,701811,0,0
S103923,423,1001664,39,21450
S103924,316,435764,56,68600
S103925,399,559398,15,20805
S103926,246,540462,34,14960
S103927,38,31540,3,2037
S103928,420,922320,70,115290
S103929,180,208800,4,1464
S103930,474,1012464,20,22680
S103931,41,37884,6,3606
S103932,144,69552,16,26784
S103933,319,348348,48,95280
S103934,15,15105,3,5028
S103935,382,406830,37,57683
S103936,440,1073160,17,15742
S103937,301,511399,52,69212
S103938,28,60508,4,7444
S103939,185,235135,0,0
S103940,24,30816,1,432
S103941,346,617610,38,20558
S103942,118,144196,16,16416
S103943,15,19155,3,4389
S103944,253,112079,12,11508
S103945,154,128590,24,24960
S103946,450,1094850,41,21730
S103947,133,60382,8,6560
S103948,155,273885,13,16978
S103949,202,130896,3,3423
S103950,242,550066,15,11040
S103951,3,5964,1,1048
S103952,176,373472,11,5379
S103953,72,140976,1,685
S103954,238,176596,25,22975
S103955,9,12717,0,0
S103956,401,601099,71,87330
S103957,320,387200,44,54780
S103958,13,7384,0,0
S103959,237,162345,6,7080
S103960,377,280111,57,49590
S103961,51,112047,8,9336
S103962,397,307278,35,50050
S103963,224,275968,5,4400
S103964,337,723539,0,0
S103965,25,36000,3,3138
S103966,249,471357,12,5436
S103967,408,685032,30,9660
S103968,338,244374,60,111300
S103969,32,27040,0,0
S103970,170,418540,12,16584
S103971,179,173630,28,34636
S103972,341,335885,23,31165
S103973,290,696000,50,93300
S103974,174,426996,23,44896
S103975,169,133510,8,14288
S103976,373,399483,34,29852
S103977,311,478629,59,80889
S103978,352,869792,62,25978
S103979,370,471380,35,39445
S103980,231,370986,40,72040
S103981,137,339212,9,15543
S103982,367,801895,0,0
S103983,101,196748,7,7644
S103984,473,967758,22,9394
S103985,186,417384,1,1969
S103986,136,147288,14,19852
S103987,231,512358,7,12481
S103988,32,37312,3,4035
S103989,35,68460,1,705
S103990,476,390796,49,65072
S103991,275,227425,52,38428
S103992,305,180255,51,27285
S103993,351,777465,65,69225
S103994,166,354244,24,23448
S103995,233,242320,2,684
S103996,230,174110,40,79760
S103997,403,422344,5,6655
S103998,478,327908,29,23316
S103999,351,391014,36,19188
S104000,418,425942,40,35320
S104001,289,618460,0,0
S104002,370,461020,30,27930
S104003,274,520052,49,82467
S104004,97,194000,16,8064
S104005,290,184150,37,51726
S104006,251,570774,27,34236
S104007,147,307377,14,6566
S104008,443,648995,63,30618
S104009,74,140526,13,25324
S104010,21,29295,3,1269
S104011,409,227404,77,39809
S104012,41,35711,6,10764
S104013,161,194649,30,38370
S104014,461,805367,36,41688
S104015,453,502377,71,65036
S104016,20,40380,0,0
S104017,338,419458,23,40273
S104018,401,986460,26,38402
S104019,441,923454,62,75082
S104020,475,905350,87,172260
S104021,413,1005242,23,35535
S104022,275,513700,16,5312
S104023,237,201924,19,28006
S104024,360,261000,71,109482
S104025,346,280606,55,34320
S104026,47,88877,2,3062
S104027,401,548568,67,112560
S104028,76,100472,3,2814
S104029,479,317098,93,28644
S104030,147,293118,17,20672
S104031,55,100870,6,2904
S104032,73,84899,0,0
S104033,219,489903,4,3828
S104034,188,361336,25,24900
S104035,7,10269,1,1205
S104036,196,371028,21,7854
S104037,176,385440,3,3009
S104038,359,823546,17,12665
S104039,193,301080,30,27780
S104040,284,395328,0,0
S104041,64,28416,7,13874
S104042,216,511920,5,8665
S104043,153,335223,5,3540
S104044,165,137775,7,11291
S104045,464,1159536,20,32860
S104046,356,386972,21,17913
S104047,444,741480,43,59942
S104048,60,102420,10,6690
S104049,449,995433,58,30682
S104050,432,306720,30,13620
S104051,177,159123,28,33264
S104052,246,602700,35,21140
S104053,121,225423,11,5049
S104054,112,207872,6,3978
S104055,234,430794,37,21645
S104056,113,207581,2,3326
S104057,316,494540,5,3780
S104058,257,168078,39,73125
S104059,366,857538,71,88608
S104060,261,439524,4,6588
S104061,153,288558,7,11718
S104062,256,430080,11,14872
S104063,110,215270,12,9756
S104064,329,754397,2,3210
S104065,299,742118,52,59592
S104066,123,261498,14,20720
S104067,130,168090,6,8730
S104068,164,295528,24,20712
S104069,76,74176,7,3164
S104070,154,245938,18,6912
S104071,272,181152,29,19314
S104072,70,131810,8,3360
S104073,437,513912,74,130240
S104074,251,236442,30,39810
S104075,56,115640,2,1474
S104076,349,723477,37,54353
S104077,172,342452,5,6275
S104078,162,385884,32,26528
S104079,357,194208,10,7190
S104080,375,743250,54,30942
S104081,76,47804,13,25662
S104082,365,462455,25,28075
S104083,408,210936,51,57630
S104084,18,20700,3,2991
S104085,307,476157,58,103762
S104086,487,882931,33,64383
S104087,72,132336,3,5391
S104088,126,307944,18,26064
S104089,13,22204,0,0
S104090,473,355696,55,83930
S104091,160,376320,28,16968
S104092,107,52965,14,12446
S104093,159,286518,12,4764
S104094,352,646624,12,20316
S104095,69,78660,0,0
S104096,96,210528,1,1226
S104097,338,256204,44,67232
S104098,95,68305,16,8672
S104099,192,445632,30,29490
S104100,68,131444,10,12120
S104101,144,292320,27,52353
S104102,135,101250,11,13816
S104103,129,58437,16,17360
S104104,196,233828,5,5915
S104105,367,576924,67,105860
S104106,385,729575,29,28913
S104107,118,244260,3,5847
S104108,432,276048,31,43059
S104109,226,369736,35,42770
S104110,50,99950,4,3644
S104111,177,360372,1,588
S104112,440,277200,5,9610
S104113,168,210168,15,8085
S104114,487,1036823,36,11628
S104115,354,216294,59,116761
S104116,292,578160,23,31096
S104117,288,192384,18,26172
S104118,229,458916,23,39215
S104119,40,16080,1,1279
S104120,140,181860,27,36612
S104121,96,220320,18,21888
S104122,257,465170,30,50970
S104123,14,34272,1,1284
S104124,28,61376,4,4848
S104125,230,146050,1,907
S104126,442,438906,45,75375
S104127,79,181700,12,18792
S104128,191,329284,14,25242
S104129,418,665456,83,144503
S104130,63,39249,7,13181
S104131,144,237600,7,2870
S104132,99,109494,0,0
S104133,58,85144,0,0
S104134,264,408144,7,10059
S104135,205,335585,11,6523
S104136,102,194718,18,21132
S104137,13,23530,0,0
S104138,430,910740,20,18300
S104139,413,1031261,79,103174
S104140,165,259545,32,20416
S104141,496,785664,66,131670
S104142,225,194175,9,10359
S104143,397,550639,36,22428
S104144,391,825792,58,34974
S104145,136,173400,15,7320
S104146,339,539688,3,4032
S104147,95,196365,12,9564
S104148,348,271092,20,29880
S104149,2,1662,1,1892
S104150,128,206336,25,9025
S104151,35,56840,0,0
S104152,169,164606,20,34380
S104153,30,38250,0,0
S104154,489,295356,92,102580
S104155,322,477848,49,97755
S104156,129,104232,15,12120
S104157,406,320334,25,25025
S104158,276,146280,38,58938
S104159,487,766538,90,154170
S104160,175,348075,30,48060
S104161,83,162431,16,7504
S104162,33,26532,0,0
S104163,36,51696,5,8660
S104164,39,87711,4,6000
S104165,30,62670,2,3796
S104166,338,736840,25,25550
S104167,485,362295,10,8850
S104168,371,163240,12,18336
S104169,26,42744,4,4100
S104170,109,152164,2,1486
S104171,330,558360,47,56400
S104172,40,92480,4,3140
S104173,210,374850,20,15040
S104174,70,98000,2,2416
S104175,484,647108,24,29664
S104176,307,274458,33,10626
S104177,498,570210,43,85656
S104178,22,20592,1,1176
S104179,202,382588,9,12645
S104180,333,364968,51,45084
S104181,442,362440,31,51088
S104182,60,61920,2,1646
S104183,111,51060,20,16760
S104184,295,579380,32,30080
S104185,221,357357,40,35040
S104186,343,256564,24,13608
S104187,418,464816,7,13951
S104188,448,1064448,9,3420
S104189,277,398049,9,9189
S104190,194,361616,35,52255
S104191,479,494807,69,60582
S104192,398,978682,66,115038
S104193,59,108914,9,3825
S104194,424,926016,8,11880
S104195,66,68310,12,7836
S104196,37,53983,2,2226
S104197,157,240210,29,49532
S104198,390,824460,33,14388
S104199,238,324632,5,4275
S104200,49,31605,8,12640
S104201,269,641565,34,25670
S104202,477,789435,51,25500
S104203,283,702689,19,19342
S104204,93,132897,7,6237
S104205,349,590159,18,16344
S104206,491,654994,51,68544
S104207,2,1456,1,412
S104208,282,350526,34,42364
S104209,453,1052772,1,378
S104210,408,618936,1,1412
S104211,499,880236,24,16032
S104212,58,136300,5,6235
S104213,183,125355,18,35658
S104214,350,719250,47,40702
S104215,195,88725,31,34906
S104216,333,328671,25,12875
S104217,326,519318,46,55798
S104218,222,196026,7,2863
S104219,77,89551,11,5203
S104220,151,243865,12,10452
S104221,277,447632,54,25758
S104222,115,124890,13,19968
S104223,231,151536,30,49410
S104224,341,464101,22,30844
S104225,393,750237,65,73450
S104226,139,157904,15,6555
S104227,332,578344,57,21318
S104228,56,109424,10,7940
S104229,309,495636,14,27734
S104230,201,414462,20,10160
S104231,40,36760,2,2530
S104232,156,348816,13,5733
S104233,309,734493,18,6264
S104234,204,197064,6,6090
S104235,68,165852,3,5511
S104236,367,276351,69,71829
S104237,172,352772,21,38955
S104238,158,303202,28,49812
S104239,50,122000,5,3235
S104240,204,159324,17,10557
S104241,495,567270,5,6000
S104242,306,751536,54,35262
S104243,449,1081641,28,10304
S104244,236,241192,9,15894
S104245,19,43111,0,0
S104246,102,146268,5,1555
S104247,401,413832,54,104274
S104248,116,180380,20,31220
S104249,438,854538,5,6505
S104250,11,19217,0,0
S104251,486,786348,81,37584
S104252,85,64175,1,1888
S104253,427,563640,15,14160
S104254,164,205492,12,6312
S104255,193,170419,22,17446
S104256,393,222438,66,47058
S104257,24,25560,1,724
S104258,225,531225,38,43244
S104259,156,232284,12,18900
S104260,348,270744,22,6864
S104261,369,338373,29,48604
S104262,230,197570,31,12276
S104263,112,212016,9,12186
S104264,3,7128,0,0
S104265,319,433840,15,23550
S104266,203,294553,3,3843
S104267,196,101528,4,3812
S104268,347,195361,2,1852
S104269,388,503236,67,69881
S104270,363,414546,66,76494
S104271,299,226343,16,8432
S104272,106,100912,21,27111
S104273,12,19740,0,0
S104274,394,324656,56,83776
S104275,283,330544,2,1370
S104276,66,82368,12,23628
S104277,52,46852,0,0
S104278,105,261030,15,20880
S104279,285,218025,50,33500
S104280,361,680846,49,46256
S104281,352,703648,25,26175
S104282,298,714306,9,13383
S104283,108,74628,5,8230
S104284,97,206707,16,24160
S104285,438,502824,79,101831
S104286,332,587640,55,82280
S104287,421,855472,36,46692
S104288,383,266568,36,58428
S104289,305,440115,38,45448
S104290,143,286000,28,41020
S104291,380,408120,31,61690
S104292,234,474084,1,487
S104293,254,419608,15,12570
S104294,487,643814,26,34112
S104295,275,126775,17,23715
S104296,298,120988,28,47712
S104297,406,401128,76,142272
S104298,418,525008,13,23335
S104299,75,76950,12,17304
S104300,108,182304,2,3856
S104301,72,30384,10,8200
S104302,447,469797,47,54661
S104303,124,202864,9,6228
S104304,399,264138,23,12535
S104305,360,767880,3,4503
S104306,30,68640,4,2808
S104307,297,593406,36,58572
S104308,15,30270,1,1423
S104309,235,113505,1,1721
S104310,246,494706,11,10780
S104311,295,610355,11,5731
S104312,143,162877,12,5556
S104313,440,686840,20,20620
S104314,32,50656,5,6735
S104315,210,508200,21,22743
S104316,369,470106,50,36000
S104317,439,540409,31,14694
S104318,304,431680,12,9492
S104319,406,452690,38,40964
S104320,197,101455,38,67488
S104321,98,234318,7,13293
S104322,493,468350,70,44310
S104323,497,319571,84,44856
S104324,162,297270,3,3582
S104325,255,471240,41,26322
S104326,9,8001,1,379
S104327,122,120536,3,2772
S104328,157,320908,20,16500
S104329,144,289584,18,6624
S104330,353,706706,43,27520
S104331,85,198560,5,2080
S104332,155,218240,4,3596
S104333,45,45855,1,868
S104334,472,891608,42,48762
S104335,213,338457,17,30328
S104336,185,434380,29,17574
S104337,24,9936,4,1376
S104338,430,829900,2,3320
S104339,263,152803,16,16448
S104340,274,512380,17,10421
S104341,256,454144,11,8096
S104342,47,81404,8,12080
S104343,311,371023,43,24553
S104344,73,118990,13,8242
S104345,281,409417,37,44474
S104346,107,213786,13,14469
S104347,32,67136,6,2172
S104348,38,20102,7,10990
S104349,159,287631,0,0
S104350,331,611357,33,52008
S104351,300,229200,23,29095
S104352,314,585924,25,48300
S104353,447,295914,72,69264
S104354,454,1056004,23,11937
S104355,390,926250,66,122364
S104356,310,462520,62,19220
S104357,396,410652,48,82416
S104358,204,490620,25,23500
S104359,142,188008,16,21360
S104360,167,196559,32,12096
S104361,165,201795,12,10044
S104362,109,112161,12,11892
S104363,331,816577,23,29233
S104364,209,516857,34,18802
S104365,474,870738,1,1889
S104366,323,791996,45,18135
S104367,437,258704,21,41181
S104368,307,189112,56,72408
S104369,228,479712,22,30954
S104370,71,43665,10,12410
S104371,383,381468,63,50022
S104372,190,411730,28,25508
S104373,72,39168,11,10945
S104374,430,937400,72,37224
S104375,170,90270,12,3684
S104376,290,219820,40,31280
S104377,240,177120,46,29578
S104378,273,375921,31,47895
S104379,19,11077,0,0
S104380,250,293000,46,54188
S104381,424,557560,58,92858
S104382,303,396930,21,35868
S104383,279,437193,16,27040
S104384,46,67298,3,3741
S104385,78,138606,8,11928
S104386,141,119427,18,10548
S104387,68,169116,9,5319
S104388,392,692664,4,2632
S104389,487,1152242,35,62930
S104390,353,520675,6,6870
S104391,360,190800,50,60900
S104392,430,588670,59,116053
S104393,443,256940,29,45414
S104394,101,199879,17,22253
S104395,370,777740,58,29000
S104396,89,88911,6,7416
S104397,115,111320,5,1870
S104398,107,66982,14,14882
S104399,11,20757,2,2550
S104400,28,26572,3,3519
S104401,20,46660,4,1500
S104402,487,538135,78,106860
S104403,20,45740,4,1900
S104404,82,59614,12,4212
S104405,494,819546,91,135954
S104406,19,17271,1,1868
S104407,214,380278,3,1122
S104408,117,78273,11,11847
S104409,279,338148,55,51260
S104410,105,161910,14,7070
S104411,414,365976,26,24570
S104412,334,281896,24,36192
S104413,180,180360,31,56792
S104414,403,589992,49,69678
S104415,49,104419,2,618
S104416,79,172141,6,7254
S104417,430,335400,44,56584
S104418,403,313131,34,11662
S104419,207,226251,19,24966
S104420,61,52033,2,1612
S104421,173,137708,29,22272
S104422,173,302577,31,60047
S104423,79,132009,9,16650
S104424,308,365904,50,61700
S104425,198,233442,4,7112
S104426,103,74057,1,1410
S104427,189,346626,27,10665
S104428,159,118932,31,34410
S104429,177,285678,19,8360
S104430,230,535670,28,29568
S104431,275,266750,14,7098
S104432,218,384116,34,39372
S104433,138,315054,1,1975
S104434,91,196105,0,0
S104435,399,863835,70,27300
S104436,492,704052,60,116100
S104437,136,165240,13,19409
S104438,328,517912,48,69456
S104439,30,56460,2,3678
S104440,331,673585,29,28681
S104441,361,549081,10,9660
S104442,125,73125,10,6900
S104443,336,726432,30,38460
S104444,237,255012,23,17112
S104445,381,404622,72,31176
S104446,343,564921,55,85195
S104447,217,395374,4,2352
S104448,431,883119,62,47306
S104449,301,139965,46,63342
S104450,434,938742,75,122625
S104451,461,668911,85,65450
S104452,332,395080,62,50530
S104453,21,21861,2,3418
S104454,167,184702,17,29631
S104455,16,10224,1,1593
S104456,184,237360,9,7605
S104457,441,690165,40,47920
S104458,209,512050,34,62050
S104459,422,596708,26,24882
S104460,47,94047,6,2268
S104461,255,602565,12,16416
S104462,219,439752,29,20068
S104463,407,936507,65,90480
S104464,469,975051,91,158613
S104465,278,550718,28,14448
S104466,308,698544,60,30900
S104467,369,439110,23,7452
S104468,310,308450,14,26334
S104469,395,457805,52,67600
S104470,427,998753,22,13882
S104471,245,501270,31,18693
S104472,114,120156,6,3852
S104473,434,184884,59,58410
S104474,345,748650,67,36113
S104475,284,196812,36,36900
S104476,165,384450,28,24556
S104477,445,661715,56,60928
S104478,357,746844,12,21852
S104479,319,177045,13,14976
S104480,311,345832,55,25025
S104481,12,16608,2,844
S104482,305,300730,18,18540
S104483,23,9591,2,3148
S104484,205,489540,41,74087
S104485,26,34788,3,5130
S104486,50,100600,2,1266
S104487,84,187992,1,392
S104488,378,426006,51,24939
S104489,221,483990,36,36648
S104490,109,176144,7,4683
S104491,318,569538,7,12376
S104492,199,290938,25,8700
S104493,14,10808,1,1947
S104494,181,159642,25,29800
S104495,3,7026,0,0
S104496,467,927929,41,55391
S104497,420,560700,6,9042
S104498,263,346371,27,31320
S104499,335,551075,11,12650
S104500,191,89006,30,53100
S104501,479,956084,46,50692
S104502,246,338988,34,64226
S104503,179,407404,23,9959
S104504,468,1043172,11,9702
S104505,183,201117,10,9340
S104506,35,52500,1,1620
S104507,369,231732,73,139284
S104508,11,18964,0,0
S104509,424,208184,36,13896
S104510,28,41972,5,4470
S104511,133,110523,17,9044
S104512,401,918691,54,78570
S104513,117,211302,1,1435
S104514,393,508542,60,95940
S104515,16,9584,3,2826
S104516,262,559108,44,58960
S104517,348,396372,26,46878
S104518,421,556562,62,95170
S104519,72,33768,6,4260
S104520,275,139150,30,58770
S104521,201,417276,39,51402
S104522,79,41791,1,1068
S104523,138,190440,21,33768
S104524,397,663784,19,25897
S104525,76,107844,13,10075
S104526,300,273000,25,44250
S104527,452,621500,69,92529
S104528,436,1075176,81,109512
S104529,226,108028,20,11420
S104530,244,495320,32,22624
S104531,231,324555,21,17682
S104532,422,841468,51,74970
S104533,48,74928,2,1884
S104534,406,709282,39,23049
S104535,166,284524,22,37092
S104536,306,315180,50,85750
S104537,425,765425,30,21270
S104538,435,1057920,51,48960
S104539,325,767650,47,67586
S104540,72,104760,0,0
S104541,116,171680,3,3081
S104542,261,470322,35,25515
S104543,299,353119,24,26928
S104544,25,43950,2,3318
S104545,324,384264,56,100184
S104546,262,276410,51,75174
S104547,52,90376,9,9270
S104548,8,18440,0,0
S104549,64,145024,8,15168
S104550,429,825396,37,47989
S104551,138,138690,18,6966
S104552,190,446880,33,49137
S104553,182,269724,9,16668
S104554,316,553000,22,19382
S104555,314,656574,51,63087
S104556,82,158998,12,5784
S104557,306,248472,53,34980
S104558,99,45045,10,3930
S104559,264,375144,14,13202
S104560,8,13424,0,0
S104561,268,499016,44,81136
S104562,106,214438,16,11088
S104563,174,155904,4,6264
S104564,29,35728,5,5120
S104565,413,496013,57,110523
S104566,423,796509,51,40035
S104567,262,477626,24,33720
S104568,496,910160,30,50730
S104569,44,60324,5,5130
S104570,333,713952,38,68894
S104571,415,453595,79,45425
S104572,242,546194,34,22644
S104573,101,206343,17,7531
S104574,459,632961,10,8560
S104575,124,207824,4,1220
S104576,128,140288,25,23450
S104577,315,416115,58,111186
S104578,498,1075680,67,55811
S104579,465,664020,78,27612
S104580,21,9576,3,5031
S104581,453,259116,80,55760
S104582,75,86775,12,17868
S104583,286,359216,49,94178
S104584,404,351480,39,37557
S104585,194,418070,9,8631
S104586,94,104246,11,5599
S104587,323,633726,38,69464
S104588,195,342810,14,22778
S104589,0,0,0,0
S104590,497,805637,86,70950
S104591,13,21463,1,1751
S104592,499,1122750,90,92520
S104593,45,84375,2,3526
S104594,160,334400,24,16056
S104595,280,473200,55,33715
S104596,183,237717,2,1326
S104597,450,345150,52,66820
S104598,99,40788,9,10980
S104599,210,473340,30,58020
S104600,277,389739,38,15656
S104601,43,105823,3,5205
S104602,406,630112,35,14630
S104603,116,72732,3,1212
S104604,102,164730,19,7714
S104605,95,107825,10,9830
S104606,306,191556,47,53157
S104607,34,79458,6,3510
S104608,64,81728,10,15950
S104609,181,245617,3,2274
S104610,113,235379,15,22305
S104611,280,392000,10,13430
S104612,344,277608,49,56595
S104613,386,283324,16,17392
S104614,418,351538,14,22176
S104615,382,439300,39,57564
S104616,356,422928,19,27094
S104617,381,481965,20,19500
S104618,164,371460,18,16236
S104619,157,278361,26,38688
S104620,121,232199,17,12971
S104621,191,272366,4,1692
S104622,363,438867,21,37863
S104623,223,511339,35,49840
S104624,430,971800,76,88616
S104625,436,925192,15,8325
S104626,121,49368,3,5865
S104627,128,199936,9,8028
S104628,58,34684,4,5800
S104629,450,948150,67,105123
S104630,476,230384,54,40716
S104631,234,473616,25,11050
S104632,373,553532,32,55392
S104633,441,273861,49,46403
S104634,297,397683,29,45646
S104635,115,46690,2,1470
S104636,453,369195,7,6881
S104637,367,837494,13,15366
S104638,391,641631,28,40740
S104639,453,342015,90,123930
S104640,401,698141,49,70952
S104641,222,518370,19,31046
S104642,279,434124,28,27384
S104643,265,530265,46,27462
S104644,426,333558,67,87502
S104645,169,263640,1,1611
S104646,220,373120,31,9703
S104647,363,369534,19,17119
S104648,171,310365,9,11088
S104649,253,228712,15,4905
S104650,332,609552,60,70440
S104651,55,30415,1,1050
S104652,339,653592,15,10920
S104653,97,155200,3,1941
S104654,100,66000,11,4433
S104655,346,432500,31,39370
S104656,429,1024023,61,101260
S104657,350,506450,60,54480
S104658,489,1066998,60,47100
S104659,379,794384,2,632
S104660,24,28728,1,364
S104661,192,388032,14,6370
S104662,414,971658,59,31388
S104663,351,330993,19,36119
S104664,282,170046,19,33326
S104665,145,132675,8,4336
S104666,195,414765,2,3678
S104667,479,1147205,21,31941
S104668,426,786396,43,29842
S104669,390,612300,42,54600
S104670,177,358956,33,65637
S104671,406,537950,37,73519
S104672,270,306990,41,24272
S104673,228,536940,33,50358
S104674,102,148716,16,13024
S104675,326,435536,25,18600
S104676,99,202752,4,3388
S104677,480,1191360,73,29492
S104678,406,170114,2,3972
S104679,50,25900,9,6480
S104680,285,667755,51,83130
S104681,208,154544,40,66200
S104682,386,644234,59,40769
S104683,485,608190,23,39905
S104684,64,41600,10,11180
S104685,380,463220,28,41216
S104686,312,602472,42,32046
S104687,143,118690,0,0
S104688,405,591300,45,45675
S104689,489,886557,7,3633
S104690,134,238520,6,2490
S104691,346,826594,27,49734
S104692,26,13546,1,575
S104693,428,177192,6,10050
S104694,225,496125,15,19230
S104695,337,732975,41,43624
S104696,188,102836,18,16668
S104697,374,752114,23,15019
S104698,458,206100,86,59770
S104699,204,361284,30,53010
S104700,177,248685,33,12870
S104701,474,536568,77,115192
S104702,442,365092,23,36754
S104703,11,10263,2,810
S104704,82,56662,7,4564
S104705,350,719250,35,60935
S104706,3,2181,0,0
S104707,477,1005516,17,22984
S104708,316,321056,56,82432
S104709,331,460090,7,9828
S104710,47,87608,5,5120
S104711,16,37088,3,1488
S104712,403,571454,6,8310
S104713,167,313626,1,1676
S104714,27,23544,5,6075
S104715,218,239146,2,3446
S104716,443,257826,59,36757
S104717,460,1048800,69,20907
S104718,462,208824,82,109880
S104719,412,776208,18,17982
S104720,445,703990,52,36608
S104721,18,38754,2,2384
S104722,293,569592,11,9801
S104723,434,507780,35,18410
S104724,121,179443,19,27607
S104725,310,308450,60,59220
S104726,183,292251,22,32296
S104727,189,211680,35,54705
S104728,407,422873,11,12980
S104729,371,891884,17,9622
S104730,450,633150,38,13794
S104731,91,207207,18,29664
S104732,184,418784,12,14040
S104733,461,635719,81,99954
S104734,160,276640,14,8022
S104735,138,271308,12,17148
S104736,301,616147,31,33480
S104737,355,247435,27,30564
S104738,42,95466,3,3396
S104739,392,812616,43,35346
S104740,28,34188,2,2362
S104741,390,888030,38,67184
S104742,68,48756,2,2982
S104743,365,445665,2,1794
S104744,101,76053,2,3382
S104745,353,475491,4,1956
S104746,74,51356,12,12336
S104747,186,107880,2,1076
S104748,242,258456,8,7728
S104749,422,910676,52,84968
S104750,138,98394,16,20464
S104751,500,743500,19,29165
S104752,140,74340,12,10488
S104753,326,192340,50,68150
S104754,391,681513,69,22011
S104755,452,889988,88,133760
S104756,445,665275,30,27390
S104757,326,613858,61,92720
S104758,181,196023,15,9105
S104759,422,683640,60,26460
S104760,47,71111,6,3342
S104761,323,720290,60,35700
S104762,425,171275,69,115851
S104763,25,56875,5,7555
S104764,413,668234,69,133377
S104765,100,170800,11,7645
S104766,279,201159,0,0
S104767,220,444840,5,3315
S104768,283,234324,55,59235
S104769,141,126900,7,4732
S104770,445,227395,72,124272
S104771,348,704700,26,41496
S104772,398,680580,69,136137
S104773,352,798336,19,8550
S104774,73,127458,9,4311
S104775,488,1044808,1,779
S104776,427,218197,46,74336
S104777,84,68292,10,5730
S104778,190,445360,18,9522
S104779,313,359324,9,17154
S104780,394,289196,40,28040
S104781,406,606158,80,95040
S104782,43,32551,8,9752
S104783,269,611168,21,30303
S104784,67,149142,3,2955
S104785,351,732537,22,15818
S104786,88,175120,3,1095
S104787,5,5720,1,365
S104788,102,91494,9,16605
S104789,153,159885,11,20493
S104790,361,306850,7,12691
S104791,56,42392,0,0
S104792,307,134466,49,14994
S104793,447,846618,26,41106
S104794,462,1016400,6,11664
S104795,492,1223112,85,91885
S104796,345,307395,61,34282
S104797,367,415811,69,93564
S104798,109,105076,4,6548
S104799,296,420912,48,62400
S104800,151,320271,2,1304
S104801,86,42914,14,5726
S104802,231,285978,4,6296
S104803,250,166000,30,28860
S104804,361,833549,50,33700
S104805,263,337429,28,43036
S104806,443,863407,63,65394
S104807,472,925592,51,38301
S104808,359,811699,50,39100
S104809,376,844872,25,47475
S104810,99,175131,8,10016
S104811,72,110880,0,0
S104812,269,180768,23,36248
S104813,363,292941,1,1440
S104814,351,624780,53,96884
S104815,383,751446,14,13650
S104816,427,818559,47,90757
S104817,98,166012,2,3664
S104818,121,208725,21,37695
S104819,292,312732,55,23210
S104820,235,475405,26,33722
S104821,304,629280,32,26400
S104822,68,164832,5,9160
S104823,470,751060,86,136912
S104824,198,397584,8,5624
S104825,155,231105,25,48650
S104826,456,522576,17,21114
S104827,278,647462,24,11232
S104828,395,936545,0,0
S104829,244,127612,33,17985
S104830,31,21917,1,920
S104831,404,490860,38,22534
S104832,299,632086,26,24258
S104833,108,84780,4,2156
S104834,257,443582,7,9653
S104835,77,58212,12,10092
S104836,392,392392,6,11952
S104837,5,3050,0,0
S104838,275,612150,43,72197
S104839,275,538450,50,76350
S104840,225,235800,34,65892
S104841,2,3818,1,1381
S104842,350,302400,2,1006
S104843,447,181482,30,31680
S104844,127,83058,8,11024
S104845,132,312312,13,19669
S104846,255,300135,38,48906
S104847,63,129528,4,5172
S104848,317,138212,63,55629
S104849,72,70272,3,3117
S104850,18,19404,0,0
S104851,321,424041,7,4774
S104852,408,525912,74,46472
S104853,362,246522,38,55556
S104854,219,503481,15,11085
S104855,488,370392,5,5620
S104856,11,4972,2,3850
S104857,418,846032,19,9139
S104858,185,279535,34,12512
S104859,164,357684,6,9816
S104860,494,848692,48,38016
S104861,293,357460,51,81702
S104862,420,1031940,83,94620
S104863,174,145812,25,9275
S104864,131,268943,18,33210
S104865,58,61480,9,3645
S104866,219,383031,34,22610
S104867,277,315226,7,3514
S104868,478,625224,45,70920
S104869,62,125922,1,696
S104870,207,376119,31,10261
S104871,474,816228,74,66082
S104872,356,390888,21,32613
S104873,267,387150,29,41383
S104874,99,178299,0,0
S104875,208,276016,38,63840
S104876,437,606993,25,48625
S104877,331,716615,12,11508
S104878,289,169932,29,19401
S104879,223,475659,41,66707
S104880,363,856680,8,9144
S104881,69,116541,6,3678
S104882,193,419775,22,28204
S104883,471,386691,49,51695
S104884,235,365190,23,44551
S104885,478,1194522,2,1198
S104886,257,239524,17,6698
S104887,373,358453,12,4380
S104888,42,46956,3,5355
S104889,238,141372,9,10440
S104890,488,976976,73,122640
S104891,53,46216,5,6480
S104892,86,171914,10,6240
S104893,483,383502,88,63712
S104894,222,401820,43,74261
S104895,433,456815,33,23991
S104896,290,469510,13,24804
S104897,471,829902,54,87480
S104898,277,398049,45,15300
S104899,19,38912,2,3492
S104900,275,538175,4,3956
S104901,424,1049400,32,59904
S104902,117,210366,17,33575
S104903,334,293920,39,61074
S104904,433,284048,64,123520
S104905,271,267477,18,12960
S104906,470,1027420,94,163842
S104907,447,1066095,45,77085
S104908,486,263412,5,5485
S104909,211,220073,10,12990
S104910,253,190003,44,27148
S104911,54,23922,2,798
S104912,331,795062,38,30438
S104913,360,330480,11,4543
S104914,175,380450,2,1086
S104915,398,881172,13,14521
S104916,447,666924,47,40279
S104917,148,130832,3,5262
S104918,91,161798,2,2434
S104919,109,167642,2,3242
S104920,251,485434,1,1647
S104921,95,93575,15,21225
S104922,114,93936,3,3288
S104923,294,528612,9,7272
S104924,479,907705,93,162657
S104925,308,368060,36,23364
S104926,335,367495,7,10423
S104927,28,37044,1,866
S104928,31,15903,3,1911
S104929,350,294000,17,8653
S104930,265,595720,35,64155
S104931,495,849915,37,60014
S104932,89,209951,0,0
S104933,11,17897,1,1000
S104934,232,333152,44,51436
S104935,100,48500,9,16758
S104936,123,163221,3,5031
S104937,217,215698,1,1236
S104938,225,429525,10,19380
S104939,230,404800,15,8610
S104940,380,209760,50,80750
S104941,50,59900,4,2184
S104942,466,499552,90,111330
S104943,55,65065,3,4377
S104944,232,339184,21,7665
S104945,83,73206,9,9333
S104946,121,101156,2,2108
S104947,290,678600,19,29564
S104948,241,526103,44,70664
S104949,212,330296,12,18636
S104950,53,67522,2,3920
S104951,205,141040,18,18900
S104952,172,107844,10,9410
S104953,141,58233,16,12384
S104954,154,281358,2,1204
S104955,288,226368,41,64493
S104956,164,382776,2,3084
S104957,174,192096,27,19656
S104958,193,222722,28,24024
S104959,90,87030,10,14510
S104960,161,206563,26,20644
S104961,459,825282,3,1854
S104962,297,381051,43,71466
S104963,422,754114,42,53844
S104964,432,176256,80,110400
S104965,454,1010604,33,40458
S104966,210,364980,8,11000
S104967,204,256224,34,28254
S104968,103,107944,8,10240
S104969,413,879277,11,4807
S104970,159,210993,16,12032
S104971,261,339039,15,15915
S104972,13,26884,2,2926
S104973,245,379995,18,30222
S104974,129,275544,17,28390
S104975,393,893682,15,18270
S104976,141,60771,19,31825
S104977,166,280872,10,15540
S104978,491,208675,57,27759
S104979,250,532000,45,46845
S104980,104,118560,2,2394
S104981,327,135051,14,7294
S104982,252,588672,41,58138
S104983,208,329056,38,65208
S104984,367,739505,39,70044
S104985,194,336202,33,54648
S104986,262,429156,38,22420
S104987,38,63726,7,7441
S104988,275,471075,28,11760
S104989,488,697352,3,4437
S104990,393,412257,50,43200
S104991,327,411366,50,78150
S104992,334,183366,16,28256
S104993,190,319200,21,38913
S104994,92,169096,2,2286
S104995,60,59340,9,8604
S104996,453,705321,3,1443
S104997,231,441903,23,33603
S104998,266,367080,16,11120
S104999,245,142345,10,8880
S105000,443,301240,5,5090
S105001,86,212850,7,7322
S105002,313,655422,46,36616
S105003,103,66126,1,1903
S105004,117,257985,8,4328
S105005,255,285090,30,13680
S105006,128,303360,14,19964
S105007,14,28042,0,0
S105008,357,214914,9,9261
S105009,286,242242,49,33320
S105010,323,751944,6,5400
S105011,228,269496,8,2744
S105012,355,164720,16,28848
S105013,143,148148,13,20813
S105014,400,496400,50,40100
S105015,463,527357,50,22300
S105016,468,721188,58,69194
S105017,383,169286,48,72912
S105018,409,564420,63,32067
S105019,353,385476,13,18473
S105020,112,190288,6,8430
S105021,142,123256,5,6000
S105022,112,100576,0,0
S105023,381,454533,71,34932
S105024,392,686784,15,20400
S105025,398,170344,35,52675
S105026,470,1017550,27,34236
S105027,246,139974,42,27048
S105028,254,150622,1,1594
S105029,89,78409,0,0
S105030,338,606710,3,4485
S105031,311,341478,24,43704
S105032,83,178699,13,23920
S105033,160,336320,2,1766
S105034,460,456780,69,71277
S105035,6,7344,1,1913
S105036,115,250700,15,28920
S105037,478,329820,58,63626
S105038,163,205869,17,21624
S105039,116,161936,11,7293
S105040,335,279055,37,59274
S105041,34,17952,6,9858
S105042,423,617580,59,30503
S105043,263,351894,1,776
S105044,362,297926,4,2064
S105045,40,43440,7,5838
S105046,253,137126,42,39606
S105047,148,93536,21,32193
S105048,413,716968,80,143120
S105049,201,457074,2,2156
S105050,376,436160,10,10620
S105051,129,184470,12,21552
S105052,468,749268,61,94062
S105053,390,900900,51,26316
S105054,279,473742,30,47790
S105055,149,207110,16,19072
S105056,209,193116,22,8822
S105057,87,213324,8,14888
S105058,165,124740,5,6660
S105059,174,240468,32,13984
S105060,334,377420,33,26400
S105061,287,350714,5,9895
S105062,53,79871,1,307
S105063,21,38073,3,4155
S105064,81,121095,2,3432
S105065,468,1085760,51,48501
S105066,355,483865,6,9870
S105067,133,142443,14,24080
S105068,70,53690,5,5070
S105069,23,27071,4,6424
S105070,221,543660,1,553
S105071,35,72660,2,910
S105072,276,623484,16,5984
S105073,447,890871,32,46848
S105074,79,86189,1,1224
S105075,127,244983,21,33474
S105076,189,379701,8,3016
S105077,67,61573,9,7335
S105078,295,459020,53,56074
S105079,494,391248,24,38256
S105080,36,54864,4,7384
S105081,452,1071692,80,138480
S105082,346,197912,60,26040
S105083,361,876508,30,58110
S105084,9,10332,0,0
S105085,206,107532,6,4314
S105086,380,549100,60,67680
S105087,173,430251,17,17289
S105088,235,479635,10,4380
S105089,359,207502,40,24960
S105090,15,32595,0,0
S105091,476,1006264,75,148350
S105092,215,176945,12,17112
S105093,417,921570,31,52266
S105094,459,722466,28,26936
S105095,401,947162,9,15525
S105096,47,22748,2,3666
S105097,491,655976,39,46683
S105098,234,141336,17,21454
S105099,369,352395,73,29346
S105100,408,435744,24,45816
S105101,265,210940,41,30463
S105102,290,372360,28,16044
S105103,289,252586,35,45640
S105104,201,285822,10,6050
S105105,463,376419,6,8244
S105106,475,360525,93,80910
S105107,481,708994,5,7590
S105108,421,537196,2,2290
S105109,466,705524,69,45195
S105110,402,955152,16,26592
S105111,41,59204,8,7096
S105112,198,274230,18,20052
S105113,89,199983,15,7260
S105114,130,135330,11,10098
S105115,462,915684,87,69426
S105116,118,71862,15,8385
S105117,241,306311,4,2300
S105118,379,682579,55,80520
S105119,441,880236,49,24206
S105120,364,571480,50,77050
S105121,457,849106,50,26300
S105122,131,140694,21,23163
S105123,414,868572,82,147272
S105124,324,211248,40,30760
S105125,96,105216,0,0
S105126,112,46816,0,0
S105127,272,337824,37,41736
S105128,407,351648,42,54348
S105129,159,252015,14,25438
S105130,134,123146,17,23477
S105131,48,43392,8,7448
S105132,448,911680,88,149424
S105133,92,226872,5,1640
S105134,56,33992,7,3899
S105135,91,209846,3,5502
S105136,396,287496,52,46020
S105137,271,648232,35,59185
S105138,310,419740,14,22708
S105139,249,331170,49,32928
S105140,15,17130,2,1460
S105141,169,227474,26,24596
S105142,384,595968,0,0
S105143,357,825741,68,77724
S105144,421,735908,53,20405
S105145,252,385560,4,4624
S105146,274,204678,40,18200
S105147,117,184158,13,18889
S105148,265,403595,5,7850
S105149,389,692420,47,32947
S105150,270,360990,51,25551
S105151,498,1195698,43,69015
S105152,28,12684,5,7440
S105153,171,354483,5,4140
S105154,286,139854,42,18984
S105155,301,381668,39,33540
S105156,103,163255,19,14991
S105157,271,638476,5,3890
S105158,384,549888,38,30210
S105159,289,253164,21,34755
S105160,397,503793,52,68692
S105161,180,244080,22,34518
S105162,134,293594,9,8568
S105163,244,453352,11,19140
S105164,219,229731,7,12922
S105165,327,391746,27,50301
S105166,460,1092040,79,89033
S105167,3,2964,0,0
S105168,59,101657,5,8075
S105169,268,380024,48,19488
S105170,57,45315,11,20977
S105171,423,884493,37,71965
S105172,384,841344,28,15540
S105173,94,62228,4,5572
S105174,127,166624,23,10695
S105175,495,199980,90,139860
S105176,430,258860,82,90938
S105177,408,410448,75,70725
S105178,495,433620,17,27302
S105179,138,62514,18,11952
S105180,324,219672,5,2135
S105181,341,176297,8,6408
S105182,395,367350,47,32477
S105183,37,30451,2,3010
S105184,369,221400,32,39936
S105185,458,500594,59,105433
S105186,6,2724,0,0
S105187,334,274882,64,66048
S105188,37,43882,2,2088
S105189,342,173052,46,36570
S105190,436,229772,28,23184
S105191,206,366062,32,30592
S105192,186,350238,1,1859
S105193,428,485352,36,27972
S105194,375,818625,4,3720
S105195,52,42432,0,0
S105196,226,324084,2,2902
S105197,219,131619,3,2715
S105198,325,563875,15,8745
S105199,483,958272,90,104760
S105200,137,324279,17,29733
S105201,139,228516,21,15813
S105202,247,487084,7,2604
S105203,297,299673,23,43516
S105204,290,446310,18,19116
S105205,80,177200,3,2550
S105206,267,185832,42,73836
S105207,450,563400,38,72428
S105208,481,377104,47,60959
S105209,371,301623,17,25653
S105210,41,45797,6,8634
S105211,137,329485,22,11550
S105212,198,477576,6,2700
S105213,19,10754,3,4677
S105214,287,532385,4,5916
S105215,91,74984,17,7140
S105216,137,188649,18,34470
S105217,302,659870,37,22977
S105218,323,776815,15,18195
S105219,223,269161,16,11904
S105220,57,134463,5,2955
S105221,115,60950,6,10728
S105222,472,905768,85,52190
S105223,213,92016,11,20955
S105224,140,344680,13,20020
S105225,195,402480,15,24795
S105226,177,430641,12,22164
S105227,159,336285,9,7002
S105228,94,70782,12,16584
S105229,484,529012,36,67644
S105230,50,110250,5,4050
S105231,108,103680,17,32351
S105232,420,648060,4,5996
S105233,484,632104,77,137599
S105234,131,129297,25,19950
S105235,186,96720,13,10010
S105236,96,204288,10,11340
S105237,140,107380,17,9418
S105238,196,201880,13,4030
S105239,473,508948,57,21831
S105240,255,635715,40,79920
S105241,346,688194,68,103428
S105242,41,23616,0,0
S105243,403,927706,20,30700
S105244,388,440768,32,60896
S105245,68,40392,13,25298
S105246,194,237262,36,71928
S105247,214,514242,28,21224
S105248,306,344556,50,81450
S105249,114,130872,20,19680
S105250,60,54360,2,2298
S105251,398,980672,27,21384
S105252,400,311600,56,108640
S105253,358,556690,29,11310
S105254,44,105512,1,1953
S105255,440,301400,5,5665
S105256,164,108732,30,53850
S105257,428,701064,43,61619
S105258,20,46540,2,944
S105259,455,970970,36,65412
S105260,312,348816,28,21392
S105261,12,21612,1,1496
S105262,107,93197,19,16853
S105263,64,133312,0,0
S105264,74,60976,8,3944
S105265,371,419972,46,75394
S105266,238,441252,35,54460
S105267,469,198387,4,6792
S105268,38,80826,7,10136
S105269,8,17608,0,0
S105270,173,353093,9,6831
S105271,387,307278,21,26481
S105272,386,938366,69,58236
S105273,494,299364,14,15610
S105274,392,963928,78,100698
S105275,459,454410,87,165126
S105276,228,380304,34,34986
S105277,194,141232,14,15330
S105278,196,207172,26,17160
S105279,287,634557,12,10848
S105280,464,721056,69,86595
S105281,200,187400,5,7285
S105282,464,436160,9,4230
S105283,346,351536,12,15720
S105284,430,1061240,43,64758
S105285,366,161772,12,6876
S105286,432,888624,84,27048
S105287,75,127800,6,3738
S105288,407,610907,70,62440
S105289,8,14672,0,0
S105290,255,130815,37,69079
S105291,76,154052,11,4543
S105292,193,295869,34,67252
S105293,457,460656,25,42000
S105294,252,488376,6,10290
S105295,113,217412,15,20385
S105296,92,190532,2,3436
S105297,479,572405,20,29660
S105298,146,107310,2,972
S105299,365,760660,67,78055
S105300,196,99176,36,33552
S105301,441,804384,9,10656
S105302,261,158949,52,47424
S105303,11,19888,0,0
S105304,313,340231,45,28215
S105305,250,562250,10,13940
S105306,200,436800,15,28350
S105307,146,269224,28,45024
S105308,117,61776,0,0
S105309,140,338660,1,750
S105310,404,364812,73,64094
S105311,354,295590,48,44064
S105312,370,560180,33,23067
S105313,116,201608,17,33779
S105314,395,640690,23,21068
S105315,220,484440,3,5802
S105316,401,612327,40,12960
S105317,140,191660,15,29400
S105318,101,240178,2,3294
S105319,64,111488,6,8874
S105320,370,275280,12,3864
S105321,362,518022,60,96660
S105322,148,264328,27,21195
S105323,393,328548,65,36530
S105324,154,323554,25,43275
S105325,423,986859,7,3556
S105326,234,575640,35,17605
S105327,118,219952,20,16800
S105328,111,106116,2,2786
S105329,436,305636,16,18576
S105330,148,127132,11,4268
S105331,458,1037828,78,75816
S105332,209,502645,23,36754
S105333,325,747175,54,79056
S105334,396,271260,22,8668
S105335,53,70013,5,6705
S105336,110,174460,5,2965
S105337,448,1111488,18,19476
S105338,400,828800,12,18180
S105339,334,574146,21,20580
S105340,130,251420,16,19232
S105341,71,176009,1,694
S105342,220,203060,9,10809
S105343,485,1035960,59,87320
S105344,87,194097,1,1673
S105345,172,249744,4,2928
S105346,451,526768,14,16786
S105347,300,467100,47,55413
S105348,78,108732,7,11900
S105349,208,257712,26,38558
S105350,437,178733,43,12986
S105351,248,321904,4,3736
S105352,139,108976,4,1400
S105353,149,327502,9,10125
S105354,127,222250,5,4120
S105355,434,890568,80,130400
S105356,197,232854,9,4257
S105357,392,782824,2,1454
S105358,471,1156776,0,0
S105359,451,181753,57,42408
S105360,410,824920,82,136038
S105361,448,768768,12,5664
S105362,486,612360,25,15675
S105363,235,349680,16,24624
S105364,240,461040,2,1088
S105365,464,765136,67,45627
S105366,497,383684,95,125875
S105367,273,154245,44,83776
S105368,290,639160,39,14469
S105369,325,219050,34,27132
S105370,444,1074480,31,55831
S105371,394,743478,57,48507
S105372,6,2664,0,0
S105373,79,170324,7,5432
S105374,406,242788,3,5529
S105375,39,41808,0,0
S105376,439,432415,70,94500
S105377,353,328643,4,1520
S105378,482,899412,42,14658
S105379,278,512910,25,38900
S105380,46,112746,7,13804
S105381,359,684254,33,35442
S105382,95,199975,2,1480
S105383,85,85680,3,3570
S105384,406,464058,68,22304
S105385,490,360150,48,31872
S105386,48,112032,3,5322
S105387,8,3320,0,0
S105388,35,47740,4,7364
S105389,441,966231,16,28800
S105390,171,239400,34,29410
S105391,147,191394,13,15392
S105392,169,169507,3,2460
S105393,54,22734,2,2242
S105394,450,213300,28,22596
S105395,423,225459,81,99873
S105396,387,760068,45,17550
S105397,9,20754,0,0
S105398,122,151402,22,32098
S105399,461,888347,13,16549
S105400,274,130424,47,20304
S105401,133,163989,2,1314
S105402,404,411676,17,33660
S105403,447,1096938,14,21462
S105404,283,263190,49,54488
S105405,490,766850,90,50220
S105406,179,180790,27,16362
S105407,143,219219,21,39858
S105408,269,539883,12,18336
S105409,323,803624,56,70728
S105410,364,290108,40,42840
S105411,168,152040,3,5580
S105412,428,250808,15,20565
S105413,1,1351,1,1179
S105414,240,242640,5,4890
S105415,93,143313,0,0
S105416,457,605982,90,125550
S105417,120,223200,4,5276
S105418,438,744162,51,23766
S105419,230,169050,42,29946
S105420,293,668626,58,98426
S105421,314,610730,31,17639
S105422,386,887800,57,18753
S105423,479,718021,10,6740
S105424,448,769664,51,31467
S105425,391,579462,65,121615
S105426,230,158700,38,58520
S105427,446,549026,45,85365
S105428,242,259908,22,25168
S105429,338,471848,62,121148
S105430,4,2316,0,0
S105431,60,62880,3,4167
S105432,406,266336,75,82650
S105433,95,203585,6,9828
S105434,116,249516,11,20856
S105435,368,467728,66,125136
S105436,141,336426,14,16982
S105437,120,166680,20,21760
S105438,82,102418,9,5976
S105439,320,586880,19,26619
S105440,305,656360,27,48951
S105441,0,0,1,1220
S105442,373,665059,27,16686
S105443,177,328512,29,20851
S105444,284,266108,18,6138
S105445,420,943320,75,129525
S105446,98,190120,10,6810
S105447,391,967334,76,112936
S105448,258,486072,40,38720
S105449,20,37460,4,2524
S105450,348,197664,50,88550
S105451,471,580272,31,40207
S105452,30,59550,5,9865
S105453,233,203409,1,863
S105454,69,119715,5,9785
S105455,248,586272,12,21252
S105456,458,463496,15,26400
S105457,432,882144,19,35454
S105458,287,323736,13,4680
S105459,400,214800,29,30450
S105460,188,419428,5,4200
S105461,397,437891,15,23355
S105462,86,116358,13,10855
S105463,198,401742,25,10450
S105464,144,274752,17,25840
S105465,128,226432,7,13671
S105466,77,115346,7,7336
S105467,228,567492,44,60720
S105468,134,302974,24,43824
S105469,57,109725,11,20471
S105470,142,121552,11,16984
S105471,254,103124,41,41902
S105472,442,639574,10,7500
S105473,156,286416,14,5306
S105474,152,283176,20,15320
S105475,122,205936,13,15093
S105476,362,691058,58,109388
S105477,442,442884,54,104004
S105478,349,405887,45,83700
S105479,211,231678,25,47725
S105480,183,322446,36,39420
S105481,413,414652,42,46368
S105482,337,196134,65,31460
S105483,2,3438,1,1974
S105484,407,1002034,6,1914
S105485,156,287040,12,10356
S105486,41,82697,1,1215
S105487,342,712386,36,30492
S105488,121,112651,19,5909
S105489,240,496320,20,28940
S105490,67,95408,11,9746
S105491,376,934736,62,77996
S105492,403,605306,72,104400
S105493,400,718800,32,58624
S105494,275,506550,3,3348
S105495,495,1138995,85,114835
S105496,406,274456,32,28800
S105497,493,1075233,34,57426
S105498,298,478886,41,41820
S105499,410,416970,33,46893
S105500,331,600434,15,5790
S105501,222,164280,22,36432
S105502,116,179916,7,5425
S105503,490,1005480,49,62328
S105504,434,357616,85,55930
S105505,282,203604,3,5109
S105506,224,156576,1,1936
S105507,406,584234,65,37440
S105508,154,129514,15,21885
S105509,144,278928,21,38556
S105510,191,220987,11,11209
S105511,196,397292,10,15480
S105512,186,205716,13,23985
S105513,1,1894,0,0
S105514,176,132000,14,9240
S105515,253,112332,32,41696
S105516,423,487719,41,69126
S105517,350,572600,51,56763
S105518,79,85004,7,2681
S105519,277,551507,50,26800
S105520,480,850080,66,125598
S105521,291,307878,21,8316
S105522,243,187839,12,8220
S105523,102,182580,19,32319
S105524,236,401436,8,5944
S105525,432,811728,58,86246
S105526,196,373380,37,26899
S105527,41,67773,1,1831
S105528,499,1141213,6,7470
S105529,242,451814,41,51578
S105530,372,576228,4,6260
S105531,112,222768,22,6754
S105532,92,151248,4,1468
S105533,38,28728,7,11774
S105534,16,15216,2,3682
S105535,199,195418,13,14001
S105536,156,91416,26,47086
S105537,421,524987,65,74230
S105538,483,600852,54,17280
S105539,470,905690,61,55632
S105540,242,137214,28,32088
S105541,494,1154478,6,4842
S105542,43,24123,0,0
S105543,168,149184,7,3297
S105544,451,497453,62,109864
S105545,233,508639,6,4290
S105546,260,536120,49,60319
S105547,73,95995,10,14430
S105548,334,407480,45,64440
S105549,458,989738,43,44634
S105550,275,184525,50,99050
S105551,66,163614,4,5588
S105552,469,816529,91,89817
S105553,16,27760,3,2427
S105554,190,250800,0,0
S105555,210,463890,33,39699
S105556,113,181252,2,914
S105557,12,26388,0,0
S105558,156,156156,17,32317
S105559,495,964755,98,87220
S105560,384,275328,11,21659
S105561,250,216750,14,20482
S105562,97,194000,6,2484
S105563,470,1156670,86,89440
S105564,257,245949,47,90898
S105565,179,176852,33,19470
S105566,404,355924,20,11760
S105567,266,176624,27,48789
S105568,59,63425,10,7340
S105569,105,112875,18,14886
S105570,336,290976,35,38115
S105571,428,174624,0,0
S105572,283,496665,6,8226
S105573,387,322371,41,72570
S105574,232,553784,23,8510
S105575,483,729330,11,5742
S105576,316,144412,41,12833
S105577,254,328930,7,4557
S105578,202,220382,8,14240
S105579,101,215938,13,18447
S105580,482,1143304,85,48195
S105581,297,373923,26,20956
S105582,385,349580,61,82350
S105583,223,141159,35,57540
S105584,259,238798,41,30176
S105585,429,268554,6,6144
S105586,74,77034,3,4044
S105587,293,308236,57,51414
S105588,37,39109,5,9775
S105589,388,821008,24,29784
S105590,129,306762,12,7056
S105591,221,466973,4,5380
S105592,153,88893,23,37053
S105593,255,151470,34,60928
S105594,252,300888,29,12702
S105595,49,96236,1,1303
S105596,131,116197,7,7322
S105597,354,366036,57,17670
S105598,426,201498,67,123749
S105599,243,603369,0,0
S105600,93,144987,0,0
S105601,480,1142880,13,15054
S105602,95,131100,8,10520
S105603,173,289775,34,11594
S105604,2,2012,0,0
S105605,414,898380,63,40131
S105606,208,95888,34,48892
S105607,215,134805,4,4392
S105608,12,28332,0,0
S105609,106,236168,1,1415
S105610,481,858104,18,32112
S105611,425,240550,80,134960
S105612,312,778752,52,26884
S105613,383,333976,39,61152
S105614,25,14650,0,0
S105615,405,906795,11,4642
S105616,412,358028,23,36708
S105617,214,470158,25,11225
S105618,452,395952,71,45298
S105619,268,316776,42,19992
S105620,7,8701,0,0
S105621,105,73710,0,0
S105622,492,684372,41,52767
S105623,159,138330,11,8118
S105624,32,55840,5,6585
S105625,228,91884,31,23653
S105626,119,49028,2,3192
S105627,316,363084,62,98704
S105628,329,318472,9,7254
S105629,499,424649,93,35526
S105630,112,87360,12,8364
S105631,459,227664,80,122160
S105632,278,433958,47,19317
S105633,256,545792,13,4979
S105634,376,527904,51,95676
S105635,144,243504,17,33082
S105636,386,692484,54,81594
S105637,99,150975,8,15808
S105638,19,41724,2,2794
S105639,214,180188,34,51986
S105640,127,112903,18,11124
S105641,299,365677,5,7435
S105642,437,1085945,16,18800
S105643,333,420579,5,3430
S105644,173,253099,0,0
S105645,55,56870,3,3567
S105646,49,104713,6,2256
S105647,104,135408,7,10192
S105648,230,105340,44,41360
S105649,344,843144,52,25376
S105650,415,740775,53,92220
S105651,363,638880,25,40775
S105652,51,49062,3,2715
S105653,39,68445,7,8939
S105654,173,73871,7,5768
S105655,347,520153,15,17130
S105656,288,375840,2,2442
S105657,390,944190,10,6370
S105658,101,111908,3,1926
S105659,224,420672,40,79920
S105660,19,18430,2,1800
S105661,258,630552,41,69618
S105662,443,547548,61,41358
S105663,495,497475,58,73602
S105664,329,188846,11,10615
S105665,186,101742,3,5085
S105666,164,199588,31,36177
S105667,331,266786,29,10585
S105668,376,310200,55,65890
S105669,250,230500,45,77940
S105670,476,238476,90,119700
S105671,2,3976,1,1482
S105672,83,197042,3,3237
S105673,237,243873,45,69345
S105674,214,190674,14,25984
S105675,197,117806,36,34380
S105676,323,405688,26,22100
S105677,309,356277,13,4030
S105678,496,999440,60,91740
S105679,148,311392,14,10304
S105680,102,67626,12,15432
S105681,442,312494,81,120042
S105682,493,815915,50,57700
S105683,58,78126,3,5433
S105684,294,279888,50,57800
S105685,76,68324,6,10818
S105686,244,433344,11,11858
S105687,143,135278,20,35240
S105688,430,819150,85,69360
S105689,188,214320,22,12584
S105690,130,90740,12,5472
S105691,198,392832,15,19920
S105692,249,287097,15,21990
S105693,183,137250,30,51330
S105694,137,233585,20,8800
S105695,404,601152,67,30686
S105696,120,120000,23,38617
S105697,492,1068624,59,95816
S105698,462,568722,26,21138
S105699,146,133006,13,18304
S105700,106,234896,17,27387
S105701,302,300188,25,25975
S105702,147,277536,28,17500
S105703,251,599388,7,11886
S105704,326,400328,22,7964
S105705,351,431028,8,6064
S105706,464,628256,14,4200
S105707,125,157875,14,11284
S105708,370,499870,49,23618
S105709,300,215100,51,37944
S105710,430,716380,29,15718
S105711,220,193380,30,58140
S105712,111,130980,18,25110
S105713,272,374000,10,10060
S105714,164,101516,6,2724
S105715,282,538902,9,12744
S105716,232,556336,24,40224
S105717,120,294360,4,3904
S105718,103,55723,15,28275
S105719,238,509796,0,0
S105720,116,126208,13,23192
S105721,274,415110,14,7238
S105722,40,61000,0,0
S105723,215,124055,17,18292
S105724,238,334152,11,7678
S105725,210,489930,1,1058
S105726,483,683445,53,93386
S105727,326,274818,2,1974
S105728,58,110606,1,1790
S105729,466,565258,33,51546
S105730,493,321929,58,102602
S105731,74,80956,5,4905
S105732,346,252926,39,42549
S105733,327,190314,52,25532
S105734,465,822585,85,159545
S105735,471,647625,24,42720
S105736,319,641190,14,9716
S105737,117,93834,14,9352
S105738,170,208250,13,20189
S105739,254,220980,36,71532
S105740,440,287760,19,32832
S105741,460,445280,83,61586
S105742,103,121231,8,11336
S105743,134,293192,0,0
S105744,479,1021707,5,3650
S105745,0,0,1,759
S105746,262,552296,16,24048
S105747,324,354132,63,98406
S105748,73,108113,2,3242
S105749,269,220042,32,33888
S105750,394,786818,6,9222
S105751,483,400890,87,122844
S105752,449,671704,33,22011
S105753,13,26273,2,1162
S105754,326,613206,49,51303
S105755,65,53625,9,6426
S105756,0,0,1,1289
S105757,350,616000,13,10764
S105758,367,835659,22,40832
S105759,217,529480,34,59976
S105760,291,182748,17,14042
S105761,86,87978,0,0
S105762,224,454496,35,50645
S105763,128,319744,25,12325
S105764,299,146211,12,8868
S105765,33,75702,5,2610
S105766,417,238524,24,40824
S105767,185,153920,27,22545
S105768,456,860472,32,35456
S105769,439,763860,28,21308
S105770,314,217916,54,60102
S105771,13,16458,1,1627
S105772,354,440376,13,4264
S105773,90,172890,3,1419
S105774,354,790482,26,24726
S105775,100,232800,15,19155
S105776,409,299388,23,21436
S105777,387,361845,4,7024
S105778,438,759930,40,39840
S105779,156,287508,23,7475
S105780,150,111600,17,8177
S105781,22,53130,2,1734
S105782,404,572064,68,110500
S105783,238,107338,37,49358
S105784,336,405216,63,89586
S105785,111,114996,2,2960
S105786,480,229440,2,3084
S105787,115,253575,7,9380
S105788,340,212500,30,24030
S105789,393,532515,60,33180
S105790,447,543552,23,29900
S105791,289,162129,13,22438
S105792,350,472150,21,13629
S105793,173,219364,2,1816
S105794,310,211420,2,688
S105795,272,234736,18,29880
S105796,435,822585,65,111085
S105797,80,98240,0,0
S105798,343,680169,2,2178
S105799,152,154128,14,17920
S105800,74,142894,9,7821
S105801,250,286500,4,3572
S105802,468,382356,23,42366
S105803,251,124747,10,19610
S105804,426,416628,72,121752
S105805,176,404976,8,11320
S105806,192,338688,21,32634
S105807,13,14261,1,1745
S105808,388,786088,57,30495
S105809,456,945288,64,61824
S105810,266,173698,35,31150
S105811,436,370600,60,35280
S105812,452,1125028,50,42300
S105813,500,953500,44,20416
S105814,260,172380,18,30366
S105815,105,69510,6,4740
S105816,80,83040,2,3450
S105817,375,268875,60,26640
S105818,31,69347,1,415
S105819,387,651321,43,70950
S105820,191,311903,6,9582
S105821,448,630336,74,107300
S105822,43,103845,1,855
S105823,410,878630,34,21828
S105824,46,54694,9,11106
S105825,396,648252,17,13855
S105826,179,442846,34,57426
S105827,267,264063,8,9624
S105828,381,239268,63,47187
S105829,132,159720,26,19838
S105830,90,216810,4,2264
S105831,64,34624,3,4668
S105832,26,59618,3,4932
S105833,492,1099620,20,19400
S105834,144,239760,18,9270
S105835,422,929666,75,47850
S105836,69,44574,3,3195
S105837,381,318897,35,36015
S105838,454,916172,16,14032
S105839,234,404820,29,24070
S105840,13,28366,0,0
S105841,256,503296,11,19184
S105842,224,510272,23,36386
S105843,217,337001,15,13035
S105844,198,182754,1,1204
S105845,383,400235,46,21988
S105846,5,7425,0,0
S105847,401,866561,68,56440
S105848,183,381555,35,38850
S105849,10,4060,1,576
S105850,231,336567,39,56745
S105851,284,589300,5,3955
S105852,326,430320,59,20945
S105853,263,138338,16,30832
S105854,321,170451,34,64498
S105855,476,899164,6,6780
S105856,344,814936,29,33263
S105857,100,109900,9,15822
S105858,445,513530,1,727
S105859,223,439979,28,14840
S105860,135,135675,1,440
S105861,379,814850,42,53802
S105862,216,244944,32,55456
S105863,161,387366,31,37603
S105864,360,436680,71,124463
S105865,416,286624,28,53396
S105866,145,128760,13,11531
S105867,93,225060,3,3417
S105868,393,718404,61,121695
S105869,36,43056,2,3898
S105870,273,388752,18,12780
S105871,279,264492,28,39396
S105872,186,361956,32,24800
S105873,36,83880,4,5664
S105874,82,199096,12,20568
S105875,445,398275,7,3122
S105876,151,141789,28,8680
S105877,75,85725,10,15850
S105878,1,2210,1,1134
S105879,182,150514,34,66300
S105880,482,927368,9,10368
S105881,194,232800,16,26480
S105882,78,146406,10,8300
S105883,99,154242,2,2598
S105884,386,164822,43,28767
S105885,464,1126128,26,48854
S105886,8,5856,1,1776
S105887,196,208544,4,2368
S105888,144,178848,21,38325
S105889,76,36100,7,3066
S105890,359,828931,27,37935
S105891,366,181902,17,28101
S105892,65,63830,12,15804
S105893,260,528840,36,20016
S105894,76,80332,7,11662
S105895,18,10242,1,1703
S105896,379,299410,10,3160
S105897,409,426996,54,88074
S105898,458,866994,36,20016
S105899,33,54285,3,3945
S105900,425,915450,13,14092
S105901,335,486755,61,36783
S105902,407,728937,31,48763
S105903,120,173760,5,5345
S105904,459,720171,7,2646
S105905,257,608319,43,66650
S105906,41,91184,4,2716
S105907,471,194994,60,62880
S105908,91,158067,12,21276
S105909,389,551991,50,35350
S105910,362,160728,24,10536
S105911,9,19134,0,0
S105912,46,59662,0,0
S105913,311,652478,25,15875
S105914,84,35112,13,10075
S105915,342,556776,61,105835
S105916,2,1770,0,0
S105917,119,218246,5,6565
S105918,341,801691,52,45032
S105919,94,205108,8,15112
S105920,304,368448,36,15084
S105921,329,725445,8,6080
S105922,66,156618,5,8780
S105923,122,163602,10,12920
S105924,107,209399,3,1188
S105925,191,78501,34,66300
S105926,153,223839,1,1076
S105927,266,441560,19,13756
S105928,179,136219,2,2880
S105929,213,297987,42,58926
S105930,490,898660,70,133980
S105931,188,152280,10,16130
S105932,309,151410,26,26572
S105933,23,13317,0,0
S105934,422,744830,71,109269
S105935,84,183036,13,22321
S105936,427,273280,76,76228
S105937,475,920550,22,22440
S105938,291,370443,41,36531
S105939,378,715932,51,58956
S105940,449,940206,27,34668
S105941,88,136664,7,9849
S105942,24,41160,4,1480
S105943,329,389865,57,65379
S105944,222,423132,40,14200
S105945,430,1022540,65,50570
S105946,347,571856,31,25420
S105947,285,345705,33,60390
S105948,107,165636,16,11888
S105949,0,0,1,516
S105950,86,152048,17,31416
S105951,380,597360,45,81855
S105952,430,689720,30,13470
S105953,396,510840,62,116312
S105954,456,702240,23,44344
S105955,30,27540,5,9350
S105956,331,312133,65,30160
S105957,442,246194,65,110630
S105958,282,465018,15,29925
S105959,275,383625,11,19349
S105960,350,270900,24,14112
S105961,40,56080,1,1479
S105962,483,328923,2,3194
S105963,497,1150058,46,31372
S105964,355,842415,71,111044
S105965,384,777600,18,24894
S105966,276,429456,30,40050
S105967,348,313200,43,59211
S105968,302,614268,35,35630
S105969,310,442680,9,4410
S105970,248,260896,26,45474
S105971,320,175040,20,10040
S105972,107,182970,19,8911
S105973,87,92568,7,3836
S105974,434,188356,58,77314
S105975,147,304437,13,22568
S105976,309,555273,24,41976
S105977,52,114972,1,1403
S105978,83,106655,5,6570
S105979,107,99724,20,25300
S105980,449,1046170,35,16485
S105981,125,274750,7,13937
S105982,39,95277,7,2205
S105983,192,426624,20,23580
S105984,55,90640,9,15174
S105985,18,28134,2,2834
S105986,149,283547,21,12033
S105987,58,39788,2,3132
S105988,423,709794,35,25200
S105989,493,895781,34,11968
S105990,30,65640,1,1745
S105991,44,107316,4,7420
S105992,273,210483,38,13034
S105993,414,820962,3,3912
S105994,456,922944,7,12551
S105995,148,274244,13,13377
S105996,31,26629,3,2406
S105997,281,511420,47,59502
S105998,127,86487,19,30134
S105999,210,339150,29,49648
S106000,8,6568,1,1700
S106001,183,101199,32,61760
S106002,69,89148,7,12320
S106003,277,382260,32,33376
S106004,393,427191,48,93456
S106005,104,196144,6,3774
S106006,176,383504,21,29631
S106007,398,506654,15,17985
S106008,482,608766,4,6056
S106009,2,1412,0,0
S106010,424,693664,55,77605
S106011,346,153970,6,10152
S106012,117,245115,19,9253
S106013,186,333684,17,33575
S106014,75,161625,1,622
S106015,222,535242,25,39575
S106016,347,234919,43,20511
S106017,287,190281,37,29489
S106018,126,96390,21,8316
S106019,139,187233,25,20300
S106020,234,357786,24,23304
S106021,317,240920,27,13230
S106022,214,255088,32,15648
S106023,91,188097,2,3790
S106024,143,57200,18,11124
S106025,155,275435,16,16400
S106026,252,418068,49,72128
S106027,302,451188,29,52983
S106028,123,302949,1,1656
S106029,393,451557,45,41535
S106030,133,200830,0,0
S106031,213,164010,38,49020
S106032,402,883194,44,46244
S106033,408,692784,48,88560
S106034,246,576624,38,31084
S106035,70,36820,14,11872
S106036,291,144336,37,11840
S106037,420,805140,73,65335
S106038,330,524700,32,29600
S106039,419,274026,46,54464
S106040,190,359860,22,41118
S106041,35,84700,1,1997
S106042,251,196784,34,63444
S106043,70,93450,11,6083
S106044,99,47718,1,1307
S106045,272,247520,47,49209
S106046,358,347618,62,75020
S106047,337,804419,6,3870
S106048,64,124928,10,17870
S106049,452,835748,35,14560
S106050,459,425952,62,78430
S106051,470,438980,29,24592
S106052,260,170300,44,25960
S106053,195,202020,6,8694
S106054,37,38517,4,1424
S106055,333,782217,63,88515
S106056,216,375408,43,31519
S106057,283,565434,41,32062
S106058,440,931920,39,36699
S106059,273,460278,54,46062
S106060,461,991150,60,31680
S106061,487,997376,2,2772
S106062,319,154396,51,98430
S106063,141,329658,26,47762
S106064,76,124184,4,2240
S106065,354,258774,28,52220
S106066,63,107226,5,1785
S106067,427,253638,20,13740
S106068,387,155187,57,106761
S106069,379,700771,0,0
S106070,132,113520,26,29770
S106071,280,444360,9,10611
S106072,26,37206,0,0
S106073,338,776386,45,35100
S106074,121,251801,11,16060
S106075,284,582484,19,32661
S106076,124,132184,5,9415
S106077,423,685683,72,29088
S106078,463,314840,58,115130
S106079,296,372368,24,17952
S106080,172,279672,29,11223
S106081,151,97395,16,6560
S106082,208,285584,37,73186
S106083,70,173600,2,1588
S106084,272,315792,51,57324
S106085,221,339456,25,15550
S106086,40,46120,4,7908
S106087,134,232222,1,1272
S106088,383,564159,76,147364
S106089,445,182450,17,30736
S106090,460,947140,46,70932
S106091,41,97088,6,2790
S106092,389,358658,12,10944
S106093,108,70092,0,0
S106094,81,199260,6,10800
S106095,23,45379,3,4797
S106096,265,553585,44,28116
S106097,353,480080,64,33280
S106098,67,149209,7,7028
S106099,274,456484,13,4576
S106100,474,523296,34,17952
S106101,140,115360,7,8204
S106102,423,1046925,57,86013
S106103,14,20370,1,1770
S106104,156,334620,18,35460
S106105,97,235419,7,9674
S106106,358,273154,51,66402
S106107,144,348912,20,18540
S106108,83,202022,12,16896
S106109,189,330183,5,4540
S106110,404,791032,12,7380
S106111,340,541280,37,72335
S106112,202,374508,32,10048
S106113,259,560476,35,21560
S106114,56,112112,10,17590
S106115,56,65856,5,3125
S106116,407,804639,39,23556
S106117,456,839040,78,39858
S106118,170,269620,12,8400
S106119,297,696762,16,22416
S106120,379,196701,68,118388
S106121,362,885814,56,17472
S106122,354,193284,51,79305
S106123,37,90687,4,7508
S106124,455,601055,37,73038
S106125,173,131307,31,45694
S106126,341,383966,52,72488
S106127,248,550312,45,25740
S106128,289,190451,35,63035
S106129,456,732792,33,22968
S106130,430,950300,49,52724
S106131,387,392418,59,74045
S106132,74,183816,6,5364
S106133,489,238143,81,153009
S106134,296,375920,52,31200
S106135,82,111930,9,14094
S106136,384,375936,54,105732
S106137,258,214914,50,37300
S106138,73,76431,4,7732
S106139,45,38025,8,13592
S106140,337,837445,28,16548
S106141,149,267157,4,6412
S106142,199,354419,24,46848
S106143,83,137365,1,1384
S106144,284,642976,27,45225
S106145,145,347565,9,13869
S106146,151,321932,10,15210
S106147,485,899675,73,133444
S106148,107,69550,1,1192
S106149,406,722274,71,129007
S106150,286,627198,51,27846
S106151,438,557574,66,35310
S106152,55,44440,8,7184
S106153,142,156484,6,4584
S106154,219,379965,20,36020
S106155,18,44910,0,0
S106156,127,181483,3,2184
S106157,16,13216,3,3618
S106158,87,152598,1,1256
S106159,497,657034,81,119070
S106160,100,69800,16,30800
S106161,96,209472,10,4950
S106162,382,691038,54,32346
S106163,106,259064,1,1710
S106164,246,105042,13,9321
S106165,222,231324,10,16830
S106166,392,583296,73,133371
S106167,159,355683,9,12654
S106168,449,882734,46,84916
S106169,1,863,1,387
S106170,459,878526,31,32829
S106171,137,260026,5,5205
S106172,186,229710,25,16525
S106173,465,504060,71,25418
S106174,300,380100,29,30363
S106175,483,356937,33,16434
S106176,438,193158,40,71440
S106177,271,653381,10,10480
S106178,136,150688,18,6930
S106179,392,906304,34,26758
S106180,114,104082,12,11388
S106181,330,649110,22,15312
S106182,61,74725,9,14067
S106183,78,31278,2,1954
S106184,373,230887,33,15444
S106185,69,53268,5,1725
S106186,208,324896,36,52128
S106187,456,477432,88,169048
S106188,365,294920,39,58149
S106189,381,733425,15,29805
S106190,95,141170,5,3095
S106191,208,437840,36,61308
S106192,332,283860,64,72000
S106193,86,180084,8,2560
S106194,169,161902,32,20672
S106195,209,365959,20,36420
S106196,22,30162,2,2716
S106197,432,428112,61,32452
S106198,259,434084,25,39675
S106199,253,158125,31,51150
S106200,74,164576,2,3986
S106201,309,738510,19,31084
S106202,148,92944,27,12231
S106203,89,60520,13,5577
S106204,4,8112,0,0
S106205,221,398242,21,29337
S106206,301,750694,46,80960
S106207,142,59072,23,42412
S106208,196,298116,9,16002
S106209,86,60544,17,7820
S106210,115,165600,2,646
S106211,165,397155,1,1386
S106212,270,193860,10,7470
S106213,325,676650,23,43493
S106214,343,551201,46,25990
S106215,457,1024594,55,24145
S106216,8,16128,1,360
S106217,435,1052265,17,23188
S106218,29,11832,4,5492
S106219,358,451796,24,21624
S106220,362,580286,61,108092
S106221,489,568707,76,130644
S106222,295,300310,12,8520
S106223,455,799890,25,27200
S106224,454,669196,30,40950
S106225,430,899990,11,21725
S106226,19,26429,1,669
S106227,166,344948,18,24462
S106228,469,580622,51,70737
S106229,141,181326,15,6735
S106230,352,758560,36,13500
S106231,200,140400,8,11816
S106232,129,236199,3,900
S106233,180,321840,6,7542
S106234,374,889746,42,54810
S106235,170,167110,22,11572
S106236,169,368589,23,36501
S106237,218,144970,33,20064
S106238,79,85873,3,948
S106239,248,322152,12,14112
S106240,254,296926,46,35282
S106241,96,68256,4,2648
S106242,383,423598,38,41116
S106243,391,407422,60,32580
S106244,385,339955,13,3913
S106245,29,67570,0,0
S106246,253,193039,29,10121
S106247,497,1180375,78,82680
S106248,383,513220,54,78138
S106249,226,110288,8,14280
S106250,269,643179,29,37410
S106251,309,733566,61,98027
S106252,206,478950,23,43309
S106253,25,43975,3,3939
S106254,164,221892,23,13018
S106255,250,396250,21,6426
S106256,99,196020,6,10518
S106257,174,209148,11,9966
S106258,103,151410,10,12370
S106259,59,46551,6,4128
S106260,241,151107,41,78802
S106261,498,694212,73,73876
S106262,128,313984,6,3972
S106263,466,779152,73,44603
S106264,105,224910,14,20622
S106265,480,209280,68,42772
S106266,51,35088,2,2406
S106267,76,94012,8,4344
S106268,448,727552,48,88896
S106269,75,167700,13,5070
S106270,85,34085,9,6336
S106271,492,236652,50,90500
S106272,206,280984,32,13888
S106273,252,571032,34,14586
S106274,243,117612,13,22035
S106275,447,349554,32,33312
S106276,388,278584,64,103040
S106277,298,225884,27,38016
S106278,215,508905,43,66822
S106279,194,467540,5,9085
S106280,117,106821,22,22572
S106281,462,943866,21,40509
S106282,319,317724,17,13447
S106283,338,806130,8,13080
S106284,456,255816,50,15150
S106285,112,177856,19,12027
S106286,446,755970,70,51940
S106287,404,363600,66,23892
S106288,248,336040,8,3168
S106289,479,249080,82,134808
S106290,237,173010,16,22192
S106291,272,450704,47,80135
S106292,211,449641,1,1173
S106293,44,46728,4,6980
S106294,15,26685,3,3987
S106295,239,464616,1,1556
S106296,130,302510,9,5643
S106297,105,44310,12,12156
S106298,131,274314,7,12817
S106299,290,562310,0,0
S106300,317,743365,43,26617
S106301,398,748638,45,30285
S106302,38,63726,2,3648
S106303,470,1065960,65,68250
S106304,62,64046,5,7735
S106305,1,575,1,538
S106306,23,56143,1,1344
S106307,475,689225,10,13120
S106308,117,230490,4,5320
S106309,433,267594,43,31691
S106310,348,341388,38,26372
S106311,260,147940,3,2685
S106312,207,90666,30,30210
S106313,322,785680,12,18180
S106314,200,422000,7,8505
S106315,488,1024800,90,109710
S106316,18,27756,1,1551
S106317,321,257121,27,15498
S106318,415,661925,54,71226
S106319,403,825747,41,54858
S106320,41,94587,4,5300
S106321,296,502608,16,16064
S106322,322,506828,58,101094
S106323,313,319260,46,44896
S106324,114,87552,9,4095
S106325,350,230650,17,32657
S106326,143,319605,17,24531
S106327,229,340752,36,37332
S106328,268,533856,28,16324
S106329,320,394240,61,84180
S106330,36,28728,4,1736
S106331,351,285363,11,11055
S106332,61,92720,0,0
S106333,476,595000,41,77818
S106334,358,190098,64,81408
S106335,285,605910,46,66746
S106336,224,487872,32,50240
S106337,178,232824,22,21076
S106338,172,412628,1,1631
S106339,160,217280,12,18444
S106340,100,43800,18,12330
S106341,213,482658,26,9100
S106342,228,311904,27,38475
S106343,385,432740,39,13728
S106344,472,559320,51,86700
S106345,360,465120,38,42940
S106346,340,278800,52,30368
S106347,228,302556,43,15824
S106348,283,347241,43,20683
S106349,469,493388,82,27306
S106350,398,820278,62,26660
S106351,471,696609,45,25560
S106352,227,302591,8,13320
S106353,213,176577,39,33774
S106354,40,28840,2,1604
S106355,221,268957,16,21680
S106356,487,613620,36,34740
S106357,402,410442,61,24705
S106358,442,939250,19,34751
S106359,134,188270,21,16863
S106360,205,371050,15,11130
S106361,493,686749,76,25080
S106362,344,359480,51,53652
S106363,345,267030,38,44916
S106364,94,83848,7,10710
S106365,117,232011,5,2620
S106366,412,864788,72,73080
S106367,267,510504,20,32820
S106368,202,269064,36,67104
S106369,7,9128,0,0
S106370,147,366765,4,4556
S106371,131,231346,25,16525
S106372,140,64820,25,8800
S106373,173,410010,13,22542
S106374,183,440481,13,23049
S106375,338,800046,41,23083
S106376,236,121068,29,45646
S106377,172,113520,20,12800
S106378,351,808704,6,10200
S106379,427,1061522,21,33369
S106380,402,556368,67,21708
S106381,232,552160,12,12612
S106382,284,425716,46,52900
S106383,324,756216,61,121695
S106384,354,663750,59,66670
S106385,444,241980,14,19082
S106386,287,593229,42,54936
S106387,284,318648,43,68671
S106388,428,884248,42,18816
S106389,191,78883,22,29480
S106390,304,429248,22,9240
S106391,296,384504,39,48828
S106392,419,347351,13,24882
S106393,143,319176,28,34916
S106394,210,452970,33,29601
S106395,175,255675,11,14421
S106396,239,227528,45,30690
S106397,42,61026,4,3752
S106398,406,501816,69,87423
S106399,442,729300,62,61442
S106400,341,259501,49,32487
S106401,181,298650,29,46574
S106402,52,51948,9,16713
S106403,318,397500,16,22368
S106404,316,254696,39,58617
S106405,176,197824,9,7785
S106406,246,200490,37,40996
S106407,482,201476,92,81512
S106408,63,141876,6,8196
S106409,381,605409,13,12766
S106410,33,73788,0,0
S106411,9,18981,1,1723
S106412,80,172080,16,16016
S106413,177,86730,32,58976
S106414,157,260934,4,7728
S106415,4,3440,1,1313
S106416,85,88995,4,1952
S106417,477,1024596,55,54890
S106418,148,342324,16,18096
S106419,348,526176,51,51000
S106420,470,350150,82,154160
S106421,400,738800,78,85098
S106422,203,318101,39,24219
S106423,232,112520,46,48714
S106424,196,215012,10,9550
S106425,152,350664,1,1224
S106426,388,733708,72,123336
S106427,387,950085,29,27840
S106428,498,462144,40,50120
S106429,272,119952,25,29000
S106430,343,375928,42,82950
S106431,292,511876,33,19734
S106432,426,320778,32,23104
S106433,22,54340,3,3270
S106434,290,381930,19,9329
S106435,249,378729,48,83616
S106436,73,167681,9,11736
S106437,296,322344,22,11242
S106438,315,658665,23,28750
S106439,284,600376,55,36410
S106440,300,233100,52,50648
S106441,457,311217,37,48581
S106442,478,783920,40,78720
S106443,235,331350,30,24750
S106444,145,152830,26,31720
S106445,180,124740,13,6773
S106446,401,213332,12,23028
S106447,419,188131,14,5768
S106448,7,16352,0,0
S106449,112,81088,7,3136
S106450,59,71213,5,9325
S106451,408,858840,58,71862
S106452,241,158096,4,7072
S106453,479,640902,28,46284
S106454,67,42612,4,2444
S106455,287,633983,0,0
S106456,292,578452,56,91952
S106457,425,823650,31,24118
S106458,77,156464,13,7670
S106459,9,17271,0,0
S106460,194,199238,8,14456
S106461,295,598260,21,9744
S106462,173,236837,31,18259
S106463,262,168990,26,42588
S106464,46,84732,9,16488
S106465,395,329430,49,70854
S106466,216,452952,7,11942
S106467,466,428720,68,69292
S106468,341,654720,7,4403
S106469,289,459221,2,2294
S106470,77,189651,4,7564
S106471,135,72360,25,21200
S106472,77,147917,3,2781
S106473,310,742760,16,18192
S106474,106,157834,18,22158
S106475,160,214720,21,16737
S106476,234,364572,36,35208
S106477,450,411300,47,32007
S106478,432,775872,55,17930
S106479,261,651978,18,23400
S106480,350,143850,62,101060
S106481,44,37400,7,7742
S106482,106,131334,13,23777
S106483,193,156716,35,57540
S106484,333,221445,47,20445
S106485,172,276232,30,17880
S106486,280,415800,56,27048
S106487,92,157412,16,16672
S106488,170,213690,1,346
S106489,36,45324,6,4122
S106490,449,984657,50,98550
S106491,14,7490,1,1349
S106492,305,494100,23,23414
S106493,390,278850,52,18876
S106494,293,199240,5,6245
S106495,361,554496,26,35672
S106496,89,105732,5,8700
S106497,283,637882,6,6102
S106498,310,565130,22,18150
S106499,247,212667,31,31062
S106500,274,448812,42,50400
S106501,25,17650,4,7444
S106502,250,207000,5,1825
S106503,296,150072,45,68850
S106504,6,9918,0,0
S106505,255,164985,24,10752
S106506,423,945828,69,83628
S106507,94,104246,3,3702
S106508,147,350742,15,23550
S106509,433,593210,28,30996
S106510,226,488838,5,2625
S106511,347,849109,53,28461
S106512,208,459680,27,28890
S106513,243,201933,22,42240
S106514,241,201235,33,40920
S106515,61,59841,0,0
S106516,226,306682,31,30659
S106517,280,673680,20,18320
S106518,160,309920,5,8420
S106519,288,171360,10,6450
S106520,253,355971,19,33136
S106521,217,506261,19,25954
S106522,354,615252,14,19782
S106523,261,479196,5,3420
S106524,485,955450,28,32536
S106525,455,482755,9,6633
S106526,251,505012,39,27885
S106527,454,368194,12,15660
S106528,245,296940,20,20020
S106529,177,376302,14,15106
S106530,291,364623,16,20544
S106531,361,537168,32,12832
S106532,359,429005,26,20774
S106533,213,480741,2,1292
S106534,197,160949,12,15864
S106535,202,137158,3,2274
S106536,164,187944,12,18984
S106537,460,588340,10,15310
S106538,5,12110,0,0
S106539,239,96078,7,2562
S106540,127,173609,16,23392
S106541,155,76260,15,19095
S106542,100,204300,2,622
S106543,40,24080,1,1540
S106544,356,761484,18,11124
S106545,209,94259,35,16590
S106546,359,641174,70,73570
S106547,55,120505,7,12971
S106548,198,406692,31,28365
S106549,292,515672,7,5180
S106550,138,248676,25,39425
S106551,273,262899,29,56231
S106552,438,571590,17,12325
S106553,234,520416,26,43966
S106554,358,463968,21,35889
S106555,207,423522,11,6028
S106556,364,564200,49,26460
S106557,380,251180,2,2192
S106558,371,667429,1,1626
S106559,435,493725,44,77088
S106560,234,254826,43,47773
S106561,312,664560,29,36743
S106562,146,256522,13,12441
S106563,344,848648,52,95576
S106564,1,1418,0,0
S106565,222,271728,16,22848
S106566,111,246309,19,34124
S106567,191,206853,14,9730
S106568,217,488901,5,6075
S106569,429,665808,47,14476
S106570,455,611065,28,27748
S106571,251,184987,31,38409
S106572,75,156675,12,18696
S106573,49,98245,4,7868
S106574,195,222105,11,21659
S106575,31,55645,5,5795
S106576,431,368936,45,69435
S106577,300,736800,42,77196
S106578,17,22185,3,3153
S106579,397,397000,28,50736
S106580,431,273685,29,46110
S106581,336,420336,9,4428
S106582,12,11952,1,1954
S106583,358,512298,25,13075
S106584,247,471276,43,59813
S106585,402,397578,44,26136
S106586,92,97152,18,7848
S106587,495,428175,85,160650
S106588,273,409773,50,20250
S106589,471,196878,17,33524
S106590,184,184552,2,2622
S106591,136,161432,23,20332
S106592,222,335664,34,55352
S106593,63,155232,6,10746
S106594,269,390319,8,8256
S106595,203,260043,28,48972
S106596,297,679536,48,89424
S106597,467,637455,68,97376
S106598,10,18540,0,0
S106599,175,74025,26,26312
S106600,202,394304,20,10640
S106601,278,132884,8,15144
S106602,344,545240,56,36176
S106603,112,120512,7,9520
S106604,272,610096,28,32620
S106605,493,669494,75,117975
S106606,264,166848,25,34050
S106607,68,45628,3,1806
S106608,186,324570,4,4928
S106609,2,1798,1,1481
S106610,343,442813,8,8760
S106611,455,723905,77,123816
S106612,99,227403,17,7174
S106613,271,505144,1,1261
S106614,307,188191,52,100100
S106615,334,175016,32,58592
S106616,35,60760,7,4739
S106617,474,469260,12,18816
S106618,215,257140,35,17570
S106619,343,151606,21,11508
S106620,12,12816,1,481
S106621,267,454701,33,20790
S106622,402,536268,60,91980
S106623,51,96849,8,6680
S106624,492,1063704,58,78880
S106625,139,157904,24,30888
S106626,478,502378,10,15950
S106627,230,569710,9,9000
S106628,436,253316,59,57702
S106629,477,622962,21,6720
S106630,341,245861,40,78960
S106631,439,574651,81,102384
S106632,106,158576,1,543
S106633,336,406224,29,29928
S106634,236,367216,41,46904
S106635,168,210336,26,27456
S106636,81,48033,10,18330
S106637,125,69125,11,4334
S106638,137,242490,16,5200
S106639,144,325152,0,0
S106640,81,102303,1,950
S106641,299,661388,23,21758
S106642,302,561720,48,76080
S106643,33,30987,0,0
S106644,87,213063,12,23808
S106645,342,351576,5,9920
S106646,86,161680,9,5679
S106647,23,10994,1,474
S106648,174,85434,31,41168
S106649,482,261244,11,20438
S106650,175,354900,5,5635
S106651,368,527712,15,10815
S106652,40,61040,8,13344
S106653,488,267912,25,14125
S106654,259,259518,7,12635
S106655,145,132820,15,19380
S106656,499,361276,4,5296
S106657,144,308448,17,13872
S106658,340,337620,42,21882
S106659,466,917554,69,50922
S106660,457,371998,2,2842
S106661,151,305775,11,11902
S106662,347,515989,23,15985
S106663,90,150120,11,8954
S106664,471,812475,32,15232
S106665,361,265335,26,50362
S106666,173,278357,23,40825
S106667,156,180024,11,13277
S106668,72,146880,1,1422
S106669,437,609615,18,24786
S106670,157,192011,22,32098
S106671,299,735540,23,12167
S106672,30,23130,3,3780
S106673,33,29832,2,2372
S106674,229,224191,25,23600
S106675,475,1105325,77,52976
S106676,255,286620,45,81180
S106677,53,124762,7,11445
S106678,127,233172,19,19703
S106679,350,152950,64,55424
S106680,362,476392,48,42720
S106681,221,432939,39,44109
S106682,19,16492,3,2781
S106683,2,3918,1,1167
S106684,93,95604,7,5957
S106685,484,1016884,16,23600
S106686,376,844872,14,13692
S106687,60,88500,3,1059
S106688,308,217448,56,73752
S106689,383,854856,70,99890
S106690,461,969483,90,27630
S106691,3,3759,0,0
S106692,218,196636,31,43617
S106693,394,846312,13,4862
S106694,213,303525,37,38221
S106695,155,233895,5,5880
S106696,289,336685,51,36312
S106697,336,226800,17,25823
S106698,348,216804,33,19371
S106699,375,300750,36,63432
S106700,28,13580,0,0
S106701,159,198909,13,15223
S106702,45,46530,8,4368
S106703,112,108864,14,22638
S106704,146,93586,15,11190
S106705,380,155800,36,41328
S106706,363,470811,61,56608
S106707,234,426348,12,10092
S106708,343,421204,41,54161
S106709,468,974844,0,0
S106710,133,82992,24,11448
S106711,190,92530,13,13624
S106712,126,179676,22,40216
S106713,487,574173,24,32736
S106714,393,606006,15,27540
S106715,298,486932,37,35409
S106716,485,1013165,27,49761
S106717,250,158250,29,25404
S106718,411,778023,8,8040
S106719,323,657951,42,78960
S106720,337,748140,29,13514
S106721,237,446745,6,5430
S106722,224,478240,9,4554
S106723,87,98136,17,18564
S106724,207,371358,4,4740
S106725,48,100176,6,2514
S106726,45,53460,0,0
S106727,198,270072,25,8300
S106728,97,58394,8,10984
S106729,64,42560,12,3792
S106730,70,90790,6,11856
S106731,271,210567,34,50150
S106732,85,197370,15,15360
S106733,422,925024,75,24525
S106734,334,656644,0,0
S106735,98,97608,0,0
S106736,310,237460,21,41097
S106737,81,58725,10,14790
S106738,490,878570,48,40368
S106739,194,106894,37,73593
S106740,472,462560,30,41490
S106741,160,294720,12,8028
S106742,276,295596,11,14630
S106743,195,281775,16,28048
S106744,336,286608,33,16599
S106745,283,348373,36,65232
S106746,477,705960,51,60180
S106747,294,521556,50,85000
S106748,12,29688,1,523
S106749,276,456780,41,31160
S106750,436,860664,5,5380
S106751,387,634293,24,34200
S106752,17,20264,1,1198
S106753,494,829426,26,26988
S106754,12,14820,1,340
S106755,485,210975,97,74205
S106756,387,193887,69,55752
S106757,5,3255,1,1798
S106758,25,45050,3,1722
S106759,170,243610,16,29872
S106760,153,272187,26,25064
S106761,103,80237,19,7467
S106762,189,344736,34,15912
S106763,256,632576,22,17688
S106764,436,725940,32,63104
S106765,370,589040,71,131137
S106766,190,95380,1,1251
S106767,64,150336,10,8630
S106768,466,855110,72,32472
S106769,209,457919,0,0
S106770,495,1225620,39,19734
S106771,37,30229,4,3476
S106772,335,208370,60,56160
S106773,15,26370,1,607
S106774,182,401492,8,8264
S106775,301,213409,47,37130
S106776,400,190400,1,333
S106777,378,477036,59,57820
S106778,90,142920,10,9800
S106779,268,269876,28,26936
S106780,117,116766,13,24453
S106781,80,105520,14,24752
S106782,404,268256,23,28727
S106783,369,630621,15,22995
S106784,377,517998,55,85360
S106785,183,451644,18,9072
S106786,216,269784,20,29640
S106787,211,498804,37,39405
S106788,419,860207,9,9090
S106789,40,23120,0,0
S106790,18,18000,1,1878
S106791,286,415844,55,78980
S106792,225,311175,1,1286
S106793,141,179775,15,25035
S106794,398,899082,49,69678
S106795,412,356380,4,3168
S106796,95,146775,15,7290
S106797,231,300300,20,22440
S106798,166,352916,2,2720
S106799,431,495650,18,13248
S106800,171,148257,26,34008
S106801,25,26650,2,3244
S106802,491,1077745,56,107296
S106803,493,661606,39,51480
S106804,163,125184,25,13875
S106805,375,906000,20,14080
S106806,459,1121337,10,13410
S106807,113,140798,10,6800
S106808,269,130465,36,50112
S106809,240,503040,37,74000
S106810,432,393552,56,46704
S106811,307,686759,57,108756
S106812,454,197490,49,51646
S106813,89,195978,13,6695
S106814,78,111618,5,3005
S106815,366,160308,25,43975
S106816,308,298760,59,28851
S106817,28,22624,5,5360
S106818,44,73216,8,14688
S106819,466,349966,15,19005
S106820,204,297432,20,33260
S106821,84,203868,12,19872
S106822,103,46968,19,22097
S106823,190,106970,2,1832
S106824,393,213399,13,6162
S106825,222,358308,22,30206
S106826,485,384120,57,90744
S106827,373,838877,66,37290
S106828,65,98735,11,6050
S106829,140,67060,13,6175
S106830,400,410400,26,41366
S106831,42,63378,2,1658
S106832,474,362610,90,70380
S106833,466,228340,30,40680
S106834,297,699732,28,21336
S106835,400,336400,20,21780
S106836,178,88822,3,3678
S106837,483,843801,37,14208
S106838,213,285207,6,3378
S106839,406,416150,41,41246
S106840,321,566565,12,6612
S106841,462,1063986,21,24108
S106842,109,87854,14,23338
S106843,88,194744,4,1316
S106844,198,376398,22,43802
S106845,61,98393,9,17838
S106846,253,318527,32,36384
S106847,99,211761,4,6980
S106848,27,28377,3,1476
S106849,102,207264,15,24630
S106850,487,485539,41,27511
S106851,337,396312,14,25186
S106852,283,627977,53,103721
S106853,389,205392,36,38160
S106854,29,34800,3,5217
S106855,456,728232,6,4602
S106856,398,572324,61,65514
S106857,112,133728,9,11079
S106858,422,776058,76,125476
S106859,152,190152,6,4518
S106860,34,74188,4,4552
S106861,187,94061,14,20216
S106862,428,476364,84,28224
S106863,162,167346,31,61907
S106864,29,12644,5,1945
S106865,277,562033,29,32683
S106866,356,592384,30,34410
S106867,318,486858,23,21643
S106868,290,528090,7,10269
S106869,54,38664,0,0
S106870,274,249614,7,2695
S106871,347,607250,31,12276
S106872,421,979246,65,124735
S106873,118,60180,3,3393
S106874,89,222055,16,15536
S106875,380,861460,61,52643
S106876,155,197470,1,1800
S106877,236,435184,44,45540
S106878,271,452841,42,55776
S106879,398,716002,72,49176
S106880,373,481916,15,11835
S106881,282,651138,1,830
S106882,325,372450,47,26085
S106883,383,664888,68,88400
S106884,18,39888,3,1704
S106885,346,357418,27,26082
S106886,259,233877,18,30600
S106887,23,24426,3,3021
S106888,40,28280,2,3946
S106889,12,20052,1,743
S106890,475,368600,43,75981
S106891,471,1083300,82,159572
S106892,390,202800,24,44832
S106893,119,56049,1,849
S106894,205,297045,21,24885
S106895,438,1030176,70,110530
S106896,393,953811,45,40455
S106897,202,327240,0,0
S106898,478,235654,31,38688
S106899,493,551174,56,64120
S106900,474,925248,27,40122
S106901,230,415150,39,58227
S106902,275,455125,15,10020
S106903,351,229203,53,76002
S106904,295,465215,28,42504
S106905,20,31900,0,0
S106906,274,649380,29,21025
S106907,233,389809,42,67032
S106908,170,148580,11,4026
S106909,337,337337,11,3377
S106910,298,264624,17,26095
S106911,36,74160,7,6713
S106912,320,708480,33,59400
S106913,367,396727,19,10792
S106914,21,9051,4,3352
S106915,132,105468,12,17376
S106916,355,761830,34,36210
S106917,424,973504,33,54186
S106918,195,414570,30,18900
S106919,428,285476,41,42722
S106920,143,355784,15,8610
S106921,370,415510,37,61568
S106922,219,520344,14,25004
S106923,230,424120,26,32058
S106924,305,462685,53,69695
S106925,490,861910,3,3978
S106926,264,250800,52,44044
S106927,193,225038,7,8323
S106928,170,396270,2,808
S106929,323,405042,12,5172
S106930,280,374360,11,13981
S106931,87,101181,7,3101
S106932,362,844184,42,42126
S106933,389,334929,28,24584
S106934,283,311583,31,34782
S106935,475,1051175,84,99876
S106936,439,712497,11,20592
S106937,244,105408,30,12120
S106938,306,658206,60,44520
S106939,303,680841,26,22620
S106940,4,9612,0,0
S106941,290,403390,25,27900
S106942,237,156657,15,24090
S106943,159,90312,23,8970
S106944,457,451516,53,46163
S106945,482,343666,69,83214
S106946,422,492474,28,38976
S106947,496,972656,89,130830
S106948,407,875457,67,76112
S106949,36,65268,2,3816
S106950,14,29288,2,1864
S106951,86,103028,5,9625
S106952,60,36660,8,4200
S106953,331,289294,51,59619
S106954,410,212790,78,92664
S106955,331,552770,66,74448
S106956,5,6955,0,0
S106957,77,91938,9,13239
S106958,399,898149,21,25662
S106959,450,203400,65,122785
S106960,367,522241,32,54016
S106961,403,964379,5,6900
S106962,4,6216,0,0
S106963,276,542616,2,1346
S106964,17,24004,2,3692
S106965,307,436861,18,12132
S106966,126,159390,1,959
S106967,382,753304,64,114944
S106968,72,65160,10,17590
S106969,63,40257,12,8076
S106970,105,70140,1,1931
S106971,120,51360,16,26032
S106972,477,947322,77,33649
S106973,311,374755,27,23787
S106974,299,268203,14,25816
S106975,98,191982,9,3564
S106976,470,437570,20,8460
S106977,259,269619,21,27132
S106978,491,372669,5,1985
S106979,329,350714,53,34821
S106980,371,505302,11,6149
S106981,203,491260,20,32160
S106982,489,670908,51,29682
S106983,157,345557,17,22780
S106984,186,376092,7,4375
S106985,286,632918,56,50624
S106986,298,227970,30,33210
S106987,452,260804,55,65065
S106988,97,164706,11,9119
S106989,88,44264,3,1596
S106990,242,299838,34,51646
S106991,311,284565,5,4355
S106992,212,193132,5,7470
S106993,63,157122,3,4413
S106994,59,75992,4,2572
S106995,440,585200,15,14535
S106996,108,58968,13,6591
S106997,1,1497,0,0
S106998,480,504000,31,56451
S106999,435,371925,85,52700
S107000,26,18798,2,2762
S107001,238,317254,22,19668
S107002,144,283680,4,4268
S107003,499,1117760,85,74205
S107004,449,210132,15,25755
S107005,161,132181,31,49569
S107006,63,101619,11,8085
S107007,183,371673,9,11934
S107008,83,150811,2,2084
S107009,420,638820,2,2894
S107010,123,221400,13,9646
S107011,22,19646,2,3182
S107012,327,597756,13,14638
S107013,134,320528,13,15990
S107014,136,294440,16,13840
S107015,232,140592,25,46950
S107016,426,398736,47,83096
S107017,399,276906,37,38517
S107018,307,395416,47,92543
S107019,442,226746,79,35866
S107020,260,405080,43,59942
S107021,263,277202,16,9696
S107022,33,23067,5,1730
S107023,252,136080,8,11272
S107024,489,666507,53,29203
S107025,372,632772,49,34594
S107026,115,222870,8,7752
S107027,476,702100,79,150337
S107028,480,812160,2,3860
S107029,288,273888,18,12942
S107030,51,84711,8,3712
S107031,281,613423,16,15680
S107032,320,240640,50,34050
S107033,191,127970,1,836
S107034,32,33536,1,1257
S107035,242,403172,6,5520
S107036,424,660168,0,0
S107037,84,73584,3,5076
S107038,31,77128,0,0
S107039,61,57828,11,5885
S107040,185,186665,2,612
S107041,7,6062,1,1009
S107042,389,830515,65,62140
S107043,134,261568,23,31786
S107044,101,167155,8,10136
S107045,263,613316,7,4690
S107046,453,1070892,56,90384
S107047,203,469539,11,14047
S107048,33,17424,5,5855
S107049,230,566260,21,14826
S107050,227,475565,34,23290
S107051,387,788319,9,9864
S107052,269,664161,19,21375
S107053,435,450660,23,8947
S107054,242,501908,37,26751
S107055,368,857808,59,49088
S107056,163,262593,9,16263
S107057,13,30472,0,0
S107058,340,714680,40,53080
S107059,489,1102206,69,59685
S107060,204,471852,34,38386
S107061,369,302211,31,25885
S107062,16,16736,1,923
S107063,49,24843,9,3024
S107064,70,51940,1,776
S107065,462,1005774,92,183356
S107066,388,214176,7,6937
S107067,360,811080,64,86976
S107068,120,230760,1,613
S107069,225,368775,42,82572
S107070,2,3254,0,0
S107071,249,257217,3,2799
S107072,251,498988,45,72000
S107073,184,87216,35,50750
S107074,382,432424,44,18128
S107075,221,455923,2,3754
S107076,473,1018842,36,40500
S107077,434,1060696,69,118335
S107078,77,156464,1,717
S107079,357,865368,35,68635
S107080,468,381420,56,104048
S107081,132,231132,11,8085
S107082,289,356915,44,35728
S107083,187,457776,36,17640
S107084,144,192960,6,11748
S107085,238,365330,4,4212
S107086,328,730128,19,26315
S107087,54,60372,2,2276
S107088,134,306458,16,19312
S107089,157,344615,24,16560
S107090,442,442442,78,64974
S107091,399,399798,35,45570
S107092,478,785354,78,61932
S107093,364,377832,59,87320
S107094,219,260829,4,1212
S107095,56,58744,3,2664
S107096,108,205524,9,6093
S107097,131,240385,11,17369
S107098,77,158158,9,10377
S107099,303,447531,26,36868
S107100,127,166624,25,37325
S107101,255,217515,12,6108
S107102,32,67488,4,1972
S107103,127,227457,17,24276
S107104,43,93095,6,6060
S107105,319,244035,37,45658
S107106,464,256128,62,27838
S107107,24,45792,2,2070
S107108,429,626769,7,13349
S107109,354,813846,34,23290
S107110,442,705874,68,79560
S107111,235,160975,35,24885
S107112,316,638320,31,58249
S107113,334,478956,8,8936
S107114,76,169252,12,8124
S107115,79,156894,15,27090
S107116,296,203648,59,30739
S107117,326,659824,53,25281
S107118,500,1233000,85,125205
S107119,476,648788,87,42456
S107120,47,103541,4,2076
S107121,12,19872,0,0
S107122,398,372130,52,18460
S107123,258,532512,11,6732
S107124,213,516738,34,46784
S107125,417,982869,1,1458
S107126,12,10752,2,3432
S107127,19,13946,3,5655
S107128,332,468784,54,19926
S107129,432,211248,46,30268
S107130,391,637330,73,51173
S107131,284,343072,23,9131
S107132,317,128068,26,34502
S107133,87,67251,11,15235
S107134,376,801256,21,35133
S107135,171,139707,3,5748
S107136,60,80460,2,988
S107137,454,840808,41,52029
S107138,412,497284,16,30640
S107139,242,139634,44,70092
S107140,241,149420,48,58896
S107141,48,74352,5,8935
S107142,324,308448,22,15994
S107143,109,253425,1,725
S107144,470,239700,76,79420
S107145,30,12240,6,10188
S107146,249,205176,43,13889
S107147,60,111060,9,8802
S107148,164,132184,20,29180
S107149,241,153999,45,87885
S107150,109,252662,5,2750
S107151,332,503644,1,1363
S107152,428,415160,78,80496
S107153,337,527742,53,17331
S107154,199,309047,7,10451
S107155,473,655105,28,52584
S107156,485,1082520,95,93480
S107157,171,180747,4,4156
S107158,190,119890,10,12010
S107159,231,197967,12,13188
S107160,473,1117226,8,11768
S107161,422,1042762,34,52428
S107162,163,113611,13,11128
S107163,47,61476,0,0
S107164,110,141350,12,22524
S107165,431,1060691,25,40150
S107166,318,382872,48,79872
S107167,119,51527,8,6744
S107168,355,688345,8,8472
S107169,190,369930,13,17147
S107170,372,236592,21,26061
S107171,255,143820,10,9650
S107172,127,310896,3,3045
S107173,81,184032,13,6682
S107174,487,747545,60,110580
S107175,149,290103,2,3588
S107176,441,492597,56,54936
S107177,3,5355,0,0
S107178,323,395352,53,22048
S107179,406,479080,49,26166
S107180,87,102660,1,457
S107181,448,1073408,54,55998
S107182,16,14496,1,1382
S107183,324,193428,58,98716
S107184,358,813018,20,9700
S107185,79,59013,4,2244
S107186,240,522720,17,10353
S107187,175,126000,11,10252
S107188,75,160950,14,24780
S107189,125,60000,21,17178
S107190,400,341600,27,43794
S107191,60,67440,2,3444
S107192,143,288574,3,3780
S107193,147,301644,23,35719
S107194,449,968044,60,29220
S107195,417,883206,1,720
S107196,355,623735,54,80946
S107197,212,436720,5,8915
S107198,172,273136,25,14100
S107199,84,149688,3,2784
S107200,459,361233,21,32382
S107201,380,394820,59,115345
S107202,186,364374,23,27738
S107203,51,37026,9,17775
S107204,310,570400,34,42058
S107205,341,202213,10,7170
S107206,100,183100,20,8260
S107207,205,475805,32,55200
S107208,203,310387,11,7645
S107209,399,732963,78,34632
S107210,103,193640,12,14460
S107211,282,658752,56,72408
S107212,36,59040,2,2504
S107213,307,734958,14,5544
S107214,244,162504,20,25440
S107215,138,126408,13,19812
S107216,347,691571,25,20800
S107217,153,279837,29,47705
S107218,103,204455,2,714
S107219,161,118174,12,17004
S107220,42,21756,1,985
S107221,368,667920,14,15190
S107222,441,602847,39,17628
S107223,322,569940,44,42944
S107224,61,56425,3,5643
S107225,147,158466,25,16825
S107226,411,873375,35,22190
S107227,276,300012,7,8141
S107228,170,115430,27,9288
S107229,438,789276,0,0
S107230,419,614254,11,19481
S107231,185,76960,29,19198
S107232,115,205275,9,5751
S107233,278,613824,20,36660
S107234,257,250575,36,65088
S107235,497,700273,94,31866
S107236,428,676668,19,35492
S107237,329,175686,63,109746
S107238,40,17960,3,1644
S107239,475,717725,19,10526
S107240,471,251514,49,49490
S107241,113,60229,7,10640
S107242,39,67431,5,7830
S107243,207,127926,40,31640
S107244,390,607620,36,36648
S107245,250,138750,45,42345
S107246,160,223680,22,9944
S107247,221,506532,21,7098
S107248,24,37680,2,2272
S107249,455,338065,48,51264
S107250,142,324470,6,10188
S107251,137,177278,4,6700
S107252,407,657305,77,51667
S107253,366,517158,69,93840
S107254,444,477744,45,14760
S107255,380,181640,1,321
S107256,154,319550,6,6834
S107257,352,813824,10,17070
S107258,139,248115,27,44145
S107259,417,1013310,65,103220
S107260,296,599992,14,8778
S107261,429,259545,54,66744
S107262,245,195510,23,7843
S107263,140,99960,13,22867
S107264,69,139518,9,5049
S107265,464,501584,20,35240
S107266,163,282805,12,23268
S107267,312,410280,55,23815
S107268,345,634110,1,385
S107269,240,559200,45,77265
S107270,373,734064,27,13689
S107271,83,42081,8,5392
S107272,194,208938,33,33495
S107273,423,958941,30,36480
S107274,162,325134,32,55168
S107275,138,286764,19,21375
S107276,69,128754,1,1762
S107277,95,62510,16,25904
S107278,462,294756,18,16164
S107279,0,0,0,0
S107280,463,488002,87,76821
S107281,450,623250,18,22410
S107282,387,313857,76,80484
S107283,310,372310,8,11368
S107284,62,30938,12,10236
S107285,200,417000,3,1839
S107286,382,945450,60,89280
S107287,11,10967,0,0
S107288,133,253764,3,5220
S107289,236,553892,22,37774
S107290,198,382338,30,53040
S107291,14,12782,0,0
S107292,203,211932,34,25602
S107293,345,401580,68,111792
S107294,116,97324,22,14454
S107295,434,609770,43,81098
S107296,282,525366,8,14944
S107297,389,232622,69,114264
S107298,34,23222,4,4980
S107299,314,736958,51,50643
S107300,11,26488,1,1426
S107301,397,189766,64,67392
S107302,309,736347,52,40664
S107303,187,181203,17,27387
S107304,150,126450,13,16640
S107305,381,359283,75,121050
S107306,453,1114833,88,38632
S107307,116,174232,1,984
S107308,116,213788,14,9394
S107309,64,110208,7,13538
S107310,147,145677,6,6606
S107311,227,429938,44,85844
S107312,366,905484,2,2052
S107313,163,177507,2,3256
S107314,349,503607,12,23544
S107315,297,672111,37,68931
S107316,255,432735,29,33553
S107317,6,5118,0,0
S107318,4,9832,1,607
S107319,467,318027,73,131765
S107320,405,637065,49,78547
S107321,161,267421,0,0
S107322,375,250875,48,21408
S107323,141,192606,26,45786
S107324,241,119054,36,18072
S107325,486,555984,47,51230
S107326,303,577821,9,8487
S107327,319,683936,27,45414
S107328,40,96920,6,3216
S107329,403,816881,63,58716
S107330,468,358020,33,44946
S107331,470,635910,12,11808
S107332,235,579510,5,9940
S107333,366,682956,17,19601
S107334,30,60600,2,1634
S107335,311,167940,2,1516
S107336,404,347440,5,6100
S107337,319,501149,33,35310
S107338,228,430920,44,68420
S107339,223,163236,19,37373
S107340,251,580563,34,16388
S107341,337,546614,55,103455
S107342,375,151500,19,15371
S107343,126,55314,11,7062
S107344,40,95080,5,7990
S107345,279,348192,46,28244
S107346,71,31666,7,11263
S107347,444,1055388,57,102543
S107348,146,134028,2,3378
S107349,68,131444,7,12726
S107350,17,17680,3,3075
S107351,286,139568,42,71610
S107352,53,119621,4,6616
S107353,283,587791,13,17680
S107354,462,1018248,67,66531
S107355,447,523437,76,106856
S107356,321,189390,50,62550
S107357,494,467324,32,58912
S107358,276,241776,38,44042
S107359,210,346920,9,13716
S107360,468,467064,30,43560
S107361,392,279104,22,14256
S107362,96,167616,12,8856
S107363,433,273656,79,99935
S107364,183,343674,31,46965
S107365,15,30120,1,1341
S107366,381,218313,51,93432
S107367,38,84588,3,2157
S107368,435,340605,14,27594
S107369,484,581284,28,18536
S107370,155,154070,14,16660
S107371,385,479325,8,4808
S107372,260,641940,11,18326
S107373,372,521916,18,5850
S107374,137,201527,1,1356
S107375,419,521236,38,35188
S107376,249,392922,16,22208
S107377,223,475213,35,26635
S107378,493,543286,73,138846
S107379,73,145781,11,14377
S107380,61,72468,11,9174
S107381,445,1100485,70,35630
S107382,403,672204,66,115632
S107383,396,638748,35,23030
S107384,460,585580,33,56265
S107385,85,85340,6,8340
S107386,302,370554,26,33566
S107387,31,12865,1,1149
S107388,292,141620,16,28336
S107389,86,167872,1,973
S107390,19,36157,3,1917
S107391,168,124992,26,34502
S107392,140,203980,24,29496
S107393,336,478128,9,7308
S107394,450,955800,71,45582
S107395,394,718656,63,119511
S107396,349,216380,54,51678
S107397,214,298958,11,3993
S107398,12,15444,1,900
S107399,457,845907,18,34182
S107400,31,25110,6,5214
S107401,251,151604,35,16205
S107402,176,437008,13,25246
S107403,288,280800,43,15695
S107404,307,335244,10,18240
S107405,368,839040,10,12000
S107406,86,141556,8,4904
S107407,69,94806,2,3306
S107408,375,523500,47,93812
S107409,424,463856,57,83961
S107410,33,65274,0,0
S107411,176,223520,12,4992
S107412,379,178888,46,46138
S107413,425,864875,29,48662
S107414,28,31920,1,1382
S107415,392,668752,4,6004
S107416,298,282504,55,81565
S107417,432,180576,9,2709
S107418,359,632917,55,93830
S107419,336,762720,6,7122
S107420,73,123005,13,8554
S107421,291,223197,32,38656
S107422,356,783556,26,21866
S107423,81,79137,1,743
S107424,245,593635,49,18375
S107425,127,127000,18,18594
S107426,45,105705,0,0
S107427,242,504086,28,49056
S107428,486,1108080,44,64812
S107429,188,459472,29,8758
S107430,159,220533,10,4930
S107431,186,397854,12,7020
S107432,463,658386,56,44688
S107433,343,230153,22,39314
S107434,440,907280,55,33330
S107435,198,111276,30,19320
S107436,192,225792,7,2940
S107437,326,695032,64,35456
S107438,336,579936,39,78000
S107439,128,201088,21,39627
S107440,143,212784,21,21357
S107441,337,331945,24,28848
S107442,421,908939,39,42939
S107443,284,377436,6,8676
S107444,302,733860,7,4123
S107445,178,150054,25,49850
S107446,450,870750,54,54702
S107447,117,191763,23,18722
S107448,134,77854,18,10980
S107449,402,503304,1,540
S107450,396,528264,21,36561
S107451,341,819764,1,1327
S107452,373,478559,4,7140
S107453,23,51267,0,0
S107454,75,120825,9,17010
S107455,465,1055550,50,25000
S107456,234,539604,1,1773
S107457,131,223879,17,19703
S107458,189,213003,16,25472
S107459,129,255678,1,592
S107460,206,106296,37,68820
S107461,440,547800,0,0
S107462,269,292134,5,3470
S107463,104,148304,15,4635
S107464,278,433124,30,26070
S107465,478,665376,38,55594
S107466,58,144072,8,10136
S107467,130,290940,8,15184
S107468,237,352893,36,23508
S107469,222,498834,7,11291
S107470,498,694212,22,34716
S107471,24,35136,0,0
S107472,244,173240,46,62238
S107473,409,533745,39,25155
S107474,156,119340,4,1568
S107475,401,774331,70,97090
S107476,277,312179,55,73865
S107477,430,1004910,18,14940
S107478,287,135464,52,58864
S107479,455,826735,50,82700
S107480,208,498576,26,37050
S107481,486,774684,87,30711
S107482,291,377427,34,11220
S107483,37,42254,6,6792
S107484,7,5964,0,0
S107485,492,807372,7,10913
S107486,467,572075,20,20520
S107487,35,54670,5,8165
S107488,363,188034,17,7072
S107489,307,160868,43,45193
S107490,144,164592,8,6288
S107491,58,26564,7,2961
S107492,489,406359,33,59070
S107493,56,52416,10,12190
S107494,259,131054,47,69184
S107495,433,1019715,20,27020
S107496,51,27591,9,3690
S107497,397,793206,23,6992
S107498,126,131418,15,10980
S107499,25,54625,1,816
S107500,396,606672,31,36363
S107501,391,396083,72,107712
S107502,21,24759,4,3616
S107503,277,242652,6,9894
S107504,43,44978,7,8148
S107505,129,55599,14,7896
S107506,447,257919,83,82336
S107507,55,96635,8,8424
S107508,117,149292,2,3370
S107509,162,254988,5,7305
S107510,129,203433,13,18512
S107511,385,286055,25,9325
S107512,52,22568,0,0
S107513,268,352688,3,4149
S107514,495,1048905,69,105294
S107515,341,213466,30,34110
S107516,104,237432,0,0
S107517,386,805582,11,12980
S107518,78,76440,7,6944
S107519,295,414770,27,52245
S107520,427,857843,19,27987
S107521,106,256838,8,2552
S107522,325,156650,16,31216
S107523,363,211992,65,63180
S107524,498,557760,47,42535
S107525,161,343735,18,22338
S107526,304,238336,47,60442
S107527,83,190983,16,27904
S107528,13,14664,2,3818
S107529,232,248704,16,7248
S107530,399,904134,47,50431
S107531,73,74825,14,13930
S107532,223,521820,15,13890
S107533,70,51030,4,2472
S107534,440,870320,61,80276
S107535,145,318420,3,5574
S107536,37,18759,5,6415
S107537,225,310725,1,1784
S107538,483,1186248,82,86100
S107539,280,300160,17,32759
S107540,114,66804,10,10510
S107541,348,856428,10,13580
S107542,200,237800,32,18080
S107543,191,296623,12,13308
S107544,441,811881,72,92376
S107545,188,161304,0,0
S107546,188,373180,8,8888
S107547,313,342109,8,8744
S107548,461,770792,19,6707
S107549,304,299744,11,21384
S107550,495,378675,29,34104
S107551,28,49840,3,5004
S107552,313,707380,39,66339
S107553,82,193520,1,569
S107554,118,286504,20,11460
S107555,319,555060,25,20900
S107556,424,544840,20,11860
S107557,377,188123,33,41481
S107558,472,980344,28,43428
S107559,140,215460,11,13541
S107560,76,79648,12,6396
S107561,496,1229584,52,66040
S107562,299,614445,31,48887
S107563,87,209757,4,4016
S107564,291,721098,18,27594
S107565,282,551874,0,0
S107566,255,597465,22,36124
S107567,386,729926,55,33385
S107568,83,75281,14,6216
S107569,151,322838,15,12555
S107570,333,297369,2,1884
S107571,15,26880,1,1404
S107572,307,274151,17,19193
S107573,81,64476,16,25072
S107574,147,118041,15,21930
S107575,178,434320,23,31579
S107576,45,36945,8,8904
S107577,113,243967,19,31350
S107578,443,214412,58,64670
S107579,209,253308,27,14202
S107580,395,901390,25,15025
S107581,379,881554,12,11028
S107582,182,230048,36,70740
S107583,42,96180,3,1830
S107584,412,712348,9,7659
S107585,164,256988,26,8736
S107586,219,129648,29,55100
S107587,220,326920,41,63509
S107588,12,15684,2,2534
S107589,290,200970,33,50952
S107590,159,260919,31,11656
S107591,234,117936,19,35606
S107592,172,262988,11,6061
S107593,120,208320,21,18459
S107594,351,824148,45,65475
S107595,362,427884,47,33135
S107596,256,424960,36,41724
S107597,388,287508,22,41272
S107598,326,588756,41,40918
S107599,338,382616,23,10350
S107600,356,581348,51,36006
S107601,328,308976,60,117900
S107602,279,252495,4,4664
S107603,66,113916,10,15320
S107604,443,596721,83,154795
S107605,415,341545,27,27351
S107606,29,71543,1,620
S107607,466,568054,18,13788
S107608,345,602370,10,17940
S107609,210,415800,42,21420
S107610,28,64736,2,2168
S107611,148,212232,6,9336
S107612,402,389136,1,1965
S107613,218,195982,4,1656
S107614,137,282357,10,13140
S107615,274,310442,39,66534
S107616,160,363040,31,39711
S107617,170,295120,0,0
S107618,53,37948,10,3310
S107619,91,175721,10,16260
S107620,366,205326,69,63066
S107621,387,515484,20,14100
S107622,148,224072,18,22536
S107623,400,416800,62,122698
S107624,179,341174,20,23600
S107625,231,150381,30,58290
S107626,31,23095,5,8085
S107627,213,151443,30,11520
S107628,475,727700,55,19855
S107629,311,501643,61,115290
S107630,177,357363,31,32457
S107631,284,136604,51,82773
S107632,297,497772,57,80826
S107633,111,54834,2,1426
S107634,102,182376,18,6912
S107635,238,423164,18,31122
S107636,372,279372,9,13005
S107637,396,467280,19,16739
S107638,58,27956,11,6248
S107639,388,588984,54,48654
S107640,5,9740,0,0
S107641,313,191243,41,33292
S107642,474,313314,77,29491
S107643,369,359406,46,22448
S107644,51,22950,2,1810
S107645,475,731500,10,6860
S107646,201,146931,26,32708
S107647,70,151690,8,13104
S107648,469,1103557,60,40320
S107649,445,178445,84,110376
S107650,461,652776,80,44960
S107651,148,191216,11,12507
S107652,414,357696,12,13140
S107653,370,332260,57,42978
S107654,119,297500,14,24010
S107655,46,41170,8,14952
S107656,122,301584,14,19978
S107657,124,144832,5,5965
S107658,261,612306,46,52348
S107659,410,521520,57,71421
S107660,122,77714,12,4380
S107661,377,450138,50,86400
S107662,60,142680,9,5139
S107663,265,563655,0,0
S107664,462,768306,57,71535
S107665,456,626544,16,20672
S107666,493,905641,23,31579
S107667,323,333982,1,1515
S107668,176,109648,29,26883
S107669,429,178893,42,56196
S107670,21,48741,0,0
S107671,236,160952,38,70832
S107672,46,85698,8,11472
S107673,111,159840,11,7414
S107674,133,223573,8,9072
S107675,238,569772,21,12726
S107676,47,21667,8,5368
S107677,406,333732,75,38325
S107678,462,718872,27,51651
S107679,347,166213,22,7722
S107680,490,1025080,61,117303
S107681,58,45994,11,16610
S107682,390,325260,52,20852
S107683,461,403375,17,18598
S107684,285,624720,50,97450
S107685,173,239605,20,14900
S107686,67,73298,7,2457
S107687,372,808728,44,58828
S107688,87,201405,2,3562
S107689,107,146483,13,16718
S107690,220,416240,7,10570
S107691,154,138908,18,35604
S107692,288,610848,44,39776
S107693,326,293400,15,23970
S107694,404,685992,77,100716
S107695,254,185674,46,37582
S107696,202,388850,35,54705
S107697,234,293904,29,30015
S107698,414,243018,58,19720
S107699,428,178048,61,106262
S107700,267,296370,33,17556
S107701,301,733838,21,32151
S107702,298,278034,40,27560
S107703,373,169342,32,36640
S107704,175,431900,27,20115
S107705,294,415422,5,3350
S107706,428,706628,69,83697
S107707,339,172890,60,108600
S107708,93,50499,12,16512
S107709,273,179361,42,38010
S107710,237,586338,18,34110
S107711,96,81312,5,9495
S107712,203,323582,30,59370
S107713,126,275436,16,21616
S107714,2,1648,0,0
S107715,382,292612,66,129888
S107716,342,141588,58,84506
S107717,19,11134,3,3618
S107718,486,788292,66,66924
S107719,54,28512,1,1227
S107720,347,594411,13,15457
S107721,438,994260,49,93247
S107722,336,474768,37,69375
S107723,65,127075,9,16038
S107724,416,170560,31,32457
S107725,293,218578,4,1632
S107726,46,71208,1,958
S107727,86,36980,7,9429
S107728,258,260838,36,22572
S107729,210,367710,28,15316
S107730,472,965712,18,8262
S107731,109,48723,8,14824
S107732,384,602880,7,6160
S107733,263,578863,18,19836
S107734,304,659680,6,11394
S107735,3,5151,0,0
S107736,124,298964,13,16393
S107737,243,232065,31,54901
S107738,16,27728,3,5733
S107739,265,579820,22,22000
S107740,423,435690,0,0
S107741,137,176456,14,27300
S107742,398,662272,51,78591
S107743,367,212493,54,99792
S107744,154,375144,24,27528
S107745,128,82688,11,17193
S107746,0,0,1,326
S107747,359,509780,24,43296
S107748,376,750496,74,44622
S107749,38,66918,2,2274
S107750,20,40840,2,1860
S107751,343,277830,54,31590
S107752,94,41736,6,5010
S107753,192,299904,14,27958
S107754,437,779608,32,42208
S107755,228,163932,41,44608
S107756,500,266000,33,45507
S107757,15,28560,3,2343
S107758,167,408983,16,13472
S107759,176,261184,35,19355
S107760,64,107264,6,2952
S107761,343,593733,58,22736
S107762,299,280462,30,17070
S107763,290,124120,33,48246
S107764,87,45501,6,3270
S107765,386,322310,24,24912
S107766,186,146568,1,1704
S107767,346,455336,7,10332
S107768,274,113710,45,34785
S107769,87,162690,9,5742
S107770,258,555474,48,87552
S107771,153,227205,8,12384
S107772,410,659690,61,115473
S107773,207,447327,41,19803
S107774,456,735984,23,22517
S107775,271,476689,31,48205
S107776,454,630152,38,47158
S107777,27,59994,2,978
S107778,72,104112,1,1620
S107779,430,949440,77,71764
S107780,90,141930,10,3820
S107781,301,291970,2,1580
S107782,31,23343,6,9468
S107783,179,195826,8,11240
S107784,473,850927,0,0
S107785,354,354000,38,47044
S107786,51,96186,2,2626
S107787,473,919512,31,54281
S107788,197,384938,33,65142
S107789,247,123500,37,52947
S107790,299,132756,18,18486
S107791,21,25263,4,3256
S107792,423,987282,23,45540
S107793,27,61992,3,4431
S107794,186,226548,25,35250
S107795,403,410254,23,14697
S107796,270,668520,29,39730
S107797,98,111916,12,17820
S107798,245,142100,14,26698
S107799,207,478170,22,35618
S107800,256,169472,13,13585
S107801,88,161744,0,0
S107802,213,395541,38,70528
S107803,476,884884,40,58280
S107804,29,18328,4,4096
S107805,109,270865,9,14535
S107806,308,729036,0,0
S107807,491,1146976,7,12348
S107808,113,175602,0,0
S107809,68,101320,1,1490
S107810,56,87136,5,6985
S107811,412,459380,79,96854
S107812,15,16350,0,0
S107813,400,216800,66,127974
S107814,207,263304,25,29350
S107815,80,71680,7,12222
S107816,489,411738,29,11078
S107817,233,167061,26,39468
S107818,182,193648,4,4092
S107819,203,101906,22,23782
S107820,296,689384,14,13706
S107821,340,327760,52,75660
S107822,31,17608,0,0
S107823,258,618684,23,20861
S107824,257,394752,5,2610
S107825,300,470400,52,96720
S107826,250,441000,50,59700
S107827,461,618201,90,70830
S107828,263,582808,37,28268
S107829,420,539280,23,17503
S107830,177,364443,6,10794
S107831,386,236232,58,29812
S107832,18,43812,1,1586
S107833,209,299706,23,24702
S107834,483,559797,76,48792
S107835,387,307278,17,9877
S107836,41,26076,6,9384
S107837,151,187542,14,21770
S107838,465,910470,17,20332
S107839,26,37102,3,2556
S107840,455,1093365,66,129030
S107841,71,161880,10,13480
S107842,228,307116,20,39840
S107843,414,878094,45,77850
S107844,283,322054,13,22321
S107845,192,226944,2,2302
S107846,66,148698,7,8596
S107847,439,1089598,76,50996
S107848,280,336280,35,49280
S107849,50,51400,9,12564
S107850,445,752495,49,28616
S107851,122,98332,23,10741
S107852,192,369792,27,41094
S107853,188,117876,8,4520
S107854,421,869365,62,90272
S107855,206,140080,28,40880
S107856,36,71172,4,4500
S107857,308,490644,34,43928
S107858,437,343919,11,7282
S107859,165,336600,28,21924
S107860,331,641809,16,19824
S107861,248,401264,12,12180
S107862,431,973198,55,55055
S107863,315,411390,52,31772
S107864,40,99920,3,2994
S107865,308,304920,47,39480
S107866,296,210752,24,40944
S107867,53,104993,1,1733
S107868,95,192185,13,17771
S107869,44,40964,3,4644
S107870,88,127864,11,13728
S107871,207,335547,37,23680
S107872,328,376872,22,8514
S107873,444,877788,56,88144
S107874,421,593610,69,72588
S107875,255,307530,23,42251
S107876,308,498960,2,1902
S107877,113,243063,10,10330
S107878,172,152048,0,0
S107879,48,33456,6,4716
S107880,287,451451,52,88296
S107881,137,227694,3,2406
S107882,332,134792,22,19558
S107883,434,535990,59,101421
S107884,69,147522,1,681
S107885,329,319130,20,25780
S107886,400,689600,27,17199
S107887,362,758028,20,22120
S107888,444,293040,23,8372
S107889,403,698399,55,81785
S107890,24,53304,3,2739
S107891,237,471630,42,51366
S107892,68,71060,4,4032
S107893,152,254752,12,14052
S107894,98,47824,17,15725
S107895,256,337664,2,3354
S107896,356,275188,25,15000
S107897,40,60000,2,3338
S107898,96,131424,8,15528
S107899,172,239940,31,59675
S107900,187,85085,9,15930
S107901,51,20553,3,1806
S107902,135,192240,3,2355
S107903,117,117585,20,13340
S107904,134,233160,15,19320
S107905,284,360964,13,16809
S107906,303,428139,30,9210
S107907,273,553644,12,16188
S107908,379,370283,74,104340
S107909,279,511686,8,7008
S107910,331,671930,58,104168
S107911,90,68490,2,986
S107912,103,114845,0,0
S107913,53,91478,4,2452
S107914,205,379455,1,331
S107915,427,299327,79,135327
S107916,220,361460,27,37962
S107917,486,1145016,29,34945
S107918,384,678528,54,107514
S107919,45,95175,8,14728
S107920,62,103230,11,7689
S107921,366,842532,44,35948
S107922,389,894311,35,10850
S107923,63,103887,0,0
S107924,331,314450,43,36034
S107925,113,116729,12,9324
S107926,187,114818,11,13002
S107927,105,215040,18,7578
S107928,429,591591,48,68208
S107929,438,259734,58,74008
S107930,429,846417,30,10650
S107931,391,518075,22,28842
S107932,60,86100,3,4239
S107933,370,515780,19,23427
S107934,177,76641,28,45668
S107935,21,43827,0,0
S107936,146,156512,19,23636
S107937,206,86726,13,10660
S107938,216,175392,42,18816
S107939,255,355215,34,38114
S107940,104,190840,10,16320
S107941,214,263434,6,6150
S107942,162,191322,1,913
S107943,39,76947,1,1890
S107944,14,33222,2,3234
S107945,396,773784,59,39353
S107946,260,169260,39,63219
S107947,442,784108,6,5250
S107948,409,547242,57,25194
S107949,35,34930,0,0
S107950,437,846906,30,16590
S107951,136,310216,27,39393
S107952,34,56644,1,1485
S107953,134,132258,10,18080
S107954,247,600951,41,41656
S107955,428,322284,27,36855
S107956,449,506921,86,165120
S107957,147,231231,9,5670
S107958,319,432883,32,62272
S107959,416,718848,33,63756
S107960,208,222352,26,43784
S107961,391,808979,47,90193
S107962,240,407040,18,5814
S107963,46,105938,2,778
S107964,310,516460,18,5562
S107965,120,71520,4,8000
S107966,11,18920,1,1533
S107967,145,139635,28,14700
S107968,159,132447,0,0
S107969,240,348960,14,9688
S107970,69,43884,3,1650
S107971,321,140598,2,3578
S107972,457,917656,82,79540
S107973,79,93852,4,1732
S107974,49,65562,2,1610
S107975,7,10955,0,0
S107976,157,108330,17,25041
S107977,52,117208,1,1315
S107978,297,344817,40,28600
S107979,123,163098,19,28500
S107980,67,128506,3,3165
S107981,475,394250,50,24950
S107982,417,452445,2,3844
S107983,98,207368,11,15862
S107984,484,736648,14,25424
S107985,28,63812,2,1134
S107986,267,197580,46,76176
S107987,424,283232,82,96842
S107988,398,398796,51,27132
S107989,416,355264,61,29036
S107990,343,446243,17,10812
S107991,361,431395,25,44225
S107992,40,85800,8,11304
S107993,267,508101,7,11788
S107994,61,124684,3,1803
S107995,238,191828,23,21160
S107996,344,327832,61,69174
S107997,320,538240,14,15428
S107998,396,223740,27,27837
S107999,14,8862,2,3688
S108000,360,735120,60,55500
S108001,152,331816,4,4236
S108002,222,385392,12,6876
S108003,359,189911,27,36612
S108004,143,183326,21,21042
S108005,137,65623,18,21654
S108006,139,189318,9,8289
S108007,45,102825,8,10688
S108008,382,175338,6,7758
S108009,35,40320,1,345
S108010,432,971136,13,10621
S108011,428,304736,69,41814
S108012,368,458896,68,78064
S108013,336,188496,33,20361
S108014,348,219936,8,14200
S108015,292,180456,58,20068
S108016,212,365488,19,24928
S108017,401,546563,76,70452
S108018,484,311212,48,22992
S108019,222,362304,33,17457
S108020,431,1076207,65,97240
S108021,256,582144,17,12937
S108022,52,87360,7,8610
S108023,338,355576,25,35775
S108024,183,177876,5,3530
S108025,90,61650,1,1127
S108026,474,965538,78,118248
S108027,154,361284,10,15720
S108028,125,281500,15,24450
S108029,241,438861,29,20010
S108030,29,54694,4,4368
S108031,394,384938,9,15417
S108032,385,169400,32,41184
S108033,476,1124312,13,15314
S108034,345,825240,21,23877
S108035,370,496910,30,17430
S108036,396,645084,69,43470
S108037,248,231632,7,2597
S108038,170,342040,34,23664
S108039,25,61250,1,1109
S108040,362,198014,12,12048
S108041,179,335804,2,962
S108042,185,318200,13,17472
S108043,475,799425,26,13702
S108044,456,540360,38,51110
S108045,193,319994,31,51677
S108046,193,397580,15,12945
S108047,360,324720,56,37968
S108048,54,37854,5,9375
S108049,273,603330,44,67892
S108050,92,38916,0,0
S108051,420,915180,64,78144
S108052,83,167328,8,4416
S108053,307,450062,7,10395
S108054,235,389395,13,15509
S108055,336,374640,57,108642
S108056,42,42756,1,787
S108057,475,1109600,13,11843
S108058,191,145351,12,7092
S108059,94,214132,18,23922
S108060,160,250720,4,4520
S108061,206,135548,10,18680
S108062,451,304876,90,88200
S108063,341,709280,13,5057
S108064,320,566720,12,20328
S108065,42,92988,6,9780
S108066,210,325290,39,43797
S108067,245,217805,48,22512
S108068,294,620046,4,3612
S108069,19,11400,2,1908
S108070,450,882900,64,122816
S108071,46,81696,7,11263
S108072,152,203984,20,22140
S108073,232,198824,21,12117
S108074,264,327888,41,24764
S108075,218,340734,10,11840
S108076,399,409773,23,24909
S108077,456,962616,38,11704
S108078,16,10992,2,1020
S108079,245,502250,11,11143
S108080,221,262990,9,2754
S108081,46,21666,1,1486
S108082,23,35236,2,3060
S108083,194,466570,24,24984
S108084,298,305748,39,74997
S108085,203,417368,31,16058
S108086,138,276552,6,9246
S108087,225,490500,32,29696
S108088,169,402896,18,34308
S108089,290,426590,7,3997
S108090,358,652634,14,23352
S108091,235,305265,0,0
S108092,342,249660,63,91098
S108093,354,660918,28,28532
S108094,325,650325,31,22289
S108095,5,12350,0,0
S108096,95,187910,11,4081
S108097,47,26085,9,14382
S108098,289,182070,20,33500
S108099,161,278047,26,19474
S108100,413,771071,45,87345
S108101,96,216384,5,2475
S108102,145,327845,14,4676
S108103,15,37185,1,1356
S108104,432,895104,27,40338
S108105,6,2952,0,0
S108106,209,450604,16,19952
S108107,137,296468,16,10336
S108108,39,37674,2,2600
S108109,427,982100,54,50814
S108110,395,493355,5,2670
S108111,248,580072,2,832
S108112,477,647289,34,35292
S108113,371,864430,35,69475
S108114,222,377622,10,17640
S108115,124,130076,1,1403
S108116,396,214236,22,37180
S108117,178,387862,7,5341
S108118,112,135520,7,12803
S108119,196,375340,30,35730
S108120,39,21879,4,1448
S108121,469,847014,69,88251
S108122,53,95718,10,5490
S108123,385,502425,73,126655
S108124,69,83559,4,1836
S108125,263,562557,34,40494
S108126,381,848487,34,23052
S108127,131,227023,18,35154
S108128,30,50670,3,5763
S108129,321,513279,8,9488
S108130,393,664563,7,7273
S108131,444,975468,8,13024
S108132,152,199424,27,34344
S108133,133,156807,5,3090
S108134,323,565573,35,67585
S108135,174,231246,32,52032
S108136,0,0,1,1565
S108137,155,322400,24,27144
S108138,248,112592,19,6194
S108139,174,393066,5,9240
S108140,284,604352,25,34025
S108141,306,310896,40,47120
S108142,176,438768,21,10206
S108143,251,270829,50,92850
S108144,441,758520,17,28849
S108145,16,18480,1,1089
S108146,219,178923,37,18685
S108147,347,388640,18,23994
S108148,416,908960,52,79196
S108149,431,475824,54,44874
S108150,99,59301,5,3645
S108151,248,229400,5,6325
S108152,447,337038,22,26994
S108153,122,148840,12,9960
S108154,237,249324,9,6993
S108155,169,204490,14,25634
S108156,375,393750,69,134757
S108157,495,459855,67,111153
S108158,273,337155,18,26424
S108159,164,193684,30,33810
S108160,496,311984,30,17580
S108161,441,370881,32,42720
S108162,305,182085,9,16875
S108163,353,543620,19,34542
S108164,346,428348,40,27120
S108165,256,500736,24,35400
S108166,288,489024,47,49726
S108167,269,224615,13,7839
S108168,138,183402,7,13181
S108169,354,707646,43,56244
S108170,38,77102,7,5145
S108171,19,26030,1,1295
S108172,117,164736,2,2488
S108173,481,746993,94,154912
S108174,41,46740,6,2028
S108175,152,274512,24,35136
S108176,360,297720,28,13860
S108177,127,74549,6,8154
S108178,458,952182,42,42378
S108179,307,692285,26,47892
S108180,227,205889,2,2170
S108181,469,527625,3,2409
S108182,442,927316,36,40248
S108183,429,229086,4,7696
S108184,429,984984,61,75640
S108185,455,624715,87,89610
S108186,208,313040,16,23120
S108187,135,301860,22,35068
S108188,278,532648,32,53376
S108189,266,560462,3,2343
S108190,293,650167,39,15405
S108191,223,334723,43,45451
S108192,334,488976,51,56763
S108193,455,200655,73,86432
S108194,477,687834,67,54739
S108195,420,989940,35,64540
S108196,161,143773,23,26128
S108197,212,133984,3,4524
S108198,252,616392,20,31820
S108199,466,557802,58,93844
S108200,126,150822,11,18656
S108201,404,257752,41,78310
S108202,233,451787,42,35238
S108203,275,249425,1,1286
S108204,106,258110,21,29589
S108205,209,282568,35,37800
S108206,449,305320,2,744
S108207,175,395675,27,24381
S108208,279,374139,54,44928
S108209,380,632320,9,4833
S108210,384,587520,29,22620
S108211,241,528031,26,30394
S108212,393,296322,54,103572
S108213,228,216144,8,6944
S108214,97,230278,13,8203
S108215,414,568008,76,96900
S108216,285,400140,5,8145
S108217,37,32227,5,1685
S108218,68,94656,8,3712
S108219,263,438947,18,31194
S108220,489,957462,57,59793
S108221,122,150548,8,15416
S108222,17,27302,2,830
S108223,400,315600,15,9660
S108224,344,597528,5,6505
S108225,390,803790,75,36375
S108226,137,304688,13,4524
S108227,436,685828,84,122304
S108228,93,147498,12,5268
S108229,248,126976,19,9823
S108230,121,149193,15,26475
S108231,457,277399,14,11690
S108232,97,182360,10,9840
S108233,29,51098,2,1842
S108234,173,282509,21,12663
S108235,335,573855,49,43708
S108236,368,346656,35,29505
S108237,306,374544,43,66392
S108238,67,62176,12,17916
S108239,111,257742,8,8944
S108240,439,913120,33,47058
S108241,370,820660,40,78360
S108242,355,197380,25,43975
S108243,94,178694,18,16830
S108244,57,83505,0,0
S108245,177,411171,22,34276
S108246,396,723888,40,60680
S108247,200,364600,6,4134
S108248,63,69552,8,2968
S108249,467,366128,91,92547
S108250,370,317090,12,11352
S108251,107,202230,6,6642
S108252,21,25473,4,3624
S108253,212,495656,23,37628
S108254,436,977512,35,56035
S108255,62,69440,4,4324
S108256,465,859785,78,65208
S108257,32,55456,0,0
S108258,39,38688,2,3484
S108259,377,415831,17,29580
S108260,292,190384,38,38000
S108261,253,485507,3,1935
S108262,82,184008,2,3074
S108263,397,957167,42,79800
S108264,212,96036,39,28509
S108265,99,223245,14,11298
S108266,479,532648,64,72832
S108267,156,343356,24,15720
S108268,393,870888,9,6003
S108269,258,375648,1,971
S108270,387,746136,43,36120
S108271,473,487663,30,16920
S108272,372,865644,20,30660
S108273,241,106763,11,13926
S108274,272,552976,17,25279
S108275,57,76152,10,7700
S108276,473,413402,92,102120
S108277,407,282051,36,37224
S108278,481,586339,92,166704
S108279,446,980308,33,42801
S108280,475,404225,40,39120
S108281,256,296192,22,18964
S108282,451,274659,23,27255
S108283,144,141984,14,27608
S108284,348,268308,64,74688
S108285,135,114750,9,9450
S108286,127,304419,6,4572
S108287,223,433066,3,1869
S108288,17,24344,0,0
S108289,414,377568,44,19492
S108290,121,181984,11,13772
S108291,356,689572,35,49455
S108292,262,651594,29,14993
S108293,317,258989,33,17325
S108294,492,388680,3,5478
S108295,46,68494,5,1645
S108296,221,163319,25,48900
S108297,413,292404,42,16296
S108298,255,294270,45,65970
S108299,53,112307,0,0
S108300,493,1033821,13,11076
S108301,477,759861,77,69069
S108302,358,341890,18,5868
S108303,78,181662,14,14686
S108304,129,192597,23,11684
S108305,418,221122,74,109668
S108306,122,219112,16,16656
S108307,78,73086,14,12222
S108308,445,397385,51,41565
S108309,439,1044381,8,11656
S108310,374,419628,10,5790
S108311,365,247105,67,112627
S108312,489,861618,63,124047
S108313,47,92966,3,1356
S108314,21,27531,0,0
S108315,20,25380,1,1634
S108316,288,690912,0,0
S108317,466,814102,13,13832
S108318,187,446182,21,16296
S108319,353,724356,33,59763
S108320,77,52129,6,10140
S108321,249,167079,7,12523
S108322,412,697104,49,72863
S108323,309,692160,59,27848
S108324,184,99544,35,66080
S108325,132,70884,14,15848
S108326,214,494554,38,66956
S108327,409,344378,61,84607
S108328,115,252195,9,9990
S108329,343,575211,31,41168
S108330,373,152184,27,31266
S108331,323,743869,18,12456
S108332,31,17453,3,4665
S108333,55,97900,4,4280
S108334,470,211500,52,85072
S108335,3,2379,1,885
S108336,490,1224020,20,24400
S108337,482,502244,23,7337
S108338,8,17280,1,1733
S108339,427,1045723,62,118606
S108340,256,397824,34,49504
S108341,324,200556,7,11522
S108342,341,697004,32,37696
S108343,245,455945,11,15664
S108344,19,43282,2,1762
S108345,92,47564,3,5220
S108346,159,175854,26,38116
S108347,299,539994,29,46400
S108348,300,387600,34,57630
S108349,412,540956,34,18836
S108350,117,103077,7,10934
S108351,57,89718,0,0
S108352,420,644700,45,53235
S108353,279,218736,10,17730
S108354,404,701344,79,126953
S108355,134,79864,3,5568
S108356,278,685548,1,1064
S108357,108,269568,21,37527
S108358,258,254388,37,47804
S108359,69,86733,6,2802
S108360,61,106384,7,11767
S108361,252,604044,37,35483
S108362,48,50112,4,1912
S108363,247,366054,13,9659
S108364,336,379680,12,19524
S108365,395,220015,38,66424
S108366,426,365508,73,46793
S108367,423,464877,35,62440
S108368,185,83250,25,20525
S108369,137,157413,7,13482
S108370,325,540800,15,17340
S108371,283,637882,2,1292
S108372,257,207913,4,4408
S108373,417,999549,42,66780
S108374,345,188715,16,9600
S108375,7,7889,1,1104
S108376,26,59592,3,2013
S108377,435,934380,26,51194
S108378,79,176960,8,11688
S108379,469,450240,44,47124
S108380,61,66429,8,7680
S108381,120,168360,6,3234
S108382,51,71094,2,802
S108383,20,18680,0,0
S108384,366,700158,70,35630
S108385,14,31052,1,1518
S108386,119,89845,21,16968
S108387,195,124410,8,12264
S108388,52,110864,1,1168
S108389,51,87975,7,7644
S108390,79,129639,15,28935
S108391,77,180334,10,16660
S108392,494,362102,77,146685
S108393,19,14288,2,3776
S108394,150,269550,25,47600
S108395,24,12648,1,452
S108396,25,26175,3,5475
S108397,228,319884,7,7644
S108398,146,67890,18,23706
S108399,167,318135,24,17664
S108400,152,74176,0,0
S108401,101,157560,0,0
S108402,136,338232,16,14656
S108403,157,231104,28,21336
S108404,41,95284,8,10744
S108405,423,966132,70,138320
S108406,165,207405,12,17460
S108407,176,382096,33,22341
S108408,117,261378,2,904
S108409,341,806124,47,80417
S108410,244,489952,14,22750
S108411,302,568364,13,21619
S108412,77,57904,3,2826
S108413,374,292842,27,9990
S108414,385,381150,61,56303
S108415,375,802125,50,45950
S108416,309,536733,39,65949
S108417,163,344582,9,12150
S108418,233,448292,4,3348
S108419,119,183974,4,5416
S108420,374,811954,53,22684
S108421,312,322296,44,81092
S108422,396,341748,1,1909
S108423,89,149965,15,8670
S108424,75,88950,10,9780
S108425,103,126690,13,21840
S108426,7,12390,0,0
S108427,320,798720,44,58168
S108428,418,240768,36,28764
S108429,2,1904,0,0
S108430,286,533676,19,18107
S108431,33,54450,4,1736
S108432,281,238007,18,22140
S108433,467,441782,86,48848
S108434,61,130113,12,3624
S108435,476,253232,72,28296
S108436,365,224110,7,12649
S108437,108,249156,15,12090
S108438,361,177612,70,84630
S108439,34,24650,2,874
S108440,460,528080,46,75348
S108441,121,152581,18,30186
S108442,252,390096,27,48384
S108443,295,559320,38,45068
S108444,64,90112,7,6727
S108445,184,176640,10,3780
S108446,141,165393,9,7101
S108447,192,284928,35,26460
S108448,9,9180,1,796
S108449,311,174471,36,59868
S108450,111,51504,11,20372
S108451,331,326035,56,41888
S108452,135,300510,19,36803
S108453,49,120099,9,3204
S108454,485,542715,16,14352
S108455,372,592596,73,55772
S108456,249,130725,29,56927
S108457,352,856064,35,29680
S108458,70,36610,8,6904
S108459,138,218730,8,2920
S108460,337,408107,58,27492
S108461,28,36680,3,4398
S108462,467,836397,80,98480
S108463,424,312064,84,157500
S108464,84,86352,2,2528
S108465,441,546840,46,31510
S108466,431,636156,46,91632
S108467,459,333693,8,15776
S108468,197,413503,21,41223
S108469,489,1105140,79,51666
S108470,248,149048,34,18462
S108471,15,29310,2,1544
S108472,290,490970,39,38376
S108473,53,49767,3,3420
S108474,221,237796,14,18130
S108475,138,86664,8,2944
S108476,378,773010,73,118698
S108477,156,269256,30,29910
S108478,325,735150,9,9279
S108479,331,757328,59,19824
S108480,407,225885,48,71760
S108481,104,188240,3,3726
S108482,131,105979,5,5645
S108483,497,698285,8,10728
S108484,320,372800,18,14202
S108485,347,621130,15,28800
S108486,86,111112,11,20603
S108487,104,76648,17,16014
S108488,174,425082,28,29260
S108489,36,63324,4,4852
S108490,105,258510,20,33040
S108491,64,93120,12,17376
S108492,138,174294,11,15136
S108493,340,183940,63,37485
S108494,499,667163,99,187209
S108495,391,281520,63,63567
S108496,5,7190,0,0
S108497,343,289149,18,24480
S108498,25,40750,3,4494
S108499,473,619630,87,172695
S108500,472,685816,18,34074
S108501,2,3664,0,0
S108502,251,564499,33,31119
S108503,444,500832,49,34888
S108504,237,328245,3,1779
S108505,113,199106,10,6920
S108506,97,234546,4,2788
S108507,41,69659,7,2723
S108508,94,232838,8,3768
S108509,165,69630,6,10950
S108510,69,143313,1,544
S108511,422,599240,26,33826
S108512,119,117453,0,0
S108513,223,106817,6,4944
S108514,389,189832,38,28956
S108515,27,39609,2,2032
S108516,432,961632,48,80160
S108517,460,437460,26,46306
S108518,356,330368,26,16224
S108519,198,103554,38,16378
S108520,226,311654,7,13391
S108521,29,17197,4,3524
S108522,189,122850,8,8528
S108523,136,146064,25,50000
S108524,452,1049544,82,73472
S108525,223,170818,23,21965
S108526,446,602546,56,52528
S108527,457,405816,7,5404
S108528,4,3572,0,0
S108529,111,188700,18,27648
S108530,377,382655,18,22662
S108531,324,217080,47,72521
S108532,176,422048,25,38600
S108533,213,260712,21,18501
S108534,337,145247,28,31500
S108535,95,153235,1,1397
S108536,311,663363,57,99636
S108537,395,413960,29,10063
S108538,95,215840,2,3484
S108539,140,195580,3,1101
S108540,19,47158,1,1921
S108541,473,481514,35,35700
S108542,13,14352,2,1988
S108543,441,344421,23,34201
S108544,265,622485,45,33390
S108545,271,411649,18,17946
S108546,40,60480,3,1542
S108547,277,685021,21,24633
S108548,44,86988,7,13013
S108549,50,56100,4,3328
S108550,146,197830,7,10108
S108551,68,119204,4,4180
S108552,280,309120,42,47040
S108553,94,216012,2,1978
S108554,279,288207,51,86598
S108555,309,637776,7,12978
S108556,417,320673,66,66726
S108557,12,13956,0,0
S108558,441,1068102,7,12124
S108559,405,537030,6,6078
S108560,488,729072,32,60704
S108561,179,281209,1,1117
S108562,147,284004,3,1758
S108563,166,137780,19,16663
S108564,173,252753,9,5976
S108565,25,35300,2,680
S108566,425,699550,0,0
S108567,33,42636,6,5604
S108568,308,737968,25,15575
S108569,454,438110,32,32448
S108570,442,868530,70,128240
S108571,251,626496,46,79120
S108572,436,348800,84,143472
S108573,12,20472,1,351
S108574,458,710816,56,74256
S108575,297,492426,40,27760
S108576,299,339365,32,21920
S108577,440,414040,64,62272
S108578,426,559338,67,85090
S108579,449,192621,27,35505
S108580,161,72933,29,37265
S108581,328,351616,62,92938
S108582,296,133200,53,76797
S108583,256,204288,0,0
S108584,54,47142,7,7903
S108585,65,128440,10,7920
S108586,369,867150,65,102115
S108587,93,40827,1,493
S108588,345,158700,11,16324
S108589,157,74418,12,22428
S108590,449,939308,64,62016
S108591,56,77392,4,6152
S108592,274,292084,31,22041
S108593,139,130382,20,29440
S108594,346,575744,33,37917
S108595,409,606547,26,46514
S108596,303,459045,18,28098
S108597,367,858780,67,24723
S108598,416,653120,69,30567
S108599,435,191835,77,30954
S108600,473,861806,54,54216
S108601,152,296096,7,8057
S108602,131,97988,19,29773
S108603,380,787360,52,83356
S108604,456,735984,47,49115
S108605,329,503041,28,32424
S108606,488,1166808,14,5614
S108607,456,1108992,61,19337
S108608,63,148428,7,2940
S108609,40,99600,1,1790
S108610,93,123132,8,13632
S108611,154,324324,12,11784
S108612,287,192864,11,7821
S108613,330,773520,10,15100
S108614,232,270512,29,32277
S108615,404,930412,51,64566
S108616,390,604500,14,23240
S108617,78,110916,3,2976
S108618,192,159936,4,6228
S108619,491,649593,28,24416
S108620,494,817570,51,38454
S108621,393,880320,7,11746
S108622,20,30260,2,3480
S108623,211,318821,6,11712
S108624,296,136160,33,14652
S108625,449,844569,49,45913
S108626,121,131890,3,1542
S108627,300,345600,6,4338
S108628,113,73111,19,9956
S108629,479,293148,49,63749
S108630,483,1069362,32,34272
S108631,256,155904,12,23148
S108632,310,124620,30,48330
S108633,465,852345,52,102128
S108634,63,48762,3,4062
S108635,337,191753,39,70395
S108636,468,299520,52,31096
S108637,213,510987,19,35397
S108638,301,216720,28,24360
S108639,354,667290,41,36490
S108640,211,153397,21,32046
S108641,408,705024,56,62272
S108642,317,660628,20,20440
S108643,262,509066,26,43992
S108644,193,230056,2,1630
S108645,373,809783,49,87171
S108646,49,31311,3,5808
S108647,76,39216,11,8129
S108648,372,221712,49,45472
S108649,289,152881,32,32032
S108650,258,586434,36,29844
S108651,459,354807,38,50920
S108652,20,10400,4,2964
S108653,15,14940,2,2862
S108654,354,806766,53,47912
S108655,431,854673,11,5203
S108656,117,125073,18,24444
S108657,282,357012,13,9724
S108658,479,1028413,15,17025
S108659,226,144640,1,1270
S108660,485,320100,10,18110
S108661,446,1053452,56,97888
S108662,173,430424,1,627
S108663,418,346104,68,93636
S108664,392,479808,34,22440
S108665,339,182382,27,37530
S108666,6,12408,1,1929
S108667,46,56258,1,1547
S108668,352,301664,11,14366
S108669,404,821736,76,57456
S108670,54,46872,0,0
S108671,55,25245,0,0
S108672,451,901549,60,91200
S108673,290,354670,20,34440
S108674,237,125136,7,11683
S108675,344,768152,55,94820
S108676,106,77486,21,31332
S108677,242,505054,4,2816
S108678,267,536403,51,84609
S108679,292,190092,51,92412
S108680,193,92833,7,9254
S108681,412,676504,20,30760
S108682,20,39800,1,1496
S108683,273,212667,16,15360
S108684,47,26931,5,7490
S108685,193,178332,22,18590
S108686,339,553926,3,4269
S108687,326,774576,5,2225
S108688,162,398034,32,26784
S108689,280,137760,55,28270
S108690,129,79464,16,5616
S108691,302,205058,8,13400
S108692,168,75600,14,17542
S108693,170,274890,21,8673
S108694,189,109998,35,14595
S108695,54,95094,5,8325
S108696,160,288640,5,4065
S108697,316,187704,25,20550
S108698,251,398337,30,37050
S108699,192,295104,25,18800
S108700,253,598092,9,5211
S108701,252,392364,20,37680
S108702,396,294228,59,72393
S108703,200,276800,2,1770
S108704,310,425320,4,3956
S108705,99,85932,2,1638
S108706,53,50456,10,7990
S108707,460,625600,14,17696
S108708,349,444975,68,108732
S108709,111,225330,20,18040
S108710,438,401646,80,107200
S108711,407,708994,41,78187
S108712,40,67880,3,4920
S108713,368,231104,54,37422
S108714,99,232749,15,11835
S108715,440,360360,70,22260
S108716,450,543150,86,61232
S108717,487,499662,68,31756
S108718,449,590435,64,108608
S108719,464,761888,3,2232
S108720,287,364203,57,106248
S108721,217,358918,10,10260
S108722,337,224779,11,13409
S108723,321,143487,58,56318
S108724,485,1165455,59,116879
S108725,430,1041030,81,101331
S108726,153,254439,12,7764
S108727,332,141764,49,15043
S108728,331,193304,10,3070
S108729,441,279153,79,119211
S108730,498,921798,69,129099
S108731,189,79380,36,17244
S108732,362,305890,41,68265
S108733,103,104957,4,5124
S108734,197,112684,13,12051
S108735,280,421400,28,51240
S108736,271,670183,3,5853
S108737,6,8832,1,658
S108738,343,498036,47,60254
S108739,36,40212,6,7860
S108740,239,261705,33,10362
S108741,227,249473,3,1203
S108742,422,261640,8,8088
S108743,143,310596,12,21060
S108744,498,273402,62,114576
S108745,307,692899,56,79128
S108746,134,150482,20,20780
S108747,161,201250,25,11975
S108748,42,86100,8,15600
S108749,500,781000,56,97496
S108750,261,150075,19,5966
S108751,181,424626,11,9735
S108752,399,713013,66,99066
S108753,255,416160,47,93953
S108754,455,359905,76,84664
S108755,322,479780,42,29694
S108756,241,410182,31,22041
S108757,308,445676,8,8592
S108758,194,131144,2,3054
S108759,310,583110,61,85339
S108760,404,526008,30,9300
S108761,187,256377,37,52614
S108762,45,54675,7,3864
S108763,245,451290,39,68952
S108764,294,303408,54,91206
S108765,250,167250,46,20838
S108766,462,755370,57,107616
S108767,410,488720,37,34188
S108768,80,100960,12,21732
S108769,211,394992,42,62790
S108770,159,168858,14,8106
S108771,123,242310,2,3266
S108772,345,771765,65,101725
S108773,399,775656,11,8943
S108774,40,60920,4,4752
S108775,402,871938,36,33444
S108776,169,203814,29,10179
S108777,332,792816,47,30221
S108778,69,58926,8,8152
S108779,20,26180,1,340
S108780,405,791775,42,45612
S108781,233,118830,41,25912
S108782,254,353822,31,60853
S108783,204,147288,16,24608
S108784,311,240714,10,14580
S108785,45,107010,9,16947
S108786,302,175764,54,90936
S108787,258,643194,15,24900
S108788,325,203775,53,90630
S108789,248,540888,49,59143
S108790,91,220766,1,1144
S108791,487,527421,9,13473
S108792,286,636922,43,70649
S108793,47,93718,1,390
S108794,65,38090,1,848
S108795,366,625860,1,1045
S108796,458,344874,90,77760
S108797,433,476733,16,27392
S108798,274,256464,5,4265
S108799,43,81743,5,6695
S108800,154,134288,25,25650
S108801,101,85042,14,12026
S108802,478,1137640,1,1668
S108803,182,90090,32,55552
S108804,177,370284,19,8626
S108805,225,407475,1,887
S108806,406,879396,46,64446
S108807,140,319900,10,4870
S108808,156,145860,8,2568
S108809,71,57581,14,27076
S108810,468,524628,84,123732
S108811,293,185762,51,65382
S108812,360,614160,53,26765
S108813,208,229216,26,26962
S108814,358,813734,61,27206
S108815,79,85320,1,1803
S108816,240,124080,3,2037
S108817,417,759774,43,69015
S108818,257,243379,15,9660
S108819,116,288260,10,5540
S108820,472,962408,7,3710
S108821,295,123310,15,11805
S108822,69,161874,1,1814
S108823,227,448779,27,29133
S108824,142,107068,13,9477
S108825,153,148104,27,19413
S108826,16,35856,0,0
S108827,479,701735,45,37440
S108828,363,548493,65,91455
S108829,21,49728,1,1832
S108830,198,132858,11,17512
S108831,215,175440,11,19569
S108832,206,245140,36,49752
S108833,98,118384,11,4620
S108834,133,173432,12,15216
S108835,228,524172,27,19764
S108836,382,673848,60,34200
S108837,223,226568,26,10296
S108838,191,407785,4,3432
S108839,60,60780,3,2754
S108840,33,22143,0,0
S108841,392,812224,21,30660
S108842,353,382299,67,112024
S108843,159,163293,21,8400
S108844,266,633878,26,20202
S108845,308,688380,51,82569
S108846,48,41664,0,0
S108847,417,543768,64,94272
S108848,83,37350,15,23115
S108849,475,1181325,35,19425
S108850,319,737528,10,3480
S108851,367,379478,37,69671
S108852,353,622692,9,13365
S108853,488,413824,61,47092
S108854,479,665331,8,9216
S108855,295,672305,56,97160
S108856,365,538010,53,93121
S108857,87,199230,17,24021
S108858,229,525097,42,65310
S108859,18,13734,1,1883
S108860,410,653950,73,115486
S108861,17,33660,3,3294
S108862,363,643962,26,20436
S108863,403,823329,28,49700
S108864,124,61132,2,2938
S108865,334,717766,46,55154
S108866,92,150236,13,23764
S108867,422,971444,35,57855
S108868,396,772992,67,133799
S108869,262,496228,2,3546
S108870,50,108850,2,3272
S108871,213,143775,17,32742
S108872,449,1122051,14,13174
S108873,69,61617,3,4089
S108874,25,27900,1,986
S108875,444,305916,62,63860
S108876,386,231600,35,23310
S108877,68,49980,5,1530
S108878,172,418820,16,30560
S108879,137,242901,10,3330
S108880,349,217427,69,74037
S108881,50,33150,8,11448
S108882,19,18335,2,3766
S108883,478,731818,2,1966
S108884,234,533286,30,50010
S108885,451,180400,41,39483
S108886,159,323406,2,3916
S108887,56,95144,5,7455
S108888,415,1031275,74,122026
S108889,394,410548,63,122913
S108890,17,31552,3,2511
S108891,395,551025,29,20184
S108892,186,390786,20,33820
S108893,478,909634,73,65335
S108894,476,1190000,68,59228
S108895,248,450864,21,22092
S108896,382,556574,12,9552
S108897,368,427616,48,94848
S108898,8,12864,1,767
S108899,449,757463,19,29811
S108900,75,106350,1,1628
S108901,163,335617,4,6892
S108902,323,260661,45,29700
S108903,249,246261,31,37975
S108904,107,118663,0,0
S108905,360,733680,32,11328
S108906,238,497896,22,39644
S108907,176,96272,14,22078
S108908,498,870006,89,119082
S108909,355,781000,21,33957
S108910,4,2588,0,0
S108911,448,520576,26,48412
S108912,414,651222,11,9735
S108913,105,105315,6,6048
S108914,109,209171,11,17534
S108915,226,426010,22,11462
S108916,457,727087,17,30005
S108917,8,10648,0,0
S108918,458,623338,29,37410
S108919,306,138924,32,60800
S108920,137,267424,0,0
S108921,359,488599,53,97043
S108922,361,797449,40,73200
S108923,261,408726,20,36760
S108924,355,858745,55,81785
S108925,156,114192,20,28420
S108926,211,484456,42,48762
S108927,406,751506,13,6578
S108928,320,237120,62,28272
S108929,55,39765,2,3778
S108930,306,757962,60,79200
S108931,35,68600,4,4148
S108932,422,761710,46,91356
S108933,336,516432,12,6900
S108934,356,562836,36,28800
S108935,71,75402,2,3510
S108936,340,166260,67,86832
S108937,231,417879,18,20214
S108938,340,310760,48,72912
S108939,411,532245,37,45140
S108940,88,68816,10,19110
S108941,14,21070,0,0
S108942,129,233877,2,794
S108943,395,215275,76,99028
S108944,371,464121,41,27101
S108945,7,3857,0,0
S108946,99,119691,7,10094
S108947,337,782177,1,417
S108948,421,240391,62,123318
S108949,302,187240,5,9180
S108950,448,567168,14,21896
S108951,437,845158,7,6118
S108952,190,184300,1,1938
S108953,177,369045,6,8472
S108954,236,371464,5,7075
S108955,181,162538,22,19844
S108956,255,423300,24,33096
S108957,135,323325,7,13741
S108958,466,658924,63,63945
S108959,14,33040,2,3242
S108960,35,22225,4,2324
S108961,262,323832,8,5200
S108962,88,203808,9,11169
S108963,450,1030050,90,54720
S108964,26,34814,1,932
S108965,256,283392,33,51381
S108966,317,208269,12,20568
S108967,470,497730,62,74028
S108968,319,732424,22,14036
S108969,427,662277,53,18338
S108970,428,368508,84,126924
S108971,127,62357,17,13957
S108972,134,307262,22,6996
S108973,295,483210,23,13455
S108974,395,398555,41,31857
S108975,415,880630,14,23324
S108976,363,557205,63,71820
S108977,422,665494,21,29274
S108978,109,130582,0,0
S108979,38,73264,4,3164
S108980,112,175280,14,4312
S108981,161,152950,19,14307
S108982,128,225152,21,13503
S108983,353,380534,60,86880
S108984,199,259894,9,3879
S108985,33,58443,0,0
S108986,419,570678,82,64288
S108987,331,428314,24,19968
S108988,436,530176,87,111534
S108989,264,393096,20,16140
S108990,246,399012,33,24519
S108991,394,635522,37,49395
S108992,103,163358,10,17450
S108993,306,637704,6,9384
S108994,159,63759,15,20370
S108995,224,306208,3,5907
S108996,236,240248,6,2400
S108997,82,175480,16,24672
S108998,128,243712,0,0
S108999,243,466560,20,34740
S109000,15,26265,3,3528
S109001,276,480516,15,28080
S109002,137,220707,6,5466
S109003,199,463471,16,22864
S109004,270,158490,9,6138
S109005,78,141414,12,19428
S109006,83,147657,12,5868
S109007,154,358820,12,22212
S109008,369,733941,18,14814
S109009,293,339001,26,33956
S109010,247,476463,13,19409
S109011,100,120700,0,0
S109012,6,7650,1,866
S109013,200,302200,31,59427
S109014,479,415293,80,40240
S109015,322,519386,19,16530
S109016,344,753016,32,40288
S109017,320,460800,4,1688
S109018,365,170090,47,53392
S109019,51,105111,1,1372
S109020,147,286503,9,18000
S109021,269,593145,0,0
S109022,343,754257,6,7476
S109023,280,579600,50,19450
S109024,271,523030,50,31300
S109025,79,104754,4,6212
S109026,465,997425,83,55942
S109027,324,422820,33,53130
S109028,492,309468,87,137199
S109029,57,25650,4,4468
S109030,85,105485,17,23069
S109031,187,96305,24,24456
S109032,445,251870,77,69146
S109033,120,80400,0,0
S109034,417,221427,35,49035
S109035,206,246376,22,28402
S109036,92,126776,9,11178
S109037,293,597720,18,20124
S109038,474,212826,0,0
S109039,315,464940,63,89964
S109040,166,143756,6,4482
S109041,447,897576,74,86210
S109042,206,198378,26,43472
S109043,5,6085,0,0
S109044,54,118908,3,3372
S109045,62,71672,3,3882
S109046,228,565668,31,25947
S109047,407,862026,10,15940
S109048,408,991440,17,31365
S109049,482,523452,81,67554
S109050,292,647948,37,36741
S109051,486,773712,23,40710
S109052,325,451100,22,15686
S109053,219,391791,25,32675
S109054,343,593390,36,28116
S109055,2,934,1,1697
S109056,100,196600,16,16528
S109057,395,573145,46,22724
S109058,94,218362,14,7938
S109059,149,365944,7,2716
S109060,105,249270,10,14640
S109061,246,415002,22,16192
S109062,321,496908,10,5990
S109063,45,53505,2,3502
S109064,488,354288,33,12969
S109065,108,242028,5,3280
S109066,301,202874,44,37664
S109067,200,462000,4,3908
S109068,220,394900,32,35072
S109069,498,902376,80,156960
S109070,435,606825,35,38640
S109071,305,427915,41,24641
S109072,269,313923,34,18700
S109073,119,236929,16,12288
S109074,116,231420,10,6130
S109075,453,183918,66,53856
S109076,248,477152,18,29178
S109077,12,9156,1,667
S109078,203,262479,28,9352
S109079,356,391956,59,105846
S109080,483,678615,95,46170
S109081,437,371450,31,37200
S109082,157,276320,25,27950
S109083,348,361572,37,28268
S109084,72,111024,4,7020
S109085,318,611832,50,98150
S109086,400,945200,57,102714
S109087,328,704216,14,23618
S109088,423,924678,11,11627
S109089,27,34101,0,0
S109090,463,894053,90,58140
S109091,371,304220,74,96644
S109092,72,103392,12,12780
S109093,467,926061,59,94990
S109094,58,26622,6,10206
S109095,286,232232,22,9152
S109096,395,980390,79,46215
S109097,361,300352,59,79886
S109098,402,190146,56,21616
S109099,328,264696,49,19992
S109100,129,197628,9,11664
S109101,128,272000,2,3828
S109102,415,197955,70,42700
S109103,271,116530,33,55374
S109104,427,312991,3,1749
S109105,220,240240,42,45024
S109106,369,770472,72,42480
S109107,308,558096,1,1829
S109108,404,560752,72,121536
S109109,273,271362,0,0
S109110,446,194456,23,31625
S109111,159,255354,15,6780
S109112,404,556712,16,6176
S109113,152,352184,20,9980
S109114,102,114342,8,6152
S109115,307,411380,47,52311
S109116,122,251930,9,11385
S109117,223,218986,28,9520
S109118,499,1015964,6,11682
S109119,132,125664,20,20280
S109120,197,132187,10,3460
S109121,139,337909,2,2476
S109122,216,475200,1,715
S109123,113,183060,8,7936
S109124,153,90117,5,3645
S109125,245,255045,42,28938
S109126,405,916515,19,36575
S109127,354,325680,9,14832
S109128,276,126408,6,9228
S109129,477,694035,19,27341
S109130,319,739123,22,26004
S109131,486,643950,71,37843
S109132,372,714612,19,11039
S109133,411,434016,0,0
S109134,331,768913,61,67588
S109135,104,254592,1,551
S109136,115,236440,16,13216
S109137,381,804672,47,78302
S109138,340,524960,14,5894
S109139,202,191092,10,12370
S109140,196,284200,5,7405
S109141,488,373808,13,19058
S109142,441,282240,69,83283
S109143,267,233091,43,32508
S109144,225,189450,25,8250
S109145,293,691187,46,35420
S109146,374,210188,47,25474
S109147,37,61679,6,1902
S109148,435,1007460,65,46670
S109149,213,143562,34,32198
S109150,300,517200,36,43884
S109151,366,897066,22,10978
S109152,131,109647,4,5116
S109153,158,160686,22,38478
S109154,414,935640,15,12885
S109155,273,366639,1,985
S109156,491,273978,91,77259
S109157,435,651195,44,81356
S109158,494,1029990,51,66300
S109159,476,672112,78,73242
S109160,332,249000,61,79849
S109161,7,9296,0,0
S109162,245,239855,30,14700
S109163,26,54756,3,4566
S109164,406,736484,12,22248
S109165,240,581280,7,13776
S109166,75,138750,0,0
S109167,17,10472,3,4401
S109168,53,85807,5,5465
S109169,194,430098,24,32184
S109170,140,263340,24,18864
S109171,284,230608,6,6294
S109172,297,550044,43,52374
S109173,393,853596,57,35340
S109174,50,29200,1,509
S109175,301,648354,9,3015
S109176,349,760820,47,15322
S109177,491,1143048,12,23556
S109178,79,193392,8,12456
S109179,202,295122,2,1968
S109180,135,161730,3,3060
S109181,417,170136,49,66297
S109182,309,496254,47,53768
S109183,151,112797,15,19635
S109184,106,91160,21,25074
S109185,125,73625,13,7527
S109186,475,1056400,38,64220
S109187,478,667288,19,37924
S109188,316,316316,18,5994
S109189,35,53830,5,7925
S109190,105,224595,8,7920
S109191,432,296784,16,29056
S109192,388,664256,38,27284
S109193,202,327846,16,26176
S109194,143,127842,4,3596
S109195,230,424580,15,5535
S109196,477,459828,1,1481
S109197,342,324558,50,46100
S109198,131,303003,12,3828
S109199,41,33497,0,0
S109200,388,826828,32,63040
S109201,249,241779,46,16054
S109202,86,38012,15,22755
S109203,164,293888,6,4998
S109204,402,912942,27,17874
S109205,454,521192,77,144144
S109206,437,395048,50,47850
S109207,77,49126,0,0
S109208,306,169218,16,29248
S109209,308,201124,29,46081
S109210,424,920504,54,69984
S109211,11,15818,0,0
S109212,140,329420,27,10908
S109213,191,407021,32,10048
S109214,199,401184,17,26928
S109215,8,4520,0,0
S109216,403,326430,71,79307
S109217,392,608776,22,16126
S109218,213,332067,23,24035
S109219,198,204732,22,42482
S109220,132,126588,5,5540
S109221,180,89820,26,19630
S109222,19,31160,2,982
S109223,473,970596,59,96288
S109224,88,140272,9,8982
S109225,111,208791,20,11560
S109226,321,562071,52,84188
S109227,371,299026,4,7816
S109228,119,231098,19,9557
S109229,491,1011460,86,48332
S109230,262,581902,22,8184
S109231,339,732240,45,75960
S109232,432,243216,52,34476
S109233,301,747383,20,32760
S109234,420,408240,26,41288
S109235,71,170542,5,9125
S109236,376,165440,17,25636
S109237,321,275097,0,0
S109238,308,738276,16,12784
S109239,209,333146,36,39420
S109240,236,569940,13,6084
S109241,175,371875,34,24140
S109242,77,128513,1,1391
S109243,74,51652,8,3800
S109244,98,86730,10,4810
S109245,187,163999,36,31032
S109246,254,420116,46,26772
S109247,414,368460,5,8680
S109248,20,41520,1,1485
S109249,117,128934,1,476
S109250,87,204189,15,29625
S109251,211,136728,9,6579
S109252,134,188136,21,10143
S109253,176,398816,21,38640
S109254,317,483425,44,79728
S109255,34,25364,1,857
S109256,419,526264,48,19536
S109257,362,709158,1,1296
S109258,241,219310,13,5733
S109259,116,84216,8,5688
S109260,242,526108,13,7241
S109261,170,367880,14,25718
S109262,113,254589,4,6552
S109263,383,671782,22,43516
S109264,336,678720,54,66312
S109265,181,76925,13,6110
S109266,488,843752,10,3230
S109267,113,59664,0,0
S109268,251,524339,28,17248
S109269,24,13704,0,0
S109270,99,96921,15,9825
S109271,121,182589,4,6836
S109272,377,189631,26,8320
S109273,499,891214,81,37746
S109274,68,105604,7,13671
S109275,130,98410,21,14196
S109276,247,439660,44,37004
S109277,120,243840,11,17402
S109278,141,158625,27,30456
S109279,301,737149,16,15840
S109280,0,0,1,809
S109281,325,718900,54,84726
S109282,282,514368,27,9180
S109283,292,332588,18,23778
S109284,135,76545,3,1035
S109285,28,42784,1,641
S109286,0,0,0,0
S109287,262,503826,49,38857
S109288,210,370020,16,13024
S109289,107,187999,18,11286
S109290,445,862410,45,35190
S109291,318,698010,53,47965
S109292,72,70200,10,7540
S109293,443,676018,13,21788
S109294,412,994156,33,61347
S109295,98,223244,3,1620
S109296,389,851910,9,4626
S109297,370,599030,25,17925
S109298,363,506385,8,15872
S109299,130,167180,9,6633
S109300,299,744510,13,20579
S109301,261,449964,12,22236
S109302,151,153718,13,8983
S109303,17,13226,2,2418
S109304,428,988680,74,63196
S109305,15,6705,2,3210
S109306,288,597312,38,12692
S109307,112,255584,2,1468
S109308,375,153375,60,64260
S109309,257,365454,34,31484
S109310,50,47750,3,3390
S109311,56,40600,1,1975
S109312,107,231013,19,30875
S109313,245,307230,35,12320
S109314,422,848220,9,13932
S109315,399,235809,12,21912
S109316,188,342724,8,7888
S109317,213,351237,38,53808
S109318,383,893156,55,70290
S109319,153,284733,8,6536
S109320,76,53732,6,2640
S109321,233,141897,23,38893
S109322,267,491547,14,15274
S109323,221,361777,22,28534
S109324,229,451817,9,7002
S109325,452,288828,47,19458
S109326,96,61728,10,19640
S109327,57,35226,0,0
S109328,21,14994,0,0
S109329,416,457184,40,28840
S109330,90,167040,17,8551
S109331,120,251640,6,10176
S109332,115,93495,15,27645
S109333,252,532224,14,11116
S109334,46,29486,7,12824
S109335,452,407704,85,75990
S109336,202,502980,12,21732
S109337,257,199432,36,11376
S109338,68,127024,4,3536
S109339,432,554256,6,6522
S109340,91,64701,14,11228
S109341,336,363552,22,17138
S109342,19,41287,2,870
S109343,244,555344,36,23832
S109344,150,119250,2,2608
S109345,25,32550,4,7588
S109346,360,588240,69,80316
S109347,326,814022,8,10344
S109348,132,318648,24,35568
S109349,355,235365,33,31383
S109350,94,161680,4,7556
S109351,31,43927,0,0
S109352,116,167852,22,9900
S109353,416,587392,45,61155
S109354,59,33866,11,21384
S109355,59,134343,6,5058
S109356,254,217424,40,77000
S109357,238,380562,16,6496
S109358,173,123176,18,32526
S109359,407,980056,26,27456
S109360,332,558424,47,29516
S109361,67,90182,2,2394
S109362,157,146167,23,16261
S109363,451,490688,36,21420
S109364,324,361908,31,59799
S109365,65,39000,6,9036
S109366,26,53040,4,4696
S109367,412,173040,7,9625
S109368,397,710630,5,7880
S109369,10,11790,2,662
S109370,54,111024,10,5850
S109371,5,5300,1,455
S109372,274,510188,52,42276
S109373,65,58500,1,1443
S109374,272,608464,8,9104
S109375,316,344440,60,66180
S109376,351,792207,20,22160
S109377,138,221214,1,1988
S109378,395,462940,51,75939
S109379,160,316000,14,10626
S109380,242,207152,17,15555
S109381,56,41776,11,14751
S109382,499,866763,54,56754
S109383,316,437028,3,5175
S109384,1,1914,0,0
S109385,467,604298,30,41190
S109386,148,215784,7,9506
S109387,454,922074,28,49308
S109388,110,156750,17,8959
S109389,448,671552,11,12441
S109390,386,929874,54,47574
S109391,182,106288,28,38976
S109392,216,322704,3,4635
S109393,233,562229,28,34860
S109394,237,356922,31,17143
S109395,348,573852,22,12342
S109396,242,257972,17,14110
S109397,460,418600,10,15660
S109398,285,298395,24,15408
S109399,414,512532,2,2666
S109400,55,77770,6,6186
S109401,421,684546,53,103138
S109402,359,819597,43,55341
S109403,107,200946,21,18564
S109404,490,305760,72,116712
S109405,428,407028,62,26040
S109406,394,707230,15,12630
S109407,422,339288,57,106590
S109408,449,320586,54,96930
S109409,481,387205,30,17430
S109410,477,798975,77,130823
S109411,31,61845,4,1584
S109412,247,160303,40,13760
S109413,65,97175,10,6420
S109414,347,527787,41,62648
S109415,256,412672,28,54628
S109416,283,487609,1,1757
S109417,205,250510,6,10116
S109418,179,351556,8,11024
S109419,179,240039,10,17330
S109420,124,159216,2,2976
S109421,478,349418,51,45543
S109422,480,714240,55,70675
S109423,369,898146,50,72700
S109424,263,294297,38,22382
S109425,128,71936,12,11328
S109426,447,704472,21,11172
S109427,465,471975,4,2528
S109428,269,454341,15,11100
S109429,111,56499,6,11352
S109430,420,462000,33,54879
S109431,155,162750,21,19509
S109432,407,852665,50,30200
S109433,389,924264,66,94314
S109434,111,94683,12,13620
S109435,494,518700,93,60915
S109436,132,241824,26,49244
S109437,265,547755,44,13640
S109438,138,239982,23,29969
S109439,233,357888,1,1707
S109440,425,1042100,37,28638
S109441,485,874940,14,6636
S109442,416,241280,77,122969
S109443,305,342820,51,77214
S109444,167,314294,25,46800
S109445,253,251988,9,17991
S109446,246,132348,37,58608
S109447,8,16944,1,308
S109448,369,223983,44,77704
S109449,139,55739,15,15720
S109450,395,882825,54,97632
S109451,94,222968,18,20808
S109452,334,262858,14,9016
S109453,278,603816,37,24050
S109454,71,79591,2,724
S109455,255,407235,9,13473
S109456,71,122972,7,8946
S109457,283,323752,47,79665
S109458,416,979680,53,84376
S109459,237,570459,2,2432
S109460,493,770066,5,9505
S109461,217,152551,31,25203
S109462,15,29595,1,1397
S109463,166,294982,8,15848
S109464,491,814569,40,26080
S109465,478,785354,13,11245
S109466,51,34425,7,8379
S109467,348,192096,40,60320
S109468,34,46886,6,10794
S109469,214,192814,34,32742
S109470,196,221872,0,0
S109471,274,573208,6,2970
S109472,152,259312,3,5484
S109473,401,793579,60,33840
S109474,440,865040,88,51128
S109475,212,392836,39,41652
S109476,57,121980,3,2826
S109477,26,29484,1,601
S109478,109,71722,8,4984
S109479,78,93912,11,9999
S109480,273,153153,41,67978
S109481,389,263742,34,53006
S109482,206,114330,37,72594
S109483,50,82350,4,5020
S109484,266,495026,13,17628
S109485,6,10176,1,1569
S109486,447,689274,8,14184
S109487,39,52923,3,1695
S109488,478,623312,34,48824
S109489,145,123105,0,0
S109490,465,569160,54,102006
S109491,38,62776,2,670
S109492,62,117118,6,6006
S109493,397,575253,45,33255
S109494,466,778220,20,23400
S109495,79,151522,15,27165
S109496,367,147901,24,43608
S109497,326,541160,48,29472
S109498,455,469560,34,30634
S109499,193,373648,34,24616
S109500,38,35872,1,487
S109501,339,429174,51,75123
S109502,377,512343,15,12885
S109503,479,476126,63,79380
S109504,463,550970,86,78002
S109505,301,236285,0,0
S109506,447,630270,38,25954
S109507,46,56764,2,3514
S109508,292,662840,50,28600
S109509,220,509960,37,26418
S109510,146,310396,17,7956
S109511,143,256685,19,15124
S109512,53,30793,0,0
S109513,93,124062,18,20340
S109514,12,24216,1,1829
S109515,436,391528,69,32292
S109516,127,166497,16,10704
S109517,419,486459,80,68720
S109518,140,128800,22,19228
S109519,478,795870,95,63365
S109520,146,110522,18,24534
S109521,133,261212,7,8281
S109522,464,655632,60,96300
S109523,165,343530,10,11330
S109524,332,238044,23,12098
S109525,420,586320,52,31408
S109526,321,213786,10,13060
S109527,276,574632,18,28764
S109528,111,181374,8,10080
S109529,378,856170,19,27265
S109530,323,746453,41,64903
S109531,75,73275,14,10612
S109532,440,865040,25,43875
S109533,429,942084,74,42476
S109534,406,538356,1,1810
S109535,63,81459,12,14712
S109536,223,422362,35,19495
S109537,77,83699,11,8470
S109538,145,141520,6,6666
S109539,418,698478,37,42772
S109540,497,254961,82,138662
S109541,373,267441,10,8110
S109542,320,302720,31,29946
S109543,429,207207,22,10670
S109544,110,200530,3,1737
S109545,154,278586,27,41985
S109546,396,242748,22,27170
S109547,411,550329,52,63804
S109548,213,519081,1,1397
S109549,327,680814,38,25156
S109550,17,33660,0,0
S109551,328,818688,18,24444
S109552,246,190404,1,970
S109553,119,50099,6,10812
S109554,46,91540,5,4040
S109555,317,377864,31,57350
S109556,40,44320,1,1148
S109557,351,236925,27,44172
S109558,262,488630,12,8184
S109559,388,188956,64,87232
S109560,267,397296,23,30406
S109561,316,496120,63,25830
S109562,199,438795,0,0
S109563,0,0,1,1429
S109564,411,829809,22,26796
S109565,112,272944,10,16810
S109566,350,333900,0,0
S109567,459,278154,53,102661
S109568,132,94380,7,11410
S109569,192,461760,36,57672
S109570,475,1122900,42,81522
S109571,155,98890,22,15268
S109572,42,62706,0,0
S109573,194,444648,37,31709
S109574,308,582736,37,27787
S109575,206,511498,9,7866
S109576,328,448376,36,24876
S109577,52,22932,2,892
S109578,362,430780,2,3300
S109579,298,299192,20,23640
S109580,223,441317,15,7380
S109581,255,392955,16,12672
S109582,284,611168,2,2570
S109583,447,555621,5,3470
S109584,58,126614,3,4368
S109585,392,738528,75,40200
S109586,55,135025,9,13131
S109587,462,915684,11,15191
S109588,155,185380,13,8372
S109589,255,314160,2,2614
S109590,277,326029,2,804
S109591,223,455366,22,43274
S109592,416,495040,28,29484
S109593,199,466655,9,5607
S109594,149,191316,17,12291
S109595,318,790866,21,17388
S109596,27,24084,0,0
S109597,381,782955,1,1565
S109598,55,88275,5,9830
S109599,106,47700,19,28253
S109600,205,375765,16,11088
S109601,48,108192,5,3890
S109602,359,202835,43,68929
S109603,253,612007,24,36768
S109604,282,541440,2,3566
S109605,334,199732,3,3729
S109606,103,191683,19,6631
S109607,12,27996,1,408
S109608,399,347928,20,15320
S109609,217,427924,24,21984
S109610,435,448920,58,57826
S109611,421,465626,5,9250
S109612,211,294134,24,27744
S109613,40,97360,1,1338
S109614,229,337775,24,24216
S109615,87,42021,9,17289
S109616,498,630468,54,94662
S109617,403,892645,71,126877
S109618,69,43677,6,2826
S109619,230,396060,25,40625
S109620,292,672184,33,38247
S109621,442,537914,51,61200
S109622,495,285615,58,35148
S109623,159,140238,12,19536
S109624,430,503960,38,62966
S109625,131,236586,6,11880
S109626,240,501840,3,3801
S109627,241,421268,20,38300
S109628,217,218736,11,17336
S109629,90,112950,15,15765
S109630,496,546096,56,71232
S109631,314,697394,48,88800
S109632,406,686140,67,90852
S109633,240,102480,27,23652
S109634,398,665456,77,34573
S109635,380,513380,21,8610
S109636,402,382704,28,36428
S109637,363,622545,47,64578
S109638,229,459603,29,31610
S109639,6,5196,1,648
S109640,320,224000,19,8474
S109641,291,713241,13,20254
S109642,223,206498,5,5940
S109643,174,425430,26,34606
S109644,369,918441,71,129717
S109645,338,425880,28,34048
S109646,183,408639,25,39500
S109647,40,33760,8,5216
S109648,320,233280,0,0
S109649,171,416043,32,14080
S109650,161,210749,32,57280
S109651,385,419650,47,93671
S109652,497,841421,28,23100
S109653,396,820908,10,15960
S109654,220,381480,2,816
S109655,173,247044,0,0
S109656,172,167184,1,927
S109657,182,416962,17,20978
S109658,336,526848,64,125504
S109659,43,85183,3,3333
S109660,48,105216,2,3012
S109661,194,472196,4,4808
S109662,426,619404,44,69872
S109663,458,693412,77,55902
S109664,316,518556,36,33552
S109665,410,930290,61,35502
S109666,131,180125,6,5988
S109667,139,201550,16,14256
S109668,491,735518,96,54432
S109669,118,59354,22,12584
S109670,406,971558,72,96120
S109671,180,187020,26,43420
S109672,244,341844,27,39555
S109673,280,287280,39,34866
S109674,68,169592,9,17460
S109675,444,1075368,9,7290
S109676,150,79800,7,13643
S109677,460,540500,44,68332
S109678,255,250410,42,64722
S109679,483,696486,23,29601
S109680,187,358853,29,15138
S109681,263,387399,52,80704
S109682,192,193536,2,1250
S109683,491,488054,42,61026
S109684,278,386420,16,18880
S109685,432,858816,37,53576
S109686,406,781956,11,19756
S109687,96,127008,1,1688
S109688,323,375003,58,102428
S109689,88,173008,0,0
S109690,236,572772,12,4776
S109691,164,267156,27,46899
S109692,98,89082,13,6305
S109693,302,182106,22,30316
S109694,62,56420,3,2364
S109695,248,593464,17,12971
S109696,11,8459,0,0
S109697,114,93822,16,27568
S109698,425,278800,18,7596
S109699,355,153360,2,3612
S109700,484,636460,60,107400
S109701,176,403040,1,656
S109702,373,762785,25,25200
S109703,329,417501,61,112606
S109704,37,84545,7,6587
S109705,26,21268,1,1485
S109706,217,272986,42,55020
S109707,379,880038,16,30432
S109708,398,593418,69,131031
S109709,221,385203,3,5019
S109710,225,293850,27,20169
S109711,214,187250,40,32920
S109712,0,0,0,0
S109713,76,108984,0,0
S109714,272,290224,16,7712
S109715,210,360150,6,11082
S109716,175,235550,22,16918
S109717,113,189275,9,11556
S109718,159,136263,15,26640
S109719,287,411558,5,6380
S109720,332,784184,34,17000
S109721,44,67276,2,3374
S109722,267,606624,52,96252
S109723,241,335472,34,22270
S109724,145,321900,14,13412
S109725,104,109616,0,0
S109726,401,243808,1,1205
S109727,56,128184,8,3864
S109728,500,803500,61,33733
S109729,471,894429,4,5152
S109730,226,266228,19,28785
S109731,26,24934,5,4775
S109732,24,51000,1,1308
S109733,376,461352,59,23836
S109734,196,369656,18,6156
S109735,170,243950,19,32908
S109736,132,245652,11,7898
S109737,231,273966,5,3615
S109738,101,94839,4,7972
S109739,426,623238,10,6220
S109740,315,751275,52,55328
S109741,375,524250,42,39438
S109742,255,392445,32,44800
S109743,157,357803,1,1878
S109744,485,466570,11,18766
S109745,334,804272,60,69780
S109746,64,72448,10,12910
S109747,327,248847,46,61594
S109748,35,24640,1,1851
S109749,94,221370,15,6465
S109750,12,28296,0,0
S109751,401,758692,58,105966
S109752,489,399513,36,38844
S109753,444,500388,64,33408
S109754,338,234234,10,14290
S109755,229,463496,45,23130
S109756,317,295444,0,0
S109757,499,865266,2,862
S109758,22,23694,3,5046
S109759,151,187542,19,10374
S109760,170,369070,22,41690
S109761,25,62225,3,5505
S109762,29,65656,4,7168
S109763,251,612189,19,31711
S109764,257,438956,19,18962
S109765,447,193998,13,16042
S109766,23,50807,2,2962
S109767,107,170986,21,32613
S109768,158,311734,9,10917
S109769,227,468301,23,19205
S109770,176,142208,32,24000
S109771,16,36288,1,1075
S109772,179,143737,11,18810
S109773,246,358176,33,32538
S109774,379,625729,37,43771
S109775,493,494479,88,149600
S109776,186,344658,27,53487
S109777,444,555888,44,52316
S109778,164,304876,9,7911
S109779,110,53460,11,7227
S109780,404,186648,79,139514
S109781,201,468129,15,11820
S109782,424,947216,28,19432
S109783,267,528126,50,29600
S109784,43,36378,1,993
S109785,189,396144,5,9715
S109786,175,216125,19,15865
S109787,135,208035,14,4676
S109788,354,492060,25,41900
S109789,253,301070,0,0
S109790,74,78070,2,1922
S109791,76,104652,9,12924
S109792,35,48125,5,1755
S109793,336,569520,52,85592
S109794,376,427136,52,85020
S109795,496,589744,18,25722
S109796,65,39455,7,2268
S109797,202,466822,11,4378
S109798,341,213125,2,2476
S109799,281,227329,24,45912
S109800,347,305360,10,16720
S109801,401,205713,77,125664
S109802,155,200260,30,9750
S109803,364,357812,40,25000
S109804,57,52782,2,3226
S109805,48,88416,9,6129
S109806,379,276670,35,38465
S109807,166,317226,33,22077
S109808,213,446022,10,15240
S109809,304,462992,59,72334
S109810,9,11754,0,0
S109811,75,73050,6,9120
S109812,66,99924,0,0
S109813,397,985751,42,76818
S109814,58,83462,3,1452
S109815,198,292050,36,15804
S109816,124,197408,8,2616
S109817,154,300762,6,4950
S109818,58,142680,6,9024
S109819,379,803859,52,68744
S109820,221,314041,18,15372
S109821,188,211688,35,14315
S109822,345,582705,56,46480
S109823,48,49920,4,4868
S109824,204,493680,4,6480
S109825,457,564852,78,130962
S109826,380,305900,47,69184
S109827,16,38192,3,5463
S109828,71,103163,6,4860
S109829,221,493714,30,18180
S109830,235,254975,8,12216
S109831,89,185743,8,12488
S109832,479,946983,66,48576
S109833,3,7395,1,1768
S109834,8,15512,1,612
S109835,331,183705,6,2670
S109836,42,35700,3,5262
S109837,100,227600,9,6210
S109838,493,520115,93,76539
S109839,262,339552,0,0
S109840,374,301444,0,0
S109841,230,506000,0,0
S109842,134,259022,11,17215
S109843,360,770400,50,99600
S109844,97,137061,6,8340
S109845,251,380014,27,41715
S109846,398,353424,73,50954
S109847,15,19140,0,0
S109848,266,443156,49,92659
S109849,67,120131,6,2604
S109850,444,650904,19,35397
S109851,305,398025,35,27125
S109852,57,39672,5,7605
S109853,383,430109,35,44415
S109854,18,13896,2,3018
S109855,269,161669,44,87648
S109856,333,749583,23,31602
S109857,174,283794,28,38332
S109858,390,652080,9,3150
S109859,445,1055540,63,36855
S109860,439,1026382,10,7730
S109861,5,10110,1,1161
S109862,238,210868,11,20581
S109863,427,904386,60,60240
S109864,435,446745,86,53406
S109865,318,741894,10,11830
S109866,474,285822,67,83415
S109867,230,457010,34,40562
S109868,431,771921,86,143534
S109869,456,765624,64,71296
S109870,211,212266,38,58482
S109871,266,178486,32,15776
S109872,168,188832,24,47808
S109873,308,303688,18,13446
S109874,307,408310,20,30120
S109875,152,114000,1,1509
S109876,365,197100,67,48441
S109877,343,803992,62,75888
S109878,163,280849,28,41524
S109879,317,422244,49,65660
S109880,114,155838,0,0
S109881,368,432768,28,28980
S109882,116,128296,18,28872
S109883,196,161308,3,4389
S109884,41,95243,5,8355
S109885,110,137390,15,10710
S109886,357,880719,29,9135
S109887,332,370512,63,72828
S109888,431,652103,8,5440
S109889,254,589534,32,56896
S109890,324,218376,40,65880
S109891,233,425924,37,24531
S109892,31,54684,5,3150
S109893,465,290160,23,30107
S109894,312,135096,11,7733
S109895,65,126035,1,590
S109896,165,122100,2,1616
S109897,37,76516,7,2471
S109898,277,573113,7,12691
S109899,267,163938,30,48990
S109900,287,657230,29,14848
S109901,297,500445,34,47600
S109902,438,940824,83,96612
S109903,38,73454,4,4160
S109904,181,100093,20,31560
S109905,454,785420,40,73520
S109906,13,9997,1,1184
S109907,162,392040,32,54752
S109908,148,293780,24,40248
S109909,301,673939,37,59126
S109910,112,220864,16,20896
S109911,85,211140,14,19418
S109912,443,1090666,58,49300
S109913,195,313365,15,24915
S109914,384,186240,63,29106
S109915,375,552750,0,0
S109916,221,526643,26,21866
S109917,435,1031820,58,25288
S109918,395,827525,11,10362
S109919,35,46865,3,3135
S109920,313,475447,52,57408
S109921,250,483750,25,41750
S109922,87,161994,10,5940
S109923,431,1014574,41,27962
S109924,345,842835,65,83785
S109925,141,328248,6,3624
S109926,420,816900,33,23595
S109927,182,245518,19,37734
S109928,251,187497,47,37036
S109929,246,190158,41,39237
S109930,62,49104,2,1858
S109931,205,270600,22,37796
S109932,117,92547,8,14032
S109933,467,1128739,7,11844
S109934,144,164736,20,17960
S109935,288,338112,5,6395
S109936,417,271884,0,0
S109937,112,140448,16,7520
S109938,185,131905,1,1169
S109939,215,358190,18,31230
S109940,415,289670,15,18120
S109941,313,205641,28,53648
S109942,66,35574,2,3014
S109943,68,162248,13,20696
S109944,344,635024,52,19968
S109945,64,100608,5,2085
S109946,117,288639,19,34352
S109947,399,740544,23,8947
S109948,226,564548,4,2280
S109949,214,328918,14,27930
S109950,418,509960,46,59248
S109951,30,51900,0,0
S109952,312,227448,20,35820
S109953,237,257145,15,8100
S109954,380,522880,60,117420
S109955,373,427831,2,2474
S109956,22,42262,4,1828
S109957,19,9766,3,4743
S109958,153,109395,23,32706
S109959,449,857141,88,129360
S109960,5,6625,0,0
S109961,20,22780,1,1266
S109962,270,581850,15,4635
S109963,57,90858,2,3668
S109964,38,29868,7,8946
S109965,360,458640,34,58480
S109966,272,671568,41,34194
S109967,379,665145,34,11424
S109968,309,770646,0,0
S109969,52,93652,2,1734
S109970,34,15096,2,794
S109971,129,285735,20,17080
S109972,150,128700,0,0
S109973,355,635805,1,1467
S109974,336,315168,1,1138
S109975,427,1063230,48,19248
S109976,231,444906,9,10827
S109977,236,468224,8,2832
S109978,29,15486,0,0
S109979,196,418852,34,55998
S109980,455,282100,23,29233
S109981,386,571666,49,42679
S109982,148,101972,26,35672
S109983,252,538776,9,11232
S109984,473,897281,55,27280
S109985,363,459921,66,53988
S109986,455,672035,48,37440
S109987,241,509956,24,33912
S109988,272,540192,13,20488
S109989,61,44408,2,1086
S109990,131,209207,14,17374
S109991,188,199280,3,2628
S109992,238,387464,46,56534
S109993,26,35334,1,887
S109994,64,137728,4,7072
S109995,347,535768,66,86856
S109996,481,1027897,86,125474
S109997,428,832460,35,44800
S109998,209,266057,25,14450
S109999,477,1009809,38,17822
S110000,419,695540,8,5320
