verification_id,seller_id,pan_status,gst_status,bank_status,verification_status,verification_date
8099527a-cd11-435d-8311-85aa3bb487f7,S100001,Failed,Verified,Verified,Approved,2023-06-30
1193874e-7915-4907-9dec-7cccb5c5fd9f,S100002,Failed,Failed,Verified,Approved,2023-10-16
c463190a-99cf-45aa-b6de-ece633beb361,S100003,Verified,Failed,Failed,Approved,2025-12-25
b120a7ef-6eb2-4dcc-9f97-fa5baf84add6,S100004,Verified,Failed,Verified,Approved,2024-04-09
6d71e216-7630-450d-a47a-78f42d07d2e3,S100005,Verified,Verified,Failed,Pending,2023-11-14
2f8611d5-1651-44bb-aa7f-ae108bff5388,S100006,Verified,Verified,Verified,Pending,2022-01-07
d1c3516e-4a54-45f3-bd3d-4d087e5a86ad,S100007,Verified,Failed,Verified,Approved,2024-04-21
1dd2c38a-c49b-4cf1-9db0-81db20e0463d,S100008,Verified,Verified,Failed,Approved,2022-08-27
2a593e33-c5f5-4912-86a2-afeb2696b86d,S100009,Failed,Failed,Verified,Approved,2024-03-26
b2204f32-e202-4858-9618-91b09e86e4e8,S100010,Verified,Failed,Verified,Approved,2024-05-01
1565b21b-80a3-446e-b42d-4e17b52f1129,S100011,Failed,Verified,Failed,Approved,2023-03-21
179ece59-0a18-401d-b94a-3116fe725469,S100012,Failed,Verified,Failed,Approved,2023-07-20
4e292617-dbfa-4dfc-9791-71314a3d6276,S100013,Failed,Verified,Verified,Approved,2023-02-21
9e39c62f-29aa-4709-88cc-75d78f7bd817,S100014,Failed,Failed,Failed,Approved,2022-06-08
0cfd400c-9a33-4379-b366-d756869081e5,S100015,Failed,Failed,Failed,Pending,2023-08-24
873e21b2-a50c-405b-8b87-760e8e59d128,S100016,Verified,Failed,Verified,Approved,2022-12-08
613d98d2-9411-4d59-91fa-f750b61e9e5d,S100017,Failed,Verified,Verified,Approved,2025-07-04
cf3ff26a-4d51-46cd-a983-e150ad6bdc9b,S100018,Verified,Verified,Failed,Approved,2024-01-22
1df4d71f-3031-4a12-a864-7c4b5c47581e,S100019,Verified,Failed,Failed,Approved,2023-07-14
ad14ea20-1b91-4a8a-9280-e2aad3128947,S100020,Failed,Verified,Failed,Approved,2023-08-14
093ddf52-9710-460b-9e6d-959193620975,S100021,Failed,Verified,Failed,Approved,2024-06-22
abb31204-11f2-4fd8-a771-c5f8835cf16b,S100022,Verified,Failed,Verified,Approved,2024-02-07
647e7d75-5228-41af-b133-941a378a9213,S100023,Failed,Verified,Failed,Approved,2022-01-05
d10f5d4a-ba20-4b9d-8fc4-3937f6d77d91,S100024,Verified,Verified,Failed,Pending,2024-01-25
713884dc-1816-430b-b4f7-35edb2398791,S100025,Verified,Verified,Verified,Rejected,2024-09-10
c2a7f547-3bc6-44ba-a6cf-8ce8f587a482,S100026,Verified,Failed,Failed,Pending,2023-11-27
a043d992-dcd1-42d9-a189-50ef6e5883cb,S100027,Verified,Verified,Verified,Approved,2026-02-24
fde02178-0dc8-496e-bd32-c7e66610b404,S100028,Failed,Verified,Failed,Approved,2022-10-15
b6267d96-ecff-4025-b94a-e80e4ce68b19,S100029,Failed,Verified,Failed,Approved,2024-12-31
11b7664a-fd92-4b6f-b21e-2700e1476a7f,S100030,Verified,Failed,Failed,Approved,2023-02-26
02e78484-15c7-4ccb-bbf8-0355e949e29c,S100031,Failed,Verified,Verified,Approved,2022-01-28
b0d71191-37b8-4dbe-a7ba-d5f1dbb6c4a3,S100032,Failed,Verified,Failed,Rejected,2024-02-13
179d2728-902c-41fc-a6e3-c5e08c40476c,S100033,Verified,Verified,Failed,Approved,2023-09-26
8194dbaa-e34a-40b4-9d7a-91819e4e31cf,S100034,Verified,Failed,Failed,Pending,2025-05-09
4a6248e6-7aa8-4007-8342-2f31cb0e12c4,S100035,Failed,Failed,Verified,Approved,2022-01-19
dde71d45-d029-48e3-9230-f39f0927e05f,S100036,Verified,Verified,Verified,Approved,2023-12-18
b8e096ef-3d3a-40ba-9cac-fbab07b9625d,S100037,Verified,Verified,Failed,Approved,2023-10-15
05de7ead-28ac-4558-881e-e77d34b8c32c,S100038,Failed,Verified,Verified,Approved,2022-04-01
3fbf7901-fc71-4b1b-a329-a51fc370f6e7,S100039,Failed,Verified,Verified,Approved,2024-09-11
437483d7-cc8c-4dae-b3e3-309345be06f8,S100040,Verified,Failed,Verified,Pending,2022-08-20
071ef20f-6e0b-414f-9e2d-5f9497a9bc72,S100041,Failed,Verified,Failed,Approved,2023-06-26
418fe315-139c-4bb3-be3b-534bf5494b5d,S100042,Failed,Failed,Failed,Rejected,2022-03-17
c51b3ac7-7989-4ad6-84ec-d2aee4f5297c,S100043,Verified,Verified,Verified,Rejected,2024-10-31
d38d665e-0edb-44f1-984e-24c3640e2034,S100044,Verified,Failed,Failed,Approved,2025-08-18
58c4c481-742b-4da8-bef5-5da4b72ed2c7,S100045,Verified,Failed,Verified,Approved,2022-10-07
5bacd515-274b-452a-b40f-1f18c04a00cb,S100046,Failed,Verified,Failed,Approved,2024-09-27
75901dc5-a72c-4d57-9c12-e54bb51dd156,S100047,Failed,Failed,Failed,Approved,2025-03-31
d354988e-1343-4877-b9e1-460126eb088f,S100048,Failed,Verified,Failed,Approved,2023-10-25
357ee616-bf13-4959-8182-d5c560985383,S100049,Verified,Verified,Verified,Approved,2025-12-09
d5d2d13b-06ae-4314-a4f5-b0c51e1fbf0c,S100050,Failed,Failed,Verified,Approved,2023-11-28
f5ada7db-7f59-4e37-a981-cfc53222fab3,S100051,Verified,Failed,Failed,Approved,2024-03-09
13ab1631-ba64-4f90-80fa-e7b2a47a355e,S100052,Verified,Failed,Verified,Approved,2026-01-14
da4f8e41-f8f0-412d-a6fe-a49817c32ec6,S100053,Verified,Failed,Verified,Approved,2025-05-24
c4e8870d-fa02-4885-be8d-ee1eabfd9148,S100054,Verified,Verified,Verified,Approved,2026-04-30
e3893cdb-c542-41eb-90c1-ce580e0bfa52,S100055,Failed,Verified,Verified,Pending,2023-11-30
f9ff6d0b-7082-42e7-814a-81a5b0a594af,S100056,Failed,Failed,Failed,Approved,2024-12-22
f4405068-07ee-4ab4-b896-5e8cd8cd798c,S100057,Failed,Verified,Failed,Approved,2026-01-07
92c5d3fb-db5d-4575-827b-2f57301e5da2,S100058,Failed,Verified,Failed,Approved,2023-09-22
c5801d91-dc16-41bb-a10d-b9e19caf6869,S100059,Verified,Verified,Verified,Rejected,2023-10-31
6620c29e-6cad-44c1-8f78-240034ad9f5d,S100060,Verified,Failed,Verified,Approved,2022-07-01
037f806b-05d0-412a-b62f-208adea12470,S100061,Failed,Failed,Verified,Approved,2025-09-20
47eb6203-9b87-41ee-9803-cca7586a2ad4,S100062,Verified,Failed,Failed,Approved,2024-12-14
dcd771f5-98e1-4542-a9fb-bb506710610f,S100063,Failed,Verified,Failed,Approved,2025-04-07
65afc237-659b-4536-b7c4-e418d65921e3,S100064,Failed,Verified,Failed,Approved,2024-04-10
dc7df2cf-3edd-4f0e-9ac6-ce9fafb92571,S100065,Failed,Failed,Verified,Approved,2025-08-05
c40febad-fc9f-4716-a30d-8139b738ff0a,S100066,Failed,Failed,Failed,Approved,2024-07-04
76120622-b0a5-4488-b7db-f5313f710a1a,S100067,Failed,Failed,Failed,Rejected,2024-07-28
1bac1c4a-7e3f-4a28-877e-c64e0f2c0147,S100068,Verified,Failed,Verified,Pending,2026-01-29
85ddc103-517a-4221-ae62-498fbe0020f6,S100069,Failed,Failed,Failed,Approved,2022-12-16
06c3fc60-c806-4cd0-8247-6f89d19c5dbc,S100070,Verified,Verified,Failed,Approved,2024-07-26
e9bf0dca-dddc-415f-bed7-9b91947abbe8,S100071,Verified,Verified,Failed,Approved,2026-07-08
0c6e2d47-a7ed-47d5-863b-b01510d1ce1a,S100072,Verified,Failed,Failed,Approved,2025-04-21
3fe8e098-32a9-4f44-abbd-3b4e8f370139,S100073,Verified,Failed,Failed,Rejected,2023-11-03
372a857d-4c59-404d-b759-0e762ebf3f1f,S100074,Verified,Verified,Verified,Approved,2023-06-06
c0acc371-cc90-49d4-87d6-c3dad8294a39,S100075,Failed,Failed,Verified,Approved,2023-04-04
88d616e6-e3b9-4408-966f-eb1767fe1658,S100076,Failed,Verified,Failed,Approved,2024-06-15
490a5944-4b0c-4c53-bdac-f0eec73fbace,S100077,Verified,Failed,Verified,Approved,2025-03-14
b18887b2-8aad-485f-b222-e140e1b61b0d,S100078,Failed,Failed,Failed,Approved,2024-04-29
9f8048e2-3154-45e9-8d53-c40a86b0a2c6,S100079,Failed,Verified,Verified,Rejected,2023-03-30
3e4fd83b-2bcd-4d80-a6ad-e006e011cc2b,S100080,Failed,Failed,Verified,Pending,2025-10-15
bb7202dd-998b-483d-95c6-157777d6bb66,S100081,Failed,Failed,Verified,Approved,2023-11-15
7e2de034-93e8-490d-973a-0e2d01550f52,S100082,Failed,Verified,Verified,Approved,2023-10-02
d9d5c321-864c-4d67-a463-54342fbebc77,S100083,Failed,Verified,Verified,Approved,2023-07-10
8aaf6cd7-e9d0-454a-9334-ac98e3abed80,S100084,Verified,Failed,Failed,Approved,2024-03-25
af96edce-2431-49e7-b144-8e3ad6a5cb00,S100085,Failed,Failed,Verified,Approved,2022-06-06
567136ce-f20f-4a17-8ce7-a5305fb39348,S100086,Verified,Failed,Failed,Approved,2024-07-08
50fd4b74-5b27-437f-863b-a616be213a6b,S100087,Verified,Verified,Verified,Rejected,2025-05-20
3629a4ef-1cd1-4e09-9ec9-cda8ffba47b9,S100088,Verified,Failed,Verified,Approved,2023-08-11
e4e805bd-1d44-499b-84f0-94b29ec5d42a,S100089,Failed,Verified,Verified,Rejected,2026-07-06
c81effa3-6bbb-4d0e-b46e-c77e937bd589,S100090,Verified,Verified,Failed,Pending,2023-02-19
eb59baa7-36fb-4f7a-b6bf-380f0620078b,S100091,Failed,Verified,Failed,Approved,2023-08-21
2a438bbf-dca7-4898-84f6-1a6e4f91820a,S100092,Failed,Verified,Verified,Rejected,2025-08-29
6da95d6f-3c36-4380-8040-f27ac73db7d2,S100093,Verified,Verified,Verified,Approved,2025-10-18
e8ac133d-8f90-4d4c-8aeb-d4687ee03bf7,S100094,Verified,Verified,Verified,Pending,2024-08-23
7d31aa11-b5df-4c1e-8c3c-e43434c8fba5,S100095,Failed,Failed,Failed,Approved,2022-03-06
90060c5a-e0c6-4d63-a579-1c663209256b,S100096,Failed,Failed,Verified,Pending,2024-10-18
2536fa33-3148-4d3d-a289-317ad75816c6,S100097,Failed,Failed,Failed,Approved,2024-05-02
0459b778-8829-4211-bd92-c26bf3edd04d,S100098,Failed,Verified,Verified,Approved,2024-01-02
3c423c26-b1e2-4571-8212-af7c0854a4ca,S100099,Verified,Failed,Failed,Rejected,2023-05-28
5d3525fb-7060-4699-815d-b5e769440b9c,S100100,Verified,Verified,Verified,Approved,2023-02-18
6bcca920-69cd-4716-8faa-dd5b84d5708b,S100101,Verified,Failed,Failed,Approved,2022-10-14
846b31c4-4602-41ab-8cb0-2dbee609bbbc,S100102,Verified,Verified,Verified,Approved,2023-02-25
f1984c95-7ac7-479a-bcf1-1ff66e4429cc,S100103,Verified,Verified,Failed,Approved,2025-11-16
6494c179-1927-43d4-8408-1f94b632b54a,S100104,Verified,Failed,Failed,Approved,2025-10-22
169d3903-c448-4511-bdb8-52663b1b7e97,S100105,Verified,Failed,Verified,Approved,2023-11-20
3a5d38cc-667b-4e90-89e1-1bb921595636,S100106,Verified,Failed,Verified,Approved,2022-10-21
585f7f91-553a-419f-b516-191b1b0bd2c9,S100107,Verified,Failed,Failed,Approved,2026-06-27
713846fd-9338-4da6-ab2d-1a24e3e82c6d,S100108,Failed,Verified,Failed,Approved,2023-07-31
1f302349-098d-4139-a64e-89077b14c8b4,S100109,Failed,Failed,Verified,Rejected,2023-09-19
4d49f390-836d-4cf3-9bbc-d799429910e0,S100110,Failed,Failed,Verified,Pending,2022-08-08
1c6479c6-1a7a-43f8-834b-8382013f37e4,S100111,Verified,Failed,Failed,Pending,2026-02-13
40c8a03d-44f4-4ef3-86b8-8191bfd1e8f2,S100112,Failed,Verified,Failed,Approved,2023-05-26
707d5478-5eaf-4559-9458-38f0cc9bd992,S100113,Failed,Verified,Failed,Approved,2025-03-06
b4ec7e8e-1cdc-449a-8b46-de992da29e52,S100114,Verified,Verified,Failed,Approved,2022-12-10
b3faec91-36d4-4b13-b61a-54a74fc5668b,S100115,Failed,Failed,Verified,Approved,2024-11-04
129bebaa-1185-4991-a442-069961162d0d,S100116,Verified,Failed,Verified,Approved,2022-11-26
1e4677ae-6196-4c64-89fc-e20c6a00944f,S100117,Failed,Failed,Verified,Approved,2025-04-26
eadce244-62ff-44f4-8e92-078b1a1b3228,S100118,Failed,Verified,Failed,Approved,2024-02-26
e0a09aee-32c0-41f1-9c18-6c2307f2bde7,S100119,Failed,Failed,Failed,Rejected,2023-10-05
8432986a-16de-40e9-937d-201060036a54,S100120,Failed,Verified,Verified,Approved,2024-06-04
bf9eba03-6650-4ee8-aa98-44959b89d383,S100121,Failed,Verified,Failed,Approved,2025-04-11
55357f3b-c85e-440e-85aa-a842bf935d24,S100122,Verified,Failed,Failed,Approved,2022-12-14
a16e8381-b593-41df-96fc-295a577954da,S100123,Failed,Failed,Verified,Approved,2025-01-07
59c328fb-f8aa-4be3-a10b-a363450561f8,S100124,Failed,Failed,Failed,Approved,2026-06-01
bdd427f3-2cea-4994-8219-ae92e8e67bc0,S100125,Failed,Failed,Failed,Approved,2026-04-15
3f2e3130-f843-4845-8032-dee265f2d47e,S100126,Verified,Failed,Failed,Approved,2022-03-31
4167a8cc-c0c8-4368-81ad-bb3b6138ecb0,S100127,Failed,Verified,Verified,Approved,2022-10-21
c7629201-f16e-49b5-996b-4d4eecc63423,S100128,Verified,Failed,Verified,Approved,2024-10-28
3b41e31a-fddd-4e70-987a-eda7f890a006,S100129,Verified,Failed,Verified,Approved,2024-08-03
fd176bf3-16e9-4a3c-b3bb-51f07ff4fb39,S100130,Failed,Verified,Verified,Approved,2023-07-07
32caa4c4-06fd-4d08-8e94-96ac4454b3e0,S100131,Verified,Failed,Verified,Approved,2022-08-05
ad397e91-cc9e-4702-a095-c0164a41e22a,S100132,Verified,Verified,Failed,Approved,2026-03-09
50942b90-af9c-40d0-a1c3-1b4645cf161c,S100133,Failed,Verified,Failed,Approved,2023-07-04
d8fc4966-5684-461e-bdeb-d7e047e32652,S100134,Verified,Verified,Verified,Approved,2023-12-09
69078c49-acb0-4f5b-9aab-097d910cdc31,S100135,Failed,Failed,Failed,Approved,2026-04-07
024516b6-0756-482b-ac8a-b284c9b5bbba,S100136,Verified,Failed,Failed,Pending,2022-07-04
d9ea0055-01c7-4a9d-be12-ec0d3b1a1f9f,S100137,Verified,Failed,Failed,Pending,2024-12-03
f48d4c8c-99d9-4906-97bc-399c16135e13,S100138,Failed,Failed,Failed,Approved,2026-03-02
233e21ef-fabb-4364-a4be-4e4b69e5c6e1,S100139,Failed,Failed,Failed,Approved,2025-10-19
265ba3cd-c682-4e96-bf1d-71b026f5c6d5,S100140,Failed,Verified,Failed,Approved,2022-03-30
85cd00a4-f7fb-46b9-b875-bc18f4daa45b,S100141,Verified,Failed,Failed,Approved,2023-05-29
78b93e7f-9648-43f0-8cc3-be47605c39d8,S100142,Failed,Verified,Verified,Approved,2023-10-05
202e608c-afde-4320-845d-c28ee83783fc,S100143,Failed,Failed,Verified,Approved,2023-03-25
db741def-a6d1-4c6e-9957-0f0cb0c2598c,S100144,Failed,Verified,Verified,Approved,2023-01-19
71ece133-c415-4951-b745-924eba0e2638,S100145,Failed,Verified,Verified,Approved,2024-02-04
35292a32-cd8c-43ee-9f4e-3131be660c05,S100146,Failed,Failed,Failed,Pending,2022-06-16
3b543bdb-87c6-48f8-8c3f-685363fcf9fa,S100147,Failed,Failed,Failed,Rejected,2025-02-16
c93e1531-a87a-40a7-9e1e-57ee88faf505,S100148,Failed,Verified,Verified,Approved,2024-12-12
94b7d0cf-f13a-448f-8e2b-bb42dfefe149,S100149,Verified,Verified,Failed,Approved,2025-03-16
a187f6df-adde-40fa-9675-9c5e5328fbb0,S100150,Verified,Failed,Verified,Approved,2022-11-28
ca3d02cf-fad6-4030-857f-74a473738569,S100151,Verified,Verified,Failed,Approved,2024-03-07
07853a8a-4236-458b-b194-ed4395e1d191,S100152,Verified,Failed,Failed,Approved,2026-07-25
92d6948b-9ac4-467d-b754-afdcc7e8914c,S100153,Verified,Verified,Failed,Approved,2022-09-30
eb315783-aed7-4096-a809-036415c4c4cb,S100154,Verified,Verified,Failed,Approved,2023-07-31
8b291819-087c-46f9-9c57-9417e8298ac0,S100155,Verified,Verified,Failed,Approved,2024-03-10
696fded2-3060-497b-91d3-7b121d0e7717,S100156,Verified,Failed,Failed,Approved,2023-05-15
427690d4-ca6c-4c03-b173-cfd8cdb405ea,S100157,Verified,Failed,Verified,Rejected,2023-04-09
c60d8dfa-c0ed-4afd-a43f-374bdb2b8060,S100158,Failed,Verified,Failed,Approved,2022-12-22
466c9854-3d94-4f32-84ee-41f5f27b26e4,S100159,Failed,Failed,Failed,Approved,2024-05-04
407b0c89-a0dc-419e-8716-b3ded0f587a8,S100160,Failed,Verified,Failed,Approved,2024-02-05
df2182e2-3056-486c-85a2-75bc8fdd7514,S100161,Failed,Verified,Verified,Approved,2026-06-28
d01d9f73-794e-47a4-b611-b8d0bed96c70,S100162,Verified,Failed,Verified,Rejected,2023-03-21
b0e72b39-03fe-44e2-88af-625f76a141c3,S100163,Verified,Failed,Verified,Approved,2022-02-07
7cacf611-cf7b-45a7-ac37-69be6b835025,S100164,Failed,Verified,Failed,Approved,2025-12-23
b6683f46-54aa-49c2-9206-8d57ed8e4c6d,S100165,Verified,Failed,Failed,Approved,2022-09-18
e0536baa-55db-49e7-938f-0e9ca927fd46,S100166,Verified,Verified,Verified,Approved,2022-06-15
cfb16cfd-4e0c-4d29-9fc5-e87ab5b70895,S100167,Failed,Failed,Failed,Approved,2025-01-11
5afb7584-f464-4b99-980a-fee92e65e66b,S100168,Failed,Verified,Verified,Approved,2022-10-12
bfb468fd-9cf1-48bd-88fb-40f1414d1f46,S100169,Verified,Verified,Failed,Approved,2025-12-25
544d3500-9379-4429-ad80-cfe3631f67d3,S100170,Verified,Verified,Failed,Approved,2024-09-19
15a4a4cc-d5d6-4b99-a360-4ccf4b2eda84,S100171,Verified,Failed,Failed,Approved,2024-05-18
b25ae1fa-c067-4841-bdeb-c419fb20f45e,S100172,Verified,Verified,Verified,Approved,2024-09-10
b2badc88-b200-4682-97b2-a17279d9c4a1,S100173,Failed,Failed,Failed,Pending,2024-04-28
6f643c79-d840-4fbd-9a8d-f167f81c9aa5,S100174,Failed,Verified,Verified,Approved,2022-01-21
2b267d9a-57c1-48fb-b982-b4a42163e697,S100175,Failed,Verified,Verified,Approved,2025-09-29
03112d06-f79c-439a-81fc-0fc0802018a8,S100176,Failed,Verified,Verified,Approved,2024-10-01
ee22cb37-f783-4f48-aa37-47f41cbc272c,S100177,Failed,Failed,Verified,Approved,2025-09-13
e34f8ce2-fefd-4e2f-a395-1602be138ea5,S100178,Failed,Failed,Failed,Approved,2025-11-12
111c3918-dd45-42db-b7ec-5579ee4b9e58,S100179,Failed,Verified,Verified,Approved,2022-07-20
3466cdef-7263-4386-be29-c9b2a5fafc31,S100180,Failed,Verified,Failed,Approved,2022-04-22
9478259f-7601-4bc2-8e58-2d584559d756,S100181,,Failed,Verified,Approved,2026-06-06
b2764db8-48d9-448e-887c-e81da98a221b,S100182,Failed,Verified,Failed,Rejected,2023-08-05
2f22c9f6-95c7-43cb-91a5-04c3c052aeb5,S100183,Verified,Verified,Verified,Approved,2022-11-24
1e174c87-ac95-4cb0-9023-af5c3bf6d178,S100184,Verified,Failed,Failed,Approved,2025-12-31
367de663-b62b-46d5-a8c7-d6d2d0ece448,S100185,Failed,Verified,Verified,Approved,2024-06-23
298ce609-d2c4-44e1-ba5b-201d8d0169b3,S100186,Failed,Failed,Failed,Approved,2024-03-30
bb76e48f-e8d1-41dc-874b-a3406c2d1000,S100187,,Verified,Verified,Rejected,2024-04-27
b7eb2737-7c85-45cc-9b25-665683aede2d,S100188,Failed,Verified,Failed,Pending,2025-12-11
aefae7b6-f49e-485f-afd5-80eb175217cb,S100189,Verified,Verified,Failed,Approved,2025-09-06
172ad6ea-0d92-45bf-8bd2-a470da2c8e5b,S100190,Failed,Verified,Failed,Rejected,2025-02-24
8e622f61-7712-4222-8344-303171e8a350,S100191,Failed,Failed,Failed,Rejected,2026-02-25
201d7cc9-1a7b-4888-b229-5380f748e005,S100192,Verified,Failed,Failed,Approved,2024-03-20
48abb1bb-9f7a-4852-b64c-5e97aededc51,S100193,Verified,Verified,Failed,Approved,2025-07-04
72cf08f9-567c-4d94-a7f7-0868a2e1cd0c,S100194,Failed,Failed,Verified,Approved,2025-05-02
bcd7bda6-132c-42da-b3b8-d05d67b06b7c,S100195,Failed,Verified,Failed,Pending,2022-10-18
db3f516b-0a7b-47f2-bd49-d1d7bd0a239a,S100196,Verified,Failed,Verified,Approved,2026-07-11
c7373267-ffc3-4906-9fbb-a1b74544fee9,S100197,Verified,Failed,Failed,Approved,2022-11-12
4d3e8ae0-90f7-41d1-b09d-f083f24cecfd,S100198,Failed,Verified,Failed,Approved,2022-08-06
b2e7e413-1701-4558-8826-c6788f374779,S100199,Failed,Verified,Failed,Approved,2022-03-12
2c79956d-49d5-4eec-9a6a-7c2eebc6c400,S100200,Verified,Verified,Verified,Approved,2022-10-06
a318f918-e41a-476c-b4a3-1d6aa021a41d,S100201,Verified,Verified,Verified,Approved,2025-07-22
3ec6f665-cce8-4744-a3b9-5f8fd909f159,S100202,Failed,Failed,Failed,Approved,2022-01-24
c61c3d58-59c1-4918-b6b0-a72650399f42,S100203,Failed,Verified,Verified,Pending,2024-05-27
e3125624-ff17-4d6f-8984-54fb26561ffc,S100204,Verified,Failed,Failed,Approved,2023-02-13
33b5d393-8ab4-457e-a456-05a2d0464fea,S100205,Failed,Failed,Failed,Approved,2024-10-27
2b42673e-7bbf-48ea-b698-b1f8a3d0ed89,S100206,Verified,Verified,Failed,Approved,2024-09-16
78cc99a6-cf47-4c37-88ed-944facac397a,S100207,Failed,Failed,Failed,Approved,2024-04-10
67c73503-dc04-4aec-9bf4-88bcb6835a9d,S100208,Failed,Failed,Verified,Approved,2023-02-01
fe590f3b-92e3-4273-bdef-f4fca88f311f,S100209,Failed,Verified,Verified,Approved,2023-10-13
35474403-a8d7-4cd0-9feb-f83d8e070c16,S100210,Verified,Failed,Failed,Approved,2022-06-05
6a205781-2376-4e87-ab15-f8320c5bef44,S100211,Failed,Verified,Verified,Rejected,2024-05-21
461f8bcc-60dc-4317-9361-d3d4e2a06bd8,S100212,Failed,Verified,Verified,Approved,2026-03-27
b6027a95-f359-42e3-b4d3-0179a3206fba,S100213,Verified,Verified,Verified,Approved,2022-11-26
1531918e-d3f3-4ad9-988a-09eb78ec221b,S100214,Failed,Verified,Failed,Rejected,2024-05-15
2140c691-8f74-40d5-8484-e07157767681,S100215,Verified,Verified,Failed,Pending,2023-07-12
fc0ea433-ba9c-4a2a-ba90-0186e22f1e2a,S100216,Verified,Verified,Failed,Approved,2024-11-22
dd849b2c-8651-4059-95f6-7432109368ff,S100217,Failed,Failed,Verified,Approved,2024-03-01
f5b48747-77ff-4820-b5cb-5605fce77237,S100218,Verified,Verified,Failed,Approved,2022-03-25
8590ca75-e3de-40e3-acd5-b2b6099adb6c,S100219,Failed,Failed,Failed,Approved,2023-03-06
12af19a8-4710-4b23-9832-4d70ca576655,S100220,Verified,Failed,Failed,Pending,2024-06-22
0084fa04-ef9e-4435-b8b6-6101eeaf248f,S100221,Failed,Verified,Verified,Approved,2023-08-03
1eee23d7-93ac-42e0-ba4b-f2227cd60e9e,S100222,Verified,Verified,Verified,Approved,2025-02-09
1e87d756-6aa1-4d45-bd24-fa811db1c0b0,S100223,Failed,Failed,Verified,Approved,2025-03-22
66bd7b2f-eeda-44fe-8cfa-768713791994,S100224,Verified,Verified,Verified,Approved,2024-12-08
b66a97eb-61bf-4326-812c-103441fedc5f,S100225,Failed,Verified,Failed,Approved,2023-12-19
1a62de3e-f7c4-4540-94eb-fcdaa64e88d0,S100226,Verified,Verified,Verified,Approved,2025-07-14
813d0497-db33-444d-9520-43e2ffd5f52d,S100227,Failed,Verified,Failed,Approved,2026-03-28
93999743-c21c-430c-8f73-23a73db9df74,S100228,Failed,Verified,Verified,Approved,2022-12-07
4dadaaad-ccdc-416a-9cfd-5a59751d2eb4,S100229,Verified,Verified,Verified,Approved,2023-10-05
4d4e2528-c477-4de9-bb40-99bf2c267647,S100230,Failed,Failed,Failed,Approved,2023-05-21
367fad43-7d4e-45de-ab16-8a10df8798f2,S100231,Verified,Failed,Verified,Rejected,2024-03-08
c505ac21-d036-48be-bb4e-ac2bf5a99ca1,S100232,Failed,Verified,Verified,Approved,2026-01-30
8bef4b48-ead0-463c-8424-643caba6c69d,S100233,Failed,Verified,Verified,Pending,2026-05-19
5623ad9c-c3f0-41ab-a6ca-fb60dba47d74,S100234,Failed,Verified,Failed,Approved,2025-03-01
3dbdac3b-2f4a-4dab-b5df-f070f8566394,S100235,Verified,Verified,Verified,Approved,2023-08-11
ab4a7d5d-b8bb-40a5-bfff-450c7f3e1f92,S100236,Verified,Verified,Verified,Approved,2024-11-11
8f3fd6c5-4ada-4149-b871-ebed7b9c3c15,S100237,Failed,Verified,Verified,Approved,2025-07-21
ba5ecc6b-f8a6-49fe-96ba-70d7acb88598,S100238,Verified,Verified,Verified,Approved,2024-02-28
0e772f09-0136-4b8b-b55f-addc7ede2223,S100239,Failed,Verified,Failed,Approved,2024-08-24
e329c512-8f7d-4e96-8f70-f779780067c0,S100240,Verified,Verified,Failed,Approved,2022-08-29
5733fba4-25a3-4cf6-a1ed-075b1ef9d51f,S100241,Failed,Failed,Failed,Approved,2024-11-09
ee71a35e-5596-4ef9-ac2e-53573e042026,S100242,Failed,Verified,Verified,Rejected,2024-04-11
c03f32ef-1627-43cf-a825-a04b1845421f,S100243,Verified,Verified,Verified,Approved,2025-12-13
8e0fb501-c559-46f6-ba21-81f7a6596289,S100244,Failed,Failed,Failed,Pending,2022-05-01
f80aa176-8cf4-4673-87e2-21b9d40c46db,S100245,Verified,Verified,Verified,Approved,2023-07-07
67fb57a6-2a7e-4945-8144-839029d63050,S100246,Failed,Failed,Failed,Approved,2023-03-05
95e6fe6d-f8ba-4176-925e-4a2e7baa87f7,S100247,Verified,Failed,Failed,Approved,2024-12-21
aa74c44d-68ba-4f80-9d50-2e630f768f1d,S100248,Failed,Failed,Failed,Pending,2025-09-18
04ffd53e-ba5f-4d52-a974-8e0467e6da0f,S100249,Verified,Verified,Failed,Rejected,2026-03-18
5c4f5965-6e2d-4c58-8a88-527a25fdb592,S100250,Failed,Failed,Failed,Approved,2023-08-01
3409666f-d7f5-4b10-b80b-6efde91ac1c7,S100251,Failed,Failed,Verified,Approved,2025-11-30
d435b914-370a-4fbc-be24-eaf88c9fd441,S100252,Verified,Failed,Failed,Approved,2024-07-15
5c6af630-ff59-4c4d-a586-bd7a923302e5,S100253,Failed,Verified,Failed,Approved,2026-01-12
4eb45025-68ed-4e6f-902c-637975998c78,S100254,,Verified,Failed,Approved,2022-10-13
ab2bc291-d345-4c2c-820b-04e3670af69a,S100255,Verified,Verified,Failed,Approved,2022-08-02
1bc13d5e-f99f-475f-a233-6d1487944b4c,S100256,Verified,Verified,Failed,Approved,2026-02-15
d440759a-004c-4600-b79f-9bc5c4bec5ca,S100257,Failed,Failed,Failed,Approved,2022-06-02
fe36d4f8-aed0-4785-b05c-87e1038d1b68,S100258,Failed,Verified,Failed,Pending,2024-10-09
d4fbc391-0276-4df0-b8ee-5359beb9e02a,S100259,Verified,Verified,Verified,Rejected,2026-03-18
d7c07ab8-97fe-4547-bfcf-b715c1cb9833,S100260,Verified,Failed,Failed,Rejected,2022-05-19
0bf0ce37-726f-4529-856b-b931fbddeba0,S100261,Verified,Failed,Failed,Approved,2023-10-25
852afbbb-7cc7-4fa2-bef7-b720cf8cd3f4,S100262,Verified,Verified,Failed,Pending,2024-11-08
a1aae0f9-8719-4c22-8f8e-abcec6d69a44,S100263,Failed,Failed,Verified,Approved,2026-03-09
6abaefa2-bbb1-4da9-8076-e606831a0705,S100264,Verified,Verified,Verified,Approved,2025-11-10
c382ba7f-b47e-42ef-b6ae-1d6beb46c9da,S100265,Failed,Verified,Failed,Approved,2023-09-08
f070c09e-cebd-43e3-805f-b0c86f44cd6d,S100266,Verified,Failed,Verified,Approved,2026-04-25
095d994f-2a0a-497f-b98c-3efc947d8a39,S100267,Failed,Failed,Verified,Rejected,2023-10-11
cb62b9f2-d735-4103-8cf0-be487fab7d8b,S100268,Verified,Verified,Verified,Approved,2024-04-04
921565ea-08fd-40ce-b4d0-26a4c0a1451e,S100269,Verified,Failed,Verified,Pending,2023-07-06
83cd2fa7-e3de-4e31-a3a9-4b00f6c24fd9,S100270,Failed,Verified,Failed,Approved,2024-02-13
457538a5-812d-4d7e-85e0-dd8e3c0d541a,S100271,Failed,Failed,Failed,Pending,2025-04-02
b1fb8931-ac21-4606-a790-a0149807b8d5,S100272,Verified,Failed,Verified,Rejected,2026-01-21
b8f8247b-7de0-4197-af68-e05eb10a5f99,S100273,Failed,Failed,Failed,Approved,2023-03-05
dd7fd5d5-70b4-40d9-8a73-80fd4df1a4ad,S100274,Verified,Failed,Verified,Approved,2025-02-21
2d0e7e63-af22-4448-af12-15b268cc3596,S100275,Verified,Verified,Verified,Pending,2025-03-14
0f2c00b2-58fd-4d54-a8eb-a8489d9de80a,S100276,Failed,Verified,Verified,Approved,2023-01-02
49515159-cc66-48a1-b98a-a772da38562b,S100277,Verified,Failed,Verified,Approved,2025-12-08
cfe41699-44de-46e0-9d0d-27ddac56ade4,S100278,Failed,Verified,Failed,Approved,2023-12-15
710f6f83-5110-440c-a51c-9898571ece45,S100279,Failed,Verified,Verified,Approved,2023-07-17
6529adf5-788c-4151-ad54-7e1c221b789e,S100280,Verified,Verified,Failed,Approved,2023-10-14
16fdef9e-46b3-43a6-ad4e-accc5c467deb,S100281,,Failed,Failed,Approved,2026-04-18
290039b5-8284-4c24-991b-f365c5fe77f7,S100282,Verified,Verified,Failed,Approved,2023-04-06
ff78b60f-725e-4d3b-9a5b-c643808c9522,S100283,Failed,Verified,Failed,Approved,2024-08-30
7a045c43-7f97-4bd8-857d-80a99602bba0,S100284,Failed,Failed,Failed,Approved,2024-07-03
dbee466a-00e4-40b0-999b-3cae93d02513,S100285,Failed,Verified,Verified,Approved,2022-07-25
319ee85a-0a54-49c1-8e74-82caeb6041f8,S100286,Failed,Verified,Failed,Approved,2023-02-03
21e373b6-c3c4-4f31-9576-d2324ead4349,S100287,Failed,Failed,Failed,Rejected,2022-12-20
2f975059-0f9e-4c14-a62f-b51dc13a5042,S100288,Verified,Failed,Failed,Pending,2023-08-22
65af064a-2df7-41ce-b997-8a8d6ffd9855,S100289,Verified,Verified,Verified,Approved,2024-03-02
39cbf01f-fa08-4994-bddf-bfe09c886793,S100290,Failed,Failed,Verified,Approved,2025-03-26
d85c2ff4-2000-4b10-b77a-163b0eefde0b,S100291,Failed,Failed,Failed,Approved,2024-12-02
f3b89516-a9ce-4bf4-a391-92abbe41cfc4,S100292,Verified,Verified,Failed,Approved,2025-09-22
2bfd154f-5866-4341-8174-d7e9e76e6aac,S100293,Failed,Failed,Verified,Approved,2023-02-19
f3d38d47-5f08-43df-ad28-e30df3f9cbf6,S100294,Failed,Verified,Verified,Approved,2022-07-31
02968285-3dd4-4450-b901-97f2717c3394,S100295,Failed,Failed,Verified,Pending,2023-04-28
c249a9ed-b73b-45fe-a917-ded19c9e1d57,S100296,Failed,Failed,Failed,Rejected,2024-11-21
76215b47-fe35-4237-bfc4-ab9208732efb,S100297,Verified,Failed,Verified,Approved,2025-03-15
42066ad7-d1ec-4b32-8678-72f8c0e4712b,S100298,Verified,Verified,Verified,Rejected,2023-06-05
bb813d30-0a0a-4a8a-82b6-8a9ac68b113b,S100299,Verified,Failed,Failed,Approved,2022-07-14
16279342-55c3-4e89-ba23-3ea3618f9784,S100300,Failed,Verified,Verified,Approved,2023-04-27
258a0e74-57c3-4dd6-83d3-23376ec426c1,S100301,Failed,Failed,Verified,Approved,2024-12-09
77093625-4592-41ac-a603-25c8a5b532dd,S100302,Failed,Failed,Failed,Approved,2023-08-18
5e3b89ce-7a87-4eb7-bea0-2dff665387b2,S100303,Failed,Verified,Verified,Approved,2022-11-08
b5456648-57b4-40c6-a009-76461f46a455,S100304,Failed,Failed,Verified,Approved,2025-07-22
c2930d26-7b70-4734-b33a-20098ed7c6e6,S100305,Failed,Verified,Verified,Approved,2022-03-16
fbc30387-97f3-4322-9323-338ba20438f9,S100306,Verified,Failed,Failed,Rejected,2023-01-10
cc6dffe7-b859-4840-8fd5-522406544239,S100307,Verified,Failed,Failed,Approved,2025-04-25
e136b2f0-d699-4bbe-972f-18255bb06f00,S100308,Verified,Verified,Failed,Approved,2025-06-08
ec951111-b92c-4284-a641-ba8835beb95a,S100309,Failed,Verified,Verified,Pending,2022-10-02
ee429722-99b9-4023-a87f-719cc45ea576,S100310,Failed,Failed,Failed,Approved,2024-05-02
7e18ddf4-22d1-47dc-b1b2-03cb35783e64,S100311,Verified,Verified,Verified,Rejected,2024-08-21
fe2f4fa1-3793-42f2-bb05-344d6f39c99c,S100312,Verified,Failed,Verified,Approved,2024-05-31
8864f060-2642-425a-a128-1f774203e5da,S100313,Verified,Failed,Failed,Approved,2023-03-10
667693ab-b278-4e68-9ade-290ef194c92c,S100314,Verified,Failed,Verified,Approved,2026-03-01
c551b713-f24b-42c0-85f8-fded28ca9023,S100315,Verified,Failed,Verified,Approved,2026-06-27
23cac64b-7721-40ec-bb1a-cf3f8506d4a7,S100316,Verified,Verified,Verified,Approved,2025-06-16
dad83382-d538-4813-8959-9492e52c738e,S100317,Failed,Verified,Failed,Approved,2025-09-16
ac965dc7-7f4e-4eeb-b817-fe8cd04e1bd2,S100318,Failed,Failed,Verified,Approved,2024-06-07
c03bfa94-5646-49a9-afad-54362d3d1ee8,S100319,Verified,Failed,Verified,Approved,2023-04-01
090c5f87-1a1d-4340-b538-c7d6946930ae,S100320,Failed,Failed,Failed,Approved,2023-06-06
b7ab81ef-3abb-47cc-8f56-76e43baaf99a,S100321,Verified,Verified,Failed,Rejected,2026-02-15
bbbcc3e6-c44e-4fd3-9315-d93d78b68612,S100322,Verified,Verified,Verified,Approved,2026-03-24
0d9ef371-e2a6-4fe3-b6e1-aa21b2ef1b61,S100323,Verified,Failed,Verified,Approved,2026-05-23
95857083-b163-4f14-8b10-5a7901c49112,S100324,Failed,Verified,Verified,Approved,2022-04-08
352657bc-a7ac-4549-a47f-ca514febf360,S100325,Verified,Verified,Verified,Rejected,2024-06-21
08b625a3-e567-4cff-af83-d9e340407101,S100326,Verified,Failed,Verified,Approved,2024-05-04
02da1b64-721e-4a41-be39-6a7734547934,S100327,Failed,Verified,Verified,Approved,2023-11-02
3bb46892-30eb-4a74-b290-41bd446085d6,S100328,Verified,Verified,Failed,Approved,2023-07-25
aecbf7f1-3257-4849-82fc-5d79e30b2bb4,S100329,Verified,Failed,Verified,Approved,2023-05-04
89937312-a072-4989-a1db-830f1fb0abc3,S100330,Failed,Failed,Failed,Approved,2026-02-28
35e6168c-83bf-4845-8f89-e41ae321fecb,S100331,Verified,Verified,Failed,Approved,2026-07-26
660c3366-5dfc-443e-87eb-1404888b464b,S100332,Verified,Failed,Failed,Approved,2023-08-29
151e087b-f7e0-4b1e-841b-6e70a2764813,S100333,Failed,Verified,Failed,Approved,2023-12-28
7ca33bbc-a54a-4c07-9c2c-107b20bceac5,S100334,Verified,Verified,Verified,Approved,2026-02-19
ec02fbe5-a03d-4600-8c24-0e9be40ee015,S100335,Failed,Verified,Failed,Approved,2024-12-06
38184857-76f9-4385-84f6-3b7a033c760c,S100336,Verified,Verified,Verified,Approved,2025-02-13
86157303-97aa-441c-99dc-f2a4709c82c0,S100337,Verified,Failed,Verified,Approved,2024-11-21
a055298d-a447-4ae2-b5fb-3028cd0ad95c,S100338,Failed,Verified,Failed,Rejected,2026-03-25
afe4b07a-ef6c-44b1-80b3-a3745f26b776,S100339,Failed,Verified,Verified,Approved,2025-04-12
f310f61d-7a3e-4716-9d19-9860ad72b66a,S100340,Verified,Verified,Verified,Approved,2023-03-09
62b975b9-a8a2-455d-9245-18c36bc475b6,S100341,Failed,Failed,Failed,Approved,2025-06-12
fa2ca0ee-e4c5-425c-843d-70e78a549fd8,S100342,Verified,Verified,Verified,Approved,2024-08-21
4bb90cef-62db-4d22-a0b9-b3c7a70d655d,S100343,Failed,Verified,Verified,Approved,2024-08-23
5b465a12-b4bd-42c7-981a-40b95e997546,S100344,Failed,Failed,Failed,Approved,2023-02-15
d4fddefd-ba58-432e-8d6d-7a144ea23f31,S100345,Failed,Verified,Failed,Approved,2024-12-21
5e1e4023-188a-4893-a4e2-6426b0efea91,S100346,Failed,Failed,Failed,Approved,2023-08-25
8a14c41e-b25c-48c6-aa6a-83ff7d4dbfb4,S100347,Verified,Failed,Failed,Approved,2022-01-11
9ee7c59e-76ac-4ae6-b8f2-ffa7caa30b01,S100348,Failed,Failed,Failed,Approved,2026-02-03
4a13de29-6f61-47a8-a847-9019ab310d48,S100349,Verified,Verified,Verified,Approved,2022-08-01
b69a12af-34cd-4d6f-92bd-d07b07b5c69a,S100350,Verified,Verified,Failed,Approved,2024-06-12
73470176-d2eb-4dc9-a115-ce59253d7ed8,S100351,Failed,Verified,Failed,Approved,2022-09-29
fda5cb8c-f83f-43b4-a5cf-34a932be7b1f,S100352,Failed,Verified,Failed,Approved,2023-03-19
85bba977-6dbd-4e0c-9a3f-b844f7e1f349,S100353,Failed,Failed,Failed,Approved,2022-02-07
34450610-9de2-41e9-9cd7-417987817ad1,S100354,Failed,Failed,Failed,Approved,2024-02-04
21fe4bde-f628-4e40-b9cf-d83f4358d081,S100355,Verified,Verified,Failed,Pending,2025-02-18
36a06105-8e5c-46f7-bdf6-a57986b34688,S100356,Verified,Failed,Failed,Approved,2023-02-07
09bb6d1a-9279-4a73-8d83-9265a2ba9024,S100357,Verified,Verified,Failed,Approved,2022-11-03
9d157d1a-74f1-4689-9a6d-4c4b3890135e,S100358,Failed,Verified,Verified,Approved,2023-05-15
e9e89728-77ff-40fe-9b70-b9a0e90173cd,S100359,Verified,Verified,Failed,Approved,2026-03-29
8493e39d-ac10-4a34-ad4b-d7d8ea91fa77,S100360,Verified,Failed,Verified,Approved,2023-05-08
3612f729-ad7f-4730-b7ba-b7ecdccd5aec,S100361,Failed,Verified,Verified,Approved,2024-12-04
05d9f92f-5f4e-406f-b181-ba83148eb702,S100362,Failed,Verified,Failed,Rejected,2025-05-13
9807663a-1837-48b9-aa3c-2f6b3cef0b0b,S100363,Verified,Verified,Failed,Rejected,2025-12-14
94e74902-c1ef-4337-9fc7-0b588282db58,S100364,Failed,Failed,Failed,Rejected,2025-06-22
f6c58ec6-6bac-4409-ac97-e3d1d303ad2d,S100365,Failed,Verified,Failed,Approved,2023-11-05
c7854729-5ce0-4d25-8c41-10a4586f1b20,S100366,Verified,Failed,Failed,Approved,2024-08-06
ba3c680d-af58-41a0-ae51-c73d14a89212,S100367,Failed,Failed,Failed,Approved,2024-12-29
02fdadd4-54e5-4aae-a0b5-52d507a47981,S100368,Failed,Verified,Failed,Approved,2023-11-20
e07fdb55-6f34-4064-af97-ebe0656849f9,S100369,Verified,Verified,Failed,Approved,2022-07-12
86256527-a63b-445f-bc87-67f0e958af86,S100370,Verified,Failed,Verified,Approved,2022-02-13
c475301c-abcc-47e5-a34d-2ee867a012f9,S100371,,Failed,Verified,Approved,2022-04-15
752e9f49-a56f-4bcd-a73c-dc9b096d4490,S100372,Failed,Failed,Failed,Approved,2025-12-16
7e84b263-4c33-4ad3-bd8f-3ea839209ed6,S100373,Verified,Verified,Failed,Approved,2023-03-16
deeee136-17f7-4015-b895-811e6ae4a14f,S100374,Verified,Failed,Verified,Approved,2025-09-17
93b6ab2a-9178-4374-942e-bd394c3f6f87,S100375,Failed,Verified,Verified,Approved,2024-03-03
3f2209a7-6db6-4fb6-882a-17c8adb4c947,S100376,Verified,Verified,Verified,Approved,2024-04-20
5bbe74c3-9565-4ccf-8f3c-4d61246f785c,S100377,Failed,Failed,Failed,Approved,2023-06-25
e3fce367-16ca-47c8-9d9a-7088b9627c78,S100378,Verified,Verified,Failed,Pending,2024-07-09
8719c839-3b2a-4678-803f-8c79bb100491,S100379,Verified,Verified,Verified,Rejected,2023-11-03
2589f611-4f77-47c2-af69-2b3455bf3923,S100380,Verified,Verified,Failed,Approved,2026-04-27
2b3cca34-6191-49b7-b83e-70a7db44a6da,S100381,Failed,Verified,Failed,Approved,2026-04-02
5a3b73ba-5343-4ebf-9a68-ea2027179b32,S100382,Verified,Failed,Verified,Pending,2025-03-28
3df497d1-6683-4d0b-8266-3c3f90e408a6,S100383,Verified,Failed,Failed,Approved,2025-07-30
4b824317-7117-4705-ad50-2c97e854d311,S100384,Verified,Verified,Failed,Approved,2024-01-24
fc5c960f-ad39-4052-92a0-768834b5bf07,S100385,Failed,Verified,Verified,Approved,2023-03-16
9a8d39c5-98b8-4d90-ba54-847a6a255538,S100386,Failed,Failed,Verified,Approved,2024-12-20
eabd7c89-5639-4196-9d76-52ce41d5f626,S100387,Failed,Failed,Failed,Rejected,2024-10-06
3378d6c4-01d9-487a-89fd-e50598b28ca8,S100388,Verified,Failed,Failed,Approved,2025-01-26
5204c1c8-590d-44bf-9019-0c4a8e6bbcf7,S100389,Failed,Verified,Failed,Approved,2022-01-05
6a2d96e1-4937-4332-be7d-4412c9b230f3,S100390,Verified,Verified,Verified,Approved,2024-01-27
a99b1357-c758-41e8-af7b-99f75cbf4a55,S100391,Failed,Verified,Failed,Approved,2022-04-15
13118ab7-32c9-4319-9e35-534ea725a5e2,S100392,Failed,Verified,Failed,Pending,2026-04-24
7d97fb59-8377-4c89-8ee6-b4f4784d57a5,S100393,Verified,Failed,Failed,Approved,2024-12-09
264d4d0e-0db7-4d95-8804-05dc379a7280,S100394,Verified,Failed,Failed,Approved,2022-11-12
0404ed5e-174e-4248-9a27-f919bd033fda,S100395,Verified,Failed,Verified,Approved,2025-04-20
ce819acf-bc7e-4e70-a57f-2598a9850f62,S100396,Failed,Verified,Failed,Rejected,2026-06-21
343ae913-f0a4-4c8d-b7bd-fe70f1e57ccf,S100397,Failed,Failed,Failed,Approved,2024-04-15
38b0c5af-6044-4cae-abe6-2d426152c861,S100398,Failed,Verified,Failed,Pending,2026-02-09
2af15324-f914-4c19-be2f-0645aed24ab4,S100399,Failed,Verified,Verified,Pending,2022-05-18
a824d04c-63f9-4877-bc5f-615359d627e3,S100400,Verified,Failed,Failed,Approved,2023-12-28
b845e393-3473-462c-b611-7c02cb736403,S100401,Failed,Verified,Failed,Approved,2024-07-30
2b85e585-2f96-430b-93ab-1c3fb45898b0,S100402,Verified,Failed,Failed,Approved,2022-01-05
48fb11f0-345a-4238-bace-86e7f2736a9e,S100403,Failed,Verified,Verified,Approved,2023-04-05
449534f7-73b7-4c57-8147-2a1eeb0a2fb5,S100404,Verified,Verified,Failed,Approved,2023-12-19
faccde01-9930-4e2b-b6bd-5f099074abea,S100405,Verified,Failed,Failed,Approved,2022-09-05
643536b3-aae3-4cae-ad13-e01d10b84703,S100406,Verified,Failed,Verified,Approved,2024-10-09
948bf086-1895-45da-8c04-cd6b014d7938,S100407,Verified,Failed,Failed,Approved,2024-06-15
02a80927-9a6b-4971-888b-efee1fb42240,S100408,Verified,Failed,Verified,Approved,2022-07-30
6e48582c-84f7-4884-8c78-9ee14d67b507,S100409,Failed,Verified,Failed,Rejected,2024-04-20
ba2d835f-f85e-4283-b851-c1146575e8af,S100410,Verified,Failed,Verified,Approved,2022-11-19
35372547-713e-47a3-bf6f-287405dd2002,S100411,Verified,Failed,Failed,Approved,2024-11-14
277d0dc9-bef2-4d03-9bde-18e8f9e5cbb0,S100412,Verified,Failed,Verified,Approved,2024-08-03
ec899be4-4de0-4f10-8f3e-216669d153e1,S100413,Failed,Verified,Verified,Approved,2022-10-22
c4cfaa8b-c607-460f-b280-8d5cc1657c6e,S100414,Verified,Verified,Failed,Approved,2024-03-22
a0c15094-922e-490a-a2f6-21b78ec03751,S100415,Failed,Failed,Failed,Approved,2024-11-11
781241bc-aa1a-4070-b29c-9dfab0db93f0,S100416,Verified,Failed,Failed,Approved,2022-09-16
5cf1fa61-9d31-4350-9b7e-d2ff839bedd0,S100417,Verified,Verified,Verified,Approved,2026-07-11
1763be41-4786-4f3d-b07f-79b0a14e4b5f,S100418,Failed,Verified,Failed,Approved,2024-06-11
cb8275f1-6e45-4608-bde1-57367bfdf54a,S100419,Failed,Verified,Verified,Approved,2025-12-25
9dc9c5cf-d0eb-4f87-8971-c1430eeb6993,S100420,,Failed,Verified,Pending,2024-03-15
32a4d31a-9976-4fa0-85f1-0481abbfcb6f,S100421,Failed,Verified,Verified,Approved,2025-12-07
6a3289a4-eb20-4237-98c3-21f47ee2d7aa,S100422,Verified,Failed,Failed,Approved,2022-10-04
c56afa5b-f00d-4347-aa50-8c374aea2c81,S100423,Failed,Failed,Verified,Approved,2024-06-18
5da1981b-a96f-41cc-a82c-bed3b50eda50,S100424,Verified,Failed,Verified,Approved,2023-10-27
1b815737-8f29-429f-b318-2320a374c6a4,S100425,Verified,Failed,Failed,Pending,2025-07-08
c0506c08-599e-4787-891a-bb0c03b4e4d4,S100426,Verified,Failed,Verified,Approved,2023-03-30
b73cdcb4-3f36-46d6-908a-42297da7d90a,S100427,Verified,Failed,Verified,Approved,2024-08-13
f61c1661-6f71-49ba-ab20-a590459b3fa5,S100428,Verified,Failed,Failed,Pending,2023-05-07
4143da2f-4cd6-401c-95dc-3956931c2818,S100429,Verified,Failed,Failed,Approved,2023-04-05
36a1e8cc-caf3-4ebb-be66-e53cea06d23a,S100430,Failed,Failed,Failed,Approved,2025-02-16
3bdaec88-f7f1-49e1-b5dc-df5fb04c6cda,S100431,Verified,Failed,Verified,Rejected,2023-11-12
8c91f81c-c4a3-465a-b0c3-4b268a20ba4a,S100432,Failed,Verified,Failed,Approved,2023-10-08
c55fca61-be83-4909-8e94-e3ebe1d6c076,S100433,Failed,Verified,Failed,Approved,2025-09-25
b62772e8-f1db-41a3-a450-f3e0c950247c,S100434,Failed,Verified,Failed,Approved,2022-11-17
f181aa39-804c-4722-a17a-020053595617,S100435,Failed,Failed,Verified,Approved,2024-12-24
54ede5c3-a8c0-4450-87ad-b7299295ea37,S100436,Failed,Failed,Verified,Approved,2022-09-17
eb1ba989-5842-417a-afce-66696394eb4d,S100437,Verified,Failed,Verified,Approved,2023-10-14
30fe7141-8d99-4727-967f-0607fcc40681,S100438,Verified,Failed,Verified,Approved,2023-10-05
e4d887f0-cc81-46bc-8ad5-810c7147d088,S100439,Verified,Failed,Verified,Approved,2023-11-17
714a792c-7309-40c6-bd7a-79e24d8daabe,S100440,Failed,Failed,Verified,Rejected,2024-09-15
ec1ffcbd-8756-4963-97ea-0bf7172fa76c,S100441,Failed,Failed,Verified,Approved,2025-04-13
3c840528-80a1-4327-8a2c-c93dc0ef4f70,S100442,Verified,Failed,Verified,Rejected,2022-05-18
3ed9d8e3-4600-47c8-b1ef-7d6cfa06ae19,S100443,Failed,Failed,Verified,Approved,2023-07-02
0b1c0116-5ad1-404c-8397-028dd0b6ba75,S100444,Failed,Failed,Verified,Approved,2025-10-02
821393f1-673d-4405-91c4-ede49b31e68b,S100445,Failed,Failed,Verified,Approved,2022-08-18
80dc7539-36dd-4bc1-9e74-cb6a51a42ce7,S100446,Failed,Verified,Failed,Approved,2024-03-23
bf3542d4-2861-4243-a523-65bf0a633da7,S100447,Failed,Failed,Verified,Pending,2022-11-01
3d5fd707-2659-485b-8ec9-37c652c8627c,S100448,Verified,Failed,Failed,Rejected,2022-11-06
921603fe-dc4e-4ff1-82f1-ecf20b8a48fb,S100449,Verified,Verified,Verified,Approved,2022-03-22
ac4e1350-d425-4065-9779-2b8da519c3e8,S100450,Verified,Verified,Failed,Approved,2023-07-07
cd5df7bc-64ae-44a6-87c9-869163d2bf70,S100451,Failed,Verified,Failed,Approved,2022-05-29
2a57a025-a3c8-409b-b3ca-0e389bb6eb7e,S100452,Failed,Verified,Verified,Approved,2023-05-20
4c54e2e3-38e8-45f2-ae2a-b0b843e54ecf,S100453,Failed,Verified,Verified,Approved,2024-04-02
5bbb52d7-3b71-4723-9ff7-2df4c6477f74,S100454,Verified,Failed,Verified,Approved,2026-01-30
98490c68-67db-4ad4-8744-8c23404a6772,S100455,Verified,Verified,Failed,Rejected,2023-11-07
1cb27402-ff2a-4df7-ad43-08b05479594c,S100456,Failed,Verified,Failed,Approved,2022-02-02
af9f9ce0-1a24-4ac7-91fb-c1642fc941de,S100457,Verified,Verified,Failed,Approved,2022-03-10
d2924791-083d-46f7-a38d-5efe5b0d2428,S100458,Verified,Failed,Failed,Pending,2024-02-11
104162d0-73ad-49e6-8120-9d2d3c31c67b,S100459,Verified,Verified,Verified,Rejected,2026-07-18
0b8591ff-8bc0-45bb-8567-a96b014ed36c,S100460,Verified,Verified,Failed,Approved,2026-05-13
4f728817-de26-4c1a-9482-942735a6d5cc,S100461,Failed,Failed,Verified,Approved,2025-12-07
61bb1395-4a6d-441b-9f34-b1456b6b6654,S100462,Verified,Verified,Failed,Pending,2022-10-08
4cb62fb0-e79b-486f-802d-55ff6d5ac9ee,S100463,Failed,Failed,Verified,Pending,2024-05-30
36418a2e-0f00-4b33-8d68-d6e096603485,S100464,Failed,Verified,Failed,Approved,2024-11-01
70f8c810-4272-4442-a701-24c57a18b38f,S100465,Failed,Failed,Failed,Approved,2026-05-11
bc125ea2-6e28-47a4-b5a5-73ff46b55953,S100466,Failed,Verified,Verified,Pending,2025-04-12
a835f6d1-1f5d-47ba-9534-ee6de9fc4e25,S100467,Verified,Verified,Verified,Approved,2024-03-07
6d1040a0-14f8-4da1-a19f-8cc9bdde949e,S100468,Failed,Failed,Failed,Approved,2023-04-04
1da49151-2d6b-4a30-afae-e97814c098b8,S100469,Failed,Failed,Verified,Pending,2024-05-04
fc29cf3c-0b55-4a88-9689-1531cfff52ca,S100470,Failed,Failed,Verified,Approved,2026-04-04
9315e61e-ba1e-47dc-bcdc-8310c12ac33f,S100471,Failed,Verified,Failed,Approved,2023-03-09
b2e17215-67b2-4a54-ae3a-74d4d0ef118d,S100472,Failed,Failed,Verified,Pending,2023-04-27
8d1ea9d1-59e4-4312-baa1-ffb050216737,S100473,Verified,Failed,Verified,Approved,2024-03-25
80b18033-b5cd-4696-a8a5-7fe0c9e50e5d,S100474,Failed,Verified,Verified,Approved,2026-01-22
11f40812-b3b0-46b8-ad1b-0f86b60147c8,S100475,Verified,Verified,Failed,Approved,2026-04-24
a38a6573-e727-413a-9022-aab2a37301de,S100476,Failed,Failed,Failed,Pending,2022-10-30
d41bb559-c9af-4794-8adb-10730b5ebf10,S100477,Failed,Verified,Verified,Pending,2022-07-12
85690625-5058-4d61-9f64-3c0d4d7d9c5e,S100478,Failed,Failed,Failed,Rejected,2025-10-03
37780394-3700-4363-b8bb-7df49a28538b,S100479,Failed,Verified,Verified,Approved,2023-05-30
8b370113-d857-4a2c-a18a-aac95f704528,S100480,Verified,Verified,Failed,Approved,2025-11-09
a95890e7-b712-47c4-b6f3-38fa6a7deb29,S100481,Failed,Failed,Failed,Approved,2022-03-16
d09ec24e-19b4-40b4-8053-321266ae02c5,S100482,Failed,Failed,Verified,Approved,2022-10-16
50cea9b7-5054-4429-83ff-feb5393259ba,S100483,Failed,Failed,Failed,Approved,2025-04-22
dcd3cdcc-c434-4bc0-8015-36f0bfcc1b34,S100484,Verified,Failed,Failed,Approved,2024-02-20
56b766a5-960c-45cd-aad7-77bd06a22cda,S100485,Failed,Failed,Verified,Approved,2026-07-18
3169f269-7b5f-4193-9ac5-fd5bc91042d0,S100486,Verified,Verified,Verified,Approved,2022-10-12
1b1e1933-02f5-4563-84c6-c9e3ca318a9c,S100487,Failed,Verified,Verified,Approved,2024-08-20
07fa88fb-e260-439d-a03f-a5f2fdd42222,S100488,Failed,Failed,Failed,Approved,2025-06-09
4b57766a-db06-432e-af32-2e4d118e7407,S100489,Verified,Verified,Verified,Rejected,2025-02-22
7737f7a7-db2c-4ffe-9a93-ffe7cf868c17,S100490,Failed,Failed,Verified,Approved,2024-11-18
17b76c8d-8abf-44fc-b68e-46b1183cbeb2,S100491,Failed,Verified,Failed,Pending,2025-10-20
0e074ee9-8f16-47bd-9ff1-be59e945c1a5,S100492,Verified,Verified,Failed,Rejected,2024-01-14
a7717fb2-ea11-47f6-bf67-898b62801582,S100493,Failed,Failed,Failed,Approved,2025-09-14
4b9276cb-9905-41c2-9732-a2d6cef4950c,S100494,Verified,Failed,Verified,Approved,2023-04-03
9411eac6-c54e-412c-9175-d7299b8ab8d6,S100495,Verified,Verified,Verified,Approved,2025-08-08
66b3335b-e9d1-40d7-b08f-b47a1dadf788,S100496,Verified,Verified,Failed,Approved,2026-03-02
5fa94fe2-b959-4863-88cf-1ccda01ef412,S100497,Failed,Verified,Failed,Approved,2025-09-19
5606e905-5b32-4704-a088-c92b094339e0,S100498,Failed,Failed,Failed,Approved,2024-05-14
abfde65e-184a-435b-9359-a8131eedacf0,S100499,Verified,Verified,Verified,Approved,2025-08-15
97d66ce8-cf80-4214-bd5c-a6ebd01f638f,S100500,Failed,Verified,Verified,Rejected,2025-09-17
938e2f71-edbf-4896-9554-143838fd0c79,S100501,Failed,Verified,Failed,Approved,2024-11-09
14dc2143-7022-48e6-8841-d98b696ab0c0,S100502,Failed,Failed,Failed,Approved,2022-02-06
a90714a3-cb82-4063-aedf-9ba9806d3457,S100503,Failed,Verified,Verified,Approved,2026-05-29
01fe513a-7ba7-4b23-93a9-5b1e7e118a37,S100504,Verified,Verified,Failed,Pending,2026-03-10
4faa12c1-a45a-4b19-82ef-934e8948db22,S100505,Verified,Verified,Failed,Approved,2023-03-10
98f23299-25c9-41cd-b2aa-ec2f9c3de962,S100506,Failed,Failed,Failed,Approved,2022-09-20
29b62f78-b506-4211-b439-d552d9c6ce2c,S100507,Failed,Failed,Failed,Approved,2026-04-26
f5501bdf-f29e-4b7e-95e8-67a3c04f8854,S100508,Verified,Verified,Verified,Approved,2024-07-02
b723b226-e83c-40f3-8ef9-d4efd9800e46,S100509,Failed,Verified,Verified,Rejected,2025-09-10
ef8e20ed-d8f3-4743-880a-b38bf447d94c,S100510,Failed,Failed,Failed,Pending,2022-07-24
7d8a9290-046b-49fa-9d9a-9ab5fd3e1a29,S100511,Failed,Verified,Verified,Approved,2022-03-13
19f636ea-b3b5-4cc8-a96a-4e81eb1cdb37,S100512,Failed,Failed,Verified,Rejected,2025-04-07
2758c48e-156f-4986-ac2d-2f0099a44102,S100513,Failed,Failed,Failed,Approved,2026-07-20
35210f6c-3852-41fc-974b-3906f67c9ca4,S100514,Verified,Failed,Failed,Approved,2025-11-10
c32d0d15-1300-45dc-a3f7-9f8cd01260a7,S100515,Verified,Failed,Verified,Approved,2024-07-04
5a5f2687-9394-4f39-8789-f07731d8ba9f,S100516,Failed,Verified,Verified,Approved,2025-10-29
0ac67e0d-2280-4ae1-b633-507929c70a8b,S100517,Verified,Failed,Failed,Approved,2025-08-14
dc0f10dc-f127-4aa7-9f1c-d28a900276b6,S100518,Failed,Failed,Failed,Approved,2024-04-14
0a95d1e1-43e3-4297-8ef1-3f66c58c1950,S100519,Failed,Failed,Verified,Approved,2024-04-22
fdf56e9f-f194-4f6c-8d5a-7f30aa6cf97b,S100520,Failed,Verified,Failed,Pending,2024-11-30
df6ea5c6-7a5e-4d52-b694-1aa7d3ac082b,S100521,Verified,Failed,Failed,Pending,2026-03-09
edcd7411-ef85-41e2-92b2-dd75ad1cea98,S100522,Verified,Verified,Verified,Approved,2026-05-17
85aba44d-5cfb-4010-befb-9b2b789f8ea5,S100523,Failed,Verified,Verified,Approved,2025-12-29
278d47d2-62a6-4f49-9948-1c348e4079cc,S100524,Verified,Verified,Failed,Approved,2025-07-19
8a7881fe-4140-4fd8-b2ef-6cf9b762957d,S100525,Failed,Failed,Verified,Approved,2024-08-01
1b310631-6640-4136-a37f-365401c48783,S100526,Failed,Failed,Failed,Approved,2024-04-01
e573acc5-eb0b-4a34-b0c4-ff67117bab10,S100527,Failed,Failed,Verified,Pending,2026-04-18
e7b5a4dd-2e6a-48c0-bb4c-db43f27f8712,S100528,Verified,Verified,Verified,Approved,2025-12-20
bd9ba96b-f9f1-46b0-89fb-75a06a1d95f8,S100529,Verified,Verified,Verified,Approved,2022-04-01
a6508bf4-0867-47c0-b887-51be219d6a22,S100530,Verified,Failed,Failed,Approved,2022-07-19
fea32c75-0f3e-40ba-aab6-af143ac3f6a9,S100531,Verified,Failed,Verified,Approved,2025-05-05
d485d540-ff23-4c19-9787-591863699332,S100532,Failed,Verified,Failed,Approved,2023-10-22
6de852e4-12cc-4134-b175-10ac5edf87da,S100533,Verified,Failed,Failed,Approved,2025-04-08
17e2aa93-ac7c-47c5-bd89-fa69516881a1,S100534,Verified,Verified,Verified,Approved,2022-07-21
8deb0414-1e2d-4c82-9c33-eea22b033fe6,S100535,Failed,Failed,Verified,Approved,2025-12-31
a4aa131b-d4da-4805-8c4e-127f6e7ec1b2,S100536,Verified,Failed,Failed,Approved,2023-07-13
e6331c81-14f5-4a5e-8ac3-4aa0103fb9f0,S100537,Failed,Failed,Failed,Approved,2026-01-15
21bb008f-bad8-4b9d-aacf-490d1f169d17,S100538,Failed,Verified,Verified,Approved,2025-12-12
a5234b3c-b5e0-4b0e-ab0d-7e8fdd0cffdf,S100539,Verified,Failed,Verified,Approved,2023-12-09
adf6ce2f-dff2-4f43-bae2-be6dc7a869c8,S100540,Verified,Verified,Failed,Approved,2026-03-02
ed1928e5-9bd3-4c80-9800-690a9d5530b0,S100541,Verified,Failed,Verified,Approved,2023-02-26
2e9ebcda-0f2d-43b9-b217-3c9438be2f90,S100542,Failed,Failed,Failed,Approved,2024-06-03
dff3fbae-956e-41fb-9b6f-f7935315746f,S100543,Verified,Failed,Failed,Approved,2024-06-28
7ecd615b-c4dc-474e-820a-385abedbb510,S100544,Failed,Verified,Verified,Rejected,2024-12-25
22ba7c45-ea4f-4c3b-b87c-142d94afe8b9,S100545,Failed,Failed,Verified,Approved,2025-09-25
26909126-c9bc-4d2c-addf-76ae0f3fd2c8,S100546,Failed,Verified,Verified,Approved,2023-06-10
48d4445d-ca6c-4829-9d72-16bf389e0e30,S100547,Failed,Verified,Verified,Approved,2024-11-10
999bc180-5741-4749-a9a9-fb2cd0e4fd8a,S100548,Failed,Failed,Failed,Rejected,2024-09-12
b0019258-a879-4868-8e12-9cd66e3398cf,S100549,Failed,Failed,Verified,Approved,2025-05-22
ff16e0f0-9af5-4294-b37c-32d18140d0ac,S100550,Verified,Failed,Verified,Rejected,2026-06-14
d8878f1d-1aff-417f-90c1-e1f7d8a712fb,S100551,Failed,Verified,Failed,Pending,2026-03-18
b4325034-952a-47ff-a1a8-39620529759d,S100552,Verified,Verified,Verified,Approved,2024-03-09
921abdc9-1b94-4e15-a21d-b63f630c1495,S100553,Verified,Failed,Failed,Approved,2022-11-11
8c2dbd72-dc34-4f4d-a791-5507c347847b,S100554,Failed,Failed,Failed,Approved,2026-01-04
5bfbc0fe-49c7-4370-b785-e0070c641777,S100555,Failed,Failed,Verified,Approved,2026-01-30
16cc39dd-29cc-4ab0-9801-f60407e53b1e,S100556,Failed,Verified,Verified,Approved,2023-10-18
0c883237-c129-4a5f-a417-616910aa899c,S100557,Verified,Failed,Failed,Approved,2025-09-16
6c14cf57-cae8-42d3-b797-4bebd7b140e2,S100558,Failed,Verified,Verified,Approved,2024-03-01
67aaaf94-1f58-43c5-84d4-73cc0181bad1,S100559,Failed,Verified,Failed,Approved,2025-10-24
1a6c8913-c6a6-4c6b-862a-729dc938d3fe,S100560,Verified,Failed,Verified,Pending,2025-10-04
8e8a474d-e3d4-4569-b064-b420f101362e,S100561,Failed,Failed,Verified,Approved,2024-06-22
414ecf02-40cf-4b47-8369-8917c4c82b2b,S100562,Verified,Failed,Verified,Rejected,2025-04-03
6835b9c6-cea9-4194-8bd6-ce75bf454da8,S100563,Failed,Failed,Failed,Approved,2025-07-13
8a868900-e05e-4dcd-8ae1-5addd6ff6a05,S100564,Verified,Failed,Verified,Pending,2023-03-22
9c769b42-b119-4692-934b-e397b3937d02,S100565,Verified,Verified,Failed,Approved,2024-03-09
41b419ca-1a2a-4a8e-a833-8ef37fe35f29,S100566,Failed,Verified,Failed,Approved,2025-10-22
8d4379db-c640-4b52-8def-eef209c39ca7,S100567,Verified,Failed,Verified,Approved,2024-11-11
6cc31b4a-45ee-4e4b-bc70-1e2ad73d5f9a,S100568,Failed,Verified,Failed,Approved,2022-07-05
47ce280a-437c-44e2-935f-fac6905d41d8,S100569,Verified,Failed,Failed,Approved,2026-03-14
07a367aa-5a36-4f40-a012-73d790e7f085,S100570,Verified,Failed,Failed,Approved,2022-11-24
97330a45-02f5-4282-a768-9dfbd1fa64af,S100571,Verified,Failed,Failed,Approved,2024-06-21
bd7de7e4-d982-4862-8fc2-1217ae1b5450,S100572,Verified,Failed,Verified,Approved,2023-09-03
e9669f6c-e89f-4c90-9421-61da55194b8a,S100573,Failed,Verified,Failed,Approved,2023-01-09
d3e3ded4-69f9-4f4e-88e4-2a16806273b3,S100574,Verified,Failed,Verified,Approved,2023-08-22
74ec7d15-f1d5-492b-b13b-482c21b74887,S100575,Verified,Verified,Verified,Approved,2022-04-12
6ea48dc0-65fb-436d-9729-b73b4324805c,S100576,Failed,Verified,Failed,Pending,2023-03-11
af2b7783-386e-49a9-8eb8-711998185097,S100577,Verified,Verified,Verified,Approved,2026-07-28
ea201dc3-8bdf-417e-a33e-dffc9e44d271,S100578,Failed,Verified,Failed,Approved,2023-05-27
a763735a-924d-4b78-992f-e7a3d5456a50,S100579,Verified,Verified,Failed,Approved,2024-10-20
2443cd79-4205-4edf-bcb3-58090a662d29,S100580,Failed,Verified,Failed,Approved,2022-12-20
140336b0-4630-4296-bb98-e9a59bbf5afa,S100581,Verified,Failed,Failed,Approved,2026-06-20
9e60aed2-aa47-42ff-a4a0-93194e17b2ab,S100582,Failed,Failed,Verified,Pending,2025-09-26
9ecbda14-4a54-435c-841d-91eca86dca1c,S100583,Failed,Failed,Verified,Approved,2022-11-14
dc014a6b-ee0e-4269-b44d-101f5bed1b48,S100584,Failed,Verified,Failed,Approved,2025-11-15
e85f18bc-716c-4cdd-a689-f32cff2f2142,S100585,Verified,Verified,Verified,Approved,2023-02-04
d914b16d-50f2-4983-addc-39316e5b285a,S100586,Verified,Failed,Verified,Pending,2025-05-30
a089acda-c2d7-4b23-acaa-e9bd30c6dff3,S100587,Failed,Verified,Failed,Rejected,2025-01-17
67ff1b9f-7442-4a18-89a3-be24889d8cdc,S100588,Failed,Failed,Failed,Rejected,2026-01-27
15e8434a-9ad5-46cf-a3fa-103bc0b42d73,S100589,Failed,Failed,Failed,Pending,2024-09-19
586be788-ce71-4df2-99be-f842e0cd99f1,S100590,Failed,Failed,Verified,Approved,2023-06-29
6407efee-1881-436e-8b7e-51dd31fbf9da,S100591,Verified,Verified,Verified,Approved,2024-07-20
49230cf8-f799-4ef4-9b4f-6aeaf02aeb0c,S100592,Failed,Verified,Verified,Pending,2022-09-09
fafc26d1-8641-468f-a394-73aa7ed081dc,S100593,Failed,Failed,Failed,Approved,2025-01-10
782b76f4-1f9b-41d4-a69e-61eda148a58e,S100594,Failed,Verified,Verified,Approved,2026-03-17
b652b9ef-ac1b-484d-8b22-5d64fd3e1424,S100595,Verified,Verified,Failed,Approved,2023-10-18
51f694cc-84cc-4931-a3e0-04c560154a17,S100596,Failed,Failed,Failed,Approved,2024-09-23
227f0556-03aa-4fac-a819-562b951b769c,S100597,Verified,Failed,Failed,Approved,2024-06-10
afb6b357-f641-4b77-8845-fd6bf7517a85,S100598,Failed,Failed,Failed,Approved,2024-02-11
ce7fd550-9bd7-4f62-a125-6b1f632dfd91,S100599,Verified,Verified,Failed,Approved,2026-04-12
15b59b61-6359-412c-b512-9698722c6cf7,S100600,Failed,Verified,Verified,Approved,2024-06-28
630ee896-63e6-47a2-8230-a8901ef736ef,S100601,Verified,Verified,Failed,Approved,2024-09-09
8a46d480-b81a-44a3-84cb-5c682319594f,S100602,Verified,Failed,Verified,Approved,2022-12-15
c49b3bd6-0204-4acf-af75-793a662602a2,S100603,Failed,Verified,Failed,Approved,2023-01-07
85a7e996-98c5-4871-8ef6-05e0308c4fb3,S100604,Failed,Verified,Failed,Approved,2023-05-17
f0f463a9-ced3-4e66-8523-326920a22ec9,S100605,Failed,Verified,Failed,Approved,2022-12-04
9830e432-8c63-44e8-a04a-01d26667c06b,S100606,Failed,Verified,Failed,Approved,2025-07-21
c93de1dd-ff77-4f14-a19e-9e81eae097c7,S100607,Failed,Verified,Verified,Approved,2022-02-24
a684ffed-7bad-4bc6-a9be-9492acd4d717,S100608,Failed,Failed,Verified,Approved,2023-07-07
5e9ca5c3-6555-4116-9ffb-cde60bc4dfa9,S100609,Failed,Verified,Verified,Approved,2024-04-19
7f651d8a-d6d4-47ef-a84b-73dd60e3fe8d,S100610,Failed,Verified,Failed,Approved,2024-06-18
af0e8d04-d24f-4357-bdb6-db75befa9c6d,S100611,Failed,Failed,Failed,Approved,2024-06-11
101a92f7-287b-4c09-8b78-5ac84b9c36f1,S100612,Failed,Failed,Failed,Approved,2026-07-10
ef4c37d0-d265-47fd-9d2a-0d67e597b225,S100613,Failed,Failed,Failed,Approved,2022-08-27
34cee146-21d3-48f2-b3ac-25cb7f4b24b9,S100614,Failed,Verified,Failed,Approved,2026-06-12
25c3b79e-f014-4b37-b780-1b0616346471,S100615,Failed,Verified,Failed,Rejected,2023-05-13
2de75a92-4605-4bf0-a5e0-a60e52818ec0,S100616,Failed,Failed,Failed,Approved,2024-09-07
26c04950-5717-4768-b3fc-fd7df605aa9c,S100617,Verified,Verified,Verified,Approved,2023-05-01
63e947bf-be26-4712-93ea-f226577133e8,S100618,Failed,Failed,Failed,Approved,2023-04-01
85602eef-002d-411d-88aa-29dad4c5be4f,S100619,Verified,Verified,Failed,Pending,2024-02-25
85c1480e-d640-4804-bec0-807e522ef656,S100620,Verified,Verified,Verified,Approved,2023-11-12
99a6ee70-4f14-4eba-9e8a-8597d672923b,S100621,Verified,Verified,Failed,Approved,2026-07-26
73dea7c2-1001-4c45-a0e9-f83063f66d73,S100622,Failed,Failed,Verified,Approved,2025-04-21
f4aea648-5ca9-45e3-9ba5-eb9b2e0447a7,S100623,Failed,Failed,Failed,Approved,2024-06-16
c5d0a0ac-56e8-4bc3-8e7b-10d3d966cd4e,S100624,Verified,Verified,Failed,Approved,2022-03-08
5c27af1c-a03d-4f69-821c-facb26736d23,S100625,Failed,Failed,Verified,Pending,2023-09-13
3a480b9d-e5a7-450b-bb6e-3ec1e87f5087,S100626,Failed,Verified,Verified,Approved,2025-09-08
1670aa16-c47d-42f0-b2ff-f51f5498e46f,S100627,Verified,Verified,Failed,Approved,2023-01-21
83d95e36-1e78-4e01-b80f-dca9303c264a,S100628,Failed,Verified,Failed,Approved,2023-11-20
69e8d3a4-eb25-42b9-9f18-73b145ae9400,S100629,Failed,Verified,Failed,Pending,2025-06-08
f5ef1ebd-9cd4-4286-9452-b7110443b766,S100630,Verified,Verified,Failed,Approved,2026-07-19
49c4869a-3add-4e25-9fa9-3fb9d44e6215,S100631,Failed,Failed,Failed,Approved,2022-01-01
26409626-3e00-486f-a63f-f921a9f425c2,S100632,Verified,Failed,Verified,Approved,2024-10-29
b60b299a-b7c3-4b3f-b9c1-035c207ae784,S100633,Failed,Verified,Verified,Rejected,2024-08-10
15cf7f1a-9ac2-4486-81b2-6bec1fa2e8fc,S100634,Failed,Verified,Verified,Pending,2025-04-19
e0d0734f-ebde-4a19-a59a-3037e218d791,S100635,Failed,Verified,Failed,Rejected,2024-06-14
4215aa6e-ea9a-4102-8557-91ab94228d75,S100636,Failed,Failed,Failed,Approved,2025-09-08
b9bcd304-39e9-4b0b-be81-f1b7e39c71a8,S100637,Verified,Failed,Failed,Approved,2022-01-23
46f433a1-d07b-4193-8af6-ee8b1be79c70,S100638,Failed,Verified,Failed,Approved,2024-01-16
cc7d0df2-a403-4ac1-b2c7-0488e8a55fbd,S100639,Verified,Verified,Verified,Pending,2022-11-18
07ed9338-dcb3-4ebf-87f2-115a133a121f,S100640,Verified,Verified,Failed,Approved,2024-06-23
ed1dedcd-89ca-469d-a741-c19dceb4c025,S100641,Verified,Failed,Failed,Approved,2023-12-30
38f230b1-8312-44ff-bc48-4136ca3ea03d,S100642,Failed,Failed,Verified,Approved,2024-03-01
cce44ed9-e82c-4fd9-b1d5-aea543e6b71f,S100643,Failed,Verified,Verified,Approved,2026-02-20
d7c3ba39-ae50-4fe7-b263-be85dbadb28b,S100644,Verified,Failed,Verified,Approved,2024-07-28
d5a00a4d-e03e-40b9-b730-01f3a29ad66a,S100645,Failed,Verified,Failed,Rejected,2023-07-24
8b430745-c316-4e09-977c-547f7b519270,S100646,Failed,Verified,Failed,Approved,2025-10-05
4dc1b367-dfb5-4f86-b06d-c0d526b07bc1,S100647,Verified,Verified,Failed,Approved,2023-11-06
18bf4a71-2609-4490-819e-83150b8dcc73,S100648,Failed,Failed,Verified,Approved,2023-02-05
ee392fb7-6d55-421b-9d60-bb3aed8f75ba,S100649,Failed,Verified,Failed,Approved,2024-06-14
17bd1f60-3a63-4868-a5b3-a57287e94db8,S100650,Verified,Failed,Verified,Approved,2026-02-26
f0b8f7f4-9f69-4845-bdf9-5cb3378e045a,S100651,Verified,Failed,Failed,Approved,2026-06-22
e6b520f5-ae73-4215-9d91-01be90db83f6,S100652,Verified,Verified,Failed,Approved,2024-07-07
8093576f-14af-4cd7-845d-0f4fbeef6c30,S100653,Failed,Verified,Verified,Approved,2024-03-05
f5ca0a0f-03f7-4276-a734-6b261beaa75a,S100654,Failed,Verified,Failed,Rejected,2024-09-17
911ddf90-ae5a-4d3c-8dd4-27760aea1ae2,S100655,Verified,Verified,Failed,Rejected,2025-03-11
4f8c2675-dc8c-456b-a68d-f88762038741,S100656,Failed,Verified,Verified,Approved,2026-01-24
580383d6-688c-4566-b932-520a29a1c842,S100657,Verified,Verified,Failed,Approved,2024-08-26
c5b92e88-84f2-4b1a-b691-ec41fe4e1e82,S100658,Verified,Failed,Verified,Approved,2025-11-11
6f6a86e8-ce37-426d-813b-eb6a9dd65ae9,S100659,Failed,Verified,Failed,Approved,2022-03-10
551e766f-ade5-486b-b790-3886cf8e83fe,S100660,Verified,Failed,Failed,Pending,2026-05-14
739fe470-7935-4bae-8101-dec75c93408a,S100661,Failed,Failed,Failed,Approved,2022-11-28
f1b479b8-c6bb-4861-8840-ee5df8ef7418,S100662,Failed,Failed,Failed,Approved,2025-09-27
20a39dfd-dde9-47c7-98c9-af23def6221a,S100663,Failed,Failed,Failed,Pending,2024-01-31
b3c8100a-c46a-4444-b694-bac06ac14433,S100664,Failed,Failed,Verified,Approved,2026-05-26
f34a26e4-85ce-4148-8094-ad764cee122e,S100665,Failed,Failed,Verified,Approved,2026-07-19
bfbd8269-3207-47ab-a4c9-ec0e887ee883,S100666,Failed,Verified,Verified,Pending,2023-12-26
d2ef5ed9-7e76-47b7-bdfc-ec1cc1d78eda,S100667,Verified,Verified,Failed,Approved,2023-11-04
4f91a9ce-5087-4a24-a62b-0255a06017e4,S100668,Failed,Verified,Verified,Approved,2026-07-09
20d5bf28-2f88-4fbf-bf73-3ae54ba12572,S100669,Failed,Failed,Failed,Approved,2023-12-03
53b20d16-33dd-48e6-9269-fd43a3af5ce5,S100670,Verified,Verified,Failed,Approved,2025-07-12
7747ea50-e627-4e93-914e-c95b1de3a9a0,S100671,Failed,Verified,Failed,Approved,2022-08-22
8e9e053a-adf7-4cd2-86c1-466cf851bd78,S100672,Failed,Verified,Verified,Approved,2022-05-02
06764712-8db4-4491-afc2-cda8c1d9a1f3,S100673,Verified,Failed,Verified,Approved,2024-04-11
3fe11115-fc22-49c7-8bca-bfe154c4321c,S100674,,Failed,Failed,Approved,2022-06-26
3afb9430-5d92-4083-961e-edeb4073b164,S100675,Failed,Verified,Failed,Approved,2022-07-02
2fcac74f-86fa-4e78-bc78-b2858dd42f36,S100676,Failed,Verified,Verified,Approved,2024-06-21
28a998a2-78c3-4b00-b651-a5eb82c2c47f,S100677,Failed,Failed,Failed,Rejected,2022-03-26
70fe5439-4312-47ec-bcac-c79501d24fa4,S100678,Verified,Verified,Failed,Pending,2022-03-11
61336c44-6f65-4ef6-b90a-6959658ecb2a,S100679,Verified,Failed,Failed,Approved,2022-02-17
0b54acd0-b566-4d62-a0fd-344fea42cb51,S100680,Verified,Failed,Failed,Approved,2025-05-28
8bc57937-8a53-4fb5-a0e5-a4cd88434cb5,S100681,Verified,Verified,Failed,Approved,2025-08-22
5229f835-4c9a-460d-bec1-c04cf84953db,S100682,Failed,Failed,Failed,Approved,2023-03-09
80244dc6-d3ea-4a30-b240-8040b4eed443,S100683,Failed,Failed,Failed,Rejected,2022-10-14
aa45baab-b913-461f-943b-5685725df3ff,S100684,Verified,Failed,Verified,Approved,2026-04-29
78fece7f-a032-41c3-8e3c-d23f211f2c82,S100685,Verified,Failed,Verified,Approved,2024-12-09
af1b90b5-127f-4138-b525-bedc503b5f3f,S100686,Failed,Verified,Failed,Approved,2026-05-22
b77f1264-3713-42ac-9251-2894d78d917a,S100687,Failed,Failed,Verified,Approved,2023-07-12
5c22e9c1-8e31-4a5e-a3d8-bdcce94b5574,S100688,Verified,Verified,Failed,Approved,2025-10-06
5f153b2b-1a4c-4d23-b088-75879aab5c3c,S100689,Verified,Failed,Failed,Approved,2024-01-02
22e234bf-b597-4341-8004-496ac6f25b9c,S100690,Failed,Verified,Failed,Approved,2024-10-12
a81b540e-1864-430e-a0de-77c56568ef8d,S100691,Failed,Verified,Failed,Approved,2022-01-21
d765cbd2-7b13-44e7-88d2-cdcaa7a39446,S100692,Failed,Verified,Verified,Approved,2022-04-15
f0c90c94-e602-45e4-b63d-44134ba8221c,S100693,Verified,Failed,Failed,Rejected,2024-10-16
f466e6de-ca54-4687-81c5-cf55150b070a,S100694,Verified,Verified,Verified,Pending,2024-12-28
a2b4bce1-00f8-4e18-b849-406d436977ca,S100695,Failed,Failed,Verified,Rejected,2023-04-16
ce2622a3-03e5-4d74-9f2d-0d95d1ac8431,S100696,Verified,Failed,Verified,Approved,2025-10-23
ec069596-4701-4212-94e5-0490633fa225,S100697,Failed,Failed,Failed,Approved,2022-07-27
9743fafe-2470-4c21-9b00-36964941831c,S100698,Failed,Failed,Verified,Pending,2024-02-28
61c78e0d-98f5-4a19-9e05-11eac9d819bf,S100699,Failed,Verified,Failed,Approved,2022-08-17
b5342b64-5a3f-4952-8e4e-e13dee6e8127,S100700,Failed,Failed,Failed,Approved,2022-08-10
ee7b9958-456e-4c27-8fd7-ecd2761bbe02,S100701,Verified,Failed,Failed,Approved,2022-12-19
985c5a31-11b2-4788-b6aa-227d3469f389,S100702,Failed,Failed,Failed,Approved,2026-06-10
7a9444d1-d9a6-4581-9cc1-ad6ccbb2c634,S100703,Verified,Failed,Verified,Approved,2024-01-16
aefb8106-1f5a-48fb-8f8e-e3cd18c053dd,S100704,Verified,Verified,Failed,Pending,2024-08-12
3a22052f-3a0e-4cb8-9cc7-dbd1d9ee5b69,S100705,Failed,Verified,Failed,Approved,2026-05-05
46d10e56-e31d-4e24-be37-cc97d1958680,S100706,Verified,Failed,Failed,Approved,2022-12-20
736fbac9-eece-45eb-94a4-1039c915f031,S100707,Failed,Failed,Verified,Approved,2024-07-06
d78d54c1-6ea0-47a7-9f49-e4572a2509c0,S100708,Verified,Failed,Verified,Approved,2023-06-27
179cb4b9-074b-45ed-b7a7-bc189d81f2e6,S100709,Failed,Verified,Failed,Approved,2024-05-30
bf0e489d-0bb3-46db-8000-58950670443c,S100710,Failed,Failed,Verified,Approved,2026-02-21
4d738fb7-a218-41b2-8ab4-f0e634bdd8b7,S100711,Verified,Verified,Failed,Approved,2025-09-13
998992f8-4d30-4f2c-8b63-e19a39edeb7a,S100712,Failed,Failed,Verified,Approved,2025-02-16
bd281667-5d42-4a45-bf0f-c5c19982af3b,S100713,Verified,Failed,Verified,Approved,2022-02-12
5b1f3387-b375-47a2-8af0-dd8db620e349,S100714,Failed,Verified,Failed,Approved,2025-05-01
69d1ae79-b789-44bb-8d32-47a3d0502584,S100715,Failed,Verified,Failed,Rejected,2022-12-22
87dad815-bbd1-414b-919e-23e6a07c7239,S100716,Verified,Failed,Failed,Approved,2023-07-31
d67e9e34-17a2-4d77-81af-c5fe8603a1f7,S100717,Failed,Verified,Verified,Rejected,2023-06-20
6749de8d-8301-46f6-b9e5-cb20eebe508e,S100718,Verified,Failed,Verified,Approved,2024-06-10
fef83c0d-b5e6-4989-b2b2-19fc0dbe742b,S100719,Failed,Failed,Failed,Approved,2023-08-02
217e52e6-e1f5-4571-8f1a-7d16ee2dc2a1,S100720,Verified,Failed,Verified,Approved,2022-06-26
973c45bb-929b-46f8-9dc9-82461d9832e1,S100721,Failed,Verified,Failed,Approved,2022-06-30
41500063-9b64-44b5-bfc7-b5812748433e,S100722,Verified,Failed,Failed,Approved,2023-12-07
fa460054-6fe6-4bfa-b4d2-feb637a44651,S100723,Failed,Verified,Failed,Rejected,2022-09-29
20a801b8-83d5-4363-b837-15bfeb1679f4,S100724,Failed,Verified,Failed,Approved,2023-11-26
9557d591-49d8-48e0-a72c-78907db512b3,S100725,Verified,Verified,Failed,Rejected,2025-08-18
eb79a7b1-f3dc-484b-8b87-7e53de1386dd,S100726,Verified,Failed,Verified,Approved,2022-11-17
29016ef3-1e16-4cb2-b6e2-057635ed8ef2,S100727,Verified,Verified,Failed,Approved,2023-02-25
def62ab7-3aa7-41b5-afab-e6382ad95bc4,S100728,Verified,Verified,Failed,Pending,2024-12-20
8e870678-4398-49a1-924d-5da79a220af4,S100729,Verified,Verified,Verified,Approved,2024-08-20
70607689-e13c-42d6-adeb-c7570a7c2c59,S100730,Failed,Failed,Failed,Approved,2024-04-18
34ece149-7351-4ee7-8a32-ce2503871743,S100731,Failed,Verified,Failed,Approved,2023-08-20
4fec20b0-fb06-4272-9e1e-ece0af8e1eb7,S100732,Failed,Failed,Failed,Approved,2026-04-11
bce0c907-e0dd-4aee-b119-dcd9bb5997d6,S100733,Failed,Failed,Verified,Approved,2025-04-10
37e558a0-867e-453b-a733-6031e0bd6240,S100734,Failed,Failed,Failed,Approved,2026-06-01
769c617f-8e3a-4300-a576-b940cc2c9e08,S100735,Verified,Failed,Failed,Rejected,2025-07-28
b91a44cd-78ba-4052-b5b7-87a44f457b51,S100736,Verified,Failed,Verified,Approved,2024-10-30
01a1f7da-417e-4ecb-bf12-12f2dbc6d4a9,S100737,Failed,Verified,Verified,Approved,2024-04-08
6716a5cf-389f-41c4-849b-91b07583d0cc,S100738,Failed,Verified,Verified,Approved,2022-03-07
ff7e0cbe-dc10-49a1-a93f-d289628f17ea,S100739,Verified,Failed,Verified,Approved,2022-08-08
66f7ac98-5a6e-4d21-8327-6a76fb65558f,S100740,Verified,Verified,Verified,Approved,2023-09-12
f78bf1c1-ac15-47e3-80f4-91a503349f81,S100741,Failed,Verified,Verified,Approved,2023-02-13
b7907fb4-f65c-4643-a0ac-0afb7304109b,S100742,Failed,Verified,Verified,Approved,2022-08-04
fe1285e9-dad4-46f3-a97c-62fa23a5dff7,S100743,Verified,Verified,Verified,Approved,2023-05-27
1ec1e6f0-2797-4a27-9a3d-6f2a8cb42d42,S100744,Failed,Verified,Verified,Approved,2024-10-22
c995e892-2e55-4f0d-b790-d5c2dd8e877b,S100745,Verified,Failed,Verified,Approved,2022-08-14
2086f1d3-89ec-42dc-a51f-f440affc140c,S100746,Failed,Verified,Failed,Approved,2024-01-07
ed8ce7b7-d438-4bbe-94be-482c1ef4c29e,S100747,Verified,Failed,Failed,Rejected,2025-04-02
80e1caa2-db3c-4b9f-9bd4-e6eb3668257d,S100748,Verified,Verified,Failed,Approved,2022-01-26
8984f430-f558-46ea-9d7e-83336a53990d,S100749,Failed,Verified,Verified,Approved,2023-12-25
ca465dac-8e3b-4ad7-bb13-2d392a3f9aff,S100750,Verified,Verified,Failed,Pending,2024-04-20
2237c214-70bb-4114-8336-f8f342f7814f,S100751,Verified,Verified,Failed,Approved,2024-10-09
ca5a8ae8-b554-4048-82ec-f21c6d39b326,S100752,Verified,Failed,Verified,Approved,2022-08-03
329361a6-34bb-4aa0-9944-30b6372a98c2,S100753,Failed,Verified,Failed,Approved,2026-06-11
4ca32449-e803-444a-82d7-049dd9b98cfa,S100754,Failed,Verified,Verified,Approved,2022-09-14
a4d327c3-5c32-4fcc-877c-c5e9b8cfea4e,S100755,Failed,Verified,Failed,Rejected,2023-10-24
6e4eb84f-d6a9-4899-bf90-96f496132301,S100756,Verified,Verified,Failed,Approved,2022-10-06
c2af7bab-a989-4468-aa85-835891e64a90,S100757,Failed,Failed,Failed,Approved,2025-08-08
66a0826e-66fc-4431-a66f-2dbc09641f53,S100758,Verified,Failed,Verified,Approved,2024-02-06
084f664a-65a7-4c37-b774-8fd7a8fe7812,S100759,Verified,Verified,Failed,Approved,2026-04-12
5a314851-8b07-4443-85ee-15b3e32f8cf9,S100760,Verified,Failed,Verified,Approved,2022-03-27
2e842383-1831-4337-bb4a-fedffd10c3f3,S100761,Failed,Verified,Failed,Approved,2022-04-21
ea057652-a747-4ee9-809b-9de533cf79ba,S100762,Verified,Verified,Verified,Approved,2026-03-26
570da126-ff9c-4805-b4a1-26a643be644f,S100763,Verified,Verified,Verified,Rejected,2025-05-19
46f12859-ba1c-42b3-8fb6-1b2a85639b3f,S100764,Failed,Verified,Failed,Rejected,2023-11-30
8ffadd2b-ffea-4eea-a0d7-0d92940a078b,S100765,Verified,Verified,Failed,Approved,2026-06-19
8556bc95-f772-496b-9cca-83e91771490a,S100766,Failed,Failed,Verified,Approved,2024-10-05
dc36f51e-fb40-4b2d-8f2d-6d1ea8672480,S100767,Failed,Verified,Verified,Approved,2022-05-10
191ba3ae-59fa-4dad-aed8-e449cc5fd8d7,S100768,Verified,Verified,Verified,Pending,2023-11-08
2e6ab2fd-42ea-47a8-b784-e47a276ddecf,S100769,Verified,Failed,Failed,Approved,2022-10-04
63884e94-df77-40c3-8772-650a1e4c4c48,S100770,Verified,Failed,Failed,Approved,2022-03-18
8ead3242-77ba-4b10-bc2b-836cbfd6277e,S100771,Failed,Verified,Verified,Rejected,2026-04-28
c1d411d4-794d-4f22-969d-fd86aea5457d,S100772,Failed,Failed,Failed,Approved,2024-11-02
8f21e8ec-4e92-4237-84db-ae9fb5201288,S100773,Verified,Failed,Verified,Approved,2024-07-19
39bbfd70-f01e-4c07-b9d0-832fb5d79e8e,S100774,Failed,Verified,Failed,Pending,2026-02-17
a03c3b65-409e-4d63-a052-e329ca0e8e22,S100775,Verified,Failed,Failed,Pending,2024-04-21
154a3322-1847-4c9d-876e-53a8f31eeab9,S100776,Failed,Verified,Failed,Pending,2024-01-07
568a7b62-ba03-4475-a928-3439b075cbde,S100777,Failed,Failed,Verified,Approved,2023-11-20
5c86a717-ecfb-4ed9-9980-395c945285ec,S100778,Failed,Failed,Verified,Rejected,2022-01-28
8d6fa5e1-d1fd-4139-bc20-4440bcf4fa3d,S100779,Verified,Verified,Failed,Approved,2025-06-17
5f4d3e34-b5b2-4f45-a01b-c630ce7628f9,S100780,Verified,Verified,Failed,Approved,2026-06-05
2abb4375-420c-405b-ae9a-e203929d867a,S100781,Verified,Failed,Verified,Approved,2025-04-18
7fe8730e-3f2a-4c49-9f66-f6b712c09c2f,S100782,Failed,Failed,Failed,Approved,2023-03-06
ebe09d13-3284-43c2-8134-618f92e51992,S100783,Verified,Verified,Failed,Approved,2023-06-26
da6988d4-c358-4e4c-b565-17611aba0afc,S100784,Verified,Verified,Failed,Approved,2024-04-10
b0791390-e8da-431a-b184-0e0c68fd2d5f,S100785,Failed,Verified,Verified,Approved,2023-01-16
7f1d8e4b-9381-415a-9621-d79f64d52043,S100786,Verified,Verified,Verified,Pending,2026-07-16
76124039-6655-44f8-bd26-01192d614f9c,S100787,Verified,Failed,Failed,Approved,2024-03-05
79eaed2a-7e0c-44e3-8508-e1466d7bc369,S100788,Failed,Verified,Failed,Approved,2023-04-10
35a853a9-9165-411e-9db9-34337cf52bcc,S100789,Verified,Verified,Verified,Pending,2022-04-18
6cd65311-8f1a-45c4-89ce-e1785c62a247,S100790,Verified,Failed,Verified,Approved,2022-01-16
c68af5df-d55c-4c3a-b568-08091268358f,S100791,Failed,Failed,Failed,Approved,2025-05-18
41c02d97-7c4b-4336-96dc-49eb4f004e22,S100792,Failed,Verified,Failed,Approved,2026-02-21
95b70a31-12ae-4855-987a-3e9aff986fe4,S100793,Verified,Verified,Failed,Approved,2022-03-01
d063fb37-c641-4765-b855-c64e58967888,S100794,Verified,Failed,Verified,Approved,2024-04-25
f5be2d0e-0603-4bbc-8e2e-8dc8fef1c23f,S100795,Verified,Failed,Failed,Approved,2026-07-02
cca894f1-8b5f-4d5e-a700-e2258c37c218,S100796,Failed,Verified,Failed,Approved,2022-06-28
c9601d84-6eae-4002-addd-2e334c3b519e,S100797,Verified,Verified,Verified,Approved,2023-01-08
31262a60-2159-4a73-9adf-01c57dcba8f8,S100798,Failed,Failed,Verified,Approved,2025-12-13
03530dfa-9b5f-473e-9b99-26123352eb6c,S100799,Failed,Failed,Verified,Approved,2022-04-22
d97a7657-7d71-4295-8fb8-a551adf8bf95,S100800,Verified,Verified,Failed,Approved,2022-12-12
ddaabd69-5d02-40d2-9d6f-6d4267f26386,S100801,Failed,Verified,Failed,Approved,2024-07-01
1332ee00-180e-4e37-887d-08e1070eb935,S100802,Failed,Verified,Failed,Approved,2025-04-02
1b3400a6-9c1b-4b3f-b954-620714fdca96,S100803,Verified,Failed,Failed,Approved,2023-11-22
f78e7361-8693-4b96-8ed5-b24555957d5f,S100804,Failed,Verified,Failed,Approved,2025-11-22
2ef52e85-4876-4b92-8ecd-23c4000e96ac,S100805,Failed,Verified,Failed,Approved,2022-09-07
f8c93397-69a6-45f6-b2e5-307dbfd79d5f,S100806,Verified,Verified,Failed,Approved,2026-07-29
28023812-9e54-49c5-bfd8-1ca040490600,S100807,Verified,Verified,Verified,Approved,2022-08-05
fe29a3ae-42f4-47c1-9318-0d78c215821f,S100808,Failed,Verified,Verified,Approved,2023-06-13
1647a849-0344-4683-9a8c-aa4095c444fa,S100809,Failed,Failed,Failed,Approved,2023-08-23
864a832a-b9e3-4584-9d2f-8c0900a62f7b,S100810,Verified,Verified,Failed,Approved,2024-05-02
ccdbbda2-18e5-4c3a-a4ce-c4acf3651230,S100811,Failed,Failed,Verified,Pending,2022-06-02
d1bbdb7e-c6ff-454a-a26c-d97fef0b7e66,S100812,Verified,Failed,Failed,Rejected,2025-03-20
d3552ef4-4005-49ff-92c4-b760e84d61e9,S100813,Failed,Verified,Failed,Approved,2025-05-07
04bf92a2-9b08-4bb1-b43b-af9775d4353e,S100814,Verified,Verified,Failed,Approved,2024-09-01
fb13c4ee-a0fb-41e1-96d8-cd814fd67609,S100815,Verified,Failed,Failed,Rejected,2022-01-16
921887aa-9a50-4b59-a89e-d739ccfcc304,S100816,Failed,Verified,Verified,Approved,2022-07-02
fb329ae3-57b6-47f2-96ed-9108f4aa1228,S100817,Verified,Verified,Verified,Rejected,2025-08-24
87c2c2e3-3963-41d0-bb30-6b99e7de53d5,S100818,Verified,Verified,Verified,Approved,2024-07-14
61a4c348-06d9-42cf-ac11-346ba956ca17,S100819,Verified,Failed,Failed,Approved,2024-07-20
9281fb0d-f048-4fc2-9cf3-eab87445c124,S100820,Failed,Failed,Verified,Approved,2025-04-17
3b2db945-aa93-43da-b637-dd64618202ce,S100821,Verified,Failed,Failed,Approved,2022-03-04
fa51a4d5-2e77-420b-b3bc-35a3631947b6,S100822,Verified,Failed,Verified,Approved,2022-09-23
64f7a013-acf3-4b4d-9583-3542095c97fd,S100823,Failed,Failed,Verified,Approved,2023-08-19
2e64ca5d-cd0b-418d-8b88-b15d1e407c23,S100824,Verified,Failed,Verified,Approved,2023-07-10
2e63670b-7544-4677-b194-7591c2fd299c,S100825,Failed,Failed,Failed,Approved,2022-09-08
acb456d3-3945-474b-8e38-b2d46eae629c,S100826,Failed,Verified,Failed,Approved,2025-09-11
824865e6-5d24-4ff6-8ea0-63bb2c67494b,S100827,Verified,Verified,Verified,Approved,2026-03-22
90df1628-914f-43b4-a30f-6963cc667991,S100828,Failed,Verified,Verified,Approved,2025-08-12
e5537c42-2881-4c4f-bb1d-4c0170574651,S100829,Failed,Failed,Verified,Approved,2026-06-20
9ed5cdbb-5cf2-4a2e-a942-8964445751bc,S100830,Failed,Verified,Failed,Approved,2023-04-05
aa217581-1a82-4c30-b80e-9430fbf323d8,S100831,Failed,Failed,Failed,Approved,2025-06-10
5d3177dc-a546-4125-80bf-7641d820c738,S100832,Failed,Failed,Failed,Approved,2023-10-15
71a57d0b-ae99-41db-aa3d-cbd25ca641ec,S100833,Verified,Verified,Failed,Approved,2023-06-11
c4aa1dff-282e-4148-b20a-45e39e395822,S100834,Failed,Verified,Failed,Rejected,2026-03-21
01d2289d-7787-47d3-bd28-11fae05e9d2f,S100835,Failed,Verified,Verified,Approved,2022-03-11
55ecb00d-ae69-4e2b-9d9a-06fd1e58f6e6,S100836,Failed,Verified,Verified,Rejected,2025-11-16
188b425b-9e5b-475b-ad86-32d14ee9c3bf,S100837,Failed,Verified,Verified,Approved,2025-08-07
ad099361-776f-4ad6-b70e-6207d562ab4a,S100838,Failed,Verified,Failed,Approved,2026-03-31
cef1a123-a016-469f-b4a2-54077fc779be,S100839,Failed,Failed,Failed,Approved,2025-01-01
d99cb917-d631-43b3-baeb-99342ed1b373,S100840,Verified,Verified,Failed,Approved,2022-04-20
f766c361-d131-476b-812d-9ebf69e8d1d3,S100841,Failed,Failed,Failed,Approved,2022-08-07
571ffabd-820a-4e75-ac8b-f4549613bb63,S100842,Failed,Verified,Verified,Approved,2024-09-27
b01796d2-8d44-41c0-8225-97ce68035617,S100843,Failed,Failed,Verified,Approved,2023-07-02
afc96b0e-a40e-4ed3-9e13-6a808939f74a,S100844,Failed,Verified,Verified,Approved,2024-06-03
10160de4-c11b-4ce1-ab8b-bd138ce043e7,S100845,Failed,Verified,Failed,Approved,2025-09-23
86142f38-c195-442c-ad8a-ad7e08f16514,S100846,Failed,Failed,Verified,Approved,2023-05-10
796a9818-9ade-44de-ac6d-ca5257d050cf,S100847,Verified,Failed,Verified,Pending,2023-06-05
803e8d5f-58c5-48c0-b117-70f93351c6b1,S100848,Verified,Failed,Failed,Pending,2022-06-19
7a95df83-f7dd-41c3-bc7e-d14060e585ab,S100849,Failed,Failed,Verified,Approved,2025-02-14
eba17684-d15f-4728-9477-d223dcab893c,S100850,Verified,Verified,Failed,Approved,2026-02-19
d44b843c-4b18-46cf-9756-5db3d4a1b2c5,S100851,Failed,Verified,Failed,Approved,2026-01-23
ea723e7c-b265-4ced-b2ea-a1003668e63f,S100852,Verified,Verified,Failed,Pending,2024-09-16
69251436-dafb-46a7-be2c-082231cdda4b,S100853,Failed,Failed,Verified,Approved,2024-07-04
7f05edef-e23a-4145-8583-c51746183169,S100854,Verified,Failed,Verified,Pending,2024-03-23
33654e76-61f7-4d23-ab10-37f30d124a8a,S100855,Verified,Verified,Failed,Pending,2024-05-22
d6f3c4dc-6546-4a62-bd70-c952267f59bc,S100856,,Verified,Failed,Approved,2023-07-06
e290b957-6c9e-4bcd-a869-0c6d7e27ca2c,S100857,Verified,Verified,Failed,Approved,2024-11-16
59c435a2-dfdf-4a67-83e5-22d0cd4ace29,S100858,Verified,Verified,Verified,Approved,2024-10-25
df335e9a-cef8-4c01-a4ca-0dbb9832fcdc,S100859,Failed,Failed,Verified,Rejected,2025-09-29
55b40f5e-bc40-456e-838a-df44cc6a3edf,S100860,Verified,Verified,Verified,Approved,2025-02-09
bdcd79ee-a7e3-4e20-b1c7-76d784ab8be3,S100861,Failed,Failed,Failed,Approved,2022-06-16
42605e08-9e78-409e-a290-129a63228db2,S100862,Verified,Failed,Failed,Approved,2022-10-08
43dc2248-a20d-47e6-9557-91e6d1bb5622,S100863,Failed,Verified,Failed,Approved,2022-09-10
140be992-be9c-45a4-b14f-75c4f8f248a1,S100864,Verified,Failed,Failed,Approved,2022-07-08
a0dc036c-d78a-44e9-9a84-6e02594f9355,S100865,Failed,Failed,Verified,Approved,2023-01-22
466b654d-3d15-44b2-bcff-b3ffcf245b69,S100866,Failed,Verified,Verified,Approved,2025-12-03
40b3ac05-e839-4e03-b17f-8b70da8a094c,S100867,Verified,Verified,Failed,Rejected,2025-10-16
093c7786-a5d4-4c65-91d8-ed0cdd1096b3,S100868,Verified,Failed,Failed,Approved,2023-01-15
40d0e9a7-2134-428b-a376-72abb786d4cd,S100869,Failed,Verified,Failed,Approved,2022-08-18
3dc84bf1-5d52-4fd5-864f-a55b060544c1,S100870,Failed,Verified,Failed,Approved,2022-10-21
99bb6701-2b6e-4210-bec2-7a2f7153b57a,S100871,Verified,Failed,Failed,Pending,2023-04-09
b997f6ec-8f24-4dd2-816c-639ba5bf82d8,S100872,Failed,Failed,Verified,Rejected,2025-11-12
bf7f5d0d-d4ed-4b02-ade1-c27345dc5be3,S100873,Verified,Failed,Verified,Approved,2024-03-20
509814a6-65fb-4b3e-9c73-c39886332bd3,S100874,Failed,Verified,Verified,Approved,2024-07-31
9fada6f5-a445-4252-ba1c-0f77e0e50bc4,S100875,Verified,Failed,Verified,Approved,2024-12-02
06e8868c-e0a5-4214-9530-29b3423a0c89,S100876,Verified,Verified,Failed,Approved,2022-09-19
d092e7b5-ce02-4117-b0e0-8b473cad907c,S100877,Verified,Verified,Verified,Approved,2022-08-01
dded21d7-8dd0-4121-8797-a5e459721f8d,S100878,Failed,Failed,Verified,Approved,2022-04-14
f7c430ca-c5d9-4515-8854-6b42f11d044a,S100879,Verified,Verified,Failed,Pending,2024-02-03
5fe59f25-01dd-4910-8664-e5a37b66efa2,S100880,Failed,Failed,Verified,Pending,2024-04-09
32df6c31-3746-4577-8837-6d403ac53c2a,S100881,Verified,Verified,Verified,Approved,2022-12-16
ecc716cb-5f33-4961-889f-1e5fbab9c583,S100882,Failed,Verified,Failed,Pending,2022-12-15
2fc068d2-3040-4f77-9491-8c656725583d,S100883,Failed,Verified,Failed,Rejected,2025-12-12
3f679b26-1ef1-4ccd-9b6f-01a3b8bbcc54,S100884,Verified,Verified,Failed,Approved,2023-03-01
4d8dba8d-6138-4cfd-99d0-5cf068368237,S100885,Failed,Failed,Verified,Pending,2022-01-25
0afb740f-865d-4589-bd86-754bf9dc4eae,S100886,Verified,Verified,Verified,Approved,2024-09-09
cfb96160-46d5-4102-ab36-b206b2562cfc,S100887,Verified,Verified,Failed,Rejected,2024-05-18
38ae639b-7987-480d-8778-0c9ec7e2b7b8,S100888,Verified,Verified,Failed,Approved,2025-08-23
f7b3ffde-0e2c-4dc4-b583-1d717566aeb8,S100889,Verified,Verified,Failed,Approved,2022-05-19
165d4c7a-465b-4e18-a01f-0928cd8ce6c9,S100890,Verified,Verified,Verified,Approved,2025-01-17
e141dc61-b8c2-4889-8055-b7d85a0c2aac,S100891,Failed,Verified,Verified,Approved,2024-06-28
cf9072f1-2d3a-436b-b7ea-98bf62e61e64,S100892,Verified,Failed,Verified,Approved,2022-07-16
d6a36a7b-41ef-471d-b4de-bf85fd4ba09b,S100893,Failed,Failed,Verified,Approved,2025-10-06
0bbf6b19-1a75-4928-9071-1ea9078120d2,S100894,Failed,Failed,Verified,Rejected,2023-09-20
24228f6c-e126-419a-bcf3-c36acd5ab971,S100895,Verified,Verified,Failed,Rejected,2024-06-19
3aff7d97-843b-4043-9c68-2594685936ef,S100896,Failed,Verified,Verified,Pending,2023-04-22
a1b32421-73b3-4d4d-8870-43d0de8dace1,S100897,Verified,Verified,Verified,Approved,2023-06-25
33bc3c07-34ba-4ebe-ae8f-c52794d853e3,S100898,Verified,Verified,Failed,Approved,2025-09-29
65026ba0-ecad-4027-8a96-00b8e40eeb67,S100899,Verified,Failed,Failed,Rejected,2022-04-29
6d52925c-a5d0-464a-87f8-4f47779f9a7b,S100900,Verified,Failed,Failed,Approved,2024-09-12
ff701c3a-fbc3-4bfe-b110-6dd84437e4d3,S100901,Failed,Verified,Failed,Approved,2026-02-16
64e37441-e69b-403e-b433-e571c9e71acb,S100902,Verified,Failed,Verified,Approved,2024-05-22
098f4aeb-bedd-4a60-ae8f-ecb2dd1ff71a,S100903,Failed,Verified,Failed,Approved,2023-03-20
db6bac7a-d9cb-44b4-b7e9-c0723f655656,S100904,Failed,Verified,Failed,Approved,2024-04-21
7c5656bf-e747-4ea0-a2f1-0bdaf39ee624,S100905,Verified,Verified,Verified,Approved,2023-03-13
92042eee-c8a6-4c98-927e-104732522675,S100906,Verified,Failed,Verified,Approved,2025-03-19
1c8899b2-43b3-48c5-b97b-42759e8c7c4b,S100907,Failed,Failed,Verified,Pending,2022-08-02
c855d334-2589-49f3-983a-048055eec0c7,S100908,Failed,Verified,Verified,Approved,2022-02-22
c2061ef3-f476-4ab5-b56e-2a210dbe592f,S100909,Verified,Verified,Failed,Approved,2023-01-25
d0d2cba5-d173-4c9a-889f-10d293584c22,S100910,Failed,Verified,Verified,Approved,2024-10-06
16bace62-e08b-40b7-8da9-cec111df72d2,S100911,Verified,Verified,Failed,Approved,2024-09-21
7d3e6058-a0d7-4e74-add5-84720569f9ac,S100912,Verified,Verified,Verified,Rejected,2022-07-19
cddfa8d7-7ba1-4f41-8b7f-eb206fab8011,S100913,Failed,Verified,Verified,Pending,2023-08-11
dfb4cac0-ae9b-4636-9c34-6de98887a785,S100914,Verified,Failed,Verified,Approved,2024-09-03
6449155b-1d6f-42e4-93f1-1e4398a8b8cf,S100915,Failed,Verified,Failed,Approved,2023-07-08
432abbdd-848b-4713-ba0c-7fb44c8d35ce,S100916,Failed,Verified,Verified,Approved,2024-06-02
79cc7e5e-7623-4e63-a193-310e9786b301,S100917,Failed,Verified,Failed,Rejected,2024-01-08
33c25e93-7826-4f74-a243-d59d90d70dfb,S100918,Verified,Failed,Verified,Rejected,2023-11-04
3c6e5ced-feef-4219-b241-85a884b3df55,S100919,Failed,Verified,Verified,Rejected,2024-02-27
6d577ccc-058f-466e-95a3-8c5edcf05365,S100920,Verified,Verified,Failed,Rejected,2022-02-19
3707ce65-4069-46a0-837a-5b1c16526a59,S100921,Verified,Verified,Failed,Approved,2024-09-03
dcb9dc82-727a-4c6c-9249-5f4be3b2c3ab,S100922,Failed,Verified,Verified,Pending,2025-11-25
b4b0426b-4503-4517-9f07-46c1a7c1ca53,S100923,Failed,Failed,Failed,Approved,2025-03-10
970cfff7-8731-4258-b91a-5b62f24c8983,S100924,Failed,Verified,Failed,Approved,2023-10-22
05de8976-5765-402a-9ae2-21e835db0948,S100925,Verified,Verified,Failed,Approved,2023-06-24
580c57c6-e949-457a-8efd-ea3ff2226115,S100926,Failed,Verified,Failed,Approved,2023-06-18
a42e024f-c4be-4518-81e5-0b4eab2eb4f9,S100927,Failed,Failed,Failed,Approved,2025-11-15
081dc650-68ee-468d-aef4-d78eafae9a24,S100928,Verified,Verified,Verified,Approved,2022-01-20
076c1b3b-77a3-4cba-82b1-dabe2f8bf7b6,S100929,Failed,Failed,Verified,Approved,2026-02-02
8721a8ce-dc57-49c8-a74a-f7ebb9e83055,S100930,Verified,Verified,Verified,Pending,2022-03-14
c1977527-6ec6-4a04-9588-e5c9786a3f09,S100931,Verified,Failed,Verified,Rejected,2023-06-12
15cf6f1c-7b1b-4da9-8f7a-7992786f1a12,S100932,Verified,Failed,Failed,Approved,2023-12-16
b318dfed-ea0f-4ad5-989c-8969a2f23fba,S100933,Failed,Failed,Failed,Approved,2022-02-09
1ea7f1b1-f13c-4a45-ae21-97658ab03a04,S100934,Failed,Verified,Verified,Approved,2024-01-06
2ead6714-9986-4f10-a8f0-8e03f10230ac,S100935,Failed,Verified,Verified,Approved,2022-01-28
662d2cde-b801-4e08-a20f-50fd3d3949cb,S100936,Failed,Failed,Failed,Approved,2023-08-23
37ea76ee-dcd9-4a8e-9848-4650ec250fe8,S100937,Verified,Failed,Failed,Approved,2025-06-30
3006c430-209b-4693-9c1b-06a191ea8f49,S100938,Failed,Verified,Failed,Approved,2023-12-20
5d29915e-40e8-43bc-b633-54507df2ae2c,S100939,Verified,Failed,Failed,Approved,2025-02-03
855ad5d5-9697-4820-a505-04a299250e14,S100940,Failed,Failed,Verified,Approved,2024-05-20
ac137205-f5bf-429e-8c2f-3decf723f78f,S100941,Verified,Failed,Failed,Pending,2022-06-20
f74dde68-bc85-4a40-b32b-836d1a3a6d88,S100942,Verified,Verified,Verified,Approved,2026-02-21
3f9b1b1d-e9d2-4a12-a8c3-14913504990a,S100943,Failed,Verified,Failed,Rejected,2026-06-12
8023f539-ef67-41b6-a946-1a1f7f8bf62b,S100944,Verified,Failed,Failed,Approved,2022-05-03
eaaaa624-559f-423f-824c-9d9c7226206e,S100945,Verified,Verified,Failed,Approved,2025-05-17
faad96cb-c74b-4ef2-8149-459cb1843535,S100946,Verified,Failed,Failed,Approved,2022-02-14
10ee6e65-942a-46d0-bd41-606102ff47f9,S100947,Failed,Failed,Failed,Approved,2022-05-26
cd7a1d02-a0c2-4b32-8b7c-9b74c22cb468,S100948,Failed,Verified,Verified,Pending,2026-04-19
a4245d9f-d853-40e6-a78a-da38c0fb5d70,S100949,Verified,Verified,Verified,Approved,2025-07-05
07ab9ed9-e2ee-4c76-9e7d-b38a5d058057,S100950,Failed,Failed,Verified,Approved,2022-09-07
0a73c838-446f-4dd4-ad64-91bbd1945931,S100951,Failed,Verified,Failed,Approved,2022-11-29
747f61e7-f732-4c85-892b-041d7ef71a10,S100952,Failed,Failed,Failed,Approved,2024-11-10
89b0026b-c2e7-4436-b479-e48e871805a3,S100953,Failed,Verified,Failed,Approved,2025-04-30
70fd7536-4d27-4119-a53e-a8bcae44582d,S100954,Verified,Verified,Verified,Approved,2025-10-31
83257551-44d6-4eca-bb12-80a987e9974d,S100955,Verified,Failed,Verified,Rejected,2022-06-30
02b8a68f-ce37-4129-b23f-4127f80f6a81,S100956,Failed,Failed,Verified,Pending,2023-07-11
d767a1fc-847d-4dd6-811a-25783a5e142b,S100957,Failed,Verified,Failed,Approved,2026-05-19
368b8a84-7662-4a18-99ec-c726c4ce1d19,S100958,Failed,Verified,Verified,Pending,2023-09-06
541cb88e-ddb6-44a8-ae00-98446ecfe167,S100959,Failed,Failed,Failed,Approved,2025-03-22
adab3072-b0aa-4363-88e5-433ea8f171d5,S100960,Verified,Failed,Failed,Approved,2024-04-09
e0ad133d-4a82-43d5-9e33-b84d01da6805,S100961,Failed,Verified,Failed,Approved,2025-02-21
7aad6e8a-2119-4e7e-9ec4-d78643276984,S100962,Failed,Failed,Failed,Approved,2024-03-24
9d45543d-0ec9-4454-839a-457f2f48ae68,S100963,Verified,Failed,Verified,Approved,2025-03-17
ddeb478a-1e20-4b43-b06b-9fc4028835d6,S100964,Verified,Failed,Verified,Approved,2023-10-21
d1b4f84d-de7f-411b-8dd8-410773a1b59e,S100965,Failed,Verified,Failed,Approved,2025-02-26
a9c8cdb2-cab7-4183-beaf-05b4818c7f71,S100966,Failed,Failed,Failed,Rejected,2022-09-17
fc6c5725-cdb7-4bff-a3d4-70bbc92f1bb1,S100967,Failed,Failed,Failed,Rejected,2024-06-10
f2bec06d-bd46-425c-bee6-7d5f419ec43e,S100968,Verified,Verified,Verified,Approved,2026-03-24
be8445f6-7e11-408a-ad92-e45a152c4aad,S100969,Failed,Verified,Failed,Approved,2024-01-18
9fc9eda8-bf01-4ce6-935b-f70684ee0dc8,S100970,Verified,Verified,Failed,Approved,2025-03-27
f2baf696-4458-4ce7-9421-11b780a8ce5c,S100971,Failed,Verified,Failed,Rejected,2024-06-10
e3859c44-4464-45c6-be6c-c58242d6f44c,S100972,Failed,Failed,Verified,Approved,2024-05-11
a8b3815d-8fdd-467e-8d02-ecf70aa9504d,S100973,Failed,Verified,Failed,Approved,2022-02-23
ff1ba3e0-50c1-4154-a6a7-f0cf9291b76d,S100974,Failed,Failed,Failed,Approved,2024-09-20
0621e9e2-3732-4a7f-966e-811abe102cfe,S100975,Verified,Failed,Verified,Pending,2024-09-04
f8c27ebe-2faa-4bc3-beef-e7f1332cd778,S100976,Failed,Verified,Verified,Rejected,2023-12-29
a0576129-760f-4514-889e-e15ca0286908,S100977,Verified,Verified,Failed,Pending,2024-01-18
014cd941-6f8a-406f-9f2a-8572e330e3e1,S100978,Failed,Failed,Verified,Pending,2024-01-25
579f875d-d329-4a71-b697-492fd840fd58,S100979,Failed,Failed,Failed,Rejected,2025-08-03
9fffa3f7-9e8b-4907-ac5f-0fe7278e4cfc,S100980,Verified,Failed,Failed,Approved,2022-09-28
be437af5-1fcb-4f4f-8dd8-84f1c7ff3521,S100981,Failed,Failed,Failed,Pending,2023-07-02
d55a082b-34eb-4644-a8b1-2fd25c920459,S100982,Failed,Failed,Failed,Approved,2026-02-09
e62077b7-09aa-495c-a623-2276e97e225f,S100983,Failed,Failed,Verified,Approved,2023-03-08
991e2baa-f294-4b2e-9b67-bd94215d36f9,S100984,Failed,Verified,Failed,Approved,2022-01-07
618f996a-66f6-4fa8-9f58-ecdea88cabba,S100985,Failed,Verified,Failed,Approved,2023-03-18
f59ae4db-0575-4f3a-b80c-c55832222749,S100986,Verified,Failed,Failed,Approved,2026-02-11
2a461f1a-e43b-4fcc-9290-bb3199b3a18c,S100987,Failed,Verified,Failed,Approved,2025-03-17
d985084a-5bb4-42ae-bef2-7f33e906705d,S100988,Failed,Failed,Verified,Approved,2022-11-19
43c5d121-5a45-44cf-a648-f283f6de1f5c,S100989,Failed,Verified,Verified,Approved,2023-04-26
3eacdcd6-fa7d-4bd7-80d2-d503f813ddba,S100990,Failed,Failed,Verified,Approved,2026-05-13
a485d43c-98e4-4c15-b0ae-c6f107839655,S100991,Failed,Verified,Failed,Pending,2025-08-06
5a6c995c-cda1-45a5-9e09-f52297d9e5c4,S100992,Failed,Failed,Verified,Approved,2022-04-05
d7724ab4-cb7b-4cbe-8e1a-a7e14672193a,S100993,Failed,Failed,Failed,Approved,2024-06-04
aec00264-2e14-4440-8de7-4c070f641d79,S100994,Verified,Failed,Failed,Approved,2025-10-26
29d17687-eca4-4ade-b55e-f82f76815950,S100995,Failed,Verified,Verified,Approved,2022-08-06
ddcb32bb-255e-41b2-9e12-d7940697f23e,S100996,Failed,Failed,Verified,Approved,2024-03-08
5b76df60-9bf8-4468-a0c1-b0aff984e1f8,S100997,Verified,Failed,Verified,Approved,2025-11-07
f9f4d6b0-8ef5-44c8-97ea-3df9370a5c57,S100998,Failed,Verified,Failed,Approved,2023-12-07
05a13ea1-011e-4e1e-938c-31c3ebdfea7a,S100999,Verified,Failed,Verified,Approved,2024-05-24
14111c2b-3352-4551-a0c6-1af64ace06d9,S101000,Verified,Verified,Verified,Approved,2023-03-03
23d91acc-881d-4ecf-b286-e414aa0fa575,S101001,Failed,Verified,Verified,Approved,2023-02-07
ff2868c3-c210-435d-89fa-ba0bb324ffc8,S101002,Failed,Failed,Verified,Pending,2023-03-04
eeeb75c7-626f-4613-9ab4-f0f9b15fc97d,S101003,Failed,Verified,Failed,Rejected,2022-12-31
e897c1c6-cec8-4e0d-a056-30f78465d576,S101004,Verified,Verified,Failed,Approved,2025-06-30
dfde557b-8741-469f-8d0b-7b5a0e330d81,S101005,Failed,Verified,Verified,Approved,2025-10-09
08540fb5-b170-42b5-8821-90851fdbaf7a,S101006,Failed,Failed,Failed,Approved,2025-08-13
f7bb6c28-e8f8-4153-bccd-b4f3910db5e5,S101007,Verified,Verified,Failed,Approved,2022-03-22
58ba21d6-f5f2-4da8-a8d7-d6890e507e62,S101008,Failed,Failed,Failed,Pending,2025-05-12
b575008f-49b2-446b-87db-14f34c1d46c4,S101009,Verified,Verified,Verified,Approved,2025-04-23
842607d2-ea4b-4a02-b7af-080872c2f792,S101010,Verified,Verified,Failed,Approved,2026-07-17
d31602a3-c1a9-44bd-b186-ec575be1e450,S101011,Failed,Failed,Failed,Pending,2025-05-19
e28dcfb3-7273-4cfd-9999-ccc07c440eb2,S101012,Failed,Verified,Verified,Approved,2022-11-12
8682ec28-cfb4-49f5-963f-ea97345eee44,S101013,Failed,Verified,Failed,Approved,2026-01-16
45596414-267e-4dda-bf9b-acaef0f0a856,S101014,Failed,Verified,Failed,Approved,2024-02-28
a35985a0-545a-4652-b779-0041d4be3b3f,S101015,Failed,Verified,Verified,Approved,2025-07-09
86b96a2a-3c98-4376-93d1-9f8eae0e8614,S101016,Verified,Failed,Failed,Rejected,2022-01-20
dba748a7-5fef-47a4-9adf-d612d4722d81,S101017,Verified,Failed,Verified,Approved,2026-06-07
7c6bc671-2824-471e-8929-25f615ab577d,S101018,Verified,Failed,Verified,Approved,2026-07-26
301342f9-adb1-4a9b-9c0c-4fc92534faaa,S101019,Verified,Failed,Failed,Approved,2023-11-07
23596be8-dece-4697-83e5-72dec3c2a462,S101020,Failed,Failed,Verified,Approved,2025-06-18
da1983a0-4644-4545-ae8a-4a656fc469f7,S101021,Failed,Failed,Failed,Approved,2025-11-16
de3a0eeb-5ae3-407a-963d-de7921aa4132,S101022,Failed,Verified,Verified,Rejected,2025-04-21
57e23139-8123-41dc-9935-1b6cf4e99572,S101023,Failed,Verified,Failed,Pending,2024-12-14
5d7923d8-5cc2-45aa-9eee-3ce82f4643a2,S101024,Failed,Verified,Verified,Approved,2024-09-10
6b36a78b-af80-4f2b-b78f-cc0da5826b3d,S101025,Failed,Verified,Failed,Approved,2023-08-27
86a4904d-c88f-4fbc-8722-42c6c62534d3,S101026,Failed,Failed,Verified,Pending,2025-06-24
5627b6ad-144a-4376-b94c-19d0a9506bc2,S101027,Failed,Failed,Verified,Approved,2026-03-15
0a80335a-977c-46aa-96a4-8395e7bf5cb0,S101028,Verified,Verified,Verified,Approved,2022-06-02
8367c2d1-efd6-42b9-8dbb-31a43e61b48d,S101029,Verified,Verified,Failed,Approved,2023-08-09
ba59aca8-6c58-456e-933f-7d2f1fba1b1b,S101030,Verified,Verified,Failed,Approved,2026-07-09
9ede0b0e-d4a0-4c01-9a36-5bc1ba0a4e55,S101031,Verified,Failed,Verified,Approved,2023-05-26
43057119-4da7-4051-984f-b1fe540e6774,S101032,Failed,Verified,Failed,Approved,2023-01-04
633f0965-7417-4003-8076-7cbfbde2c14d,S101033,Failed,Failed,Verified,Approved,2025-06-24
56ad73c0-cc98-484c-acda-5fcb1a72caee,S101034,Failed,Verified,Verified,Approved,2022-06-11
c31ffff2-b567-4b5f-9316-2db903d0066e,S101035,Verified,Failed,Failed,Approved,2025-09-17
481f1fdc-8ded-45e6-8333-1e4d4b4ecd8d,S101036,Verified,Verified,Verified,Approved,2024-01-27
e280a0a8-1d79-4295-bd4c-a96c95cfe765,S101037,Verified,Verified,Failed,Approved,2024-09-04
bcb234e2-5349-4e83-9866-05fbb686fd53,S101038,Verified,Failed,Failed,Approved,2023-07-18
22dffd0a-9275-45b8-82aa-f3a707cb80ec,S101039,Failed,Verified,Verified,Pending,2024-04-29
683fb175-49c1-4eb9-815b-d7d1a78738ea,S101040,Failed,Verified,Failed,Pending,2023-01-14
3cc177cc-0a83-423a-8a5c-f385b63b7fc8,S101041,Failed,Verified,Verified,Approved,2023-03-13
71910fd1-06d9-42ee-951a-8995eade0163,S101042,Failed,Verified,Failed,Approved,2022-01-12
987d2796-69b8-4e5d-99c5-c0c4eeca7105,S101043,Verified,Verified,Failed,Approved,2022-11-17
c8aaaccf-58bf-497c-9c71-d3e8ee26e2bc,S101044,Failed,Verified,Verified,Pending,2022-02-01
ccc7c6c6-b2a0-4f1a-99f1-0cd85a301f02,S101045,Failed,Failed,Failed,Approved,2024-12-09
5e46c3f8-35d8-4110-af24-d299c609fe8d,S101046,Failed,Verified,Failed,Approved,2022-04-19
82c27462-8220-4dad-9527-fa54dc66bdc1,S101047,Verified,Failed,Failed,Approved,2023-05-27
81fe7fe9-0fdf-4e69-9bda-818813eae5c2,S101048,Verified,Verified,Failed,Approved,2022-06-20
a9fefec0-2254-4932-b638-e439c1b2a715,S101049,Failed,Verified,Verified,Approved,2023-11-26
c6a59693-704a-4a01-b256-c86f270d15be,S101050,Failed,Failed,Verified,Approved,2025-12-20
c483ffec-7270-4f7a-8cce-7196546989cf,S101051,Verified,Failed,Failed,Approved,2022-11-06
7f24a43a-a0a9-4004-b3b7-f9b5d61bf839,S101052,Failed,Verified,Failed,Approved,2024-09-19
5f42332a-4581-43cf-be3f-bffaef0baa34,S101053,Failed,Failed,Verified,Pending,2023-06-10
5eb4360a-2e0f-4703-9fb6-95fa930d721e,S101054,Verified,Failed,Verified,Approved,2023-10-11
1e12a48e-b542-41a4-a11f-4efd48abd32e,S101055,Failed,Verified,Failed,Approved,2023-01-03
728752ed-83aa-4ba7-b781-d9a6204e0e2f,S101056,Failed,Verified,Failed,Rejected,2025-04-24
bc95cd43-49d8-432a-99fd-99b425fc8b3f,S101057,Verified,Verified,Failed,Rejected,2023-11-23
3f91dcc2-cfb9-4e61-8fee-8fff96382c45,S101058,Verified,Failed,Verified,Approved,2026-05-11
9d9e2f4a-784d-4d5e-989c-4f9c7b86ec15,S101059,Verified,Verified,Failed,Approved,2024-02-23
0fe75f7e-7e53-41f0-845b-df7d09dd97ae,S101060,Failed,Failed,Failed,Approved,2025-10-06
54b81613-dfc9-450d-88f7-407ab5f018e4,S101061,Failed,Failed,Failed,Approved,2022-03-28
fbb7c395-998f-4818-9d3b-6e50e4887756,S101062,Failed,Failed,Failed,Rejected,2023-10-30
4f7f85a7-d506-43a9-8c23-a9b548c1e321,S101063,Failed,Verified,Failed,Pending,2022-07-07
6a828f3f-bcb9-4638-b020-0b6d91b67a23,S101064,Failed,Failed,Verified,Approved,2026-04-18
ec09b2f2-43e0-49f0-a579-b25e763b7b46,S101065,Failed,Verified,Verified,Approved,2024-12-21
1b038ab9-e482-4f7a-986f-88b6b8398731,S101066,Verified,Failed,Failed,Rejected,2023-11-04
328deab9-21f0-4a41-ad26-af9a6fb66552,S101067,Failed,Failed,Failed,Rejected,2026-04-28
c9c067a7-5746-49fc-904a-b3a5ad80a85c,S101068,Failed,Verified,Failed,Approved,2022-03-30
7d13828c-d86f-4192-a8b3-a2d96bf95967,S101069,Verified,Failed,Verified,Approved,2026-01-26
5d30005d-5473-4f42-a76f-090b1e0ec4e9,S101070,Failed,Verified,Failed,Approved,2022-01-12
e6d1bd92-57f0-4393-b893-4037960c2e54,S101071,Failed,Verified,Failed,Approved,2025-08-31
c6ca3a1c-2b33-47f1-ae1c-f2d207a5b464,S101072,Failed,Verified,Verified,Approved,2023-03-27
4375386e-725e-4e45-ae51-26f1734d9ed5,S101073,Failed,Failed,Failed,Approved,2025-05-05
0554903e-ca8e-4d1c-bbf6-fe159fc2bdda,S101074,Verified,Failed,Failed,Approved,2026-02-18
c840c79b-1fb9-4afe-8d16-954a60279729,S101075,Verified,Failed,Verified,Rejected,2022-09-06
fc58cd22-c69b-4d9e-a948-c42a27a53571,S101076,Failed,Verified,Verified,Approved,2022-03-01
adf65518-25c4-47d4-bda6-5190272ddbc4,S101077,Failed,Failed,Verified,Rejected,2025-11-09
328529a1-5c46-4ee1-a5b5-81407b909e8f,S101078,Verified,Verified,Failed,Approved,2025-12-25
48747194-f121-434e-9010-a064ce2620ff,S101079,Verified,Failed,Failed,Approved,2024-08-27
1cf9159b-f2cc-4d21-9e29-579dd12942f9,S101080,Verified,Failed,Failed,Approved,2024-01-13
46bbed34-33b3-4963-a0ab-61c0b184add3,S101081,Failed,Failed,Failed,Approved,2024-09-14
edcba8f8-e809-46e6-bf16-749a1a6c8efc,S101082,Verified,Verified,Verified,Approved,2022-09-26
0e4e4b22-0ca7-4326-91b2-1b61a3106ed8,S101083,Verified,Failed,Verified,Approved,2023-09-06
5d524c68-f5db-4cf0-886d-4aed56c7b5a2,S101084,Verified,Verified,Failed,Pending,2022-01-22
ca517a1f-3d9b-4ea5-8e41-54cc561da77b,S101085,Verified,Failed,Failed,Approved,2022-11-21
9f5b4f6a-5b0b-4480-9a6a-cdf84a2fae54,S101086,Failed,Failed,Failed,Approved,2024-12-31
d4adf7b8-e342-48cf-9611-fb2ff6a314dd,S101087,Verified,Verified,Verified,Approved,2026-05-27
cd29de77-6f65-4ede-ac73-270b5d10562e,S101088,Failed,Failed,Failed,Approved,2023-12-09
6c88d143-1f7e-421b-b54d-dbc02ff5577e,S101089,Failed,Verified,Verified,Rejected,2025-07-10
f848cd16-f4d0-4392-8ee9-0d39fdfa71a3,S101090,Verified,Failed,Failed,Approved,2022-12-28
5f7db347-341b-45bb-b6f5-e62fa9df3155,S101091,Verified,Failed,Verified,Approved,2026-06-22
a8747773-ed83-4ef6-b857-b817cb59575c,S101092,Verified,Verified,Failed,Approved,2026-03-02
dc531912-f875-4b4c-b308-f5ca7bd0c59d,S101093,Verified,Verified,Failed,Rejected,2024-10-02
824c2980-6a2d-4adb-aa24-0811c3a87fc6,S101094,Verified,Failed,Verified,Approved,2025-08-22
c8461261-d203-4944-8f7c-51cd0dd0e178,S101095,Failed,Failed,Failed,Approved,2024-07-26
01fdc597-c235-4af8-9b2a-c5249cddef42,S101096,Verified,Failed,Failed,Approved,2025-06-29
be6adc96-cdb4-44d7-bd0f-257b4d308f31,S101097,Failed,Failed,Verified,Approved,2024-02-15
80b3b454-07ac-4143-9776-e2fe949d8f6f,S101098,Failed,Failed,Verified,Approved,2025-03-18
0d02381a-b7b0-48e4-8256-7f376ad91975,S101099,Verified,Verified,Failed,Rejected,2024-03-01
7941159f-1457-470d-b36f-b1564b302097,S101100,Failed,Failed,Verified,Pending,2023-05-14
54629075-e924-4b6b-9edc-cf4816bb3b54,S101101,Verified,Verified,Failed,Rejected,2022-10-23
5230fce9-8f24-4f47-b8b7-720fae34c24e,S101102,Verified,Failed,Failed,Approved,2023-07-20
a030f865-17ee-413d-a89e-f665c415dec4,S101103,Failed,Verified,Failed,Approved,2022-02-07
9544234e-74f0-4bc0-943e-ec62b7dbc6fe,S101104,Verified,Failed,Verified,Rejected,2022-07-18
8e553ae7-6416-4c11-b91a-f4213b44798b,S101105,Verified,Verified,Failed,Approved,2026-03-26
c7479b4f-0bd5-4513-a31d-5f0f623b2e73,S101106,Failed,Failed,Verified,Approved,2024-03-08
f72cbfc1-ae80-4581-9db6-46d9f0294048,S101107,Verified,Verified,Verified,Approved,2025-12-28
ab111940-118d-4d9a-9ece-a1f83e190e81,S101108,Verified,Failed,Failed,Approved,2023-07-21
8604e4a9-093a-4d37-ab94-7405ae128b5d,S101109,Failed,Verified,Failed,Approved,2022-01-03
e2236d87-f6a9-48dd-b4a6-6aae93649895,S101110,Verified,Failed,Failed,Approved,2023-07-20
8bdbbc7a-8195-4a47-bbbb-20518484ed40,S101111,Failed,Failed,Failed,Approved,2025-07-01
0641f2bb-ade1-466b-a56f-50b459aaae04,S101112,Failed,Verified,Verified,Pending,2025-06-04
5e598b43-088d-4f3d-9686-d8c8fac1bde9,S101113,Verified,Failed,Verified,Approved,2023-06-23
8d4737b9-c331-48b9-8a41-100c5f2ea5ee,S101114,Failed,Failed,Failed,Rejected,2022-11-24
17c402b1-140a-45e9-98e3-3b1532684535,S101115,Verified,Verified,Failed,Pending,2022-08-21
34614571-d75a-413e-9e92-930d1ba7a611,S101116,Verified,Failed,Failed,Approved,2025-07-15
67e8e184-2969-439f-8b30-9c1b2c579797,S101117,Verified,Verified,Failed,Approved,2023-11-04
9c705735-0871-4438-8c69-aef948f815a2,S101118,Verified,Failed,Verified,Approved,2023-01-04
ad889dc9-af9b-4361-b09a-a02eb54a22c0,S101119,Failed,Verified,Failed,Approved,2024-11-11
37960fd9-b526-4f49-bcc3-ea34bbcb1820,S101120,Verified,Verified,Verified,Approved,2022-12-02
3e34d705-6ef5-457b-9217-07d1f0c0162d,S101121,Failed,Verified,Failed,Approved,2024-01-29
2f584a94-0ae5-48a9-9662-2c877ff13433,S101122,Verified,Verified,Failed,Rejected,2024-01-28
ab4adf48-aa6a-4f7c-809f-d6b4e8dea13d,S101123,Verified,Verified,Failed,Approved,2022-11-18
8f7dfe90-8b18-4a3d-bc77-dfafe3b48ccd,S101124,Failed,Verified,Failed,Approved,2025-02-06
2b6843fa-84cd-440f-b292-63c7a2e35859,S101125,Verified,Failed,Verified,Approved,2022-09-08
f3ba4076-fe89-43c7-a7a6-6e73f1923179,S101126,Verified,Failed,Verified,Approved,2024-11-16
9d6c97f9-8844-4955-8f41-cb3610129b4b,S101127,Verified,Failed,Failed,Approved,2022-09-18
4888171c-4c12-4c30-8738-fd473614cf93,S101128,Failed,Failed,Verified,Pending,2025-07-18
850d3ae1-7325-4e9f-b06a-b6eaf3dd0af0,S101129,Verified,Verified,Verified,Approved,2023-11-10
6986dd76-c184-4a08-80b0-5405196e5344,S101130,Verified,Failed,Failed,Approved,2024-08-26
677862ae-6ea9-433d-b3eb-145cc5de66d6,S101131,Failed,Verified,Verified,Approved,2024-07-06
45e14de1-e1c8-4c3e-bf6b-4fd73f9b754c,S101132,Failed,Verified,Verified,Pending,2025-03-07
2296de7c-cdec-48d1-97e4-0d03e1741e11,S101133,Verified,Failed,Failed,Approved,2025-05-19
3b8abb2d-8b2e-44a7-8205-dfebbd38d1a2,S101134,Verified,Failed,Verified,Approved,2023-02-11
17bb849e-b309-4956-8333-6fe84c89cc83,S101135,Verified,Verified,Failed,Approved,2022-11-01
be2beed6-2fb4-4f29-8b40-0e8d2f8319f8,S101136,Failed,Verified,Verified,Approved,2023-02-25
4ac732b4-6f59-4a81-a79e-316bc413a659,S101137,Verified,Verified,Failed,Approved,2025-08-14
ba59aaf1-261e-43aa-8731-2c7c7b116d18,S101138,Verified,Failed,Failed,Approved,2024-03-08
465a3414-4e94-4af0-a9bc-3bd9d0f0a71c,S101139,Failed,Verified,Verified,Pending,2023-03-02
768db93c-41f5-4233-87ad-2ae1d92570eb,S101140,Failed,Failed,Failed,Approved,2025-09-09
c439131b-31b2-42dd-8f0d-dc0fa5f3540e,S101141,Verified,Failed,Verified,Approved,2024-05-11
c2f9e2d8-2a9c-46fb-83d5-fa8caf294dfb,S101142,Failed,Verified,Failed,Approved,2026-03-25
6f20c7fa-d207-4371-9969-d2b07eb2130d,S101143,Verified,Failed,Failed,Approved,2024-02-21
9808bb94-713d-4909-bd57-98e2680e1866,S101144,Verified,Verified,Verified,Approved,2024-04-21
84ae34be-53c7-4d24-a6b5-5d4cc8eeeaad,S101145,Verified,Verified,Verified,Approved,2023-02-11
8cb6eb6a-b16c-478d-aedf-999e17c9e43a,S101146,Verified,Verified,Failed,Approved,2026-07-23
dad01446-d325-4c03-b191-86d479706932,S101147,Failed,Verified,Verified,Approved,2022-01-09
9104b951-9c00-45bb-85ca-d3e94d66fcd2,S101148,Verified,Verified,Failed,Approved,2024-10-12
86c708c1-635f-420d-8fa4-414f2b342a75,S101149,Failed,Failed,Failed,Approved,2023-05-18
4e531789-169b-4f03-a9eb-9cc0722427be,S101150,Verified,Failed,Verified,Approved,2024-11-20
624f4792-41da-4bdc-b32a-d9a1eea8dac7,S101151,Verified,Failed,Failed,Approved,2024-03-07
fb960855-379c-4a7a-9c1f-c7f1d0c12a2a,S101152,Failed,Failed,Verified,Approved,2024-09-03
b400dcf7-9dd9-4b00-91ac-62d5cb0d28a2,S101153,Failed,Verified,Failed,Approved,2024-04-26
cf74a5da-1783-43ca-bfd3-86b455bfe6df,S101154,Verified,Verified,Verified,Approved,2023-02-01
6fe9dfc5-cede-4d22-948d-4ee753b8a95d,S101155,Verified,Verified,Verified,Approved,2022-03-30
24e8811a-a751-47d9-8f9a-936c67439b98,S101156,Verified,Failed,Failed,Approved,2023-08-27
029ee2d4-4776-4ac6-9d73-eb20322c0555,S101157,Failed,Verified,Verified,Approved,2022-07-23
60fc9ea0-a069-43fa-a710-8d4af109508e,S101158,Failed,Verified,Failed,Approved,2022-01-07
c24e1ca5-9555-4207-8b3e-bc4ccad028bc,S101159,Verified,Verified,Failed,Approved,2024-07-31
f051715a-8e36-439c-98cd-d1ea02d80d4c,S101160,Failed,Verified,Verified,Pending,2025-01-20
44ad467e-6002-4e59-8e21-d71390ba8806,S101161,Failed,Verified,Verified,Approved,2024-02-14
637b5a39-96d2-475f-b484-bf01c4031b61,S101162,Failed,Verified,Failed,Approved,2024-09-23
fef9d5ce-aaec-4c0f-ab15-ac9c63f6079c,S101163,Failed,Failed,Failed,Approved,2022-12-18
f56fc67d-105a-44a9-84f4-d276cecd5c10,S101164,Failed,Verified,Failed,Pending,2024-10-28
fc81a2e8-a94a-4ef6-9f2a-09b9e5ba54e7,S101165,Failed,Verified,Failed,Approved,2025-05-07
239c65ff-d6fb-473b-ae9b-989789ab96bb,S101166,Verified,Verified,Verified,Approved,2025-05-23
2559506f-ca69-4526-8810-88d8939806fa,S101167,Verified,Failed,Verified,Approved,2025-02-15
a661949f-c5a9-406e-aa3c-b8dd3e34cde1,S101168,Failed,Failed,Failed,Approved,2025-06-19
a5462df4-e18a-4d8d-b98a-bf34a151277e,S101169,Verified,Failed,Verified,Pending,2024-12-22
8f6847be-623a-4b33-842b-8f7622eb4477,S101170,Failed,Failed,Failed,Approved,2023-01-30
e73fb622-2f8c-4430-a32a-bd547d9aeef5,S101171,Failed,Verified,Verified,Approved,2026-02-16
3531a4ba-77bb-4e6c-b9ff-99f50d6d874b,S101172,Verified,Failed,Failed,Approved,2022-07-24
8ed8e6b6-b4fe-4eb8-bc68-8e1d3afbbe4c,S101173,Failed,Verified,Failed,Approved,2026-03-12
fb331963-0da0-4a2a-8514-53cbc60694c1,S101174,Failed,Failed,Verified,Approved,2025-08-03
10776546-b659-42c8-acec-e8246305b9c7,S101175,Failed,Verified,Verified,Approved,2025-08-04
7defc463-69e6-4584-83c2-24ac342921d1,S101176,Failed,Verified,Failed,Approved,2024-06-30
e21cb77f-b4f3-4c13-8d01-562aeb7fb6f8,S101177,Failed,Verified,Failed,Approved,2022-08-07
53a7fb02-f6b2-40d6-8554-e472fd469c7e,S101178,Failed,Failed,Verified,Approved,2022-06-14
0d2c55f1-3e9e-498c-805e-92847eeaf075,S101179,Failed,Verified,Verified,Approved,2023-04-27
5467601e-c987-4c38-83f7-80d6eda149db,S101180,Verified,Failed,Failed,Rejected,2023-08-05
afbd8d23-6292-4f81-9588-ff3c53ee8077,S101181,Failed,Failed,Failed,Pending,2024-03-05
53575c83-e3b4-4576-a9d2-310eccd23c50,S101182,Verified,Verified,Failed,Approved,2026-01-19
a99fa70e-7308-48c8-868a-f2bcacffe2ed,S101183,Verified,Verified,Failed,Approved,2025-01-20
aa848534-d1c7-45e7-a6d7-860b663eb777,S101184,Failed,Failed,Failed,Rejected,2025-08-22
5f30e7b8-fb1c-4fb4-8a72-280eea829a85,S101185,Failed,Verified,Failed,Approved,2022-10-04
809e5093-75db-4f02-8d17-a22fd35f6ad7,S101186,Failed,Failed,Verified,Approved,2024-12-02
008b8631-ad4f-4658-8fc6-7d4c62a7ce6f,S101187,Failed,Failed,Failed,Approved,2026-04-14
565ae02f-5a41-4c45-a2fe-45b40dda442f,S101188,Verified,Verified,Failed,Pending,2024-04-12
21bb549b-bc19-4683-9987-e067112db7de,S101189,Failed,Failed,Verified,Approved,2024-11-12
bfa4f6c8-a31f-40a2-a545-fa87eaa3f025,S101190,Failed,Verified,Failed,Pending,2023-10-10
42d9f538-6ca2-443d-a6d3-18127a9e453a,S101191,Failed,Failed,Failed,Approved,2023-11-16
9a06055b-f0cd-4a27-8165-0e8aa39f2d8a,S101192,Verified,Failed,Verified,Approved,2022-12-24
6a0b0c6f-f7d6-45e4-b6ff-761743936266,S101193,Failed,Failed,Failed,Pending,2022-10-05
77863e7b-2a65-46fb-b964-9b2fea5d736a,S101194,Verified,Verified,Failed,Approved,2022-03-31
1b7ca8f3-693c-4cff-9e1d-fc780952e26b,S101195,Verified,Verified,Failed,Approved,2026-05-04
5ae9e8bb-6f34-423b-b64e-12e2415f46ab,S101196,,Failed,Verified,Pending,2026-01-08
ccb4f3fc-4055-40bd-a1ff-dbb53160c612,S101197,Verified,Failed,Verified,Approved,2023-04-30
0fbb4d44-0ad4-443a-ad75-550940d16018,S101198,Failed,Failed,Failed,Approved,2022-11-14
fb0e33b8-1678-4235-a6a3-0e644ab5fb87,S101199,Failed,Verified,Verified,Approved,2023-01-18
716d7b79-6e69-44d3-8296-043caf5c0047,S101200,Failed,Failed,Failed,Approved,2023-04-10
198958b3-b721-422c-b4b6-b87b4003eeac,S101201,Failed,Verified,Failed,Approved,2025-08-06
0cfb46d3-2325-4f28-9e60-69fedd8eb663,S101202,Failed,Verified,Failed,Pending,2025-08-27
a1aeb6d0-1533-43e2-9367-70dd3fe32f1f,S101203,Failed,Verified,Failed,Approved,2022-10-26
f894331b-9257-4965-97ba-6b22930e6d05,S101204,Verified,Verified,Failed,Approved,2022-03-06
f1adafad-abb1-452a-98fc-68de87161f0c,S101205,Failed,Verified,Failed,Rejected,2024-04-24
571ff5da-cdf1-4511-858e-4470a84b2e49,S101206,Verified,Verified,Verified,Approved,2022-06-04
19ed9940-a099-4a5d-9fc2-cd2668aa41cb,S101207,Failed,Failed,Failed,Approved,2022-04-07
e10e466b-510c-4f32-b94a-d5263c454cd6,S101208,Failed,Failed,Failed,Approved,2025-09-25
0cb6a762-51cb-4c3f-8c1d-d40dda2aee4f,S101209,Verified,Verified,Verified,Pending,2023-09-29
435b42e4-a03b-40ea-966c-57ad8b1dc5fb,S101210,Failed,Failed,Verified,Approved,2022-07-16
2f856d05-e995-4d67-b002-6c19fd27f49d,S101211,Failed,Failed,Verified,Approved,2025-09-02
900a2223-b5a6-4a39-af90-e997d53c9528,S101212,Failed,Verified,Verified,Rejected,2026-07-06
79cd96c1-eddb-4be5-9e37-5167802e27a4,S101213,Failed,Verified,Verified,Approved,2023-11-28
b5d0d08b-6927-4829-ac5e-5242e627aaf7,S101214,Verified,Verified,Verified,Approved,2024-10-19
daad6746-2fa8-4023-b46e-8e1dfebf1675,S101215,Failed,Failed,Verified,Pending,2024-04-23
b11c5f71-974e-4666-abef-2b9b7d6e9364,S101216,Verified,Failed,Verified,Approved,2022-04-04
47765286-c787-4538-8c30-daebb77752e7,S101217,Verified,Verified,Failed,Rejected,2022-08-30
8c4795b8-3457-4db5-b50b-88e620fcc0e2,S101218,Failed,Verified,Verified,Approved,2022-01-02
0a61f617-66f7-492f-8066-7ccf18859956,S101219,Verified,Failed,Failed,Approved,2024-04-13
cce70ab7-be75-4ae2-bb50-ec22eb8b3300,S101220,Failed,Failed,Failed,Approved,2026-06-04
13d1d022-f875-4dc3-9d98-235d81625693,S101221,Failed,Failed,Verified,Approved,2023-11-25
0b1051c3-7db6-48d9-92cf-2fbabc96f740,S101222,Failed,Failed,Failed,Pending,2023-10-18
207d269d-26ae-433e-9d16-e19e09c4dfe9,S101223,Verified,Verified,Failed,Rejected,2025-10-08
446be3b3-875b-428d-94de-98949a674f17,S101224,Failed,Failed,Verified,Approved,2022-01-31
d6ae03b4-e672-4a7f-b589-6aab597d887e,S101225,Failed,Failed,Failed,Rejected,2026-01-08
eb15f36a-d55d-4b73-874c-3c93a7811cde,S101226,Failed,Failed,Verified,Approved,2025-05-12
c4415b05-d4f6-4f83-9493-b46e4ba40f5c,S101227,Verified,Failed,Failed,Approved,2022-05-02
993db795-9e3e-417c-9ca2-2b25680bbe76,S101228,Verified,Verified,Verified,Pending,2022-12-02
21f8fd19-d8e5-4756-9570-cb37055ba467,S101229,Failed,Failed,Verified,Rejected,2026-07-09
2e20f411-b40a-4877-84d9-9de7791bdf35,S101230,Verified,Verified,Failed,Pending,2022-02-11
6de10032-9ed4-4f56-9dcd-c9f059f1e37c,S101231,Failed,Failed,Verified,Approved,2024-07-26
cd410205-1cf1-4734-b51d-4d4c187ea63c,S101232,Verified,Failed,Failed,Approved,2023-04-12
e750184f-5108-4c61-b72f-84244a38f8a7,S101233,Failed,Failed,Failed,Approved,2025-10-22
3198fb72-d256-49ed-80f9-0ca0fae89e86,S101234,Failed,Failed,Verified,Approved,2025-12-19
de0a6fd4-f132-476a-8fe6-85c90b748dca,S101235,Failed,Failed,Failed,Approved,2023-06-21
7aa89509-7be6-4d18-a0a4-924b0198e277,S101236,Verified,Failed,Verified,Approved,2022-11-04
b834123b-bdf4-40b7-a597-f43bbb48628c,S101237,Failed,Failed,Verified,Approved,2025-02-26
0a472bfb-3888-41ab-9f9d-dfb05dc48d40,S101238,Failed,Failed,Failed,Approved,2022-02-14
98681b01-02c6-40ff-93a9-ddff6d9866da,S101239,Verified,Verified,Verified,Approved,2022-12-22
e3b2a723-e5a9-449d-a734-5c84c04cb7bf,S101240,Verified,Verified,Verified,Approved,2024-02-16
66c5a772-1bd6-4de5-a3d2-b143fa75aac4,S101241,Failed,Failed,Failed,Approved,2024-10-26
4999a59c-74ad-4148-9671-cd4e8cbd0c8c,S101242,Verified,Failed,Verified,Approved,2026-05-06
337fa22c-ef94-4ed8-8db7-2cd656d2ae02,S101243,Failed,Failed,Verified,Approved,2022-01-04
4852fbcc-1c38-4ac3-b5bc-1b27d2b71492,S101244,Failed,Verified,Failed,Approved,2024-01-11
f767bc62-3d3c-4786-b26f-55acff93602f,S101245,Failed,Failed,Verified,Pending,2025-10-21
488e1dbf-0b31-43f2-a7ad-ebf4d59974e1,S101246,Verified,Failed,Verified,Approved,2025-08-25
205281cc-9c0e-486e-952a-d1783eeea86d,S101247,Failed,Verified,Verified,Approved,2023-06-28
ccc2f6e0-3fb8-4d57-8831-671b71873b0f,S101248,Verified,Verified,Verified,Rejected,2024-04-28
6ccbd26f-69ec-4f22-adfb-43821644e28f,S101249,Failed,Verified,Failed,Approved,2025-04-25
db1bda74-65ec-4a96-99f4-b244694699fc,S101250,Failed,Failed,Verified,Approved,2024-07-10
3384e0ed-38be-44c4-acef-c8bb0b117f72,S101251,Verified,Verified,Verified,Approved,2026-03-01
69f03ffe-e782-4d38-9621-734266d63774,S101252,Verified,Verified,Failed,Approved,2022-05-31
829bfa81-56fa-4670-9b15-e527f7d046d0,S101253,Verified,Verified,Failed,Approved,2023-09-24
25427d14-c349-463f-ab24-1f7c05acf9f0,S101254,Failed,Verified,Failed,Approved,2023-06-09
54ee04b5-536b-4614-b424-f9024023d444,S101255,Verified,Failed,Verified,Pending,2025-07-25
74f79550-6bc5-43ad-a658-b678569f8ded,S101256,Failed,Verified,Failed,Rejected,2024-01-28
0ddc0cb3-e4ed-45ef-a38b-67baf0af690d,S101257,Failed,Verified,Failed,Approved,2025-08-14
a109dbab-67ba-4a4d-bdf0-b75faca8e5a4,S101258,Failed,Failed,Verified,Approved,2025-10-01
0eb496ce-bf54-4f05-b91b-1244e442fc9e,S101259,Verified,Verified,Failed,Approved,2023-06-07
5067e7bb-b959-4622-b466-ddc924db70c4,S101260,Verified,Failed,Verified,Approved,2023-11-17
e3a6801e-01f8-4d79-81f9-b2041cdc2d08,S101261,Verified,Failed,Verified,Approved,2023-06-07
bf925057-e746-4f91-9b32-fb79f5cd553f,S101262,Failed,Failed,Failed,Approved,2024-06-22
af684431-eae1-4b20-978b-f4dfd86ffb9b,S101263,Verified,Failed,Verified,Approved,2022-11-30
7cc818d9-8cc3-4180-afc6-8c7fec5d9a24,S101264,Verified,Failed,Failed,Approved,2024-03-07
00b397cf-943c-41b3-ad1f-c3ca0aaad6ae,S101265,Verified,Failed,Failed,Approved,2023-07-22
1375bd91-f4f9-477f-b65d-3fe851b78964,S101266,Verified,Verified,Failed,Rejected,2026-01-10
2d86504b-f8b2-4711-922c-ecb7c5c93492,S101267,Verified,Verified,Failed,Approved,2026-07-14
17601053-85c5-46c0-b2a4-9cab154e807d,S101268,Verified,Failed,Failed,Pending,2026-07-04
de979511-7421-4003-a210-f992d971c2db,S101269,Failed,Failed,Failed,Approved,2022-12-06
cf68cdb3-33de-4631-994c-cfbab02afeae,S101270,Failed,Verified,Verified,Approved,2022-07-22
5d6f07b4-3dad-447d-b8ca-6ce72e237042,S101271,Failed,Verified,Verified,Approved,2023-02-24
93089375-3008-44d2-8bb5-ab50cca7fa3b,S101272,Failed,Failed,Failed,Approved,2026-06-13
b23e357b-c29f-422e-bac9-70a5cdafbde9,S101273,Failed,Verified,Failed,Rejected,2024-02-24
a1305691-0446-421e-bb39-854ceb466d07,S101274,Verified,Verified,Verified,Approved,2024-02-17
879c1179-45cb-444e-9ede-07dddd7331b5,S101275,Verified,Verified,Verified,Approved,2026-07-02
b36bc03f-952f-4dda-bbec-676948290817,S101276,Failed,Failed,Failed,Approved,2024-10-18
def18550-14f7-40f7-b7e3-ab2d51d60229,S101277,Failed,Verified,Verified,Approved,2022-04-26
791bcb26-54b2-4492-ab29-981cdee18785,S101278,Verified,Failed,Verified,Approved,2023-10-29
713e93c7-e579-4414-8e5a-4751d154c0d5,S101279,Verified,Failed,Verified,Approved,2022-07-15
253115bb-3037-48a1-8bfb-159f94e91738,S101280,Failed,Verified,Verified,Rejected,2024-10-12
872bdc25-b4cd-430a-9bb7-c761dc55edc7,S101281,Verified,Failed,Failed,Approved,2026-02-04
457b1a07-25dd-4524-8835-8e9c3a29eb47,S101282,Failed,Verified,Verified,Rejected,2025-10-15
43db69c8-aef3-42c2-a55c-a3d12d381eb4,S101283,Failed,Failed,Verified,Pending,2024-03-20
c8bc2c98-8740-44da-bff7-e290698a3065,S101284,Failed,Verified,Failed,Approved,2022-07-01
af21c1b6-edc9-4ff9-a0c9-da6a55968559,S101285,Failed,Verified,Verified,Approved,2026-04-05
92d3531e-1c41-4175-bd3d-3b5454b7045b,S101286,Verified,Verified,Failed,Approved,2024-06-29
08d662e0-b882-4001-a486-f8960648e5d9,S101287,Failed,Verified,Failed,Approved,2025-08-26
c65a46da-db2f-478d-919e-72eb4df96cbb,S101288,Failed,Verified,Failed,Approved,2025-09-13
52afb8f4-1096-4a5c-a7ea-49eea706ac7e,S101289,Failed,Verified,Verified,Approved,2025-10-02
8121f2ad-8b5c-486b-8e06-2994b5c8c6e1,S101290,Verified,Failed,Failed,Approved,2026-04-20
19390455-50e9-4f96-8770-56270864155c,S101291,Failed,Failed,Verified,Approved,2023-04-14
30bb8598-38aa-43d2-9b56-b3d80cc67b26,S101292,Failed,Verified,Verified,Approved,2025-08-18
5d7242a5-c652-4b75-a42f-8f8148d09d10,S101293,Verified,Verified,Verified,Approved,2023-12-17
fb037028-3969-499f-bf70-ac40b93111ca,S101294,Failed,Failed,Verified,Approved,2022-07-03
3cf52c19-c392-4bcf-b3fd-3a9c6aa96aef,S101295,Verified,Failed,Failed,Approved,2022-02-08
b56b48cf-7b63-444c-90d2-519401aad933,S101296,Failed,Verified,Failed,Approved,2026-02-28
4d7acd16-b32c-4207-9e49-3434c5b1eac3,S101297,Failed,Failed,Verified,Approved,2026-07-09
ded9c34c-b357-47ec-b728-88bd3189b9e0,S101298,Verified,Failed,Verified,Approved,2022-07-08
d1d362f9-93e0-44d2-80bd-eefd0d8d2944,S101299,Verified,Verified,Verified,Pending,2023-07-12
1e98bb1b-4824-47b1-a653-478a8a4e6e7a,S101300,Failed,Failed,Failed,Approved,2024-03-14
4377cff2-fda8-4938-8564-c53e67d6bd8d,S101301,Failed,Failed,Failed,Approved,2025-11-23
72efea42-edd7-4f2d-b36a-11313bb8b68d,S101302,Verified,Verified,Failed,Approved,2024-01-13
258f99b0-a592-4b01-a3c9-1d290873015b,S101303,Verified,Verified,Failed,Pending,2024-09-09
02beced4-7661-4b81-894a-48a2188c62d5,S101304,Failed,Verified,Verified,Approved,2022-01-06
45018605-bf27-42a1-b776-d3c0d4159588,S101305,Failed,Failed,Verified,Approved,2023-05-10
d1a46b7b-1c7f-490c-8fbd-a7ed70daa317,S101306,Failed,Verified,Failed,Approved,2022-08-29
b337daf6-b429-4b31-974c-5e222f1670c0,S101307,Failed,Verified,Failed,Rejected,2022-07-20
8d42b8e1-2b6c-44c6-9f55-8bb0dfb2ecde,S101308,Verified,Failed,Verified,Rejected,2023-03-27
ce140830-d5ad-45d2-ae11-f4e7e60594dd,S101309,Failed,Verified,Verified,Rejected,2026-05-09
eba10523-3650-4d70-9cd3-e76f39566917,S101310,Verified,Failed,Verified,Approved,2024-10-02
90bde40e-d1db-4fed-a0a9-7ccde941e307,S101311,Failed,Verified,Failed,Approved,2025-03-31
72f6f598-17b0-4872-b87f-d7debeae7e2c,S101312,Verified,Failed,Failed,Approved,2022-04-26
8a00f0c0-d8cb-46ef-972f-7093a4566dc5,S101313,Verified,Verified,Failed,Approved,2022-09-07
1bc2c57a-8778-4ddc-a174-64305fc5ce27,S101314,Verified,Failed,Verified,Approved,2024-07-30
71c776cb-9ae9-4ec8-a0eb-59f9743a37e5,S101315,Failed,Failed,Failed,Approved,2022-09-02
9ab3d403-5ac7-44f5-896c-638a5ffe6918,S101316,Failed,Failed,Failed,Approved,2025-10-13
bd4fa81c-f3ab-44eb-be5b-4dc7182a3057,S101317,Failed,Verified,Failed,Approved,2022-03-08
c633fb79-b07d-4912-b7c6-7c0a3c9bf44c,S101318,Verified,Verified,Verified,Approved,2023-07-10
c373024d-07d0-477f-bd2d-c7519013f394,S101319,Verified,Verified,Failed,Rejected,2025-05-24
0ea50157-fb24-4531-91b6-6523b391e4bc,S101320,Failed,Failed,Verified,Approved,2025-01-13
5cf30d10-b89a-4729-98df-8fd5af858796,S101321,Failed,Failed,Failed,Approved,2023-06-09
157e8c58-96f4-459b-9347-5526e4799102,S101322,Failed,Verified,Failed,Approved,2024-12-23
c4e24cee-9b48-4a0b-a0e0-64a7c6427b81,S101323,Verified,Verified,Verified,Pending,2023-06-04
b7ac67d0-3f52-4ef4-b06f-b4a48c569680,S101324,Failed,Verified,Failed,Pending,2026-05-16
96bf660e-7cf5-44ed-92d9-d030a6848c88,S101325,Failed,Failed,Verified,Approved,2023-06-12
6033f6a1-e3ad-4424-beb9-fe3b363debee,S101326,,Verified,Failed,Rejected,2022-08-25
07266942-7fe3-4a6e-a4c1-dd96499b1189,S101327,Verified,Verified,Failed,Rejected,2024-07-15
d10e19a8-b6a0-443c-9a27-099784e5d8a9,S101328,Verified,Failed,Verified,Approved,2024-02-22
0b0c8ee1-4ccb-434c-b901-bbda41f8a080,S101329,Verified,Failed,Failed,Approved,2025-01-02
b7a5eb3c-b446-4ef2-99b2-dd8d62bdb336,S101330,Verified,Verified,Failed,Pending,2023-09-24
ed966a68-4bc7-4841-a125-a169cd2abc87,S101331,Failed,Verified,Failed,Approved,2022-06-13
d3fa1479-5add-4fa5-9ebf-c02dfe25ed84,S101332,Verified,Verified,Failed,Approved,2025-10-04
55843b6a-bd73-4845-baa7-676f2634ba2a,S101333,Verified,Failed,Verified,Approved,2025-03-13
d747a3cb-ee6f-430b-b3df-ae499228b90c,S101334,Verified,Failed,Verified,Approved,2026-06-19
a9f86b67-057e-46ab-b792-dac65e5d1d81,S101335,Verified,Failed,Verified,Approved,2024-11-15
fd8f6627-f0c4-48fa-9a3c-e8a97f59bbc4,S101336,Failed,Verified,Failed,Approved,2022-02-23
01b7840d-5e61-4c40-9d70-ec6b61d7b2f2,S101337,Failed,Failed,Verified,Approved,2024-06-04
2e0fab6e-6457-4551-82ce-41ce9398bc57,S101338,Verified,Failed,Verified,Approved,2026-04-26
89b95ce8-780e-4bae-8329-5e1cde8d9f3d,S101339,Failed,Verified,Failed,Approved,2025-05-23
6ce59d25-5201-4a7d-a5e5-754ce177edcd,S101340,Verified,Verified,Verified,Approved,2025-02-20
b8a31114-f119-47cb-a70d-b5f925af3886,S101341,Verified,Verified,Failed,Approved,2024-06-07
94ba3bf2-1c54-4d78-b33e-21372eaa69c7,S101342,Failed,Verified,Failed,Approved,2025-10-20
6921a9ef-28fd-4f15-919b-490fa9611c5d,S101343,Failed,Failed,Failed,Rejected,2023-09-24
fa6addd5-20f0-4b3c-8295-0eae06ac7b10,S101344,Failed,Verified,Failed,Approved,2022-07-16
a85b9ee6-a1af-4954-9487-a4aceeaca7a4,S101345,Failed,Failed,Verified,Pending,2022-12-01
d1af623f-bd57-47da-89a2-8163620decfc,S101346,Failed,Failed,Verified,Pending,2025-02-14
8fa51a13-1f0c-4661-909a-5450f59ef621,S101347,Verified,Failed,Failed,Pending,2023-07-28
dd7803c1-dc59-4529-8335-58226fa4e7bb,S101348,Failed,Failed,Verified,Approved,2024-09-19
06c1772a-1e17-4c05-bd50-1fad051c94d7,S101349,Verified,Verified,Verified,Pending,2023-08-07
f0755e44-e2da-4d4b-9b3a-aa9efd676ba1,S101350,Verified,Failed,Verified,Approved,2023-02-09
d6a3d393-6f9e-4b19-b864-43cdc9b6ec87,S101351,Failed,Verified,Verified,Approved,2024-07-05
1168a8a6-a63c-40a2-966f-3fcb00d388e6,S101352,Failed,Failed,Failed,Approved,2025-11-06
925f9b67-d825-47b4-8741-2b1096ede17e,S101353,Verified,Failed,Failed,Approved,2023-06-25
1136d893-8e45-420c-9088-6d2000e499b5,S101354,Verified,Failed,Verified,Pending,2024-11-02
0c8a8d84-0c88-4da5-b7a4-788ca7579b0d,S101355,Verified,Verified,Verified,Approved,2025-05-11
22cc920c-fea2-477d-b241-0617df52cf0a,S101356,Verified,Failed,Verified,Approved,2026-07-17
aab18e54-67fd-4b23-b0b7-27677fe566cc,S101357,Failed,Failed,Verified,Approved,2022-10-24
583ff296-062c-405b-8702-7c222b07d815,S101358,Failed,Verified,Failed,Approved,2024-12-24
ab177ce1-cd61-4375-9810-f5c2edd750d5,S101359,Failed,Failed,Failed,Approved,2024-11-02
763aa315-861d-4f02-b0b8-79faaabf1912,S101360,Failed,Verified,Verified,Approved,2023-02-11
d9e42019-7dae-4c3a-92c2-84ca77064001,S101361,Verified,Verified,Verified,Approved,2023-05-09
15aa1ab2-0cbc-446d-88ee-dd257eea62a7,S101362,Failed,Failed,Failed,Approved,2023-10-04
76d243db-96b3-4caa-abc8-4455470c3863,S101363,Verified,Failed,Verified,Approved,2025-05-17
81ab5333-62bd-4cc9-b299-e365225673de,S101364,Failed,Failed,Verified,Approved,2023-03-08
19be15ad-f577-4042-a185-5e5321231f28,S101365,Verified,Failed,Failed,Pending,2022-11-18
6d42ecf8-55fa-4e1b-902b-c9c11aed280a,S101366,Verified,Failed,Verified,Approved,2022-01-29
bc394ae3-c5dd-4187-a7f2-1a19a5c1382e,S101367,Verified,Failed,Verified,Approved,2022-08-29
4e500804-66b7-4795-a8a4-861a9992ea33,S101368,Verified,Verified,Failed,Pending,2025-10-27
7da8cf85-f6d1-4901-8736-3d936f1b8cbb,S101369,Verified,Verified,Verified,Approved,2023-04-26
51642de2-a2bf-49d0-b3c8-a51f7318dd3d,S101370,Failed,Failed,Failed,Approved,2025-03-11
63ed8c86-5cad-4517-9839-6ae1f63594aa,S101371,Verified,Failed,Verified,Approved,2024-06-14
af93a61e-901c-4aa6-8c54-02b4b20360ba,S101372,Verified,Failed,Failed,Approved,2023-04-02
d1437323-97c4-4233-bd90-b30c1cb08687,S101373,Failed,Verified,Failed,Approved,2025-11-15
5aa65fb8-0973-434e-a638-49df2ad0267e,S101374,Failed,Verified,Failed,Approved,2026-05-21
d8241de8-e6cd-4d88-90e2-65fcdd85a838,S101375,Failed,Verified,Failed,Approved,2025-10-22
5e4f2127-3464-4786-b88f-27d71ec09b51,S101376,Failed,Verified,Verified,Approved,2026-02-13
ed6dc25e-db00-4bd5-bd7b-00c966b98374,S101377,Verified,Failed,Verified,Approved,2026-02-09
ef0a4c5b-91a5-434f-957b-07c2bab58fc2,S101378,Failed,Verified,Failed,Approved,2025-07-14
cc0d791c-75a5-46e6-a9b3-8709bd10211e,S101379,Failed,Failed,Verified,Approved,2022-02-09
c84db59f-87d8-487d-bb09-0f764845689f,S101380,Verified,Verified,Verified,Approved,2025-10-17
5a0964b4-2cb9-4a93-9c1c-9a5fab9379ff,S101381,Failed,Verified,Verified,Pending,2024-04-17
5b5f6665-7ef9-4441-8c78-1edc0b7d80f9,S101382,Verified,Failed,Verified,Approved,2022-06-22
bf3be31b-778b-464c-aca6-82701b185f76,S101383,Failed,Verified,Failed,Approved,2026-05-08
b8f46975-cf7b-4271-a118-8a694403dae0,S101384,Failed,Failed,Failed,Approved,2024-06-27
790ee78d-a393-467c-aa83-424386628c3a,S101385,Verified,Verified,Failed,Approved,2023-03-10
1ee2c3e8-8a95-4042-9cf4-85f0306b43a8,S101386,Failed,Verified,Verified,Approved,2025-04-23
1cedf027-bb17-4535-a176-b70f8d0e1f23,S101387,Failed,Verified,Verified,Approved,2026-07-15
431b9f9f-7f23-432f-ba18-a17b7d74dbf1,S101388,Verified,Verified,Verified,Pending,2025-01-10
fafa054e-f1a1-4dab-b303-a90382749f61,S101389,Verified,Failed,Failed,Approved,2025-09-02
9b724c58-737d-4c5e-bfc6-ba54483b2d4e,S101390,Failed,Verified,Failed,Approved,2024-07-16
fc22b51f-dd02-4db8-9fb2-66263d1f3fa8,S101391,Failed,Failed,Failed,Approved,2026-06-11
aaaabd17-9f79-4e9f-adb2-b0619d3d7095,S101392,Failed,Failed,Verified,Approved,2022-08-22
a7943773-5545-4ac7-b1f3-9a9bad979325,S101393,Verified,Failed,Failed,Approved,2022-12-13
897be931-3756-4580-8e90-aab18cd121e8,S101394,Verified,Failed,Verified,Approved,2023-06-10
9abaa4e6-62fa-4757-9f72-af763c35d7ba,S101395,Failed,Verified,Failed,Approved,2023-03-06
c0711be0-783c-4be7-971a-ee199424f472,S101396,Failed,Verified,Failed,Pending,2022-04-01
250432f4-59c5-4fcc-ad6c-f42e1fcb4adc,S101397,Failed,Verified,Verified,Approved,2023-11-28
148b825d-d7a4-48e1-893d-9f33c5e4b8e3,S101398,Failed,Verified,Failed,Approved,2025-06-16
b270720f-0fc3-4695-b33c-d4359c940c89,S101399,Verified,Failed,Failed,Approved,2022-01-31
6d004b97-4111-4646-a45d-f6d26145761c,S101400,Verified,Verified,Verified,Approved,2025-12-06
26117488-1f82-4dfb-93f3-3691a3f20ae5,S101401,Verified,Failed,Failed,Approved,2024-05-13
1ca7d53d-7dab-4954-8f52-b7f461ab8861,S101402,Failed,Verified,Failed,Approved,2025-05-10
6b941b94-918f-4792-96cb-c3cb93cbf160,S101403,Failed,Failed,Verified,Approved,2025-07-07
306c130f-9340-4bc2-95d4-21cbf65067e0,S101404,Verified,Verified,Failed,Approved,2022-10-15
ada16327-3d2d-4f73-9e9b-8b7535f839a6,S101405,Verified,Verified,Verified,Approved,2026-04-11
13888341-a08a-4461-b67f-cbe0099e4cc2,S101406,Verified,Verified,Failed,Approved,2024-07-31
7a77c757-8e1b-4390-83c0-75f13ecd0223,S101407,Failed,Verified,Failed,Approved,2022-02-22
5228e8ca-0a23-46f2-b77c-e6048e8b30da,S101408,Failed,Failed,Failed,Approved,2025-02-17
21f2617d-87c6-49de-a4b0-4866a4326764,S101409,Failed,Verified,Verified,Rejected,2023-03-05
b94444fb-bcf0-4ea7-8c3f-65cd83fe55a5,S101410,Failed,Failed,Failed,Approved,2023-02-11
3b6db5ef-5fb8-4277-ba39-97f4c86dec95,S101411,Verified,Verified,Verified,Rejected,2023-03-12
54dc0efa-d7d5-436c-9455-223c3c44994a,S101412,Verified,Failed,Verified,Pending,2025-11-01
2bf2350e-b086-4535-ac6c-2ded2d8d3701,S101413,Verified,Verified,Failed,Rejected,2024-11-15
aceffaa8-9925-4305-a2c0-9b7d0da2a9ba,S101414,Failed,Failed,Failed,Pending,2025-03-13
f4c343a0-8c82-4081-868a-941a46da1f9c,S101415,Verified,Verified,Verified,Approved,2022-12-28
8111fe6f-7ae4-49cc-80ea-b12d7daf88c5,S101416,Failed,Failed,Failed,Approved,2026-07-19
8efbdb58-2fb1-4185-9d1d-d3c81fb742cd,S101417,Verified,Verified,Verified,Approved,2022-12-07
dac01824-9744-45e1-a73a-24f6285b54bf,S101418,Failed,Failed,Failed,Pending,2022-11-23
4a56876c-326c-4c76-96d8-0638aa199d0f,S101419,Verified,Verified,Verified,Approved,2024-03-04
73ba0ca7-1f49-47c1-9e4e-cbcdbefa6b5e,S101420,Failed,Verified,Failed,Approved,2022-08-07
2a4ab336-f93a-4e26-9211-e2f53b12f948,S101421,Failed,Verified,Verified,Approved,2026-05-30
9439f14f-232f-46af-a0a6-1d1fccf6f9f0,S101422,Failed,Verified,Verified,Approved,2022-10-15
a510e644-70c4-4bc5-952c-17f038954fb9,S101423,Verified,Verified,Failed,Approved,2024-12-27
55ecf7e6-6e76-413c-82bc-228e75c87616,S101424,Failed,Verified,Failed,Approved,2023-03-24
cb1030a2-0211-4207-aec5-8bcce7d9b0ce,S101425,Failed,Verified,Failed,Approved,2023-12-06
46e31d26-a6a9-4b78-9152-094b3e8a1f48,S101426,Verified,Verified,Failed,Approved,2022-07-03
d80fea64-cfa5-4eac-b8a1-f215af876b6f,S101427,Verified,Verified,Verified,Approved,2023-04-07
c20e9b78-d624-47ef-9f9f-1db3707b0426,S101428,Verified,Failed,Verified,Approved,2024-07-30
50f6cbfd-0e33-4f8c-a5fb-bedba4e85719,S101429,Verified,Verified,Verified,Approved,2023-04-07
b1564ee2-7b7b-46ca-b726-d24c535e3dfe,S101430,Verified,Verified,Failed,Approved,2025-01-17
7b8629f6-b98a-4ff5-beb4-f468a900afed,S101431,Verified,Failed,Verified,Approved,2022-03-07
1431528a-9002-40d3-9853-ff6ec7edf53f,S101432,Failed,Failed,Failed,Rejected,2022-06-03
12fc6b3b-342e-4bc9-8cf7-c3c7756c0fcc,S101433,Verified,Failed,Verified,Rejected,2022-06-18
4d1fe868-ab58-4163-a023-550bea2514bc,S101434,Failed,Verified,Verified,Approved,2024-08-11
51bb56fc-a407-495c-8d43-62533630d9fa,S101435,Failed,Verified,Verified,Approved,2025-07-19
80be5601-3f65-4334-9988-b3f234d65ba0,S101436,Verified,Failed,Verified,Approved,2024-06-07
1196f4d8-1394-4117-b217-431beccc4e08,S101437,Failed,Verified,Verified,Pending,2023-05-09
5a0a3790-7eb5-493e-9496-c338b09f863e,S101438,Failed,Verified,Failed,Approved,2024-04-03
24066472-966d-4436-9b67-8c19081ab64e,S101439,Failed,Failed,Verified,Approved,2022-05-20
286d84e5-759d-4660-b7fc-111de661ea7e,S101440,Failed,Verified,Failed,Approved,2024-09-20
83fc5866-458c-4bdd-9e70-49ff0cd7897f,S101441,Verified,Verified,Failed,Approved,2022-07-25
3027015e-c987-48fa-bbaa-aa0008de2150,S101442,Verified,Failed,Verified,Approved,2024-06-26
dac9e470-b3ab-48d9-976e-206c616abf8c,S101443,Verified,Failed,Failed,Approved,2024-09-05
5a32dd3f-a4c6-41c2-b361-8e0b5f8767bc,S101444,Verified,Verified,Verified,Approved,2024-04-29
e1ceb686-2fbb-4758-aaee-bd20fde758c7,S101445,Failed,Failed,Failed,Approved,2026-06-17
33104966-3273-475e-81af-5cbf9c9faaae,S101446,Verified,Failed,Verified,Approved,2023-02-15
892cde26-682d-400b-99b5-1f73939d3b36,S101447,Failed,Verified,Failed,Approved,2025-12-09
ca7e6bd7-d3a8-47a6-a3d1-48f060a84226,S101448,Failed,Failed,Verified,Approved,2022-10-18
ce7c759c-0138-4406-b9fa-a20f75eaa8fb,S101449,Failed,Verified,Verified,Approved,2022-07-09
53134a33-50bf-45cd-897f-da228556b37c,S101450,Verified,Verified,Verified,Approved,2023-07-03
c24ef0c8-9297-4211-a655-1495043e1beb,S101451,Failed,Failed,Failed,Approved,2025-03-28
ec389b2b-c625-4102-ba53-047e45b3e316,S101452,Failed,Verified,Verified,Rejected,2024-03-06
45c83354-ea76-4e45-a4a9-d2a49447169d,S101453,Verified,Verified,Verified,Approved,2022-07-20
0f793697-1b2c-4b83-8d47-0e79441a0c41,S101454,Failed,Failed,Verified,Approved,2022-12-13
04011498-1144-4c61-b783-bd34c92d6cde,S101455,Verified,Failed,Verified,Approved,2025-05-13
7c9dea1f-dbac-4e2f-a55a-27a64cc27145,S101456,Failed,Failed,Verified,Approved,2025-05-01
795458bd-97cf-463a-bfa9-0e41c78ebdd5,S101457,Verified,Verified,Failed,Pending,2024-07-23
594b763a-3165-4320-9f4a-b6ac42ac5cf3,S101458,Failed,Failed,Verified,Pending,2026-07-27
267706bd-95a4-4bd4-976c-1ede47458e95,S101459,Failed,Verified,Verified,Approved,2023-07-29
005b8b64-f52d-47c7-abbb-06531d5f151f,S101460,Failed,Verified,Failed,Approved,2025-10-11
ccb8e56f-864a-412d-99ce-129c1b57856c,S101461,Failed,Verified,Verified,Approved,2023-12-10
e0962a42-8bb2-44e3-8143-16e8122d4ad9,S101462,Failed,Failed,Verified,Rejected,2022-10-19
9c7ddedf-6a68-4fad-9d6d-898ca3ef973c,S101463,Failed,Failed,Verified,Rejected,2022-03-03
a4396c91-9f58-4f84-b025-0b18e4c6460b,S101464,Failed,Verified,Failed,Approved,2023-08-06
27d6f1f5-f59a-44f5-b6d1-15d21d167bef,S101465,Failed,Verified,Failed,Approved,2023-08-20
a0ae1153-dcd7-4458-98f7-3f60c33dbd68,S101466,Verified,Failed,Failed,Approved,2023-08-29
72c3ab3d-5ea5-401a-bed3-d7229612c0f5,S101467,Verified,Verified,Verified,Approved,2025-04-03
35cb8d41-522a-4725-b407-c3d7f89c03fd,S101468,Verified,Failed,Failed,Approved,2022-10-25
80b7506d-cbec-4016-8e82-fd5e8756e050,S101469,Failed,Failed,Failed,Approved,2023-09-17
19ca745c-13db-4a41-a258-5f03e342dc19,S101470,Verified,Failed,Verified,Rejected,2022-10-04
7fde376e-b775-40da-932f-f93e16d2b311,S101471,Verified,Verified,Verified,Approved,2024-04-25
4cb07fa5-304b-4215-9ae7-4073099f163e,S101472,Verified,Failed,Failed,Approved,2023-06-19
0d9f363b-6547-451d-9e93-0c917543212f,S101473,Verified,Verified,Verified,Approved,2025-09-23
fa493aba-dee2-422d-97ae-a444a49d54dc,S101474,Failed,Verified,Failed,Approved,2024-05-06
d770a730-494a-4487-a97b-34a2d64d3d6f,S101475,Verified,Verified,Verified,Approved,2022-05-02
294fa548-afe6-47b6-a0f8-592feeda791f,S101476,Failed,Verified,Verified,Approved,2024-01-14
d50913c0-4d48-470d-aff7-e6a96264a5ff,S101477,Verified,Failed,Failed,Approved,2023-01-21
52c60a7d-e899-4388-9596-31d7f0d8c235,S101478,Verified,Failed,Failed,Pending,2023-01-17
29a48136-fd38-452d-aa8d-c6eb48a93c93,S101479,Failed,Verified,Verified,Approved,2022-05-22
f625b970-2d88-4dbf-a97a-f87300d4c311,S101480,Failed,Verified,Failed,Approved,2024-03-06
577882df-3b03-45cd-949d-8b271f99ce04,S101481,Verified,Verified,Failed,Approved,2026-04-29
63aed036-cb05-4bf8-802b-4867b5843896,S101482,Verified,Failed,Verified,Approved,2023-01-20
2b6c07d4-b21d-41d5-b58d-d0fa9f7bd912,S101483,Verified,Failed,Failed,Approved,2022-02-23
91d259b3-3ffd-48e4-a9e2-6ef724e2d243,S101484,Verified,Verified,Failed,Pending,2024-06-07
d6270f6f-7d7d-4f7c-8103-ead048d46365,S101485,Failed,Failed,Failed,Approved,2023-08-07
71dff6b1-c031-49e6-9557-152ddc2f4857,S101486,Failed,Failed,Verified,Approved,2023-06-16
3aa4960b-4b8b-4cda-aa99-b6a33f01b99c,S101487,,Failed,Verified,Rejected,2023-11-09
e9beeeb8-620d-4b5e-a28a-313c46b4b460,S101488,Failed,Verified,Verified,Approved,2026-03-06
cd2b0e9e-f3a1-4cab-ab17-71da0fe317e1,S101489,Verified,Verified,Failed,Approved,2023-12-31
d54c9bed-572c-408b-ad08-f8819fcd0bd6,S101490,Failed,Failed,Verified,Approved,2022-09-03
af67fc6f-78e7-41da-825a-25d9ed1a4d54,S101491,Verified,Failed,Failed,Approved,2023-05-29
0cf6812b-a978-4027-b882-91910cb1c1f5,S101492,Verified,Failed,Failed,Approved,2022-10-16
ca99d2cc-cbcd-4eed-8cfc-3b776ac86a30,S101493,Verified,Verified,Failed,Approved,2025-03-01
86867a77-9218-4d0d-ad24-79993ff5359d,S101494,Verified,Verified,Failed,Approved,2023-01-16
0d2d39cb-13b5-4b3c-bc3b-7a0bda6d7a6d,S101495,Failed,Failed,Verified,Approved,2023-02-03
c61723d5-fec6-4185-93fd-b2257105f092,S101496,Verified,Verified,Verified,Approved,2022-01-31
309c5b52-6424-4020-9bbd-34275b832dd6,S101497,Failed,Verified,Verified,Pending,2025-02-25
427f89ba-1316-4632-a22a-8b0b56591909,S101498,Failed,Failed,Failed,Approved,2026-02-19
15dd4675-bcf6-4279-8336-250aa1e56a67,S101499,Verified,Verified,Verified,Approved,2025-04-28
e9a225f2-001d-42a2-ad64-eba3bd7e952d,S101500,Failed,Verified,Failed,Approved,2023-11-04
a2135d8c-4a83-4f6b-aa5b-72732ba311bd,S101501,Failed,Failed,Failed,Approved,2022-03-13
663c756c-5684-457e-bcd3-a6051b504d43,S101502,Failed,Verified,Failed,Pending,2023-12-15
0aa6a298-83bc-4530-a20a-4e58113f7d20,S101503,Verified,Failed,Verified,Pending,2025-04-25
6fa5ba64-5662-4333-9b7c-c800e7cb5012,S101504,Failed,Failed,Verified,Approved,2024-11-10
15fd2682-d47a-439b-aa19-e40a40cab143,S101505,Verified,Verified,Failed,Approved,2025-02-05
e847ffcd-f44a-4e7d-bb5f-e868875e3ac7,S101506,Failed,Failed,Failed,Rejected,2026-03-06
31163301-1f31-43af-8512-701055f56ba3,S101507,Failed,Verified,Failed,Approved,2025-05-30
6f4bcfc3-3272-42f0-ac92-904637e499d1,S101508,Verified,Verified,Failed,Approved,2023-01-04
cdb9f86d-bb16-4851-9c12-7211645e6bd4,S101509,Failed,Verified,Failed,Approved,2023-03-24
572de5e0-8494-48ec-a3f6-64e20328420c,S101510,Verified,Verified,Failed,Approved,2026-03-29
ccd4f106-98e7-4da3-b0bc-52adfb039d53,S101511,Failed,Verified,Failed,Approved,2024-04-17
e7a05f0e-5428-400d-913d-001cebc82ea5,S101512,Failed,Verified,Verified,Approved,2022-05-09
e117bd50-c24e-4e9e-b257-283f6e5c350b,S101513,Verified,Verified,Failed,Approved,2024-07-07
707258dd-1dd7-4791-8d4a-f93a51ca63a8,S101514,Verified,Failed,Verified,Rejected,2024-02-27
aabf6175-1951-442e-9cd4-f11aa5947d31,S101515,Verified,Verified,Failed,Rejected,2023-12-27
8c7e6fb7-7933-4fa8-ba1e-73715f8ab644,S101516,Failed,Verified,Verified,Approved,2026-06-11
b4322032-0f3e-4ec4-90d9-8e1b2ba1a7a1,S101517,Failed,Failed,Verified,Approved,2024-05-26
cd9101e6-bcdb-429b-ad7c-60c1544603f1,S101518,Verified,Verified,Verified,Approved,2024-08-05
2b912d0f-2da3-4ab1-97b7-d3a84dd41b5e,S101519,Failed,Verified,Failed,Approved,2022-06-04
dcdf9bbd-95bb-440b-907f-229b15ecc9c4,S101520,Failed,Verified,Failed,Approved,2022-06-03
1a46e123-af81-4257-a4a3-d77c1dbb8fe6,S101521,Failed,Verified,Verified,Approved,2026-03-16
9207a140-28f7-41e9-887b-e236a68142aa,S101522,Failed,Failed,Failed,Approved,2022-08-11
4534a7d7-9b8b-442c-a915-c5509538b9e8,S101523,Verified,Failed,Failed,Approved,2022-12-16
1c335961-4a4a-499e-9ce7-36df80f78a72,S101524,Verified,Failed,Failed,Approved,2025-01-08
1586f8d9-c046-4195-81c0-418c48c43201,S101525,Failed,Failed,Failed,Approved,2022-09-05
f6236412-8363-4085-90c9-06e93765ee91,S101526,Verified,Verified,Verified,Approved,2023-09-18
6592d015-b409-4852-b180-86c95ca00a43,S101527,Failed,Verified,Failed,Approved,2026-05-14
3087106d-94c1-47d4-93c6-6bafe6ba5182,S101528,Verified,Verified,Failed,Approved,2024-04-04
dacef960-48d5-41c5-9ef9-aad8949ad891,S101529,Verified,Verified,Failed,Approved,2023-04-03
2761cfcf-524a-4106-a985-276d2b1cd0d3,S101530,Failed,Verified,Failed,Approved,2025-01-25
d42f6bc7-1ee6-4b68-a7e0-32b00176f810,S101531,Verified,Verified,Failed,Pending,2024-02-04
07d0bab0-b5ea-49cc-921f-5add298bd564,S101532,Verified,Verified,Failed,Approved,2022-05-21
e3d8f9ae-4d4d-44c3-b341-eb551baaa5f0,S101533,Verified,Verified,Failed,Pending,2023-08-06
9e891f45-0d38-4a40-a6f3-17f00aff53a5,S101534,Failed,Failed,Verified,Approved,2022-05-15
4d7f7468-a587-4762-818f-0883e6f4b2fd,S101535,Verified,Failed,Verified,Approved,2026-07-21
9e46fcb1-6f93-427d-8ea6-35cfb3abd831,S101536,Verified,Verified,Verified,Approved,2022-06-10
f5d9e94e-8374-40bf-80d1-7b77facd237b,S101537,Verified,Verified,Verified,Approved,2023-01-25
5d2e4264-673b-4a16-a418-d23485443479,S101538,Verified,Failed,Failed,Approved,2024-12-01
12f86782-8b33-4c72-8c1b-86689fce4772,S101539,Verified,Verified,Failed,Approved,2022-01-14
769e2dc4-2599-4284-8ade-d3bbb0e7743e,S101540,Verified,Failed,Failed,Approved,2025-03-08
99904924-cc9e-4387-b082-c8772fc62e86,S101541,Verified,Failed,Verified,Approved,2024-09-30
62b5b488-a97d-43d8-bf4e-97431fe76006,S101542,Failed,Verified,Verified,Approved,2025-02-22
53b2e9e6-ab03-4bc1-a30c-e0d175020611,S101543,Failed,Verified,Verified,Pending,2023-04-24
1a0e54f9-f39f-47a9-9b4e-ca11f30d6f31,S101544,Verified,Verified,Failed,Approved,2025-07-25
f4e333c8-4fea-439c-aa95-6959e9c399cf,S101545,Verified,Failed,Verified,Rejected,2023-12-09
93a3897a-a3a6-4436-b1a0-116245ea94be,S101546,Verified,Verified,Failed,Pending,2022-03-11
f77741eb-e8aa-445f-bf03-4bfc1fae5904,S101547,Verified,Verified,Verified,Approved,2024-09-23
2647d221-cbbf-43c7-b0fe-da7550380587,S101548,Failed,Failed,Failed,Approved,2024-10-28
a795ed09-8f4b-4b0f-9d1a-123db8258e42,S101549,Failed,Failed,Verified,Approved,2022-01-28
192f08f9-1858-4f42-a476-512006830022,S101550,Failed,Verified,Verified,Approved,2024-08-24
508c99e1-8473-4bee-8fc7-65ce30d0ef78,S101551,Verified,Verified,Failed,Approved,2023-11-25
1a330548-37bd-4ad8-a32c-40a7e1f6981e,S101552,Verified,Verified,Failed,Approved,2024-09-11
e0b8f61c-d42d-4288-a713-8e6e5bfb5797,S101553,Failed,Verified,Verified,Approved,2025-06-02
e3204881-2bbb-46ad-847b-0bfa889b5619,S101554,Verified,Verified,Failed,Approved,2026-05-11
2edb1a87-4a31-4020-bc5e-de12f6f2eec0,S101555,Verified,Failed,Failed,Pending,2025-08-16
b71ba2f8-ef20-4561-802e-3ece8b0b81a7,S101556,Failed,Verified,Failed,Approved,2025-03-17
20192edf-ba2e-4bde-832a-aba2f90c6ecf,S101557,Verified,Verified,Verified,Approved,2025-04-23
e071fdc2-b9fd-477d-a1a3-f33c25c5eecd,S101558,Failed,Failed,Verified,Approved,2022-03-29
65005015-4075-454f-abcf-8f94bc1a494b,S101559,Failed,Verified,Verified,Approved,2025-10-22
7a03590c-649f-439c-b152-ca822c957220,S101560,Failed,Failed,Verified,Rejected,2022-04-17
3e2155a2-a136-4c27-94e8-878dd568d465,S101561,Failed,Failed,Failed,Approved,2022-05-13
02912c35-2879-42f2-87c5-9195ffc32f83,S101562,Failed,Verified,Verified,Pending,2022-03-18
3f34a4af-5029-48fa-a3b2-2e08feb7bbd2,S101563,Verified,Failed,Failed,Rejected,2025-02-23
c1f04e29-f7af-49c6-95c4-b7afeff27b85,S101564,Verified,Verified,Verified,Approved,2024-06-15
3de2c6df-28af-4fb3-80cd-a6c1e192fb23,S101565,Failed,Failed,Failed,Approved,2026-03-31
ccc26a78-70e6-4fa6-ac85-7cf1897209e1,S101566,Verified,Verified,Failed,Approved,2024-10-28
795dc229-72bc-4c1e-9044-53540a1323ef,S101567,Failed,Verified,Failed,Approved,2025-01-20
c5d376db-4f99-4d73-8796-583a628685f7,S101568,Verified,Failed,Failed,Rejected,2023-03-30
bb5361a1-eb30-4a1a-9e7b-fe5a22762a35,S101569,Failed,Verified,Failed,Approved,2024-04-14
a26d50d4-fe2b-43df-a6dd-341c32a9c5ef,S101570,Verified,Failed,Verified,Approved,2025-08-04
970d0689-a922-4088-a93e-d33bef040a3c,S101571,Failed,Failed,Verified,Approved,2024-05-23
a3c963c4-7e55-439a-8906-fec1c054d371,S101572,Failed,Verified,Failed,Approved,2025-11-30
6d361110-e657-4587-a8f1-16acb4c19b41,S101573,Verified,Verified,Failed,Pending,2024-04-08
78429374-e8f2-4001-a527-d513b55500ad,S101574,Failed,Failed,Verified,Rejected,2026-02-27
8a0130db-f8a9-4f5d-8d43-5a824d690883,S101575,Verified,Failed,Failed,Approved,2024-11-04
dd7b346e-e54b-4394-a063-2508b367a133,S101576,Failed,Failed,Verified,Approved,2024-07-16
2253f43a-dcfe-4b2e-bc9e-96767fcc0346,S101577,Failed,Verified,Failed,Approved,2025-11-10
a6795213-72e5-4422-8a2a-e8461335bd82,S101578,Verified,Failed,Failed,Approved,2022-05-31
4ac7e2a5-cb22-45c0-adb0-be425689e017,S101579,Verified,Verified,Failed,Approved,2023-10-02
053d239c-0d40-448d-b02a-8bd4d7c436fd,S101580,Failed,Failed,Failed,Approved,2022-03-18
b2eee937-37fa-4b20-9522-a7c53db8dbf6,S101581,Failed,Failed,Verified,Approved,2022-01-09
5ed0a072-ca97-499b-a1e9-895e0929e5b0,S101582,Failed,Verified,Failed,Approved,2022-11-15
b01bb171-04c7-4f58-92b2-eb13dabec72a,S101583,Verified,Failed,Verified,Pending,2026-06-05
c11b9af2-cdcc-4676-907a-e9fdac57c4df,S101584,Verified,Failed,Failed,Approved,2026-01-21
7e384ba4-dce9-41df-b6f5-9410992d3ece,S101585,Failed,Verified,Verified,Approved,2023-03-03
489dc3a5-2507-4f40-aacf-5049f76e7376,S101586,Verified,Failed,Verified,Approved,2026-06-11
f981154f-cde8-4e6f-b642-7d0fcc5bfff1,S101587,Verified,Failed,Verified,Approved,2024-10-02
2ecf0d77-46c9-4074-983b-fc762337bbb8,S101588,Failed,Failed,Verified,Approved,2024-11-15
e2a721e9-4a12-4a4b-98aa-bc346ea8a10d,S101589,Verified,Failed,Verified,Approved,2022-02-01
cf921545-beb4-4aa2-afd6-94ff10923de0,S101590,Verified,Verified,Verified,Rejected,2024-10-12
97b555ee-8827-4a6e-bd21-2e61aa9aecab,S101591,Failed,Verified,Verified,Approved,2023-04-27
2d89a9e4-97f1-405c-b516-0c70abc0e191,S101592,Failed,Failed,Verified,Approved,2025-10-16
6f34f749-d810-483a-bf82-c5497c42eb39,S101593,Verified,Failed,Failed,Pending,2024-01-06
c0e16f34-f418-4d37-b952-b1bfc0a0f06c,S101594,Failed,Failed,Failed,Approved,2024-07-07
94b7d5df-3be3-41ae-b69b-72a1b5a6de72,S101595,Verified,Verified,Verified,Approved,2024-12-03
2f6e8679-b306-404b-91ae-16968d084d94,S101596,Failed,Verified,Failed,Pending,2025-11-04
1a784b9a-a856-427a-8e38-98b3383325b8,S101597,Failed,Failed,Failed,Approved,2024-03-18
cb877375-2b54-46fe-8d24-172dce10686f,S101598,Failed,Verified,Verified,Approved,2023-03-07
30d34f42-9399-4122-82e3-daafed8b39a0,S101599,Verified,Failed,Failed,Approved,2025-03-17
311381e9-a5ea-4820-a19e-a1dfe867eaeb,S101600,Verified,Failed,Verified,Approved,2022-08-27
2a99fad4-a066-4059-abad-9a7ef862109e,S101601,Failed,Verified,Verified,Approved,2022-06-12
8c9da802-759c-4c8f-958e-152dc6edd12d,S101602,Failed,Failed,Failed,Approved,2023-08-24
0576a6fd-8416-4be1-ad2d-bfdda6a208e4,S101603,Verified,Failed,Verified,Approved,2025-12-09
bcd2f174-fbda-4e64-a277-b64e7a6506ee,S101604,Failed,Failed,Failed,Approved,2023-04-17
2e3eca90-4631-49fd-8a2b-d986eb2a4bb1,S101605,Failed,Failed,Failed,Approved,2024-07-27
5a2f237b-3b74-4dc3-a05b-fdf3a69528e9,S101606,Verified,Failed,Verified,Approved,2026-05-28
c5f5378c-74e4-4766-aa01-88c7e75e976a,S101607,Verified,Verified,Verified,Approved,2024-05-05
856479fc-143e-44d6-bb21-d4bfa6832723,S101608,Failed,Failed,Failed,Approved,2026-07-23
942d1b01-5e01-499e-9a22-3fd39d3bf365,S101609,Verified,Failed,Failed,Approved,2026-01-26
14a50e55-d214-4053-921e-68e93c3a4e30,S101610,Failed,Verified,Failed,Approved,2024-11-25
941efa01-ae83-406c-ad27-5712b9b83ca9,S101611,Failed,Verified,Failed,Approved,2025-08-02
14b4389a-aca9-4c87-afe4-e43797da0ac2,S101612,Failed,Verified,Verified,Approved,2024-12-14
3fdbb81f-5199-402c-b0f0-7678a69adf76,S101613,Verified,Verified,Failed,Approved,2026-07-01
b84c570d-77b3-4648-b505-16a14ffd78e1,S101614,Verified,Verified,Verified,Approved,2025-06-08
d0aa1e0a-01c0-4a3e-989f-50720e996979,S101615,Failed,Failed,Verified,Approved,2022-02-15
ff251e19-dacb-46de-bbc0-77e47822ed38,S101616,Verified,Verified,Failed,Approved,2022-05-24
7abf9970-7ee0-461d-80d8-0a5ba7cb01da,S101617,Failed,Verified,Verified,Approved,2025-12-31
8effbdef-b924-41d9-8191-bb805ffd2214,S101618,Failed,Failed,Failed,Approved,2024-08-31
e702cea2-c63a-44b6-ab38-3d798d344182,S101619,Verified,Failed,Verified,Pending,2022-09-26
a89b7c8a-4855-4e78-90fb-d0674c2b1f6f,S101620,Verified,Failed,Verified,Approved,2024-05-08
cad8abab-9ca9-457f-9c03-0e6d93ef3396,S101621,Verified,Verified,Failed,Approved,2025-08-18
c840c21c-32a4-40fb-a645-8cffe9b6a838,S101622,Failed,Failed,Failed,Approved,2022-07-22
812b6b4c-60bd-4ea8-b4c0-e9b658b46d7f,S101623,Failed,Verified,Verified,Pending,2024-02-17
6a237315-f54c-4df4-b450-3db26a88b70c,S101624,Failed,Failed,Failed,Pending,2026-01-13
3cd89af3-1218-4b09-84c9-52d820101b24,S101625,Failed,Failed,Failed,Approved,2023-03-23
cfd67deb-02f0-4a17-af32-79818bfd50f8,S101626,Verified,Verified,Verified,Approved,2023-11-04
5bc04c28-942c-4d48-a975-bc02534a778a,S101627,Failed,Verified,Verified,Approved,2025-05-23
d2bda17d-c7f8-41f9-9c63-1e5212ad763a,S101628,Failed,Failed,Verified,Approved,2025-01-07
bd66ae5c-478b-457a-8d6d-087241d82c2c,S101629,Verified,Failed,Failed,Pending,2025-02-20
2bdb4b39-bf8d-4ae3-8724-b7185be7237e,S101630,Verified,Verified,Failed,Approved,2024-04-06
952bc2ce-5eeb-4aa8-a675-20c329b2b901,S101631,Failed,Failed,Verified,Approved,2024-03-03
32368654-19cf-422c-962e-7e5255331856,S101632,Failed,Verified,Verified,Approved,2024-11-29
305d9a2a-d310-417c-989a-830fd12f8af1,S101633,Verified,Failed,Verified,Approved,2023-09-01
53d0e3ee-be14-4804-88d9-8370b53e4f8e,S101634,Failed,Verified,Failed,Approved,2026-03-08
4b4d1abd-59dc-4d95-913b-f1249cc1e691,S101635,Failed,Failed,Verified,Approved,2026-06-06
354a922f-69d9-445e-94f3-241a18a4fb51,S101636,Verified,Failed,Failed,Approved,2024-07-27
1c1784a6-5ab9-4fbd-b052-df0fa8d187a3,S101637,Verified,Failed,Failed,Approved,2023-07-13
ec80c7f5-b439-4ce5-bf66-91dbebb43d16,S101638,Failed,Failed,Failed,Approved,2022-05-11
98be139e-06a2-4460-9978-fa00eaaee44a,S101639,Failed,Failed,Verified,Approved,2025-08-22
57b643c6-4f01-4194-bf75-56f969250338,S101640,Verified,Verified,Verified,Approved,2024-07-23
fa3219ee-3afb-40f9-ac2a-8ede1b750a76,S101641,Verified,Verified,Failed,Approved,2023-06-02
6dcb9bf1-ee83-4e20-8e83-0930dc4dcfcb,S101642,Verified,Verified,Failed,Approved,2025-01-23
5b00d981-c19d-4534-a6e3-19ec3ab88b16,S101643,Verified,Verified,Failed,Approved,2024-04-27
f15a216f-0283-4424-9afb-e705bbf03f2c,S101644,Failed,Verified,Failed,Approved,2024-12-31
07cad14e-bbe5-43d7-95ce-011dda7f1ca8,S101645,Verified,Verified,Verified,Approved,2024-01-04
3cc3097d-7dc1-49a6-909c-564840768b22,S101646,Failed,Failed,Failed,Approved,2023-10-23
e7d60ad4-ebec-4a01-a205-eabf7f22fba5,S101647,Failed,Verified,Verified,Approved,2026-05-03
42c4c311-3cbc-4eee-a402-bd522471dee4,S101648,Failed,Verified,Failed,Pending,2026-04-12
b3ba5df7-ddbd-4d5c-ab78-9cf122620589,S101649,Failed,Failed,Verified,Approved,2023-01-07
c96ebcad-8098-44c9-97e1-128a7ca325a0,S101650,Verified,Failed,Verified,Pending,2024-04-06
f5e5f982-de4d-45df-b753-c304cf51bab4,S101651,Verified,Verified,Verified,Approved,2026-06-09
b59946e2-fe38-4254-8a1f-2fcbf5319da6,S101652,Failed,Verified,Failed,Approved,2022-10-19
d3789ce5-f4b2-433d-a22e-58d532df7267,S101653,Failed,Failed,Verified,Rejected,2025-11-03
a22002a5-376b-4045-ac28-3fdeadad91d6,S101654,Failed,Failed,Failed,Approved,2025-06-03
23d24b8f-1cae-42f7-8b84-a168d3565b92,S101655,Verified,Failed,Verified,Approved,2025-03-07
10292c12-70fc-4404-9486-90f7841597ef,S101656,Verified,Failed,Failed,Approved,2024-03-18
86bd6f22-df8a-40cb-8ade-2081e3082448,S101657,Verified,Failed,Failed,Approved,2023-08-12
b9b90b8f-a762-4252-9f41-223fd0e5e13d,S101658,Verified,Verified,Verified,Approved,2022-12-15
5a722e69-3ae5-4c8d-8007-a6c691f8ce94,S101659,Failed,Verified,Verified,Approved,2024-12-23
acbc1fa0-4ea5-458f-9c58-1b2ef1ccfa4a,S101660,Verified,Verified,Failed,Approved,2022-02-18
da030e73-ae96-4c12-bde1-98a1717054c9,S101661,Failed,Verified,Failed,Rejected,2023-05-20
2397560f-e098-4ed7-91f5-d47bbfc6cf2b,S101662,Failed,Failed,Verified,Approved,2025-07-20
12133d64-1eb8-49b5-9233-d02af4479d5e,S101663,Verified,Verified,Verified,Pending,2022-03-20
bfcbdd99-70f4-4484-a946-7638e7355bf2,S101664,Failed,Verified,Failed,Approved,2022-07-03
6c510a95-94d2-48d0-b2af-867151324cb8,S101665,Verified,Failed,Failed,Pending,2022-01-30
7f7fcbe8-db4c-4d45-81e6-478a3e81d07d,S101666,Failed,Verified,Failed,Approved,2023-11-01
120129ac-37ab-4b4f-9116-0c97e42242a7,S101667,Verified,Verified,Failed,Approved,2024-05-16
d75cfde4-9b38-4672-8e49-c65416722a67,S101668,Verified,Verified,Verified,Rejected,2024-07-08
fd9386d9-3d15-4071-b4b2-398ef4377816,S101669,Failed,Failed,Verified,Rejected,2023-05-05
0422553c-e5cd-49f3-9aeb-7382fcef304b,S101670,Failed,Failed,Failed,Approved,2022-02-10
671a9f03-80fd-484c-88f8-516eff0e46f4,S101671,Failed,Verified,Failed,Approved,2024-07-05
0dc856a6-3da0-4e55-b957-58a029771f73,S101672,Verified,Failed,Verified,Approved,2026-01-09
c4502a4c-bb64-415f-ae96-8d8cd100544b,S101673,Verified,Verified,Verified,Approved,2026-02-06
94dae941-f898-4571-880e-643055969a0e,S101674,Verified,Failed,Verified,Approved,2022-06-09
d49d3c77-ac5f-4e72-8269-13a6e37c9c10,S101675,Failed,Failed,Verified,Approved,2025-09-30
d064dc38-3c20-4be6-86d9-283506beac5a,S101676,Failed,Failed,Failed,Approved,2023-03-11
826a17bb-1874-4fe8-8855-022aed82f05a,S101677,Verified,Verified,Verified,Approved,2023-07-31
b479d898-3e53-4429-84ca-56c4cd193f76,S101678,Failed,Failed,Failed,Approved,2023-03-28
f3ab7616-8c11-498c-8c3f-42f36ae0151c,S101679,Failed,Failed,Verified,Approved,2025-10-15
ad714fa3-17b9-489e-b71b-7fc75f4a0227,S101680,Verified,Verified,Failed,Rejected,2022-06-05
21056f8c-0b66-4998-aaee-13de09954f3d,S101681,Failed,Verified,Failed,Approved,2025-10-23
4df7170f-272f-4443-8034-6aec11563f5b,S101682,Verified,Failed,Failed,Approved,2026-07-28
06138a83-40b9-46c8-b4d8-11351367cec9,S101683,Failed,Verified,Failed,Rejected,2022-09-14
0ba89629-729f-4c10-9655-9da48b41d6a0,S101684,Verified,Verified,Failed,Pending,2025-11-21
f8f6bf24-4304-463a-848e-44dc227cbee6,S101685,Failed,Verified,Verified,Approved,2025-12-28
a2688532-6cb3-4ce2-900b-df506c333aea,S101686,Verified,Failed,Failed,Approved,2026-02-22
7213d4a3-886f-4db2-b878-11368cd6d040,S101687,Failed,Verified,Failed,Approved,2025-06-20
310a1455-a1e0-435e-8ae3-f071a43b46b4,S101688,Verified,Failed,Verified,Rejected,2025-12-02
481395fa-1071-4f20-826d-d30c2f080fd0,S101689,Failed,Failed,Failed,Approved,2026-04-02
7a6e69fa-92ed-427c-9b48-fb2491600f57,S101690,Verified,Verified,Failed,Approved,2025-12-30
02c02fbc-daa2-4fe9-aa2d-c2cbdca41a1f,S101691,Failed,Verified,Verified,Approved,2025-06-17
f66feb4e-20dc-45c9-aa2c-64ac35a9f2b3,S101692,Failed,Failed,Verified,Pending,2025-07-02
a4ec1371-300d-402b-87b4-ea3d0546085f,S101693,Failed,Verified,Verified,Approved,2025-08-02
417cf2ed-7ede-4a0a-aa0f-03354fb71ca6,S101694,Failed,Failed,Failed,Approved,2023-04-21
4e8995c9-3476-481f-b967-956d368a2097,S101695,Failed,Failed,Verified,Pending,2023-04-12
0b1b74cc-1abe-46a6-a134-a0f44e31031d,S101696,Failed,Failed,Verified,Approved,2025-01-25
deec0066-10fb-40fc-9c79-2053694ec9d5,S101697,Verified,Verified,Verified,Approved,2022-05-06
4b5293e4-0553-4964-8e06-b0c50b841a34,S101698,Verified,Failed,Failed,Approved,2025-03-23
10cd81bb-007f-4bd0-a525-2940d7ecb2ab,S101699,Failed,Verified,Verified,Approved,2023-05-13
1c4b5f94-4ad3-4848-a106-8c7c03119338,S101700,Failed,Verified,Verified,Approved,2022-03-19
56130c51-3c02-4c08-9f38-afb03303dccc,S101701,Failed,Verified,Verified,Approved,2026-03-08
bec55770-f5c5-4f84-957e-46975dcb8850,S101702,Failed,Failed,Failed,Approved,2023-11-09
2216a46c-4daf-46bd-923b-c8227488f853,S101703,Failed,Failed,Failed,Rejected,2022-10-30
c284d2f5-78ec-498b-b883-2e4e0c1d7fd5,S101704,Failed,Verified,Verified,Approved,2024-02-27
af4413c8-2590-44fb-bf9e-1f08f9cc2915,S101705,Failed,Verified,Verified,Approved,2025-05-02
3b65c1be-add3-41b4-a0be-43b6ae5361ac,S101706,Failed,Verified,Failed,Approved,2022-03-02
6c5afa87-5b7a-4e49-b5c8-e52d98c79f9c,S101707,Failed,Verified,Verified,Approved,2026-04-10
b144544f-feda-4ee6-9c51-ee4ac14906fd,S101708,Failed,Failed,Verified,Rejected,2025-10-22
15c83934-a82c-4f5f-a166-ee8276d946e6,S101709,Verified,Failed,Verified,Rejected,2026-01-26
c7f66ab7-cb7f-47c9-a0b5-b8dd7d370e28,S101710,Verified,Failed,Failed,Approved,2022-01-25
ccfd21c3-85d1-4f81-b5f5-35fd13a639ff,S101711,Failed,Failed,Verified,Approved,2025-07-16
c22d5a6e-e427-4524-9993-b1e5c3a7600b,S101712,Failed,Failed,Verified,Approved,2024-07-12
8de7a12d-9501-4a74-b0e1-aea08f2e6ee0,S101713,Failed,Failed,Verified,Approved,2025-10-02
e7fe3bd4-8dc0-4a92-b71e-d6ef7f2f681e,S101714,Failed,Verified,Failed,Pending,2023-03-05
7db92846-7436-4906-92bb-5c44d95790c9,S101715,Failed,Verified,Verified,Approved,2024-01-01
701dc761-bc4d-4069-b9e3-10986c6bc336,S101716,Failed,Failed,Verified,Approved,2025-09-22
1045f87d-dd61-430b-9efe-232ceaf68f57,S101717,Verified,Failed,Failed,Approved,2022-04-04
76f7d7d1-7afa-410c-8006-9f8937bda64d,S101718,Failed,Failed,Failed,Approved,2023-03-03
ca328ebf-20f8-4eac-9392-a86da802153d,S101719,Verified,Verified,Verified,Pending,2024-09-10
1582a275-897b-449d-9b41-b6d4368c9dea,S101720,Failed,Failed,Verified,Approved,2022-11-02
39240e23-92e1-4bc0-b890-ed188874b98d,S101721,Verified,Failed,Verified,Approved,2025-10-28
a2c7ca50-a4aa-440f-b4db-51949d5e8f2c,S101722,Verified,Verified,Verified,Approved,2025-01-13
4719a40b-0aae-4523-a926-0dc7ccc50620,S101723,Verified,Failed,Failed,Approved,2023-01-06
09f114d3-398e-4c11-b9ff-479981b5b4d9,S101724,Verified,Failed,Failed,Approved,2023-01-04
9640f569-1ded-40fb-9c7a-9f0046608cf5,S101725,Verified,Failed,Failed,Rejected,2022-09-14
bd40659e-5771-44cf-91af-903540bee298,S101726,Failed,Verified,Verified,Approved,2025-09-18
8282a46c-edec-4e6a-a8ee-7fdb8054a1de,S101727,Verified,Failed,Verified,Approved,2024-09-27
a52bdb1c-15a1-4bb6-943b-aff3cef90eae,S101728,Failed,Verified,Verified,Approved,2024-06-26
d40b6abc-74cc-4889-8a55-6921bc8e2ed7,S101729,Verified,Verified,Verified,Approved,2025-01-18
1d0c5184-47d2-451e-b92d-3cdab9649f94,S101730,Verified,Verified,Verified,Approved,2022-06-04
af82e413-e619-4d55-8e36-98e889de7964,S101731,Verified,Verified,Failed,Approved,2022-07-05
f97790b2-f63b-4c0f-bfa6-4b2607d6c841,S101732,Failed,Failed,Failed,Approved,2023-08-28
c7635785-6719-4379-a846-29fe94283c61,S101733,Failed,Verified,Failed,Pending,2023-03-08
0a40b93a-ad65-40fe-ba58-97ee4fcb77ab,S101734,Verified,Verified,Failed,Approved,2022-10-31
cb9ca88c-a238-454b-a05a-582f3f7b4b3f,S101735,Verified,Failed,Failed,Approved,2024-10-02
7c0591f1-e059-4743-990b-c72d1b60a402,S101736,Failed,Failed,Verified,Approved,2026-02-23
54da025a-828f-479a-91a9-dff5ce0b2985,S101737,Failed,Verified,Failed,Approved,2022-03-20
919826ea-e83c-47a1-b155-2a429eac4a15,S101738,Verified,Failed,Failed,Pending,2024-07-19
8a11bab8-fc05-4808-8469-46af1b25a37e,S101739,Verified,Verified,Failed,Approved,2024-12-18
a9638663-3d09-4c1f-9346-29f5a33722ff,S101740,Verified,Verified,Failed,Approved,2022-09-08
08709a73-23e4-4eaf-b865-19d5642c14ac,S101741,Verified,Failed,Failed,Rejected,2022-11-26
d3c5eaa4-4767-4dc8-a688-f9505c982e6d,S101742,Verified,Verified,Verified,Rejected,2025-06-25
c467b3df-30f3-4dc3-99d7-e7384e402804,S101743,Failed,Failed,Failed,Approved,2024-07-23
72b3f2cc-2ec5-41f4-9562-2b923c4c3c4e,S101744,Failed,Failed,Failed,Approved,2024-08-10
50f27dcc-9044-45ef-ac9d-18ef14c6423e,S101745,Failed,Verified,Verified,Approved,2024-07-19
691ba646-f172-40b2-87f5-f4cf406cf489,S101746,Failed,Failed,Failed,Approved,2026-07-08
d8f1d3b3-5063-4ef1-843d-6a3b3a57e6fe,S101747,Failed,Failed,Verified,Approved,2025-07-20
0228ad07-74c2-47b6-a57a-d2cf6ba45a3a,S101748,Verified,Failed,Failed,Rejected,2022-02-12
bd275765-0df6-42ea-ba24-9ca123e8e680,S101749,Failed,Failed,Verified,Approved,2025-01-10
131fc388-a287-4c6d-b6aa-289377dff112,S101750,Verified,Failed,Failed,Approved,2023-03-21
75693284-327c-4f9d-9ae8-d92cc489d6d7,S101751,Verified,Verified,Failed,Approved,2023-03-15
2f97e3ae-4773-4caf-a81f-79c08f1584cf,S101752,Verified,Verified,Failed,Rejected,2025-06-07
58ab65d0-e534-48c5-afd1-03430e1f9be0,S101753,Verified,Failed,Failed,Approved,2022-03-08
59266a34-a61d-4ed9-aeb4-7cf35bea2285,S101754,Failed,Failed,Verified,Approved,2023-12-17
38135dad-c179-481c-9629-d311b80fa0c5,S101755,Failed,Failed,Verified,Approved,2026-07-22
484c6265-4458-4e41-91d1-fedfac7c2bca,S101756,Verified,Failed,Verified,Approved,2024-05-19
09380789-d973-4a63-8262-de44efdd42c0,S101757,Verified,Verified,Verified,Approved,2022-08-02
eb1be442-f066-491e-8243-a625733eb516,S101758,Failed,Verified,Verified,Rejected,2023-01-30
ad72aa9f-97ee-46ea-b54d-03d484225042,S101759,Verified,Failed,Verified,Rejected,2024-08-30
b2d3c152-77cd-4e3a-b4be-8c3069c62574,S101760,Verified,Verified,Failed,Approved,2025-11-04
868fe763-dfe1-45aa-80da-97fef7ba444f,S101761,Verified,Failed,Verified,Pending,2025-02-07
967b35b8-cd70-48f4-b8d8-22ef89bd6c7b,S101762,Failed,Verified,Failed,Approved,2022-08-08
a4f3c259-2a2c-4f9d-a071-2f7aed584d65,S101763,Verified,Verified,Failed,Approved,2023-09-16
22ab2999-badb-4a35-a5c1-c54bb73f256b,S101764,Failed,Failed,Verified,Approved,2023-10-15
1b193089-cc8f-41f1-b932-e8daf9969f56,S101765,Failed,Verified,Failed,Approved,2022-07-09
bd8226a6-0802-43b1-accc-1cc5c3252cec,S101766,Verified,Failed,Failed,Approved,2024-11-23
23cc6f7f-c795-41e5-b49d-bcd709e83067,S101767,Failed,Verified,Verified,Pending,2024-05-28
ecf1f1ff-0257-443b-aa84-7ec2addbe0d8,S101768,Failed,Failed,Verified,Approved,2023-11-15
c18f8d47-c4df-4d2f-858b-c7ea46f8aa1d,S101769,Verified,Verified,Failed,Approved,2025-08-31
c2833293-7e96-44fe-8f73-783a9e5950fe,S101770,Failed,Failed,Failed,Approved,2026-04-16
1ff294f8-fcb6-455f-916b-c91ff84b8619,S101771,Failed,Verified,Failed,Approved,2023-07-16
670c5dfb-4b88-446b-ac7d-5b6bc8443b71,S101772,Failed,Failed,Failed,Rejected,2024-08-26
5df7b5eb-718f-412a-b026-2ee11b0be11d,S101773,Verified,Failed,Failed,Approved,2025-01-29
b15ea752-8994-4521-bde5-60e2ab2dbaaa,S101774,Failed,Failed,Failed,Approved,2023-01-16
478c91ac-f18e-453e-a47b-303003fff16c,S101775,Failed,Failed,Verified,Approved,2024-02-17
05e263c7-e341-43fc-b14e-f0fe184364f5,S101776,Failed,Verified,Failed,Rejected,2025-10-25
4f852152-fc4e-4481-b1ad-ab8bf3db4104,S101777,Verified,Verified,Verified,Pending,2025-07-07
7bc50aea-68aa-460f-ad72-2bc48d4cb611,S101778,Failed,Verified,Verified,Approved,2025-09-30
41d21a32-6b1e-496c-8595-c6c314f2125d,S101779,Verified,Failed,Verified,Approved,2023-06-27
f5bde84b-2620-4882-85fe-f22df3771a80,S101780,Verified,Failed,Verified,Approved,2025-10-22
4ad7171b-c503-4904-a046-f92d6ef38b2f,S101781,Failed,Verified,Verified,Approved,2025-06-25
f6107fd6-f27c-4ee9-92df-aea24cf55e0c,S101782,Failed,Failed,Failed,Approved,2023-04-03
423e2c4c-b219-4a6d-8f2d-e6397f606d69,S101783,Failed,Verified,Verified,Approved,2022-11-06
785329a9-6a17-4569-8c71-f7ce901d8dc2,S101784,Failed,Verified,Verified,Approved,2024-01-11
04030ebe-ce21-401c-9d6f-5a801508b722,S101785,Failed,Verified,Failed,Approved,2026-07-06
769359d6-8088-4bf2-9e12-88befacb222e,S101786,Verified,Failed,Verified,Pending,2022-09-15
3b1e4290-0387-41ad-8751-8f377758f668,S101787,Verified,Failed,Failed,Approved,2025-01-26
769727cc-5388-4f74-a833-21303e000000,S101788,Verified,Verified,Verified,Approved,2024-03-25
49072a0a-b164-44e8-8c08-9916c6cc82e1,S101789,Verified,Failed,Verified,Pending,2023-12-21
c92c2bcb-3960-4241-8b33-b3f3a8dc6db2,S101790,Verified,Failed,Verified,Rejected,2023-07-16
3e88bcb6-76ad-4bb6-8776-4242c1352b00,S101791,Verified,Failed,Failed,Approved,2023-10-21
604f29c2-d711-4818-8ed6-5164227564fe,S101792,Verified,Failed,Failed,Approved,2025-06-14
87b564d7-c5ce-4692-ac53-3408a8cee611,S101793,Failed,Verified,Failed,Approved,2022-10-24
dff6f83a-9d12-4e4b-bdeb-b07690f8b020,S101794,Verified,Failed,Failed,Approved,2024-08-07
41a14527-e463-4d0c-a842-c0137b9e535f,S101795,Failed,Failed,Failed,Approved,2023-05-10
ade7afde-cf95-4d45-8fb0-68cf99c8bc55,S101796,Verified,Verified,Failed,Approved,2023-09-10
a39b3864-36ba-4aa4-8138-20b90f51cc53,S101797,Failed,Failed,Verified,Approved,2024-12-17
cc4ff1cd-42c2-4d17-8e9a-a279c69abf22,S101798,Verified,Failed,Verified,Approved,2025-05-22
fb8c799f-836f-496e-ba42-a9a1f5e3bde9,S101799,Verified,Failed,Failed,Approved,2024-05-11
713b4281-76cb-48e1-8d84-3c9519e1be61,S101800,Verified,Failed,Verified,Approved,2023-06-27
bd9d9d7e-e0db-4308-9844-e3439fd3efc0,S101801,Verified,Verified,Verified,Approved,2024-06-16
92cb5e1f-9702-4e56-aef9-c4ab800dd675,S101802,Verified,Verified,Failed,Approved,2023-01-19
d76b4a4d-6768-440a-82d8-e0a5248a188f,S101803,Verified,Failed,Verified,Pending,2024-03-16
7794eab7-489b-4679-a92d-100292d8212b,S101804,Failed,Failed,Failed,Approved,2023-06-09
870372fe-dae6-42b1-8852-914b05b7802b,S101805,Verified,Verified,Failed,Approved,2024-08-15
ef554b80-edd8-4ce8-9af3-c49c1f07bf99,S101806,Failed,Failed,Verified,Rejected,2024-04-01
17dedfbe-0f26-4f72-b10f-ede0ae1a309e,S101807,Verified,Failed,Failed,Approved,2024-04-24
fa43c7bb-c48e-4a3f-ad0e-aa2c82fbfdc7,S101808,Verified,Failed,Verified,Approved,2022-05-28
3f5992e6-22ca-4d6d-bebc-519449d5641d,S101809,Failed,Failed,Failed,Approved,2025-07-12
ec1d9c52-43a8-4f46-9066-fe9e156fd7cf,S101810,Failed,Verified,Verified,Approved,2022-03-01
d0ca8c48-6103-4940-b078-91e75b764007,S101811,Failed,Failed,Failed,Rejected,2023-12-27
c9821c70-8296-4649-98ce-43e55f203b71,S101812,Verified,Failed,Failed,Approved,2025-12-23
5e01107c-76b6-4e94-aa82-536a1fec3c82,S101813,Failed,Failed,Verified,Approved,2024-05-09
d11f0522-e5c4-4606-94a7-091a983cc6ad,S101814,Verified,Verified,Verified,Approved,2023-04-08
3ee831ac-0585-4edf-8e8e-fff779815276,S101815,Failed,Verified,Verified,Approved,2024-07-23
c2492e9d-e74d-4397-bdf5-deff456f25c0,S101816,Verified,Verified,Failed,Approved,2023-12-19
ba9513e9-32a3-44be-8553-ec8675d5d68f,S101817,Verified,Failed,Verified,Approved,2024-01-13
e367972a-5aa6-479c-a791-0c8ed7c6b6f3,S101818,Failed,Verified,Failed,Approved,2025-09-20
781021a1-aec0-4f66-8e5a-4bf3619f0a24,S101819,Failed,Failed,Failed,Approved,2022-08-09
d0012dde-f8f6-44ad-8740-ecda4bc7d6aa,S101820,Verified,Verified,Verified,Rejected,2022-08-07
b056e2c1-c834-4ef7-b7ae-3bd3cb402706,S101821,Failed,Failed,Verified,Approved,2022-03-08
2358b5ad-6143-49c4-b5c1-92a054a271ce,S101822,Verified,Verified,Verified,Approved,2025-03-09
a63f50af-e016-4b1c-9766-9e7a50b11b33,S101823,Failed,Failed,Verified,Approved,2026-07-07
1f9bdf4c-349b-473a-a7a3-51ffabf8106d,S101824,Failed,Failed,Verified,Approved,2025-10-12
4201709b-5628-4b9e-9255-9fe812b2b757,S101825,Failed,Verified,Failed,Rejected,2022-10-05
1d112177-1103-4e7e-a311-9c9c1bf5e3a0,S101826,Failed,Verified,Verified,Approved,2024-02-28
e6a697fc-eb8f-4af2-9601-f36b9784f6e6,S101827,Failed,Failed,Failed,Approved,2025-04-24
071bcd2a-2333-4422-a3dc-221206eab78c,S101828,Failed,Verified,Verified,Approved,2024-09-25
1a3ade24-7d22-42dc-82f6-ed3e6111fe2d,S101829,Verified,Verified,Verified,Approved,2025-09-07
a64d2f1c-66ea-459e-bcac-62093f72dfa4,S101830,Verified,Failed,Failed,Approved,2024-04-04
c8b81d4e-0d81-4d84-b432-f9ba9543431c,S101831,Verified,Verified,Verified,Approved,2025-02-12
20eb968b-df03-4e96-9c48-78f10875df32,S101832,Failed,Verified,Failed,Approved,2024-08-09
acc60992-fa4f-4ffc-934c-96452d317a3e,S101833,Failed,Verified,Verified,Approved,2025-08-03
a59007bd-29f8-438e-83c8-83fe4f2dc250,S101834,Failed,Failed,Failed,Approved,2022-12-12
ed6daec9-c8bf-4e4a-ac80-3a41dd57077a,S101835,Verified,Verified,Verified,Pending,2023-01-01
f23c3d37-fc80-4f90-a76b-9d80700fa7ac,S101836,Verified,Verified,Verified,Approved,2024-01-18
5d93dbf0-c10e-47c1-bf8e-26403e8d544a,S101837,Verified,Verified,Failed,Approved,2022-01-15
43f8bcc7-8f7f-4d81-b33e-1a4fd0f92d7b,S101838,Verified,Failed,Failed,Approved,2023-02-04
c6637058-50e2-4229-a2d6-bd79ab765b40,S101839,Verified,Verified,Verified,Approved,2025-07-13
d51ffbfe-1faa-4188-9eb3-04dc6ca6cbca,S101840,Verified,Verified,Failed,Approved,2022-01-21
af77a587-f69c-4ed6-9bd1-a6a568cba1df,S101841,Verified,Verified,Failed,Approved,2025-03-15
9f053fa7-c3b2-44cf-ab06-fe7b500b25b9,S101842,Failed,Verified,Verified,Pending,2024-02-15
4fa3230b-9c71-4ebd-b725-f18d9224e427,S101843,Failed,Verified,Verified,Approved,2024-01-21
69c01379-2444-4c8d-bc0c-025c45278bc7,S101844,Verified,Failed,Verified,Approved,2024-07-01
88b03070-15d4-442a-b3a7-9fe1cac778cf,S101845,Failed,Verified,Failed,Approved,2025-06-23
5456dcc2-d3b8-4f55-99dc-592c46744dbb,S101846,Verified,Failed,Verified,Approved,2023-03-20
c3605570-7047-4317-b5ab-e59350888c74,S101847,Verified,Failed,Failed,Rejected,2025-12-11
51153d21-e0bd-4058-bf2b-a7e1c6237cc4,S101848,Verified,Verified,Verified,Approved,2025-06-15
66c722f6-277b-45aa-b8a2-48a9890a697b,S101849,Verified,Verified,Failed,Approved,2026-04-29
a422c6cc-b847-46f2-a093-9d1287abf7ad,S101850,Failed,Failed,Verified,Rejected,2024-01-14
88aae39a-0f5d-42ac-9e66-01de9ff7386b,S101851,Failed,Failed,Verified,Approved,2024-11-21
9caeb54f-d9fc-48b5-850b-d05b1b416186,S101852,Verified,Failed,Verified,Approved,2025-08-19
a82b29ee-da23-49c8-9128-b80b949d94e2,S101853,Failed,Failed,Failed,Approved,2025-09-19
2ed747d0-0809-4b51-b7ad-3af94f9a13b3,S101854,Verified,Failed,Verified,Approved,2024-01-19
31e1ed5e-2231-4896-b106-65c1cc8ffff1,S101855,Verified,Failed,Verified,Approved,2023-07-11
97d974e9-5ed5-4843-8e1e-ff0558eb1b1c,S101856,Failed,Verified,Verified,Approved,2024-05-27
82dc6f92-590a-446e-9352-78033ae09dba,S101857,Verified,Failed,Failed,Approved,2023-01-19
f2f2117b-34cd-430a-b193-fe290e539f22,S101858,Verified,Verified,Verified,Pending,2023-06-24
a0eab37e-eed5-4a65-bc9f-8e93ab6f0a98,S101859,Failed,Failed,Failed,Approved,2024-08-27
2be0881f-a514-42f8-a03a-aa0655507cf0,S101860,Failed,Failed,Verified,Approved,2025-01-02
56083dd8-07bf-4bb8-8493-3b3d820b337c,S101861,Verified,Failed,Verified,Approved,2022-04-01
7eef3275-ce4d-4b97-ad12-1765072c3651,S101862,Failed,Failed,Verified,Pending,2025-02-05
7f404316-df73-4648-8baa-8cff50ef5abd,S101863,Verified,Verified,Verified,Approved,2024-10-07
16892173-822b-434c-aa68-37c0b7507558,S101864,Verified,Verified,Failed,Approved,2023-12-30
e4486bc1-e1ec-4ef3-afa5-ef5f95fe26f4,S101865,Failed,Failed,Failed,Rejected,2023-08-08
ceec6f6d-7378-4ccb-923f-5b12a1654f53,S101866,Verified,Failed,Failed,Approved,2025-11-05
c9d22116-425e-43bc-9c57-a2833639be00,S101867,Failed,Verified,Failed,Approved,2025-11-29
e97d58b3-4b70-43dd-928b-b2f4ca3904f7,S101868,Verified,Verified,Verified,Rejected,2024-05-19
47cec420-2e4b-44e1-9bae-4fd421aaa0f0,S101869,Verified,Verified,Verified,Approved,2023-11-27
7e0a096e-792e-4062-b383-eee1b428941d,S101870,Failed,Verified,Failed,Rejected,2024-02-18
4907bb41-40cb-42c3-bb80-1e1b7d189f80,S101871,Failed,Failed,Verified,Approved,2025-06-25
90c432df-4602-4eec-a8e5-2ebac752a7b9,S101872,Failed,Verified,Verified,Approved,2022-01-10
9659533d-cb58-4bef-83b9-1c4363f902bc,S101873,Failed,Verified,Failed,Rejected,2024-03-16
6d58ea8a-4e5d-42ed-88af-3c2d3ecacda4,S101874,Failed,Verified,Failed,Approved,2025-11-23
0c7ebc71-0d88-4e48-8e86-055d48459436,S101875,Failed,Verified,Failed,Pending,2026-07-15
917c1c85-62f3-449a-823a-c2b06f4c7ffd,S101876,Failed,Failed,Failed,Approved,2024-12-26
ec869343-82d3-41df-9fb0-aec08835eb99,S101877,Verified,Verified,Failed,Pending,2023-05-13
8bdcb8d9-4c32-41a1-a3e2-7bd022be550f,S101878,Verified,Verified,Verified,Approved,2024-06-19
bde11274-f5d5-4ba8-a03b-5f176f343313,S101879,Failed,Verified,Failed,Approved,2022-03-17
ce64ebb5-5d39-49b0-b51d-0be7abedb162,S101880,Verified,Verified,Failed,Approved,2025-08-05
7f30d8ac-3538-4491-8d65-4a855d710ec4,S101881,Verified,Verified,Verified,Approved,2026-05-06
c9001271-3a55-4f20-97fc-3fa2766f6149,S101882,Failed,Failed,Failed,Approved,2022-02-01
8ffe2a70-ff5e-4fcb-90c9-80c4e2cec61b,S101883,Failed,Verified,Failed,Approved,2023-05-26
dd8729e4-a6ce-4b4d-a738-eb305a04d51d,S101884,Failed,Failed,Failed,Approved,2024-02-14
613d22c9-cdf1-4dcf-a739-bb7d4a4e0de5,S101885,Failed,Failed,Failed,Approved,2023-12-12
23c44489-19c5-4478-9533-022d054c71d8,S101886,Failed,Failed,Failed,Approved,2025-01-12
d8b08cf3-e2cd-404c-85aa-ebe71f0c6e13,S101887,Verified,Failed,Failed,Approved,2024-10-22
283ba354-77c0-4c27-863c-47eb4110df55,S101888,Verified,Verified,Verified,Approved,2024-11-10
cf50c4ca-40d7-48ea-9c47-3391dc15d598,S101889,Failed,Failed,Failed,Approved,2022-04-21
32b7b24f-bb2b-4c75-9aae-abd7fa4eacb9,S101890,Verified,Verified,Failed,Approved,2025-08-05
17b3502e-0b24-49e5-af60-58c39a61a1c8,S101891,Failed,Verified,Failed,Approved,2024-06-29
92d133d8-0f79-4d34-af23-d00ec1735503,S101892,Failed,Failed,Failed,Approved,2025-07-25
dabc3619-9d4f-4114-bddc-4552d577f441,S101893,Verified,Failed,Failed,Approved,2022-01-13
242e8f55-38f9-47a5-9073-4cc9fc798076,S101894,Failed,Verified,Verified,Approved,2022-03-14
40bc3d62-be40-47fe-a1da-08a5d7a800b9,S101895,Failed,Verified,Verified,Approved,2024-09-14
904c6eaa-70bb-427a-87f4-fe4b77feffa1,S101896,Failed,Verified,Verified,Approved,2024-12-06
22d5df3d-f3c3-42f7-a5aa-e4ea24b0e0ba,S101897,Failed,Failed,Failed,Approved,2024-12-31
e48ba51a-f025-4d70-ab1e-26b75c4e3ef2,S101898,Verified,Verified,Verified,Approved,2025-02-28
7a17b2c5-b4e7-45bc-9aa9-c2ffcb44778d,S101899,Verified,Failed,Verified,Rejected,2023-05-20
af85f328-1fd7-4d6f-b387-dc6b4bf12c14,S101900,Failed,Failed,Verified,Approved,2025-06-15
37b5115a-0e88-471a-861b-216564ed08c9,S101901,Verified,Failed,Failed,Approved,2022-06-15
a62a6c10-0f08-4ad7-9f29-e42b21b6d835,S101902,Failed,Verified,Failed,Approved,2025-11-28
ae2e8774-bfe0-4061-bb2b-f045d3426658,S101903,Verified,Failed,Verified,Rejected,2022-04-16
95a10399-c6e8-46dd-b14a-92defa80e7d1,S101904,Failed,Verified,Failed,Approved,2024-06-17
a2768c96-ac8a-4219-bf1c-47f24c11d23b,S101905,Failed,Failed,Verified,Approved,2025-03-20
87fa5903-ef36-47a4-822e-12d098f4e329,S101906,Failed,Failed,Verified,Approved,2025-07-26
f015b096-4476-49ff-b29e-c80c423752b9,S101907,Verified,Failed,Verified,Approved,2026-01-04
92bdb60a-8e8b-46f7-b5bd-eb242790e780,S101908,Failed,Failed,Failed,Pending,2025-12-05
ecb5ad17-af88-49b2-a7c1-5ab75b844e63,S101909,Failed,Verified,Failed,Pending,2023-09-21
c94ec4e5-173f-4555-ad68-c2353e27fde7,S101910,Failed,Failed,Verified,Approved,2023-01-23
e90b36f3-976e-482a-bfd7-1207d9e5d6e6,S101911,Failed,Verified,Verified,Approved,2026-01-26
b9d52741-6a05-4b55-91e5-8b4143bc84fa,S101912,Verified,Verified,Failed,Approved,2023-10-20
cc6675fe-ed2c-4977-960c-2ce343375b68,S101913,Failed,Failed,Verified,Approved,2022-02-10
bf9adb75-b2da-4dd1-9ac0-4fdf4e694c1e,S101914,Failed,Failed,Failed,Pending,2022-10-14
9f88ac2a-b614-452a-9ab6-4d5ce5567d9b,S101915,Failed,Failed,Failed,Approved,2025-01-06
bba8e697-74d7-4c4b-97bc-b8d25aa24f1a,S101916,Verified,Verified,Failed,Approved,2024-02-06
2c5d6faa-1db0-43a2-a037-7b5081cf999f,S101917,Verified,Failed,Verified,Approved,2024-11-22
b9c40e32-316b-40da-b9a2-8ca272d91c83,S101918,Verified,Verified,Failed,Rejected,2024-07-12
dfc3d424-b5aa-491f-be36-00821bf42da6,S101919,Verified,Verified,Verified,Pending,2025-04-05
dcf886a2-ba56-4b43-ae59-8dca49b39bed,S101920,Failed,Failed,Verified,Approved,2026-04-16
707fb8c6-24cb-424d-8d0f-a825a8a3acf0,S101921,Failed,Verified,Verified,Approved,2023-02-18
3a8455e5-8772-466c-9b41-a4c0bab68460,S101922,Failed,Verified,Verified,Approved,2023-08-15
ee88d132-2523-4758-999a-067321fa1e52,S101923,Verified,Failed,Failed,Approved,2026-04-18
060f22eb-e6f8-4f7d-87a4-e115aeca599c,S101924,Verified,Failed,Verified,Approved,2026-04-29
f709a3a5-9986-4656-b699-56ab29519a0f,S101925,Verified,Verified,Failed,Rejected,2024-11-19
aa68ba01-dccc-4a70-a4e6-3f27356b4d5f,S101926,Verified,Verified,Failed,Approved,2025-12-06
6330c4ba-79cd-4554-a11c-8a9eea0aba28,S101927,Verified,Verified,Verified,Approved,2023-06-10
eb0a0a80-689d-4d3b-b62f-fc7e1a346605,S101928,Verified,Failed,Failed,Pending,2022-04-02
07c83e89-b5e2-4f5d-8547-98d9d0d1cc8a,S101929,Failed,Verified,Verified,Rejected,2023-04-21
fa7e95c9-46da-4696-aa93-913fc435c6ad,S101930,Verified,Verified,Failed,Approved,2023-07-28
ec4ac04e-ba78-4bec-8735-d1590a59f187,S101931,Failed,Failed,Failed,Approved,2023-03-03
5dd86468-a9ed-4cc3-961b-743a63b24106,S101932,Verified,Failed,Verified,Approved,2022-06-01
8d6c25a7-29d2-4737-94ad-450d196baadd,S101933,Verified,Verified,Failed,Approved,2026-07-21
14572b45-8130-46e3-bb3d-70f660b5bd4d,S101934,Verified,Failed,Verified,Approved,2026-01-16
04128fb4-f6fe-4332-9f6d-d463f4fe110d,S101935,Verified,Failed,Verified,Rejected,2023-12-20
22c78ae8-f00e-429d-81ad-3eb359a7b110,S101936,Failed,Failed,Verified,Approved,2025-08-23
219a0e6f-cdfe-4004-9e94-3130b514db32,S101937,Failed,Failed,Verified,Approved,2023-06-24
297496de-9a64-4450-b7ec-e5d6882a66d5,S101938,Verified,Verified,Failed,Approved,2024-03-06
a65c87d4-c662-4a41-ba11-648409b14301,S101939,Verified,Verified,Failed,Approved,2023-08-12
56a89706-a2ed-42e3-adde-259d4abd78b0,S101940,Failed,Verified,Verified,Rejected,2022-03-14
cb0b53b3-2b71-4e06-9b44-0dac96710d4f,S101941,Verified,Verified,Verified,Approved,2026-04-14
fa308311-86a0-4597-ae9b-7cfdf2417077,S101942,Failed,Failed,Verified,Approved,2025-06-09
713e125f-2284-4732-b287-070eb7d9cd26,S101943,Verified,Verified,Failed,Approved,2024-08-27
6b850d90-e661-4633-ae66-932dc7a3d6b2,S101944,Verified,Failed,Failed,Approved,2022-04-16
45dd4421-cb6a-4765-bb44-d71e7d88c445,S101945,Verified,Verified,Failed,Approved,2025-02-25
35cf63bf-9ffc-4c21-b4ce-a2e92ebc4739,S101946,Failed,Verified,Failed,Pending,2024-01-20
378ed10b-43d6-429d-b2ff-8d07517f1865,S101947,Verified,Failed,Verified,Approved,2025-04-23
d1e63fb7-3aaf-4288-8083-a0e2e9209932,S101948,Failed,Failed,Failed,Approved,2025-06-08
74f146e6-e157-4124-bea9-dfb9a38531a9,S101949,Verified,Failed,Failed,Approved,2025-04-02
2218fd32-c99c-44f2-bb3d-9dcf318af0c1,S101950,Verified,Verified,Verified,Approved,2024-09-27
f6a0b961-8520-4938-b0c2-5fe8b727d594,S101951,Verified,Failed,Failed,Approved,2024-08-01
c50d751e-6b11-4953-9ba0-11d637486850,S101952,Failed,Verified,Failed,Approved,2022-01-02
146e8acf-2fe6-4cc8-9416-7854bf05c5cc,S101953,Failed,Verified,Verified,Approved,2023-05-31
1ea43f09-583f-4568-b561-5c4cd32acc65,S101954,Verified,Failed,Failed,Rejected,2024-07-20
611d701e-2350-4a52-830d-28200a833108,S101955,Failed,Failed,Verified,Rejected,2025-10-23
c1afe799-70e6-4b97-bd5e-19bb005cbeb8,S101956,Failed,Failed,Verified,Approved,2025-08-15
3196fb2c-41e8-40b6-9155-96d02a46397b,S101957,Failed,Verified,Verified,Approved,2022-12-02
405a81d8-a06b-40bb-a0c6-b4c2e4df6657,S101958,Verified,Failed,Verified,Approved,2023-06-01
859ce128-b268-430b-bf25-e17df4299222,S101959,Verified,Verified,Failed,Approved,2025-11-14
91ba6c3c-e090-4bf2-b4d7-800a62a75b42,S101960,Verified,Verified,Failed,Approved,2025-02-28
f8a3e272-61f5-4a93-898c-5249aa9ea044,S101961,Verified,Verified,Failed,Approved,2026-04-04
57e04c29-d4d1-4c55-ad2b-7c3eca4246fc,S101962,Verified,Verified,Failed,Approved,2026-01-11
117b01df-7f28-4f1a-9fe4-e44437718796,S101963,Verified,Verified,Verified,Approved,2022-08-11
79f58664-5b41-4b5f-a711-0ce15c771788,S101964,Verified,Failed,Verified,Approved,2025-02-08
06be9567-f837-4e30-9c84-a0123fa5fa7f,S101965,Failed,Failed,Failed,Approved,2026-01-05
8f70ce5f-0119-45df-ae77-c71b5b29210e,S101966,Verified,Verified,Failed,Approved,2022-10-07
10c42bfb-31cd-4a78-8f36-f3d7915aff85,S101967,Verified,Verified,Verified,Approved,2023-05-07
07c32150-38d3-44c4-b403-57ce8e5d790e,S101968,Verified,Verified,Failed,Approved,2022-01-31
fcf6f900-917f-46dc-8f55-9a94aa4ed9ce,S101969,Verified,Verified,Failed,Pending,2024-12-14
9f690e9c-79ef-4c27-8d3e-ce415c818499,S101970,Verified,Failed,Verified,Approved,2025-09-18
779212ee-3ba1-40f0-975f-36ef35a7da65,S101971,Failed,Verified,Verified,Pending,2026-01-02
e7912c62-d460-455e-9999-02eb7304cf71,S101972,Failed,Verified,Failed,Approved,2025-05-22
215365f0-fb7e-4c4d-9afe-cb033a4cdc8e,S101973,Failed,Failed,Failed,Approved,2024-04-21
315960cb-fd28-40ce-b9f1-0a219cbfbe47,S101974,Failed,Failed,Verified,Approved,2026-02-14
f0fbc188-4670-4204-b24e-0ff8e39b4a17,S101975,Failed,Failed,Failed,Approved,2026-04-22
8466d7f3-4fb4-4956-bdf8-bf0a15ec2c71,S101976,Failed,Verified,Verified,Approved,2023-03-18
fa8c66c1-e4cb-4f8d-8d3a-54655702bc80,S101977,Verified,Verified,Failed,Approved,2022-01-01
b0b964ac-af32-4821-a8ef-cc8ec466c4de,S101978,Verified,Failed,Verified,Rejected,2023-05-19
ff68307f-e996-40f8-ab7a-bdeb7430ba0d,S101979,Verified,Verified,Failed,Approved,2022-09-21
d4574206-a38f-46a6-9b46-05865f84ae3f,S101980,Verified,Failed,Verified,Approved,2024-05-16
86863614-06dc-435b-b25c-5d17e526b402,S101981,Verified,Failed,Verified,Approved,2024-09-30
b757b0da-8b4a-4625-a977-2fbc263d9cae,S101982,Failed,Failed,Failed,Approved,2025-04-18
0f0d00bb-9b84-4410-8010-f44604bedc84,S101983,Verified,Failed,Verified,Approved,2024-07-20
070b7f77-2c3e-480f-a697-1d7578d980dd,S101984,Failed,Failed,Verified,Approved,2024-10-26
7a43475b-a0d5-4ca2-a7bb-c5388f8ef417,S101985,Verified,Verified,Verified,Approved,2025-05-01
f19abca9-2818-42b3-9f14-caf215dc37a7,S101986,Verified,Verified,Failed,Approved,2023-02-08
9597846a-85bf-40c0-9f09-7e90c0d0093d,S101987,Verified,Failed,Verified,Approved,2022-12-28
477eac0c-f9b9-462a-80a9-613ad86399bd,S101988,Verified,Failed,Verified,Approved,2024-02-28
98a126a2-3ecc-4075-ae13-ac4b58e01b4f,S101989,Failed,Failed,Verified,Approved,2026-01-12
52c70006-b31d-4c5e-a4a7-79dbfef7a254,S101990,Verified,Verified,Verified,Approved,2022-12-18
09ad6f07-c5bd-4176-a9dc-e3aa91fae7fe,S101991,Failed,Failed,Verified,Rejected,2023-05-31
134c8357-35af-4a4e-bc0d-409f21a3c034,S101992,Verified,Verified,Failed,Approved,2024-12-05
9ee4f965-cf89-42f1-93ee-246dd0179385,S101993,Verified,Verified,Verified,Approved,2022-03-12
9fb3cbf4-e4c7-402d-879e-b033e82cc297,S101994,Failed,Verified,Failed,Pending,2025-08-09
f2320d50-76ed-41d8-b8b9-8baf841ec2cc,S101995,Verified,Verified,Failed,Rejected,2023-02-07
5c5bf9bf-75d2-4d62-9d6f-d73359ccb1cb,S101996,Failed,Verified,Verified,Approved,2024-11-07
0790fd2a-9efd-46be-8a20-9861720af600,S101997,Verified,Failed,Failed,Approved,2023-11-29
0385d098-3255-4d1e-aad7-71f7329c844e,S101998,Failed,Verified,Verified,Approved,2025-02-23
86992db1-8d01-4e6c-af9a-3349d1ad595b,S101999,Failed,Verified,Verified,Rejected,2023-12-09
6f174420-cb5b-4d4b-8e83-0bfd89d67ab5,S102000,Verified,Verified,Verified,Approved,2023-01-08
9ae1da0c-e2d0-43eb-80c6-42f5dd1d0677,S102001,Failed,Verified,Failed,Approved,2024-09-14
7700ddb4-1129-4037-b05f-9dfc48734df7,S102002,Failed,Failed,Failed,Rejected,2025-05-19
f46a13cf-2b57-4ecd-8304-7d1c5612872b,S102003,Failed,Verified,Verified,Approved,2023-08-07
1f2bed6c-4798-45f5-bbf7-7d6ecb98778b,S102004,Failed,Failed,Failed,Approved,2023-07-05
0626176b-eec9-4956-b895-c13cf262975a,S102005,Failed,Verified,Verified,Approved,2022-03-26
a011eba5-8363-4de0-b196-71a50c0d640b,S102006,Verified,Verified,Failed,Rejected,2024-07-27
a64de2ac-7e5e-43b2-ac56-a1fd8bd7ab16,S102007,Failed,Failed,Verified,Approved,2022-09-24
c807de21-b35e-482c-8403-3bdc597c0402,S102008,Verified,Failed,Failed,Approved,2026-06-19
aeca219c-5736-4c2b-9315-2dbb7c0e5e5d,S102009,Failed,Verified,Verified,Approved,2026-02-22
fdab152c-f311-492b-968c-b2fb8a8cb8fb,S102010,Failed,Failed,Verified,Approved,2024-05-15
9335d876-56ba-4154-9673-927601403584,S102011,Failed,Verified,Failed,Approved,2026-05-29
55d37793-4dbc-4679-98d2-c380c0c85610,S102012,Failed,Verified,Verified,Approved,2025-03-10
d42f3073-9e5d-4bfe-8bf2-f5440b083785,S102013,Failed,Verified,Failed,Approved,2023-02-15
e6b8c62f-2d0c-4b29-b00f-9adae8a2a582,S102014,Verified,Verified,Verified,Approved,2026-04-18
9f3d007c-698c-470f-a40d-354a3f83fb80,S102015,Verified,Verified,Failed,Approved,2024-05-30
20c06aed-64b2-4499-ad5a-01104a908514,S102016,Verified,Failed,Verified,Approved,2025-07-22
6de33b9f-806f-4dad-ad90-3059720008f3,S102017,Verified,Failed,Verified,Approved,2025-11-25
8a490574-1ab8-48da-96d0-5a58f497635f,S102018,Failed,Verified,Verified,Approved,2023-12-09
c465635c-49bc-4114-9ff5-8356e9491f6c,S102019,Failed,Failed,Verified,Approved,2022-03-30
4ef78764-0a13-412d-a263-ad62b096a5b5,S102020,Failed,Verified,Verified,Pending,2025-08-25
39d8ddac-eb3a-4a37-b7b7-ab26cb111d73,S102021,Verified,Failed,Verified,Pending,2026-03-11
c3f36a36-4538-4b24-8dae-661ca6bba95a,S102022,Failed,Failed,Failed,Rejected,2026-02-19
0bc5ab17-e9ce-4388-92ee-9077a98159ad,S102023,Failed,Verified,Failed,Approved,2023-07-31
425e3ac3-b053-4ba8-b455-8bdeae962d14,S102024,Failed,Failed,Failed,Approved,2024-06-16
1b25ccdf-256f-429b-a6bf-ed6fe81b3197,S102025,Verified,Verified,Failed,Approved,2022-12-01
42c327a3-62d5-49b7-a072-25cb7caba262,S102026,Failed,Verified,Verified,Approved,2025-09-11
4bbfb795-edd7-43fa-b181-464da992fbd7,S102027,Verified,Verified,Verified,Approved,2026-02-07
dbba78ff-3381-411d-9eac-7a4c9ad27a44,S102028,Failed,Verified,Failed,Pending,2023-08-26
1b4b650d-495a-410c-a77d-0c0c92f14a6e,S102029,Failed,Verified,Verified,Approved,2024-03-13
ebe44942-e0fa-4874-88bb-89c86cfd9d49,S102030,Failed,Failed,Verified,Approved,2022-08-19
e2fba491-c08d-4a89-b701-3118f290dbce,S102031,Verified,Verified,Verified,Approved,2022-02-22
f7f9953e-41a4-407b-b2fa-58b560ae47df,S102032,Verified,Verified,Failed,Approved,2024-06-18
e4f7d6ad-8e50-4c86-b10d-fe8d0894428e,S102033,Verified,Failed,Verified,Approved,2025-03-13
e083ec08-ac09-47f7-8f4b-657badc4d087,S102034,Failed,Failed,Verified,Approved,2022-02-03
82c00e3d-904a-4316-ab62-1252b1e9f04a,S102035,Verified,Verified,Failed,Approved,2023-06-27
ef9dbfbc-dd69-4de9-957d-e53dbc5bce3a,S102036,Failed,Verified,Verified,Approved,2022-03-24
f268ee71-d5ff-49dc-a5fb-ab5db24c1363,S102037,Failed,Verified,Verified,Rejected,2022-03-01
724f0baf-508d-4a87-886c-08245c228baf,S102038,Failed,Failed,Verified,Approved,2022-06-30
f52e3167-134b-4cda-9edf-4307454ec349,S102039,Failed,Failed,Failed,Approved,2024-03-03
6531d59c-0dfa-4b4d-9606-eb8fc05e45e3,S102040,Verified,Failed,Verified,Approved,2025-08-19
6fcf21cb-efee-498d-8fa0-bb71a547f818,S102041,Failed,Failed,Verified,Pending,2023-12-09
fa744ca5-26b7-4a5a-a41f-8cd4752dcf24,S102042,Failed,Verified,Failed,Approved,2025-03-06
17763f1c-f31a-41ef-8a29-93806dc54709,S102043,Verified,Verified,Failed,Approved,2024-08-29
3c7454b6-9ff3-4397-b295-dd6881066321,S102044,Failed,Verified,Verified,Approved,2026-05-14
89b8bbc5-7334-4a58-943d-84e4a732ca9c,S102045,Verified,Failed,Verified,Approved,2023-11-17
3774d2d5-5128-4331-a48c-6a7a9c745625,S102046,Verified,Failed,Verified,Approved,2026-01-24
128e004c-0d69-48c5-b903-7f06745b08a9,S102047,Verified,Failed,Verified,Approved,2026-03-19
93329c57-475b-4b45-a8fc-d09af78e505d,S102048,Failed,Failed,Verified,Approved,2022-03-15
1c092736-d7f0-4aea-a0f9-fdf83677831a,S102049,Failed,Verified,Failed,Approved,2025-07-17
5b3b5572-4416-4976-bd93-b67a6e608224,S102050,Verified,Failed,Verified,Approved,2023-12-14
8583734d-98fe-4dc1-ab84-c64aad007b74,S102051,Verified,Verified,Verified,Rejected,2024-10-19
e4d38fc7-ed22-4388-a5b0-326cff935d77,S102052,Verified,Failed,Failed,Approved,2024-06-17
fc8f9911-3f31-4aa1-bb6f-ed474238de26,S102053,Verified,Failed,Verified,Approved,2026-07-25
03bc2ae1-8bec-4960-b044-24a5efbe5e77,S102054,Verified,Failed,Verified,Approved,2025-01-28
4af00db1-00b3-433c-b0bd-c8a64539682f,S102055,Verified,Verified,Failed,Approved,2023-10-13
96d4890c-a0d6-4d4f-bb83-57480a0e17a0,S102056,Verified,Verified,Verified,Approved,2022-03-21
117a4942-5835-4f3a-a394-146d336e9437,S102057,Failed,Verified,Verified,Pending,2025-04-24
72724a33-d687-4a11-824b-4207cd42d024,S102058,Verified,Verified,Failed,Approved,2026-07-20
9474a74a-c94f-4cd1-a4d7-6ec45f8e9dc6,S102059,Verified,Verified,Failed,Approved,2025-12-19
e66224e3-6e9e-4a4a-bc5a-217d2dadddb9,S102060,Failed,Failed,Verified,Approved,2023-09-19
23ba51ef-96e8-4dd9-a71b-b588b27e7656,S102061,Verified,Failed,Failed,Approved,2026-06-28
f883f532-d56c-4287-8cd8-37a6c1c107cd,S102062,Failed,Failed,Verified,Approved,2022-04-01
f5bb0ff6-f0c2-4851-8705-ed41c6012ed5,S102063,Failed,Failed,Failed,Approved,2024-09-08
f2d42229-f812-4529-ab11-24423877aa59,S102064,Verified,Verified,Failed,Approved,2023-07-25
f3ec9d12-7839-45b3-a8b6-8bfeb9aaecd5,S102065,Verified,Verified,Failed,Pending,2022-05-24
c6bc8b31-57a0-491d-b6c2-25d23555f415,S102066,Verified,Verified,Failed,Rejected,2022-10-31
5d3c9898-2417-4c12-9e28-c8dd7f0e97ab,S102067,Verified,Failed,Failed,Approved,2024-10-06
fd7f60a6-7bd8-4bd7-a41a-455f63af349d,S102068,Verified,Failed,Verified,Approved,2024-07-28
2780272c-1286-49bc-bd2f-96432f415f9d,S102069,Verified,Failed,Verified,Approved,2024-11-11
06e08df5-013e-4bbe-bfc9-7ae8da464917,S102070,Verified,Failed,Verified,Approved,2024-10-27
7534a974-5766-4fbc-87ca-29468d750175,S102071,Verified,Verified,Verified,Approved,2026-01-06
937bc3d1-dcce-49fe-8185-c57ba8e42dae,S102072,Verified,Verified,Verified,Approved,2023-12-29
1d79be77-9644-4d1b-89a4-d97259533db5,S102073,Failed,Failed,Verified,Approved,2025-10-07
b4a4c777-2451-4912-bbef-d8445e0e9812,S102074,Verified,Verified,Verified,Approved,2025-12-26
c68d4554-5725-46c5-ae7f-37d84e10322f,S102075,Verified,Failed,Verified,Rejected,2024-07-02
01c4abc4-050c-4ec8-a172-c44c636b8f16,S102076,Failed,Verified,Failed,Approved,2025-10-23
b956908d-c8d3-4588-8a26-a4169490c1a4,S102077,Verified,Verified,Verified,Approved,2025-04-16
df50607f-e01e-4236-8037-0f2cdaa4a023,S102078,Verified,Verified,Verified,Approved,2025-02-09
cfaaa5f9-7db9-44ec-aab8-36855569b82e,S102079,Failed,Failed,Failed,Approved,2025-09-10
a742d38c-6842-4a42-b67d-d28c89a63692,S102080,Verified,Failed,Verified,Approved,2023-03-20
f427b7da-b2a1-400f-8bd2-4dda9b125cc9,S102081,Failed,Verified,Failed,Approved,2026-07-06
e6e1396c-33c2-4f22-87e4-3911349e3a21,S102082,Failed,Failed,Verified,Approved,2024-03-11
d2372033-12bb-454f-84c7-6929e8f872c5,S102083,Failed,Verified,Verified,Approved,2026-06-11
d2626cfe-3ef2-4267-b9bc-d06ee903ddd7,S102084,Verified,Verified,Verified,Approved,2025-08-21
a77c0194-569f-4d82-a7d9-7c59a30a14a8,S102085,Verified,Failed,Verified,Approved,2022-03-30
83fd3b41-969b-4652-a000-a5833065758e,S102086,Verified,Failed,Failed,Approved,2025-11-17
efab88f5-bb76-45c8-af05-d8fb52bbbf4b,S102087,Failed,Verified,Failed,Pending,2024-06-01
e3d8b081-9dd5-421c-8457-fce3893e3600,S102088,Verified,Failed,Verified,Approved,2026-05-06
dbeefce0-ff7a-4960-9a20-d5b2adfdc6e7,S102089,Verified,Failed,Verified,Approved,2024-05-05
cd7dd230-b85a-42ae-9da1-52ed719d6df5,S102090,Verified,Failed,Failed,Approved,2025-12-02
0711a741-f71c-42b7-90fd-6ecc70f1df49,S102091,Verified,Failed,Verified,Approved,2022-07-08
0b237056-cd1f-48a6-bf92-e22fbc828cc6,S102092,Failed,Verified,Verified,Approved,2024-04-25
7fac17b4-065f-43c1-8b42-0d1e6d1acd2e,S102093,Verified,Failed,Failed,Rejected,2022-10-02
196c9643-6098-444c-b04a-ccdc45b91b52,S102094,Verified,Verified,Failed,Approved,2023-07-26
3d574d80-c984-47f5-872a-c6c2d4e1774e,S102095,Failed,Verified,Verified,Approved,2024-06-10
0808f75f-71f4-4d4e-9f33-7ee83f5d81db,S102096,Failed,Failed,Verified,Approved,2023-07-26
471c7f3d-c8af-474a-8d06-959ffe2c7432,S102097,Failed,Failed,Failed,Rejected,2026-02-20
bac538b6-144f-41ec-975c-5d37bbb6a450,S102098,Verified,Verified,Failed,Pending,2025-08-13
fde8c42f-7cfa-4b47-a914-f7f2de209305,S102099,Verified,Failed,Verified,Approved,2022-04-18
48a1551b-f337-44bd-a448-e32e4f123edd,S102100,Verified,Verified,Failed,Pending,2023-02-10
700bfc99-8f50-421d-a334-76f0326cf871,S102101,Failed,Failed,Failed,Approved,2024-10-12
a30dd366-ba6b-441e-a90a-91f1151b5289,S102102,Failed,Verified,Failed,Approved,2024-03-21
61af00e9-e739-40b2-98fc-4d39d36fdb5e,S102103,Verified,Failed,Failed,Rejected,2022-06-03
b3d948a5-e911-4f85-80f4-b5733d0543af,S102104,Verified,Failed,Verified,Approved,2023-08-06
dfff1aa0-2fbb-4f51-afc9-24d0755bc673,S102105,Verified,Failed,Verified,Approved,2024-11-27
e45c69c5-5b97-4442-a813-5b18144f5955,S102106,Verified,Verified,Failed,Rejected,2026-04-11
cccc3146-7d63-4ec0-b537-284f7a5ed265,S102107,Verified,Verified,Verified,Approved,2025-01-10
bd329999-0197-406f-951b-62b34d11a9f0,S102108,Verified,Verified,Verified,Approved,2023-05-26
5fe9798c-f8e4-4f69-8145-7f4953357525,S102109,Failed,Verified,Verified,Pending,2023-06-11
6dd85a73-6fe7-499b-8068-684dd555c60a,S102110,Failed,Failed,Verified,Approved,2025-03-27
4a5c3d61-2634-43ef-8605-9ad91f376681,S102111,Verified,Failed,Failed,Approved,2024-03-31
7fdd6ba1-b974-4360-8a09-ebc5c2a3de57,S102112,Verified,Failed,Verified,Approved,2023-06-18
2b9b65ba-4628-439e-912b-68564ebf474c,S102113,Failed,Verified,Failed,Approved,2026-05-25
e1e391d1-5c8e-4358-8182-f5477d31417d,S102114,Verified,Failed,Failed,Approved,2025-08-17
402d631b-1042-4611-a0b5-5c153bdeae38,S102115,Verified,Failed,Failed,Approved,2022-09-28
9ab77887-bbe8-494d-b9cd-91d31bdc1710,S102116,Verified,Verified,Failed,Approved,2026-05-18
2c51a7a2-785a-4c89-8025-591380cc06cd,S102117,Verified,Failed,Failed,Approved,2022-02-09
421bf29e-b574-4cf4-b50d-ac996b136830,S102118,Verified,Verified,Failed,Approved,2023-12-30
15084a54-2c09-47d9-926b-8a67afa0eeaf,S102119,Failed,Failed,Verified,Approved,2024-02-24
3477e35b-22e8-4727-a939-7928a20bd299,S102120,Failed,Failed,Failed,Approved,2023-01-29
de98cab2-9384-4550-b803-753ab6b8c938,S102121,Verified,Verified,Verified,Rejected,2023-01-25
862ee1e2-cd0e-44ab-95a1-a85995d1b62d,S102122,Failed,Failed,Verified,Approved,2023-04-23
eb161ba1-d133-4cfe-973e-92ffe5a54d86,S102123,Failed,Failed,Verified,Approved,2026-05-27
902d0493-5065-439e-9f67-7eff28c25180,S102124,Verified,Failed,Verified,Approved,2026-02-07
7605cc50-03a9-414d-8618-706fc9153fb5,S102125,Verified,Verified,Failed,Approved,2024-02-13
362cd88b-1f77-4c32-927b-c0e4b2dc77f1,S102126,Failed,Failed,Failed,Approved,2024-06-16
a96cd8e2-237c-46de-b847-63a5dc755ad2,S102127,Verified,Verified,Failed,Approved,2024-03-14
b7e76620-4a1a-48b5-81b8-76e1b22faf39,S102128,Verified,Verified,Verified,Approved,2023-01-04
42317a90-82ee-4d2f-b2b5-0fa945ea2af7,S102129,Verified,Failed,Failed,Pending,2023-08-08
6b7f3076-59e2-4c5f-87d3-2fbcec496f67,S102130,Failed,Failed,Verified,Rejected,2022-11-18
7ba46b47-cb89-4eae-ac75-0ed77410aace,S102131,Verified,Verified,Failed,Approved,2023-10-12
d3df72d2-d47e-421d-9d06-60991231b8b8,S102132,Verified,Failed,Verified,Approved,2024-10-04
bbed3411-1c47-4d5c-8413-3d59aab060a0,S102133,,Failed,Failed,Approved,2022-07-01
b21b5c85-a660-4381-b6f3-eab6f35b811a,S102134,Failed,Verified,Failed,Approved,2024-10-25
4bf496e6-01cf-494a-a3fd-8f89613f31b4,S102135,Verified,Verified,Failed,Approved,2024-05-13
96cf072d-8c4d-4a49-aaed-b75b50ce7c73,S102136,Verified,Failed,Failed,Approved,2023-05-29
15a308fc-93a4-482f-bb0d-66e7d67bb24d,S102137,Verified,Failed,Verified,Approved,2025-07-06
af84efbb-66e0-4965-9946-6804e45661c2,S102138,Verified,Failed,Failed,Rejected,2024-12-15
5ede88f9-4f63-4eb0-bd14-19afd19c662e,S102139,Verified,Verified,Failed,Approved,2024-03-09
7dd63b51-6692-4a49-a724-f9a870af0f12,S102140,Failed,Verified,Verified,Approved,2023-08-26
aad83bb4-d1b9-402d-8972-f545ebae1701,S102141,Failed,Verified,Verified,Approved,2025-05-24
d088e438-c078-49f2-b33b-08b8f2344a79,S102142,Verified,Verified,Failed,Approved,2025-11-08
d1010137-5f58-4866-aea5-894a66458972,S102143,Verified,Failed,Verified,Pending,2025-09-19
6286a2dc-6eda-4280-b836-2d73794d31e1,S102144,Verified,Verified,Failed,Rejected,2024-08-12
7b0c65ef-406f-4de0-9c7f-f95c669f7676,S102145,Failed,Failed,Verified,Approved,2025-12-15
8fe853a8-0bff-4a36-a4e0-638af9008cca,S102146,Verified,Verified,Failed,Approved,2022-06-05
8008c710-0227-4b19-a02f-55b65a505abf,S102147,Verified,Verified,Failed,Approved,2026-07-16
578ed08c-eda6-4f2e-bcc5-b7daabd4b2c8,S102148,Verified,Verified,Verified,Approved,2023-12-12
960baaa4-23c1-4549-a408-e3e3d990f664,S102149,Verified,Failed,Failed,Approved,2026-05-14
e1661340-545c-4a0d-8f93-f03c6f8ff48e,S102150,Failed,Verified,Failed,Pending,2026-03-22
1213792e-2f5f-4368-ad33-ec9e521676cb,S102151,Failed,Verified,Verified,Approved,2022-02-18
499ac9ab-0fe0-4e39-9d1f-2a117db2ed19,S102152,Failed,Verified,Verified,Rejected,2022-04-04
84f7e3f9-898b-48d8-9f8a-5e1192bef5f6,S102153,Failed,Failed,Failed,Approved,2024-06-26
97e18094-2265-4756-877a-f1f37ebf6450,S102154,Failed,Verified,Failed,Approved,2023-11-16
fefe521b-7cd6-4af9-8053-d6348eed8385,S102155,Failed,Verified,Verified,Approved,2024-09-18
4c90eaa5-5c4f-4fbd-b7d0-230324c265e9,S102156,Verified,Verified,Failed,Rejected,2024-03-14
2aa70976-2449-4832-869f-acf1bd8ae53c,S102157,Failed,Failed,Failed,Approved,2022-05-20
afdb3cae-13b6-494c-ae5e-306901443310,S102158,Verified,Failed,Verified,Pending,2022-06-23
b13d4d75-5c9f-4ea8-8dd3-a2b5b328299e,S102159,Failed,Failed,Verified,Approved,2022-11-03
9b799a18-e3f1-4cad-aa06-007d0a6441df,S102160,Verified,Failed,Verified,Approved,2025-08-06
89450af0-d3ad-4600-984c-23a02b901c66,S102161,Failed,Verified,Failed,Approved,2024-05-03
3b6eceac-adef-4fb4-889c-640477a86428,S102162,Failed,Failed,Failed,Approved,2024-12-16
c8fdc2a3-6e8a-4666-86b4-2911a535f86c,S102163,Failed,Verified,Failed,Approved,2024-08-28
0fcbcc69-08e2-4b14-868f-a3cfaf81968c,S102164,Failed,Failed,Verified,Approved,2024-03-11
23c2e57d-7a9c-44e5-8ce7-6e4061415bd3,S102165,Verified,Verified,Verified,Approved,2025-05-04
f5c8a1c7-dc60-4884-aa35-f0ea4e277b3d,S102166,Failed,Failed,Verified,Approved,2026-01-31
09948df1-958b-43b3-b3c1-5d266e89f080,S102167,Failed,Verified,Failed,Approved,2025-10-18
dde167ad-ccd3-4138-a987-b7083ee9bb38,S102168,Failed,Failed,Failed,Approved,2024-12-01
0e3c7039-3f46-453b-81c7-06711674d306,S102169,Verified,Verified,Verified,Approved,2024-02-23
b2409091-8b42-4745-96c6-371031a8b75a,S102170,Failed,Verified,Failed,Pending,2023-09-02
d21d66d9-9111-42f4-bff4-8179309e7f64,S102171,Verified,Failed,Failed,Approved,2023-12-07
d21fc6d0-3de7-4d0e-bd33-639ee5d349ef,S102172,Verified,Verified,Failed,Rejected,2025-09-11
1bc646fb-1438-47de-a597-28c00512ce3a,S102173,Failed,Failed,Verified,Approved,2023-12-31
de6d4f39-cd0c-4586-9cae-8ac7ebf9c85b,S102174,Failed,Failed,Failed,Approved,2025-03-13
057de4d0-ab28-40b0-8349-d14f82209e8e,S102175,Failed,Failed,Failed,Approved,2024-03-06
8073d555-4068-4469-9a88-43ed66861921,S102176,Verified,Verified,Failed,Rejected,2025-10-12
85e7eddc-57d7-46de-92c9-3f1388228acb,S102177,Verified,Failed,Failed,Approved,2025-04-11
22287375-5f1c-427f-91dd-453a7f86eee9,S102178,Verified,Failed,Failed,Approved,2025-06-24
274a7225-5b00-4e93-8a1f-ed52b24fc2c4,S102179,Verified,Verified,Failed,Pending,2025-07-10
57f65a8c-1ab6-47e3-a487-af4d91cb9dae,S102180,Failed,Failed,Failed,Approved,2024-06-16
697d4c42-315f-490d-86c7-669f132762c6,S102181,Verified,Verified,Verified,Approved,2024-03-25
40c16f6f-efb8-4576-b51c-09a89bce0c31,S102182,Failed,Failed,Verified,Approved,2025-02-25
f42597f7-b51f-467a-b46f-437358b06e00,S102183,Verified,Failed,Verified,Approved,2024-07-02
12a6d1bb-513f-45be-b60c-057585f5d6b3,S102184,Failed,Verified,Failed,Approved,2024-11-29
926614e6-f528-47f5-b3fc-2ea8effd5610,S102185,Failed,Verified,Verified,Pending,2025-08-27
a67156dc-3320-4680-8bd4-3a8de133af3b,S102186,Failed,Verified,Failed,Rejected,2022-09-27
ece8de0a-b66e-45ac-b4ce-8ac1806d843f,S102187,Verified,Failed,Verified,Approved,2023-09-29
540381a1-3dd5-4bf2-a81f-82c216c832bd,S102188,Failed,Verified,Failed,Approved,2022-11-16
f48aa21c-65bd-49cb-b808-7a09595e7421,S102189,Failed,Verified,Failed,Approved,2025-12-02
6e994472-9e1c-4f79-a9f3-36426c994926,S102190,Failed,Verified,Failed,Approved,2024-03-31
a8346f29-3f58-49d3-a073-ddcef92f38cd,S102191,Failed,Verified,Verified,Approved,2022-12-06
d749eb23-ced1-440b-b40d-ada3fcac8da5,S102192,Failed,Verified,Failed,Approved,2023-12-20
933e31c6-ce3c-45ed-b648-ca598ae86e8b,S102193,Verified,Failed,Failed,Pending,2026-05-21
be9acfb5-e29e-46e4-b5e9-47ee5afb930c,S102194,Failed,Verified,Verified,Rejected,2022-09-09
401605b6-aa0f-4486-aff7-07248985d26c,S102195,Failed,Failed,Verified,Approved,2026-02-25
88aca9f6-a740-44f6-b6c7-1549117b917a,S102196,Failed,Verified,Verified,Approved,2023-04-26
f1ce1427-53b7-41d5-a40f-d31cec657e3d,S102197,Verified,Verified,Verified,Approved,2023-08-21
0bc0c638-e769-488d-a317-50bdaeb96a9e,S102198,Verified,Failed,Verified,Approved,2024-03-25
9d5ece04-9999-4b5c-9f67-18e1b147b822,S102199,Failed,Failed,Failed,Approved,2023-09-29
1c600d02-fe41-4ff2-9549-9817bffe2cba,S102200,Verified,Verified,Verified,Approved,2024-03-16
bc26e10d-ea87-4180-927d-a3a3c660bad3,S102201,Verified,Verified,Failed,Approved,2023-10-02
dc5797c9-4384-4449-a100-2f8f6ea25d4e,S102202,Failed,Failed,Verified,Approved,2024-10-08
4e7804ea-9a4e-4d76-af2c-6b0d6cb080bd,S102203,Failed,Failed,Verified,Approved,2025-11-07
b42473b7-6bc0-4026-b874-7404a242113f,S102204,Failed,Failed,Verified,Approved,2025-07-30
3228381d-9787-4d94-ab09-f48ef2f03734,S102205,Failed,Verified,Verified,Approved,2023-11-15
af1ae1b1-e2a4-4e18-8d3c-b60f64b18f8b,S102206,Verified,Verified,Verified,Pending,2023-10-09
232bdf0d-48b1-4c2a-8963-e074ef9473e1,S102207,Verified,Failed,Verified,Approved,2023-08-22
5ca4aa08-dc29-4850-8674-35426e7e4484,S102208,Verified,Failed,Failed,Approved,2023-05-30
f7526f08-7c39-4b5a-9dee-a405d6258411,S102209,Verified,Failed,Failed,Approved,2026-03-29
6f21a4c7-30f5-4f37-b523-96ff9700b820,S102210,Verified,Verified,Verified,Pending,2024-11-26
d6a5228f-ba15-4066-9088-ee657b3c24e6,S102211,Failed,Verified,Verified,Approved,2025-03-04
0c71cffa-fc92-489c-a2ee-16039b301c38,S102212,Failed,Failed,Failed,Rejected,2024-07-12
010133ed-e0b2-4223-900a-05f717281d79,S102213,Verified,Verified,Verified,Approved,2025-08-30
ee38649d-fcf0-4b3d-a7ac-b3132190d471,S102214,Failed,Failed,Failed,Approved,2022-07-19
d02d3bff-7e94-4c16-9964-f170d1162d4a,S102215,Verified,Failed,Failed,Approved,2023-05-15
0ee17dda-c24d-469d-9b51-d6ed13bb6793,S102216,Verified,Verified,Failed,Approved,2022-11-27
9ec232e5-ff2e-4fcd-8960-57b1adff336d,S102217,Verified,Verified,Verified,Approved,2023-05-17
bdbfac47-b865-42f8-9b26-dacc50142ffe,S102218,Failed,Failed,Failed,Approved,2022-07-25
d630f2c6-2090-4056-9d26-e1f6ad14b326,S102219,Verified,Failed,Failed,Approved,2023-11-02
f481ecd3-8a3f-4d14-b018-6d14024faeec,S102220,Failed,Failed,Verified,Approved,2025-03-15
19d1e957-28aa-484c-b446-39eaa9108c01,S102221,Failed,Verified,Failed,Approved,2023-04-22
c69dd06e-1fcb-42b0-a0ec-540aea447359,S102222,Verified,Failed,Verified,Approved,2024-05-27
a30e9d13-5d86-4cb6-8d39-06d0dc46cf1d,S102223,Failed,Verified,Failed,Approved,2023-01-18
a2480776-0a9d-4e8f-9277-309c13425f6a,S102224,Verified,Failed,Failed,Approved,2023-09-20
bb237359-5a12-4037-a627-484b4625ed2d,S102225,Verified,Failed,Failed,Approved,2025-06-15
d385c38c-2be8-4b63-a1f8-0665cbe80fbe,S102226,Failed,Failed,Failed,Approved,2023-04-27
b91ece46-fc79-400a-90c5-389f4e03d532,S102227,Verified,Verified,Failed,Approved,2025-04-01
2ed0b69f-b049-4c0b-aac5-4227454a19db,S102228,Failed,Failed,Verified,Approved,2023-02-02
640400be-1806-45cb-8920-71b32687743e,S102229,Verified,Failed,Verified,Approved,2025-03-02
3791a754-6874-4ff1-acce-4d29562a37f9,S102230,Failed,Verified,Verified,Approved,2023-07-17
9a042261-3c5e-400e-8abf-e4eca1d5df33,S102231,Verified,Failed,Failed,Approved,2026-03-29
5a51911d-ad98-4673-bc43-e726364ea606,S102232,Failed,Verified,Failed,Pending,2023-06-22
49b70422-27d9-429a-859c-cbca09561195,S102233,Verified,Verified,Verified,Approved,2025-05-18
621d6235-21a8-4293-bb56-cca63048c863,S102234,Verified,Verified,Verified,Approved,2024-10-26
ac70d3f6-3d96-4e1a-92b2-445520d377ac,S102235,Verified,Verified,Verified,Approved,2022-02-07
46c9b428-f454-4ecc-9762-4c6b89d883a3,S102236,Verified,Failed,Failed,Approved,2022-08-03
a4a91526-0dbc-48fe-bc2a-1c9e03b5d896,S102237,Failed,Verified,Failed,Approved,2023-09-03
f1c42e0e-5038-4779-905a-5c257e9899b5,S102238,Verified,Failed,Verified,Pending,2025-02-18
86ecef9c-c1b8-4da7-9865-9831dae99a59,S102239,Verified,Verified,Failed,Approved,2023-05-02
ac2d0f39-10c7-4b7c-88a8-4b3ad6933c8c,S102240,Failed,Failed,Verified,Pending,2025-10-29
0fb09708-28dd-4e89-a4db-1d95460e372b,S102241,Verified,Verified,Failed,Rejected,2022-06-12
877aef52-4878-4777-a257-5b992421f817,S102242,Failed,Verified,Failed,Pending,2023-03-09
f2b47627-c0c6-4677-b08b-5be94c2aa66f,S102243,Verified,Verified,Verified,Approved,2024-10-07
47af6161-7ce4-46bb-8c9c-f9e458b5dfed,S102244,Failed,Failed,Failed,Pending,2022-09-03
f46b566c-c28d-4086-83b5-22b55e7b8a46,S102245,Verified,Verified,Failed,Approved,2025-06-22
bccce1c9-365d-4bde-99a9-e9dbbee19831,S102246,Verified,Failed,Verified,Approved,2025-05-04
2f20f074-f110-4192-bf2b-21c5ddfb8af9,S102247,Verified,Failed,Failed,Rejected,2025-05-18
9591e4de-dadf-4a15-8dda-058a83f73e43,S102248,Failed,Failed,Verified,Approved,2022-05-15
90a4354f-e1c8-476c-b0b4-e270a3c02b7e,S102249,Failed,Failed,Verified,Pending,2022-02-07
0641edd0-7733-4180-8a8d-373d9bac88c7,S102250,Verified,Verified,Failed,Approved,2026-05-30
0100364b-4513-4034-83d6-ec3523c449e1,S102251,Verified,Failed,Verified,Approved,2024-11-30
33c42500-c9a8-4d7e-ad89-113e4d62375a,S102252,Failed,Failed,Verified,Approved,2026-02-28
9ea6ffda-e844-4a31-8628-0b151606a6df,S102253,Verified,Failed,Failed,Approved,2025-05-31
18a0141e-7bf5-4c6a-b7d2-9a3a03140be3,S102254,Verified,Failed,Verified,Approved,2023-03-02
3c50e9ab-2c84-424a-8ea8-bc81ab5594ff,S102255,Failed,Verified,Verified,Approved,2022-08-27
b0806d90-b3dd-4fb4-941b-8d4dad7c5479,S102256,Failed,Failed,Verified,Approved,2024-01-05
21147929-edb9-45f9-b04e-d19c3dd4a86e,S102257,Verified,Failed,Failed,Approved,2023-09-24
7986ee05-7d2c-4094-9eae-4d81c1a96306,S102258,Failed,Failed,Failed,Approved,2022-03-30
7d511b32-387a-4203-a4a0-3177a12d7387,S102259,Verified,Failed,Verified,Pending,2023-12-31
41db7842-57d8-446b-9ac6-fff46fa88542,S102260,Verified,Failed,Failed,Approved,2022-11-30
7004a82a-109b-4cbe-a5d8-a43f70daa13e,S102261,Failed,Verified,Verified,Approved,2026-03-30
79cf0764-5b62-4ea6-b19d-bc81209503e7,S102262,Failed,Verified,Verified,Approved,2025-08-04
520bacdc-5669-4397-b9a9-7417f26f7bda,S102263,Verified,Failed,Failed,Approved,2025-07-07
1b534472-ed3f-42a2-8eb2-d52f4f5b2740,S102264,Verified,Failed,Verified,Approved,2024-10-16
18ea3bcd-f007-4b9b-b7d8-db4d49c0f523,S102265,Failed,Failed,Verified,Pending,2022-05-29
68026646-63bf-4bf1-a8bd-3a832e026c5c,S102266,Verified,Failed,Verified,Approved,2023-06-19
e42d3cd4-56ef-4586-9b12-9d366d90cc36,S102267,Verified,Failed,Failed,Approved,2025-04-23
379785a0-9481-48e4-bf3f-87bbaeef749f,S102268,Verified,Verified,Verified,Approved,2024-09-18
beb6b446-93bc-4fee-859b-3ad4cc737be3,S102269,Failed,Failed,Verified,Approved,2024-09-06
442959f1-9b72-49e5-a0a6-4192deb5d042,S102270,Verified,Failed,Failed,Approved,2026-03-20
0d0e9e36-b532-4fd7-b671-a0dd2de2279c,S102271,Failed,Failed,Verified,Approved,2025-03-06
11a849e8-f633-40a4-a38a-c003d50f90f3,S102272,Failed,Failed,Verified,Approved,2025-11-18
a4446030-ef09-4b32-8f12-0c0c5882cb5d,S102273,Verified,Failed,Verified,Approved,2026-07-05
4132ed9d-e27b-48c7-b52b-709119251284,S102274,Verified,Verified,Verified,Approved,2023-07-15
a2f76913-38fb-4a54-9aa0-45add49c131c,S102275,Failed,Verified,Failed,Approved,2023-05-13
6fc9370f-0cf0-42d5-91c3-ce8c3fe33974,S102276,Failed,Failed,Failed,Approved,2022-03-10
dacc2d1a-9e65-48a9-b8f9-053d28584f50,S102277,Verified,Verified,Failed,Approved,2026-01-31
9cefcd44-f8f1-4c22-8a22-d653bda8a949,S102278,Verified,Failed,Failed,Pending,2024-11-02
81164cd8-549f-4d5c-a2a4-0532a4df6a9e,S102279,Verified,Failed,Verified,Approved,2022-12-05
cff692bf-49bb-46bb-a442-6d8d2e51cb19,S102280,Failed,Verified,Failed,Rejected,2023-10-24
37188d41-305e-4f5b-b920-a373724b6827,S102281,Verified,Failed,Verified,Approved,2023-07-05
90a1fe4b-d50d-4252-a272-e218b4716f2a,S102282,Verified,Verified,Verified,Pending,2022-05-09
9a5f9835-21b0-4f54-94d3-1ea411e30cf0,S102283,Failed,Verified,Failed,Approved,2022-09-06
0b1c56c8-dd53-46f9-9a8a-506fdd680173,S102284,Verified,Verified,Failed,Approved,2026-07-10
1ca6edcc-eb40-42bc-b32e-1a5138968e31,S102285,Verified,Failed,Verified,Pending,2024-11-20
25e5d526-1c11-43af-99bb-4c3eb04bc0cd,S102286,Failed,Verified,Failed,Approved,2025-05-11
9975d748-58bd-4a81-b10c-fbc0fc84835e,S102287,Verified,Failed,Failed,Approved,2026-07-24
c99a68bc-b262-422a-913e-751e3e0f4365,S102288,Verified,Verified,Verified,Approved,2026-01-02
aaff43d0-7642-4aa5-90a7-a8135cd56c6d,S102289,Verified,Verified,Verified,Approved,2022-06-07
49aecb6e-f2ed-477c-9668-a2f3eb8abe03,S102290,Failed,Failed,Failed,Approved,2022-09-09
ca2e6933-1593-491b-ae46-44fdcd529255,S102291,Failed,Verified,Verified,Pending,2025-07-05
f0bedf9a-6be2-46dd-96ee-34e9bd490412,S102292,Verified,Failed,Failed,Approved,2023-03-30
2d61ea88-fba7-48b9-afdd-77cdac600af0,S102293,Failed,Failed,Failed,Approved,2022-07-23
b4c9670c-ed17-41e4-954e-c6a50899c691,S102294,Verified,Failed,Failed,Approved,2022-12-14
b8bdb259-a748-458a-9b3b-630d643fa780,S102295,Verified,Failed,Verified,Approved,2025-09-18
16be62f2-9919-463a-9340-79afac481003,S102296,Verified,Failed,Failed,Approved,2024-11-15
46aee430-b796-449f-80fc-a8da0bbd5c33,S102297,Failed,Verified,Verified,Approved,2022-01-16
64d4edd2-3088-444b-805d-a416d58b867a,S102298,Failed,Verified,Failed,Approved,2024-06-11
646d826e-3730-4172-a065-bbe1404db2ae,S102299,Verified,Verified,Failed,Approved,2024-07-01
35d3f255-4040-4ae4-8a44-15cc445d1ae3,S102300,Verified,Verified,Failed,Approved,2023-01-14
c7340099-bfad-4ebe-a90d-e1fcd2deccdc,S102301,Failed,Failed,Verified,Approved,2025-04-08
6b1c76d2-cb5c-4041-8ef0-efbd903cc2c7,S102302,Verified,Failed,Failed,Approved,2024-02-04
25b900fe-40bc-49dc-97c8-9a739696dcc3,S102303,Failed,Verified,Failed,Pending,2026-01-10
fb07407f-c299-4524-b0a5-07552803f0ba,S102304,Failed,Verified,Verified,Approved,2023-06-09
a1aca513-01e8-4a9a-b521-9376ec5b9593,S102305,Verified,Failed,Verified,Approved,2022-07-16
26768716-a116-4da6-b6a0-a1bb0e6e8d63,S102306,Failed,Verified,Verified,Approved,2023-06-26
f527ed6a-e3a2-42fd-ab7b-2f0d2a47452f,S102307,Verified,Verified,Failed,Approved,2025-09-20
800ecda4-b7c1-4214-a5e1-96a87101fee2,S102308,Verified,Verified,Failed,Approved,2022-12-19
76398ba6-283e-439c-91b3-2aa53d2d9067,S102309,Failed,Failed,Verified,Approved,2022-10-26
a0902bd4-d8e0-40b4-8c05-650682346b44,S102310,Failed,Failed,Verified,Approved,2023-05-16
eb8aa6e4-e1eb-40d7-a707-90b081dc81e0,S102311,Verified,Verified,Verified,Approved,2026-01-17
51d1ceb4-8b9d-4d91-abf7-3308722f811b,S102312,Verified,Verified,Verified,Approved,2022-10-11
0e6ecd60-1b3e-4350-bb7e-d045ab2cece2,S102313,Verified,Verified,Failed,Approved,2022-02-01
303808c8-37e2-4671-aa7f-17d19a017639,S102314,Failed,Verified,Verified,Approved,2024-05-18
37d1f352-5f44-4ba8-8027-f7988a581d55,S102315,Failed,Verified,Failed,Approved,2023-08-01
96874581-0b29-4c06-83a6-da9c0a1c2aa6,S102316,Verified,Verified,Failed,Approved,2023-11-19
aa64dbf0-0f5b-47f2-a646-71b90b1b70d3,S102317,Verified,Failed,Verified,Approved,2024-08-29
f9b86035-a256-4145-b632-63fa6c4970c3,S102318,Failed,Failed,Failed,Approved,2026-02-25
bb1b3b78-83b4-44b4-9794-4a7923f88146,S102319,Failed,Verified,Failed,Approved,2025-06-08
f5143d9b-a538-421d-ac93-b0bfdc478d5a,S102320,Failed,Failed,Verified,Approved,2024-04-05
e27c4696-7229-49aa-ae8c-3aa679d0ef42,S102321,Verified,Failed,Failed,Approved,2022-05-11
5ea3182c-6709-472f-889f-aa3a54a91f62,S102322,Failed,Failed,Verified,Approved,2026-05-30
7abc333c-1edf-493b-a9c6-ae478d30fe8b,S102323,Failed,Verified,Verified,Approved,2025-12-05
4f1ef627-a877-47a1-8d80-5e122a6b379c,S102324,Verified,Verified,Failed,Approved,2025-03-02
071e8de9-a77b-4089-b667-c8e1f6c3eb8d,S102325,Failed,Failed,Failed,Pending,2022-08-20
cdad48ac-4633-416e-8a0f-3b413dc7c09a,S102326,Failed,Verified,Verified,Approved,2022-04-08
38604b38-3772-4988-a341-c5f86bd0f844,S102327,Verified,Failed,Verified,Approved,2022-04-04
d1ee7ebd-497b-4689-b634-73ed2f0e346b,S102328,Verified,Failed,Verified,Approved,2026-02-08
c9f8ca58-a604-41cf-9a8c-8baa60e81149,S102329,Verified,Verified,Verified,Approved,2023-04-28
69c18577-ab8f-425a-82be-527df8de0e09,S102330,Verified,Verified,Failed,Approved,2026-07-14
48f8c10c-8742-4a4f-9d26-23e4db0d3bdf,S102331,Failed,Failed,Failed,Approved,2022-06-02
10a7a34d-c56e-4a11-9283-1e33f032c127,S102332,Failed,Failed,Verified,Approved,2025-10-20
692b6788-bfa1-4c07-8bf3-a240558d220f,S102333,Failed,Verified,Verified,Approved,2024-09-25
1eff963e-5538-4b91-b360-d07dbc1eede2,S102334,Failed,Verified,Verified,Approved,2022-08-30
343a3200-7ebd-45eb-9007-1ef6772d96f3,S102335,Verified,Failed,Verified,Approved,2025-04-08
c19cb764-fcf4-4d11-b90d-d71f5046ebbc,S102336,Failed,Verified,Verified,Approved,2023-10-22
83c1a4ed-fd45-405d-914f-ebe21167779a,S102337,Verified,Failed,Verified,Approved,2024-04-03
baa58cc0-c9a0-4dc9-9bb4-a6ed5dcfb9ff,S102338,Failed,Failed,Failed,Rejected,2026-01-22
65589bb9-7fec-4d67-be0d-884cd7d75845,S102339,Verified,Failed,Verified,Approved,2026-02-26
5be5cfe7-62f8-4815-acb3-d8ac91a23603,S102340,Failed,Failed,Verified,Approved,2026-07-22
5c65f43f-90fa-45ce-9127-c032b421772e,S102341,Failed,Failed,Verified,Approved,2024-11-29
53c3f674-688c-4f66-9475-5d1ce9c22cd6,S102342,Failed,Failed,Failed,Rejected,2022-05-19
0ab1c494-033a-4740-a96e-6a62ca006fa9,S102343,Verified,Failed,Failed,Approved,2023-07-26
ebea8fee-a3fc-4bfa-adb9-610ac91fc5af,S102344,Failed,Verified,Failed,Approved,2026-05-04
3a89dcfa-eda7-46e5-ab1a-c86fc4e5b7e4,S102345,Failed,Verified,Failed,Pending,2023-09-21
be73dcf7-729c-4f22-b80b-a8c8b4911a81,S102346,Verified,Failed,Failed,Approved,2024-03-09
91c228ff-2ead-493c-a748-405750953525,S102347,Failed,Verified,Verified,Approved,2025-01-08
45a4e538-bc9c-47a7-a529-4e63d7cf5786,S102348,Failed,Verified,Verified,Approved,2025-01-07
23c18741-a32e-44f3-819c-07f3840de63d,S102349,Failed,Verified,Failed,Approved,2026-02-24
28e5c281-905f-4447-823a-793f16993c9f,S102350,Failed,Failed,Failed,Approved,2024-07-01
20bce07b-e326-44ee-b883-dac32f1b621c,S102351,Failed,Verified,Verified,Approved,2024-02-07
43fc1535-bb7b-474f-97b3-66a753792c28,S102352,Verified,Verified,Failed,Approved,2025-08-08
eaf588f9-7ade-48c0-9a66-807956a8b01a,S102353,Failed,Verified,Verified,Approved,2024-04-30
d6d47054-5e46-406e-a247-1c80967ee00f,S102354,Failed,Failed,Failed,Approved,2026-06-09
a423fb57-7402-4cc7-b2ad-8396b8685987,S102355,Verified,Failed,Verified,Approved,2025-05-08
6580f2b8-7c13-45fc-bad7-97f32165f10a,S102356,Verified,Failed,Failed,Rejected,2024-09-02
11f133ad-45e4-4d13-8b89-f5c669c84ef8,S102357,Verified,Verified,Verified,Pending,2023-11-22
6dfd2176-ef8a-4fd8-a4d8-0f7e48e4bba1,S102358,Failed,Verified,Verified,Approved,2024-09-20
2f54a7a4-0eb2-4c4a-b6c8-f3964e90030f,S102359,Failed,Verified,Verified,Approved,2024-08-22
0bd648c2-78cc-457c-98a4-1a789e6b7c1e,S102360,Failed,Failed,Failed,Approved,2025-07-31
ca425e86-387e-4f2a-93d5-a00d8b8d32f0,S102361,Verified,Failed,Failed,Approved,2025-11-15
97205b7b-2dce-4ef0-a7be-d4177c97b3bb,S102362,Verified,Failed,Verified,Approved,2023-12-02
0421d0b2-1f32-4364-a48a-d70b8f3fa283,S102363,Failed,Failed,Failed,Approved,2024-10-17
5c989c01-3347-4a22-8777-3dac9eb3f899,S102364,Failed,Failed,Verified,Pending,2022-11-16
4fb7ba31-260a-484b-81d8-78b8a36c7e7d,S102365,Failed,Verified,Failed,Rejected,2026-04-05
30b072b1-abd2-429b-ba9b-d379e47a5a85,S102366,Verified,Verified,Verified,Approved,2023-09-23
9b7ba733-2a8b-4b41-a71f-cdb39b2a142e,S102367,Failed,Verified,Verified,Approved,2023-01-14
16424dd0-086e-44a7-9e89-2d9aa3516fb0,S102368,Failed,Verified,Failed,Approved,2024-05-06
aac3a7d3-ac78-4148-bd3f-5cfeb75f6198,S102369,Verified,Verified,Verified,Approved,2022-11-28
915919a8-4e3c-463d-af6e-f404f1b6838b,S102370,Failed,Failed,Verified,Approved,2026-01-23
8e9705d1-2211-46b8-a5d4-3fe564e53fa3,S102371,Verified,Failed,Verified,Approved,2025-06-29
ce259321-75fb-4469-868c-3a1442a30365,S102372,Verified,Verified,Verified,Approved,2024-02-05
aae8ccdb-a57b-4694-ad47-6c1e6eb97e26,S102373,Failed,Verified,Verified,Approved,2026-02-13
32b9138e-5413-4df9-8f5b-71c297763ab7,S102374,Verified,Failed,Failed,Approved,2022-05-02
8bb794e3-ebd0-478a-8def-775b9a7c2e76,S102375,Failed,Verified,Failed,Approved,2022-03-27
366100f8-ef0f-4a44-89da-f06b77c43664,S102376,Failed,Failed,Verified,Approved,2025-01-12
4b47624a-a801-40c6-bfac-340ba8c35a5f,S102377,Failed,Verified,Verified,Approved,2023-03-22
75396a00-6722-4765-bfb3-25a4c063e60c,S102378,Verified,Verified,Verified,Approved,2026-03-02
0ce04aeb-0627-45ac-9faa-f465afe1b9e3,S102379,Failed,Failed,Verified,Approved,2025-01-06
817aca0a-7034-4a25-ba1c-0356f36d22ad,S102380,Failed,Verified,Verified,Approved,2023-09-02
66348012-4dae-494a-8f8a-49c727e469a3,S102381,Failed,Verified,Failed,Approved,2023-01-17
6095cd5e-6462-4289-bb04-ce536e523068,S102382,Failed,Failed,Verified,Approved,2023-10-08
8fdfc543-b015-42cb-8f00-e9a89b8975be,S102383,Failed,Failed,Failed,Approved,2025-03-26
af2d3a25-ede5-4d45-ae72-2b8438d3bf9e,S102384,Failed,Verified,Failed,Approved,2023-04-25
f7becc2c-ae14-4515-813f-68b4d1d00f29,S102385,Failed,Verified,Failed,Approved,2022-12-31
35da4222-4f2e-42b5-a23f-933790a843e7,S102386,Verified,Failed,Failed,Approved,2023-03-21
28a517bf-816c-4065-a891-cc18849e4d5d,S102387,Failed,Failed,Failed,Approved,2022-12-11
5b219203-be4f-4a6c-aea9-abffe0f8cd08,S102388,Failed,Failed,Failed,Approved,2024-11-03
878548f5-0432-49c6-ba91-1958e7c9ba3e,S102389,Failed,Verified,Verified,Approved,2022-12-03
2e46c7f1-944b-4909-95dc-22ed53b4e9a8,S102390,Failed,Failed,Verified,Approved,2024-09-22
6d5b408d-a21a-48bb-8981-5489558dfdfa,S102391,Verified,Verified,Verified,Approved,2024-10-26
caf21dec-7a0a-47c1-9224-26282a48687c,S102392,Verified,Failed,Verified,Rejected,2022-05-11
90c8e571-615c-451b-a083-4ecd2f325b13,S102393,Verified,Verified,Verified,Pending,2025-11-08
35f16d41-2576-49bf-99ab-c054c033322d,S102394,Verified,Verified,Verified,Pending,2024-01-16
248b7d4f-c72f-4838-a9c1-263ccea444bd,S102395,Verified,Failed,Failed,Approved,2024-08-11
d08ac854-bc02-4376-b2ab-459953d01efa,S102396,Verified,Failed,Verified,Approved,2026-06-18
a1cb3a52-3ebb-408b-bce3-304c28a9b672,S102397,Failed,Failed,Failed,Approved,2025-07-12
d3f1d4e1-b7c4-4dd8-8dde-1873f20aed36,S102398,Verified,Verified,Failed,Approved,2024-04-19
8a50eb5d-ebfb-4dbf-a9b1-d0c3e1c8bb56,S102399,Failed,Failed,Failed,Approved,2022-08-03
b62bb5c7-9b11-4d70-b7b5-8b6bd1edfcaa,S102400,Verified,Verified,Failed,Approved,2022-09-23
0e0acb92-f600-40af-b93c-51512a67d5d1,S102401,Failed,Failed,Verified,Approved,2022-04-25
77afb54d-453e-4da3-ae99-1d4eba47a2e9,S102402,Verified,Failed,Failed,Approved,2026-02-27
ac067d97-c7ec-424e-b143-8cbe2d451b5c,S102403,Verified,Verified,Failed,Approved,2025-10-02
a3562ae7-40d9-45ad-bdaf-c664ae105c7f,S102404,Failed,Failed,Failed,Approved,2025-09-17
fa6772f8-e0b7-4d4f-a00f-a28c405c1d50,S102405,Verified,Failed,Verified,Approved,2022-06-19
1af88e46-65d3-40e5-aa8b-44f56e303e1e,S102406,Verified,Verified,Failed,Approved,2024-09-29
eff595ef-19a2-405c-9a7a-ea760bc4e069,S102407,Verified,Failed,Verified,Pending,2024-07-27
ba97127c-9978-46b2-8c5a-e8f2f4d78cb1,S102408,Verified,Verified,Failed,Approved,2023-02-26
8bfe1e15-1641-40a3-a2e6-dc71be5f991a,S102409,Failed,Failed,Failed,Pending,2023-01-18
debe25aa-60e0-4ee7-baf6-49080c56a792,S102410,Failed,Verified,Failed,Approved,2026-04-30
808d21ad-2b36-44fa-a556-cadf8361339c,S102411,Failed,Verified,Verified,Approved,2025-01-05
c1fbfe60-62d8-4378-8c84-8b87d05247cc,S102412,Failed,Failed,Failed,Approved,2025-04-13
b20588bd-851b-4b28-bf07-9afbbd238109,S102413,Verified,Failed,Failed,Approved,2026-02-08
f151492a-788b-48c1-b4aa-a6268593369c,S102414,Verified,Verified,Failed,Approved,2025-05-24
2b5e7d28-f78b-4911-9db7-0550fad70112,S102415,Verified,Failed,Verified,Approved,2024-11-07
9aa463a9-4026-4562-b8cc-091245973fea,S102416,Verified,Failed,Failed,Approved,2025-10-27
e3b5dd9f-413b-4de5-bc27-a40ae4e5eec5,S102417,Verified,Verified,Failed,Approved,2022-10-13
ae2054f6-3eed-4faf-8100-58ca04dd9975,S102418,Verified,Failed,Failed,Approved,2023-05-21
a667171e-c25d-42c2-8bdb-3d33ef65665f,S102419,Failed,Verified,Failed,Rejected,2026-06-08
5c37cf51-9f69-4eb3-a8b9-4e79ad038ee8,S102420,Failed,Verified,Verified,Approved,2024-04-09
6d5fde56-f502-455c-8527-fdbe1558b3f3,S102421,Failed,Verified,Failed,Approved,2025-10-03
6ac64603-52f2-478a-b510-10829f201319,S102422,Verified,Verified,Failed,Approved,2024-06-05
aacefec5-3ac3-4702-9630-80bdccccef95,S102423,Verified,Failed,Verified,Approved,2022-04-08
d99fc8bc-0c0b-478d-85e8-177b4cb8db29,S102424,Verified,Failed,Verified,Rejected,2024-03-14
3a54e8ed-8a4c-4aaf-b99a-b51a8fbaf08f,S102425,Failed,Failed,Verified,Approved,2024-03-07
de6b7247-3c3e-4f98-a7e0-cd3bb205f264,S102426,Failed,Failed,Failed,Pending,2025-01-15
8b616fd3-3f61-41dc-8b61-f2e719fbb208,S102427,Verified,Verified,Verified,Approved,2023-11-19
944d2520-6521-497d-9f0d-da220714ae2c,S102428,Failed,Verified,Verified,Approved,2026-07-21
780ae0ac-4492-4815-b0cc-1415bdbf633c,S102429,Verified,Failed,Failed,Approved,2025-11-18
cdf3c682-1170-4ddc-95ea-fedc6bbb62c5,S102430,Verified,Verified,Verified,Approved,2022-01-12
ca3c8020-d523-433f-a539-064f229dc738,S102431,Failed,Verified,Verified,Rejected,2024-07-15
f72eb034-7e74-42ad-b417-fd86eb1e53d0,S102432,Failed,Failed,Verified,Rejected,2023-03-19
c8f8fcc9-f82d-46ff-9a3b-54917e6bf58f,S102433,Verified,Verified,Verified,Rejected,2024-10-18
9c23cdc1-f840-433d-a1b3-036c3f696a97,S102434,Failed,Failed,Failed,Approved,2025-11-04
174fa387-009a-412f-8e9b-05f68d109648,S102435,Failed,Verified,Verified,Approved,2022-11-20
2862763d-e06c-44a0-ac67-2016c6a11860,S102436,Verified,Failed,Verified,Approved,2026-02-01
071e184f-ccbf-48f8-ae2d-604c28f205b0,S102437,Verified,Failed,Verified,Approved,2022-10-17
18865cd0-370e-41ad-a2b3-c80c13a7c7c7,S102438,Verified,Failed,Verified,Pending,2026-06-23
2e2d6b83-5df7-409e-83ae-8ce6804cf400,S102439,Failed,Verified,Verified,Pending,2025-07-15
273dfd6f-a08f-4019-8182-ea7107f4d1b3,S102440,Verified,Verified,Failed,Approved,2025-04-22
5d22cfba-1972-4ec9-9476-f6173d8ecdff,S102441,Verified,Failed,Verified,Approved,2022-02-09
ed9d3f55-12bc-4bca-b75c-19d226e31522,S102442,Failed,Failed,Failed,Approved,2024-06-15
d372c755-d04d-468d-be0b-b12b31e184c1,S102443,Failed,Failed,Verified,Approved,2022-09-18
af8c3779-c286-44da-a31c-e669651d46da,S102444,Verified,Failed,Verified,Approved,2024-03-09
4a84cb5d-110a-48b7-adcb-b05737838a61,S102445,Verified,Failed,Failed,Rejected,2023-01-15
8da5eeec-97f9-4128-813f-34a6c49d2d2f,S102446,Verified,Verified,Failed,Approved,2023-05-03
7c2b3233-2aff-4703-945d-5af32d6c4277,S102447,Verified,Verified,Failed,Rejected,2025-06-20
1f480dc8-3e91-48e5-aeff-d1990ba5fd60,S102448,Verified,Failed,Failed,Approved,2023-06-04
6d2ba40e-ea46-4129-9845-187a8c9c931b,S102449,Verified,Failed,Verified,Approved,2026-07-27
d5703cb3-08f3-4be0-aff2-bee97be14c6e,S102450,Failed,Failed,Verified,Approved,2025-01-24
5901cdd5-9f57-411a-aed4-a97b1cc60b2e,S102451,Failed,Failed,Verified,Approved,2023-04-06
d921a628-e5c6-4ebb-84a6-a5e49ab9a4d4,S102452,Failed,Failed,Verified,Pending,2026-02-15
a9c00ba4-1901-443b-beb0-c6aef2d628b4,S102453,Failed,Failed,Failed,Approved,2025-08-06
a2b6f04e-7c67-4bc3-b4dd-2666c5f5e449,S102454,Verified,Verified,Verified,Pending,2022-05-15
93468a46-e76f-4c75-a61b-3a7051f8a286,S102455,Failed,Verified,Verified,Approved,2022-10-03
01ff5912-0384-4bb1-b073-366eb28e90e2,S102456,Verified,Failed,Failed,Approved,2026-02-18
1aee4fde-b0b4-49ca-8175-c34ab2fbe76e,S102457,Verified,Failed,Verified,Pending,2023-11-07
ff6843d8-a38b-43b8-94f3-14d8a7f9fde9,S102458,Failed,Verified,Failed,Approved,2024-06-05
f382fd30-1445-4d7f-bfa9-8676c0770975,S102459,Failed,Failed,Failed,Rejected,2024-07-27
57beb416-de6a-43d3-a04f-d4ae768180b9,S102460,Verified,Failed,Failed,Approved,2025-06-23
366aaee8-e231-454b-b5a0-c8cad7c7fb28,S102461,Verified,Verified,Verified,Approved,2025-04-13
f063069c-2c96-40c1-81fc-972cd221d4ce,S102462,Failed,Failed,Verified,Approved,2023-02-09
8793cfe4-4f14-4ea5-9995-67be4b4547e6,S102463,Verified,Failed,Verified,Approved,2023-08-16
37fdefa4-fdbe-4b27-81d6-75fa3d0b950b,S102464,Verified,Failed,Verified,Approved,2025-10-24
e8e02c58-82a3-4f65-9d26-7ae5c8be93a6,S102465,Verified,Verified,Failed,Approved,2024-05-06
5f6a731f-1d1d-431c-bb20-29bdc732b28e,S102466,Failed,Failed,Verified,Approved,2024-08-16
48e0abb4-5007-4cce-929e-776ee9c3e53d,S102467,Verified,Failed,Verified,Approved,2023-01-06
6f73f619-4df0-4adb-be28-fecfb8022430,S102468,Failed,Verified,Verified,Approved,2025-08-15
77171798-1d12-42e7-9d82-43a19e6a19b8,S102469,Verified,Verified,Failed,Approved,2025-09-30
e5dd61ae-0eff-4129-a058-dffcf9f34c61,S102470,Failed,Failed,Verified,Approved,2024-06-27
73c31f07-8d6d-45bf-b0a0-95feb72d114f,S102471,Failed,Verified,Failed,Approved,2022-03-06
24006e8c-7b8d-410c-a224-d21c02c372f7,S102472,Verified,Verified,Verified,Approved,2022-01-31
e7f70fa9-2fb6-4e19-b7a5-0ed988753928,S102473,Failed,Failed,Verified,Approved,2024-08-28
0da066bf-4127-4ed6-9801-0e0a087e66ee,S102474,Verified,Verified,Failed,Pending,2026-02-16
a8234f22-3cc7-4259-9f8c-f4d20bed20bf,S102475,Verified,Failed,Verified,Approved,2025-08-24
850964b8-b80f-4022-bb97-35d9fdc374f1,S102476,Verified,Verified,Failed,Approved,2022-05-15
8b99d42e-de9c-45f6-9c6d-9ce20279c042,S102477,Verified,Failed,Failed,Pending,2023-04-17
4874cca6-33bd-4f2c-ba22-95ebeedf1e0e,S102478,Failed,Failed,Verified,Approved,2024-07-02
a43a2aab-9161-4faa-b6a1-2591a0899736,S102479,Verified,Failed,Failed,Pending,2023-05-13
34740344-d65e-4e58-adc0-ac551d31350d,S102480,Failed,Verified,Verified,Approved,2022-08-09
aa8346f4-6164-4c5c-9cfe-57922af06f48,S102481,Verified,Failed,Failed,Approved,2022-03-08
5fe99447-0666-4e8b-833a-fd4aae674484,S102482,Verified,Verified,Failed,Approved,2026-05-02
b5ceeed1-ded4-4db1-99ad-7c9fdc726d4b,S102483,Failed,Verified,Verified,Approved,2023-12-11
b2a92e73-43ea-4c5b-ad8e-078536f63ffb,S102484,Failed,Failed,Verified,Approved,2024-05-24
238a8467-3bc2-4b50-8bdf-da2c1379f7fb,S102485,Failed,Verified,Failed,Pending,2022-08-07
59ad7887-c10e-45e7-bc6c-4b7faee8e33c,S102486,Verified,Failed,Verified,Approved,2023-11-25
6266c153-736c-4975-b61e-3c082fd8d346,S102487,Failed,Failed,Failed,Approved,2026-05-31
a7d18255-25c6-416c-9c66-f44b29016181,S102488,Failed,Verified,Failed,Approved,2022-06-17
29fd9858-e251-4b0a-8afd-87b8de733241,S102489,Failed,Verified,Failed,Approved,2023-07-13
19463fc9-1c98-4418-b861-d10a169810ab,S102490,Verified,Failed,Failed,Approved,2026-03-21
58a895b0-9062-459f-b7a2-71ae6fc87d00,S102491,Failed,Failed,Verified,Approved,2022-06-10
8775347d-2a66-4ac5-8a46-2ec7b9bd6cd8,S102492,Failed,Verified,Verified,Approved,2024-05-05
37112147-bebf-44c4-a7c5-73ccf45e9580,S102493,Failed,Verified,Failed,Approved,2022-12-23
7e7dd320-62e3-4d0d-a3fa-41f02adf0170,S102494,Verified,Failed,Failed,Approved,2025-06-27
bfd21f5b-19fc-4170-86cd-7193adfc71f8,S102495,Failed,Verified,Failed,Rejected,2022-10-16
7228bd1e-66a0-40af-955c-6768c1e8c0fe,S102496,Verified,Verified,Failed,Approved,2022-12-14
cd9ed328-1ce9-4ec0-9c5e-7bd5816ad9ff,S102497,Failed,Failed,Failed,Approved,2024-06-27
77e147b6-ec4a-43a2-bcba-31106ed981b5,S102498,Failed,Verified,Verified,Approved,2025-11-14
8979fc5a-bdf1-4452-944f-6578cb6f3282,S102499,Failed,Failed,Verified,Rejected,2025-05-29
f3fd6005-22bd-41e5-bca2-85746953c586,S102500,Failed,Failed,Verified,Approved,2022-09-05
51e2416b-2df4-4acb-81ce-a3ce990999f8,S102501,Verified,Failed,Verified,Approved,2023-06-18
81d7ecfd-3055-449c-9545-91261889abab,S102502,Failed,Verified,Verified,Approved,2023-08-28
c106f517-41af-4a69-9fea-8fa765a04803,S102503,Verified,Failed,Failed,Rejected,2025-05-19
3bde5f61-7142-4a48-aeab-e2562b5643ac,S102504,Failed,Failed,Verified,Approved,2023-11-20
2bce4a13-2bae-4b69-8407-9115c79b5043,S102505,Failed,Verified,Failed,Approved,2025-04-06
4c8281db-92c8-46e3-9d62-fd810a719926,S102506,Failed,Failed,Verified,Approved,2025-09-13
ce924b09-af8e-466f-bbbb-58e1156b5afe,S102507,Verified,Verified,Failed,Approved,2024-04-16
356e64b0-5687-4c51-b15c-b210ee5a8d74,S102508,Verified,Verified,Verified,Approved,2025-08-16
486d00d2-05ed-4c70-9b6c-dfeaa405febc,S102509,Failed,Failed,Verified,Approved,2023-03-07
5c6b69e9-030d-4eee-ac78-3213f2074bcb,S102510,Failed,Failed,Verified,Approved,2023-09-25
9bbbcd36-13dd-45b2-b287-e958cabca320,S102511,Failed,Failed,Verified,Approved,2025-05-27
1302b244-c780-4e9b-87f0-652e859b9fb3,S102512,Failed,Verified,Verified,Approved,2024-11-15
07082f97-57bc-4663-aa2c-9f6e0f86ab01,S102513,Failed,Verified,Failed,Approved,2023-11-16
51d9c0f4-cb9d-438f-9285-a7db728619db,S102514,Failed,Failed,Verified,Approved,2025-11-18
807600fe-426b-43a9-8711-f4ed00ac47dd,S102515,Verified,Failed,Verified,Approved,2024-10-26
4a8cf63a-8c39-4f4c-a9ef-e33b51e59f8d,S102516,Verified,Failed,Failed,Approved,2026-07-13
72532182-7d48-4d20-add8-a2e569b138ad,S102517,Failed,Failed,Verified,Pending,2023-12-12
7f1f6e27-c81b-47a4-bb91-3c6b0ff1e4a2,S102518,Failed,Verified,Failed,Approved,2024-05-20
73bbcb03-6fa8-407a-8020-fcf18113c043,S102519,Verified,Failed,Verified,Approved,2025-01-07
bbdcb66d-0cac-4178-bdfc-b8ef9c2719e3,S102520,Failed,Verified,Failed,Approved,2024-12-02
b9e02fb5-a7b1-4a59-8f23-4f2401c6a550,S102521,Failed,Verified,Verified,Approved,2025-04-03
a6815fd9-0610-48a3-bf06-38b23a2b3540,S102522,Verified,Failed,Verified,Rejected,2023-10-02
a8edda8d-45c9-4948-a488-35487312d48b,S102523,Failed,Verified,Failed,Approved,2022-05-26
56f95d20-0a53-4f38-94ad-dbba4b4b254e,S102524,Verified,Failed,Verified,Rejected,2024-08-05
526a0ccb-3b77-4820-828b-39aeef0b271f,S102525,Failed,Failed,Failed,Pending,2025-01-31
01fdc5af-e553-453f-b7c7-634253e26216,S102526,Failed,Verified,Failed,Approved,2022-03-09
29d5ee57-e71b-4f25-bf5f-7a16158ed5c1,S102527,Verified,Verified,Failed,Approved,2025-07-27
a4285cc0-745e-43fd-aac0-6056711e20c3,S102528,Failed,Failed,Verified,Pending,2023-05-31
3e0c4383-7154-40a9-bb5d-db14984e2ee1,S102529,Failed,Failed,Failed,Pending,2022-04-13
8c6a5bdf-2336-4c40-b99f-1fe4ee0a79f1,S102530,Verified,Verified,Failed,Approved,2022-06-07
1e287544-069a-4ef6-9090-b1842ff954ad,S102531,Verified,Failed,Verified,Approved,2025-12-12
e863f06e-8c11-489e-b089-f049d8c4a94e,S102532,Verified,Failed,Failed,Approved,2024-09-25
5c6aec85-02c9-4c8c-a164-429b3c7b69d2,S102533,Verified,Failed,Verified,Approved,2022-07-30
285bc262-c05c-4cf8-9709-a4cc1ba1f57c,S102534,Failed,Verified,Verified,Approved,2025-12-29
41703df3-317a-42cc-9390-113c102e976f,S102535,Verified,Verified,Failed,Approved,2025-02-28
3208cf27-e538-4ac1-ad5b-83b00716961d,S102536,Verified,Verified,Verified,Approved,2022-06-30
07f1d9bf-88be-4030-a223-5617d98e9514,S102537,Failed,Verified,Verified,Approved,2023-01-03
98b6b59e-9e32-48ec-a2c3-753d12afdd86,S102538,Failed,Failed,Failed,Approved,2026-05-23
2dc3e172-078b-4c05-9d27-06bc0a1f4f7e,S102539,Failed,Verified,Verified,Rejected,2025-10-13
50969bc4-66b6-4e31-8a9c-f3f44d8780d0,S102540,Failed,Failed,Verified,Approved,2025-12-21
78148f86-aca6-41d1-90ee-c3d21070750e,S102541,Verified,Verified,Failed,Approved,2023-05-08
45ee2609-d4f8-4b11-b698-0539a35661d2,S102542,Failed,Failed,Failed,Pending,2025-06-09
cd4e09b1-7980-4bc7-b372-59aedb19b4bc,S102543,Failed,Failed,Failed,Approved,2025-12-09
75fcc658-16b6-4ec2-b811-61dc13e03554,S102544,Failed,Verified,Verified,Approved,2023-08-04
45821b5f-6493-4646-ab15-463d0c8cd3c6,S102545,Verified,Failed,Failed,Rejected,2023-03-08
cfdf03bf-f06c-400c-9a05-529b8a6fd8d1,S102546,Verified,Verified,Failed,Approved,2023-12-03
6f8575e4-9115-44f0-b09f-770edb9942c0,S102547,Verified,Verified,Failed,Approved,2025-02-23
67d166ec-8e5f-43a5-829d-7541e9905f32,S102548,Verified,Failed,Verified,Approved,2022-07-02
a848fe9c-a179-4d9f-b1fb-6b84f3beb28f,S102549,Failed,Failed,Verified,Approved,2024-04-10
f4904869-e4ec-48e6-a9dc-f1ed16edb919,S102550,Verified,Failed,Verified,Approved,2023-02-17
d4576b15-412e-4acb-8b0d-0206c911d46c,S102551,Verified,Verified,Failed,Approved,2024-09-20
a905c5a0-bcff-4962-b2a5-0d540e56b3ec,S102552,Verified,Verified,Failed,Approved,2026-01-11
a27d01a9-4ed2-4679-8676-1e489aaa8e2f,S102553,Verified,Verified,Verified,Approved,2022-08-16
148b42fa-af4b-4ed3-8b03-ab6e4c3a2b4e,S102554,Verified,Failed,Verified,Rejected,2022-07-08
fb8fce92-8adb-4c5c-bf17-8495f0a60bc9,S102555,Verified,Verified,Failed,Approved,2025-03-11
93da4480-1ed7-44d7-856e-62afa85b5df7,S102556,Verified,Verified,Verified,Pending,2024-08-02
198c63e5-1fd1-4e4f-a9f6-44600ffc1ee5,S102557,Verified,Verified,Verified,Rejected,2025-01-19
d83232c3-f2e6-4479-80c8-c6f2ff2dea4b,S102558,Failed,Failed,Verified,Approved,2025-01-14
55d42323-e8a6-4d23-9229-85d0463d6c0f,S102559,Failed,Failed,Failed,Approved,2026-04-27
cbb4d9be-7ff6-427b-a828-eb4cb2de11ad,S102560,Failed,Failed,Failed,Approved,2023-05-07
7060debd-76f8-4711-a6f1-2595b1f8cc4c,S102561,Verified,Verified,Failed,Approved,2025-09-12
959feb91-123b-495b-a6f1-48b66a85105e,S102562,Failed,Verified,Failed,Pending,2023-08-21
4499f740-2116-4937-969c-a9ecdc4a7ef6,S102563,Failed,Verified,Failed,Approved,2023-05-25
076bb877-bce0-48f0-a62b-cd709082b394,S102564,Verified,Verified,Failed,Approved,2026-07-12
91787529-09fc-4828-bbe3-715118afda08,S102565,Verified,Verified,Failed,Approved,2025-06-29
7329666b-1834-49cf-8a47-247c273d432d,S102566,Verified,Failed,Failed,Approved,2025-07-21
1339d8ad-54c3-4fcd-8e71-c76a6c130b4c,S102567,Verified,Verified,Failed,Approved,2022-01-21
deb86e1b-7bb1-47bb-a645-69faee96a38f,S102568,Failed,Verified,Failed,Approved,2026-04-21
cc6cb94e-c225-4913-b779-bb5bf297de6a,S102569,,Verified,Failed,Approved,2023-04-28
270edaaa-e262-44bb-a101-f87d0a456ebb,S102570,Verified,Verified,Verified,Approved,2026-01-10
0113047c-8e1c-4473-b4a4-8af8aa5cf0fa,S102571,Failed,Verified,Failed,Approved,2024-06-29
599a0b6c-fc34-4d6e-b437-49024067b6e0,S102572,Verified,Failed,Failed,Approved,2025-01-11
73bde28f-4e2a-492a-bae1-79a6f50e7942,S102573,Verified,Verified,Failed,Approved,2024-03-12
70bfe17b-2983-4000-9fbc-ddde813aad18,S102574,Failed,Verified,Verified,Approved,2025-01-26
52959b3f-22cf-47d0-a838-ebc675dff95a,S102575,Verified,Failed,Failed,Approved,2022-05-31
2615b034-ba80-452a-b089-660fdcae8170,S102576,Failed,Failed,Verified,Approved,2023-09-13
5a72bd95-eadb-40ec-9e05-51950f2f82a9,S102577,Verified,Failed,Verified,Approved,2022-01-09
b0918574-a4f2-4f61-968a-d745a2d82b39,S102578,Failed,Verified,Verified,Approved,2026-06-24
862dac07-448c-45a8-8838-b6392ebdf74d,S102579,Verified,Failed,Failed,Approved,2025-10-21
c8a9c10f-796b-4008-8e3d-b03290642b33,S102580,Verified,Verified,Failed,Approved,2023-11-04
80851f87-b570-4fb7-9c5a-d3a43c582c70,S102581,Verified,Verified,Verified,Approved,2026-05-12
75657945-fa7d-4429-acb5-f85b7fb4b109,S102582,Failed,Verified,Verified,Approved,2023-03-04
9b912cbb-9e90-4178-abe0-b091f512b628,S102583,Verified,Verified,Verified,Approved,2023-04-16
3707a3ac-30af-44d0-b319-a236e05c3e2f,S102584,Failed,Verified,Failed,Pending,2022-11-04
b359b0f1-56e6-46a4-b989-7050a0ed474e,S102585,Failed,Verified,Verified,Approved,2024-07-06
a0841d14-af38-40b1-a449-ac6778fc2ae6,S102586,Verified,Verified,Failed,Approved,2024-06-02
e6b137b4-b335-449f-a9d5-2d4a0411c747,S102587,Verified,Verified,Verified,Approved,2026-04-11
d0c9ae4e-e4ef-4583-87ae-ec2341437d71,S102588,Failed,Verified,Failed,Approved,2026-06-20
80c6851b-9348-441f-be20-2d689cc6b2dc,S102589,Verified,Verified,Verified,Approved,2024-03-03
3208e490-6c76-40ef-aa7d-8c3e66a053a3,S102590,Verified,Verified,Verified,Approved,2024-09-28
874c5653-ccc6-4826-9b3e-c7adb6c00396,S102591,Failed,Verified,Failed,Approved,2023-03-15
49433607-6255-4721-840a-dd0d4eef076d,S102592,Failed,Verified,Verified,Pending,2024-03-25
22a403c9-443d-4e6e-8937-24a088a193a4,S102593,Failed,Verified,Failed,Pending,2025-04-02
95e5b29d-3f9b-43d4-b475-25fcad6570df,S102594,Failed,Failed,Failed,Approved,2023-09-01
b90bcf55-51b0-47db-bb86-57f98ea71162,S102595,Failed,Verified,Failed,Approved,2023-03-03
ad5229e2-cbca-4fe9-a495-0116c240702d,S102596,Verified,Failed,Failed,Approved,2026-04-08
3d6001ce-b5c9-426a-a180-bef658c81b2d,S102597,Failed,Failed,Failed,Approved,2023-08-22
bba8aff1-8d96-4c7f-93d3-28fe9a51ca3f,S102598,Failed,Failed,Failed,Approved,2024-10-16
7437a0b0-a958-41e9-aa93-28448d8809a0,S102599,Failed,Verified,Failed,Approved,2024-09-22
f8a18c04-c9fe-4250-aa80-64b367bf324a,S102600,Verified,Failed,Failed,Pending,2024-01-19
555f9eff-3fb9-4537-b92b-935627d037b7,S102601,Failed,Failed,Failed,Approved,2025-05-11
39ca99ae-ddd4-4f81-bb0a-364bf92ad086,S102602,Verified,Failed,Verified,Approved,2022-05-17
4fce0d18-db5c-4c43-bc13-9d84d4977284,S102603,Failed,Verified,Failed,Approved,2023-11-10
63f328b4-f067-4391-80c2-d62ce51bb6fc,S102604,Failed,Failed,Failed,Approved,2022-12-06
da233423-0e78-476d-a875-26baa17a0f04,S102605,Verified,Failed,Failed,Rejected,2022-04-05
31c64655-6c93-429d-a938-0b281ab75e9d,S102606,Failed,Verified,Verified,Rejected,2024-04-14
0f21385d-c790-496a-8529-d7793eef94c6,S102607,Failed,Verified,Failed,Approved,2024-10-30
e0a5a210-b0ef-420b-8305-89241ddf7494,S102608,Failed,Verified,Verified,Approved,2022-10-19
65fac328-5fd8-4dfd-9784-8b082218e833,S102609,Verified,Verified,Failed,Approved,2022-02-26
e1da674a-4163-4896-b23d-1fafb0910f50,S102610,Verified,Verified,Verified,Approved,2022-12-24
2d5352d4-57e7-40aa-bc25-a15fb0649c85,S102611,Failed,Failed,Failed,Rejected,2025-04-04
36373ecd-6a64-4a57-9fa8-9de1f8e824d3,S102612,Failed,Verified,Failed,Rejected,2022-10-03
de65e548-ccb9-4be3-abdc-1aa666b1de13,S102613,Failed,Failed,Failed,Approved,2026-01-12
2e941a91-6b6a-41dd-8e7d-a6408736be22,S102614,Verified,Failed,Verified,Rejected,2025-04-23
5d4bc01e-31e8-4914-b797-1892e30b7fcc,S102615,Failed,Failed,Failed,Approved,2022-09-27
46a3df9e-4887-48cb-883b-476075994722,S102616,Verified,Failed,Verified,Rejected,2026-03-24
cc9932b7-5cf2-441f-9d22-68a4442f2755,S102617,Verified,Failed,Failed,Pending,2025-07-18
e862f7bc-bd7d-44f1-9e00-61ddb773369c,S102618,Verified,Failed,Failed,Approved,2025-03-14
4e75a71d-f17b-40e1-a704-07ede24fb5b4,S102619,Failed,Verified,Verified,Pending,2023-04-02
4a5d95a7-df0b-4449-8559-620034111701,S102620,Failed,Verified,Verified,Approved,2025-01-31
13d6c9f7-1584-4ab5-a5b5-554aef1ba0ea,S102621,Verified,Verified,Verified,Approved,2022-01-15
43e011b5-56eb-42a6-b799-ac151af1daa6,S102622,Failed,Verified,Verified,Approved,2024-10-13
4b03ded9-43d5-42db-936b-cbf6e3b047a5,S102623,Failed,Verified,Verified,Approved,2022-09-08
7a619123-551b-4e87-9150-23bafddb3f2b,S102624,Verified,Verified,Failed,Rejected,2024-05-17
c3eb4e7b-2aac-4370-89f0-093aa43c4b44,S102625,Failed,Failed,Verified,Approved,2025-10-03
8de0f010-a1bc-4a16-94bf-e87ed01d91f7,S102626,Failed,Verified,Verified,Approved,2025-06-20
2dfc59f1-4c9d-493c-b7f5-b3ac880efb55,S102627,Failed,Failed,Verified,Approved,2025-12-14
4cdd805d-c4ad-429c-a01e-248ddb360c5f,S102628,Failed,Failed,Failed,Pending,2023-06-21
1c12b874-8173-4635-bcd5-c7e560e9a9ad,S102629,Failed,Verified,Verified,Approved,2022-12-11
2952d269-1318-4d8d-9df9-7218e634075f,S102630,Failed,Verified,Verified,Approved,2025-10-16
fa8c3f0e-1f7e-409e-9c7a-73ca9fc11d50,S102631,,Failed,Failed,Approved,2025-01-21
c09f5312-45ea-45d4-a86a-3229e8ebee25,S102632,Failed,Failed,Verified,Approved,2025-03-13
2c7381ab-9c46-408d-a445-3aba7db9fcff,S102633,Failed,Failed,Verified,Approved,2023-10-27
632c5487-a91e-42d3-806d-cb60e6ee6ade,S102634,Verified,Verified,Verified,Pending,2023-11-17
98a2a6e3-962d-4449-ad93-990949cc48c8,S102635,Failed,Failed,Verified,Approved,2024-07-26
71315c9c-fd9e-44ce-8048-a0bee0e196dd,S102636,Failed,Verified,Failed,Rejected,2024-06-25
ba7b0a7f-70e0-497e-80d0-cd242c6c6cf9,S102637,Failed,Failed,Verified,Pending,2022-07-09
a6dd4af1-36e3-4bc9-92bd-cd4d344cd663,S102638,Verified,Verified,Failed,Approved,2023-03-09
873f7749-9e4a-4adf-9f2c-617fe84c591f,S102639,Verified,Failed,Failed,Rejected,2026-06-03
c3c1a61a-5fe9-4889-beef-8777e1d4bdef,S102640,Failed,Verified,Failed,Approved,2026-05-10
1e45f86e-cfde-4fd1-91e6-3e52a5285f17,S102641,Failed,Verified,Verified,Approved,2024-08-06
0089a1ea-daa4-44f8-bd67-d2df5c31b745,S102642,Verified,Failed,Failed,Approved,2024-05-01
cf3cc565-50ea-4823-b6f7-bd950fa7df9b,S102643,Failed,Verified,Failed,Approved,2025-02-27
fb485114-5e5b-441e-82d6-d4e01e85d0fe,S102644,Verified,Failed,Failed,Rejected,2022-02-12
cc041863-1346-4e7e-a6a2-515ff1a172e3,S102645,Verified,Verified,Failed,Approved,2022-09-12
47285438-db4c-4e7c-b861-baca876ea832,S102646,Verified,Verified,Failed,Approved,2026-07-26
2d6b89e7-919f-4c71-a229-57327ae84af1,S102647,Failed,Verified,Failed,Pending,2024-01-19
3c0f4a5e-e5ce-4c23-aff7-188deadad07f,S102648,Failed,Failed,Verified,Approved,2026-05-19
772d7864-f536-4ad2-96f0-4f7d0c78b206,S102649,Failed,Verified,Verified,Approved,2025-02-25
2be87dff-8ec5-434e-a37e-9d6dd0117fee,S102650,Failed,Verified,Verified,Approved,2024-09-03
3252671d-bd7a-4c64-9304-22b442944d1d,S102651,Failed,Failed,Verified,Approved,2026-02-08
b9665b76-0695-4031-9383-2214ff657a1e,S102652,Verified,Verified,Verified,Approved,2022-08-20
40412587-23eb-4ee2-977f-8df080cfe3a8,S102653,Failed,Failed,Verified,Approved,2026-01-16
e772611b-4cc3-4101-bacd-1cba678d70a3,S102654,Failed,Verified,Verified,Approved,2023-03-03
7a787a7c-be27-4090-bd15-ac48f33c8030,S102655,Failed,Verified,Failed,Approved,2023-07-19
d36dac23-ae38-4187-a3d3-ea2788fa85b9,S102656,Verified,Failed,Failed,Approved,2026-04-03
2b01774e-f094-4040-a249-15e6fa7d995b,S102657,Verified,Verified,Failed,Approved,2026-04-30
0c2568f9-bea9-470f-b4a1-6bf54efc6158,S102658,Verified,Verified,Verified,Rejected,2026-04-05
122dce9f-a2bc-4858-9166-7c65fcdf8b99,S102659,Verified,Verified,Verified,Pending,2025-10-14
6a6f6cb3-a1c4-4bd1-84c6-51e0ebc1298e,S102660,Failed,Failed,Failed,Rejected,2023-01-06
bc837c6e-6bb4-42d5-acff-81bf03641bcf,S102661,Verified,Failed,Verified,Rejected,2025-09-11
1d3e4ce4-63a6-4fff-9720-6453be527a1f,S102662,Verified,Failed,Failed,Approved,2025-05-21
cf1acb4a-60ab-4251-86c7-b7ceb9b36884,S102663,Verified,Verified,Failed,Approved,2025-04-15
69c8cf0f-a06c-4fbb-984d-8665dd6b52c3,S102664,Failed,Verified,Verified,Approved,2022-10-17
e9c331e0-7224-4add-bffc-d2c33e0a5bf6,S102665,Verified,Failed,Verified,Approved,2025-12-11
e1861212-1a39-4f61-9b6d-42864f3c25a9,S102666,Verified,Failed,Verified,Approved,2022-09-30
dbb99911-cc89-4df2-a5a4-1845cfe28e64,S102667,Verified,Verified,Verified,Approved,2025-12-17
e9b14cf5-84d4-47be-9059-3a38cbb9a251,S102668,Failed,Verified,Failed,Approved,2024-10-09
b336b54f-f4ac-4c01-9904-43007db7b6d4,S102669,Verified,Failed,Failed,Approved,2022-03-13
56920179-62c1-40a0-8977-2224a0fabd52,S102670,Verified,Failed,Verified,Approved,2025-03-21
d9791ce3-13d8-483a-acbb-cd70024ad2d0,S102671,Failed,Verified,Verified,Approved,2023-04-02
1561de3c-7011-4d44-8429-9f8cc5d280a3,S102672,Verified,Verified,Verified,Approved,2024-04-16
1a3543b5-024d-45ae-94d0-9f2e59995b01,S102673,Verified,Failed,Failed,Rejected,2025-07-10
51840bab-2a29-4ea2-a680-159b1b83e18b,S102674,Failed,Failed,Verified,Approved,2025-02-06
fdae15b9-ba26-419b-a387-f2870091d90c,S102675,Failed,Verified,Verified,Approved,2022-06-16
0b4a2207-6a52-4390-94d6-692a30e615dd,S102676,Verified,Verified,Verified,Approved,2024-05-04
c2f446f4-411b-4399-a8e6-f528006bfc3a,S102677,Failed,Failed,Failed,Approved,2023-07-03
fb9bb71b-e90d-4574-afef-617c0d7df548,S102678,Failed,Verified,Failed,Approved,2026-01-12
eda8baed-8ed3-4722-aa41-35117b0874cd,S102679,Verified,Verified,Verified,Rejected,2022-11-09
6a6654a3-8a87-4a3e-9ef8-cf0fcfb4fa80,S102680,Verified,Verified,Verified,Approved,2026-01-22
dc2c57b7-f655-4f0f-beba-4f18ca092da3,S102681,Failed,Failed,Verified,Approved,2023-07-09
a38d188b-3a11-46ed-b640-a7f782ed9064,S102682,Verified,Failed,Failed,Approved,2025-04-23
2c32ed18-eced-478b-9ce1-c6f02237d235,S102683,Failed,Failed,Verified,Approved,2023-12-31
e378effc-641f-44a5-8ddf-03d00f614433,S102684,Verified,Verified,Failed,Approved,2023-12-22
b3b755ca-bf5e-4ff4-83a7-6d6914777eff,S102685,Failed,Verified,Verified,Approved,2024-09-29
241939f4-4b9c-40b5-8c49-767d9dfa37af,S102686,Failed,Verified,Failed,Rejected,2024-07-06
764bc004-d9b8-43fd-8964-45f35f368532,S102687,Failed,Failed,Failed,Approved,2025-04-16
61774e24-c34a-49c4-a520-a7449e5485b4,S102688,Failed,Failed,Failed,Rejected,2022-07-26
a2fb82ac-d07d-4f25-9ac1-39819e2dcf10,S102689,Failed,Failed,Failed,Approved,2024-05-11
81586381-73e1-4f75-b703-8debc0a0b284,S102690,Failed,Failed,Verified,Approved,2024-11-24
084cb20d-29f7-4926-82e2-7eace00650df,S102691,Failed,Failed,Failed,Approved,2023-10-12
11445386-a5b7-4134-8fc8-9237ee72894b,S102692,Verified,Verified,Failed,Rejected,2023-10-14
d690d790-473c-48b7-95b3-f7434931e526,S102693,Failed,Failed,Verified,Pending,2023-05-03
646aed9f-41e4-4181-a2ec-1704450a2bd4,S102694,Verified,Verified,Failed,Approved,2022-06-06
390be8d6-79c6-48b6-a442-6d1b038b0cba,S102695,Failed,Failed,Failed,Approved,2025-12-10
3f272313-2b69-46a5-bd03-b18ad799aa72,S102696,Verified,Failed,Failed,Approved,2024-12-15
ead7dce2-8883-4ccb-980c-800cb49f5b16,S102697,Verified,Failed,Verified,Rejected,2024-09-17
fad14340-b7e9-4075-9156-bbed6c52c5f9,S102698,Verified,Verified,Failed,Approved,2024-01-12
2b6ea77f-5e43-46e0-942d-3c495a9d7051,S102699,Failed,Verified,Verified,Approved,2022-08-25
d7d29399-ed36-4cfd-b462-ad7684d152f0,S102700,Failed,Verified,Verified,Approved,2024-12-15
b56c8e75-9956-414c-bd67-f6a952725ab5,S102701,Verified,Verified,Failed,Approved,2023-08-13
74fb2744-45f4-4772-9980-da4dddfce905,S102702,Failed,Verified,Failed,Approved,2022-10-27
78752d7d-a8e1-4988-92db-f103f9ac576d,S102703,Failed,Verified,Verified,Approved,2023-12-09
e53859fe-369d-4496-afd3-3a32b2914526,S102704,Verified,Failed,Failed,Approved,2024-05-29
b3cbbe72-7d62-41c2-a5cd-abcac0e6cc34,S102705,Failed,Verified,Verified,Approved,2023-03-06
2ba1ba16-80fb-4b3e-9bda-998ec3cfa636,S102706,Verified,Failed,Failed,Approved,2022-01-02
570b2c06-0759-49d3-bac8-830d97d10964,S102707,Verified,Failed,Verified,Approved,2023-12-31
9324e145-7a55-4fe5-bfb8-baba507bf7d5,S102708,Failed,Failed,Verified,Pending,2022-11-22
99cf3c81-d21f-48b3-a8fa-d545781f6259,S102709,Failed,Verified,Verified,Approved,2026-01-29
d4f1eac5-d93f-417d-88de-4eefa42d0c73,S102710,Failed,Verified,Verified,Approved,2022-07-24
6f3e91c9-718e-4595-a3d3-f079357f6bb7,S102711,Verified,Failed,Verified,Rejected,2024-10-14
b84ac398-4fd7-4fe5-b813-6d65040ffef4,S102712,Failed,Failed,Verified,Approved,2026-05-17
5e74efd0-0a55-4c67-9986-4475a03025d8,S102713,Failed,Failed,Verified,Approved,2023-02-15
45c8bd55-9af1-4895-b7ea-40b6962d639f,S102714,Verified,Failed,Failed,Approved,2026-07-19
1a76e83e-8915-4257-ac32-f8acbad1c444,S102715,Failed,Verified,Verified,Approved,2025-12-29
47deab59-c599-4a1b-8123-1ab55103755f,S102716,Verified,Verified,Failed,Approved,2023-07-08
91de7297-3ad9-45c5-98d3-6103d13b1782,S102717,Verified,Verified,Verified,Approved,2022-10-31
574bc8e2-3c83-4695-b9a9-60b10e40b45c,S102718,Failed,Verified,Verified,Approved,2025-06-09
bdf89a05-6f03-4ad8-8ef9-1891f91c1139,S102719,Verified,Failed,Verified,Approved,2024-02-10
87de82bf-2224-4593-9fe3-fe670681b46b,S102720,Failed,Verified,Failed,Approved,2022-01-08
a1f6e1f8-8d31-434a-847a-cb1c5b064923,S102721,Verified,Verified,Failed,Approved,2023-06-06
f6bd93ed-a1fa-43b7-9e74-f6a868e9a079,S102722,Verified,Verified,Failed,Rejected,2022-09-01
03dc2cb7-b778-415c-acef-daea6210ab22,S102723,Failed,Verified,Verified,Approved,2024-10-12
36237d90-6b4d-41ff-9e0e-0838dac6b768,S102724,Verified,Verified,Failed,Approved,2022-10-28
77cf0adf-ad2f-48f1-8ea8-356c5b732fb9,S102725,Failed,Failed,Failed,Approved,2026-04-17
0460154b-648e-441c-aad0-d806e83e5f59,S102726,Failed,Failed,Verified,Pending,2022-12-28
d862fe2f-539f-4e26-bc75-9cbee8210dd9,S102727,Verified,Verified,Verified,Approved,2023-12-30
164a634c-2be1-4b09-8c15-337114f695ed,S102728,Failed,Failed,Verified,Approved,2026-05-05
4a7c999a-801a-491b-96ae-a9bb0e93a664,S102729,Verified,Verified,Verified,Approved,2024-05-22
a9cd164e-2a4a-4149-a3b1-05a82128eb08,S102730,Failed,Verified,Verified,Approved,2022-04-18
d6a55625-4f90-4f63-a133-565c2303e156,S102731,Verified,Verified,Verified,Approved,2024-08-13
1a918771-ea35-458e-8924-701ea7c84fc2,S102732,Verified,Failed,Failed,Approved,2023-04-01
c8f95b50-e05e-484f-85f9-91d786c1f3a5,S102733,Verified,Verified,Verified,Approved,2024-01-24
586126fe-4705-4269-9ac7-6b002172a7fe,S102734,Failed,Failed,Failed,Rejected,2024-03-01
80700506-0f96-4dde-8b1b-e7749519fd53,S102735,Failed,Verified,Failed,Approved,2023-05-05
9b4672c6-c942-464c-bb90-19db595aad49,S102736,Verified,Failed,Failed,Approved,2026-06-23
67c068a3-5257-4cfc-bbf0-229fa2198eee,S102737,Failed,Verified,Verified,Approved,2024-10-26
28507334-561c-477c-bd8b-086a5f9dc36a,S102738,Verified,Verified,Verified,Approved,2022-12-28
3e820f4d-a412-4983-86c3-72fecd15191f,S102739,Failed,Verified,Failed,Approved,2024-04-13
c38768b9-7402-4562-85db-a032787b2cae,S102740,Verified,Verified,Verified,Approved,2022-08-20
54b2b5ab-9738-4076-b1f9-8512bada78c1,S102741,Verified,Verified,Failed,Approved,2022-04-18
b9053838-727f-472b-92ad-4cf709bec815,S102742,Failed,Failed,Failed,Approved,2022-02-20
ae8ab2c4-ebd0-4c43-aad7-dd07e4fe920f,S102743,Verified,Failed,Verified,Approved,2025-02-14
c6295554-c600-4c28-9cce-35b5ed317a02,S102744,Failed,Failed,Failed,Approved,2022-11-09
3937e313-e563-407d-b570-7825529f5692,S102745,Failed,Failed,Failed,Pending,2023-11-21
40838c1f-dc16-48d7-a01f-af0d7c600e70,S102746,Failed,Verified,Failed,Rejected,2023-04-01
cc84e414-bfde-47e0-8ffa-9d718f64bbc3,S102747,Verified,Verified,Failed,Approved,2024-01-29
eba4e4b1-ba38-497b-9a45-4a59ba0c1750,S102748,Failed,Verified,Verified,Approved,2023-11-24
1377eabd-548b-4a0c-a79b-0e4fbffa3c0d,S102749,Failed,Failed,Failed,Approved,2024-06-22
54b9a61d-f173-4c9a-aba8-04422ba37cf7,S102750,Verified,Verified,Failed,Rejected,2024-07-14
8d01d74f-be95-4b22-9159-49b5f02e9e71,S102751,Verified,Failed,Failed,Approved,2025-11-30
753d34dd-6b57-409a-8a5a-4355d456d1c7,S102752,Verified,Failed,Failed,Approved,2025-08-11
a3e5a05d-d87f-4d47-97b3-121fcb09378a,S102753,Verified,Verified,Failed,Approved,2026-03-20
7de4e475-a8e0-4d6b-9511-05eb0d2723c3,S102754,Verified,Failed,Failed,Approved,2026-01-22
2b7e65f2-c5da-4a55-931a-5956ce30f80d,S102755,Verified,Failed,Failed,Pending,2023-06-18
7af497d1-da17-4b37-a865-7abeda233c03,S102756,Verified,Failed,Failed,Approved,2025-05-22
e8643256-a270-466c-8063-33cd96c7f318,S102757,Failed,Verified,Verified,Approved,2023-04-15
900711eb-4614-4c45-9f04-b4eb2cd70388,S102758,Failed,Verified,Verified,Rejected,2023-08-18
fdf7fd26-d8f6-4bf2-82c2-d3bcaf86ebc5,S102759,Verified,Failed,Failed,Approved,2022-08-11
297ff1b9-e09b-462b-93e7-c5c46d984594,S102760,Failed,Verified,Verified,Approved,2023-12-04
65bc9033-9fc9-4ed7-895a-90973582b335,S102761,Failed,Failed,Verified,Approved,2022-07-16
df98c494-adbb-45fc-813a-43017f10dc4e,S102762,Failed,Verified,Failed,Approved,2023-06-07
90513cfc-ef81-46dd-b340-e21795b58085,S102763,Failed,Verified,Failed,Rejected,2023-03-14
0f6a9d0b-2467-4181-8d80-107d9dd6ea31,S102764,Verified,Failed,Failed,Approved,2025-01-27
845a91f2-aa2e-47ac-b95c-afabd1e71b50,S102765,Verified,Failed,Failed,Pending,2023-12-23
700a4434-09bd-4a03-84ea-9da056e42b52,S102766,Failed,Failed,Failed,Approved,2023-10-19
43216314-8f6d-45ab-8f10-ca9f003c6335,S102767,Failed,Failed,Verified,Approved,2025-03-22
92027568-57ad-464d-96f5-05acc275add5,S102768,Verified,Verified,Failed,Approved,2023-12-17
20ffc695-f0fb-49d5-9507-a93eb6e962b3,S102769,Verified,Failed,Failed,Approved,2023-03-13
9071800f-6a33-475b-a4bc-8ed7486a1268,S102770,Failed,Failed,Verified,Approved,2024-04-06
e391bb7f-7843-4dd8-91e3-942fbd634026,S102771,Failed,Failed,Failed,Approved,2026-07-11
b1d9c3c6-d64f-44e2-b8ac-1bcc51f63cea,S102772,,Verified,Verified,Approved,2023-01-07
b508d32e-11b6-4a4b-9738-afe28b197ecd,S102773,Failed,Failed,Failed,Approved,2023-11-15
f10bf194-acfb-4745-b3a3-ae85fe41bb80,S102774,Verified,Verified,Failed,Approved,2024-02-04
60079b3d-7b69-49aa-9ee9-45909bb7b369,S102775,Verified,Failed,Failed,Approved,2024-04-25
2938ee5a-556d-4af1-bf66-7fc4b4973f68,S102776,Verified,Verified,Verified,Approved,2022-12-17
1200b1ef-6acf-4ffa-88c9-35c29d726910,S102777,Failed,Failed,Verified,Approved,2026-01-22
6f33ee6b-b917-4626-a17e-cb9e4ff26dc7,S102778,Failed,Failed,Failed,Approved,2023-10-14
45681792-0592-4d6a-aae6-74aebf72407f,S102779,Verified,Verified,Verified,Approved,2022-04-24
24075c74-5aaa-41f7-82d8-e4dd0f3eb869,S102780,Verified,Verified,Failed,Approved,2024-02-10
3efe4d6b-ca64-4d81-a5da-f73e05bd72f7,S102781,Failed,Verified,Failed,Rejected,2023-10-01
68599322-e298-4b77-8372-33533459a938,S102782,Failed,Verified,Verified,Approved,2022-11-19
994c284b-86f7-4d29-91a6-909b1383c873,S102783,Failed,Verified,Failed,Approved,2023-03-09
3058d484-7efb-43f5-868c-37797f88ba84,S102784,Verified,Verified,Failed,Approved,2025-03-09
2df78554-8572-4173-a4d8-23b372e619ec,S102785,Verified,Failed,Verified,Approved,2022-03-23
596d9500-e6e5-46ab-a1e4-cd01a694bbcf,S102786,Verified,Failed,Verified,Rejected,2023-01-24
d493137d-e4a2-4c83-9a6d-6ea0ff212de6,S102787,Failed,Failed,Failed,Approved,2025-06-21
b108fffa-37f0-47e3-a8b4-fd7d3047af91,S102788,Failed,Failed,Verified,Approved,2025-04-25
1a37846a-496f-4b15-8a83-5b6d81f15677,S102789,Verified,Failed,Verified,Approved,2024-09-01
10e28a07-9ceb-4c3b-b456-bc07b63ef912,S102790,Verified,Failed,Failed,Approved,2024-07-05
e2622ebf-cdf0-433f-95c4-73f17b206646,S102791,Verified,Verified,Verified,Pending,2024-04-27
fe0ccfed-0c5b-472d-a274-9e7bce2eaf6f,S102792,Failed,Failed,Failed,Approved,2024-03-29
d409a2d2-fc44-447f-b3cc-0e853ec60206,S102793,Failed,Verified,Verified,Approved,2022-04-16
3b3d7f8d-ad68-4f63-8daa-047bbcec9729,S102794,Failed,Failed,Failed,Approved,2024-11-17
5fab1bfd-d0b1-4286-812d-b01f0fa7dff2,S102795,Verified,Failed,Verified,Rejected,2026-03-04
8775c84a-163a-4696-8807-f4b64ab859cf,S102796,Failed,Verified,Failed,Approved,2022-01-07
6b6d7981-3ff2-459b-8d26-0cb8a66d4843,S102797,Verified,Verified,Verified,Approved,2022-03-25
6e0cf609-dd71-4276-8de9-3ee3a716caa3,S102798,Verified,Verified,Verified,Pending,2022-01-13
ad4ecb45-2e44-4b74-aa3b-7e3f0de17679,S102799,Verified,Verified,Failed,Approved,2022-12-13
eb040943-9ada-4cfa-a165-e72a041191dc,S102800,Verified,Verified,Verified,Rejected,2022-07-16
78a240a9-38f6-429b-9650-3cab32ffdacb,S102801,Verified,Failed,Verified,Pending,2026-04-09
0c5c089a-8a50-44fa-8da6-b7dbe91cb1d7,S102802,Verified,Verified,Failed,Approved,2026-06-06
e893c71a-af24-4ea1-a889-5932bb2d621d,S102803,Failed,Verified,Verified,Approved,2024-08-06
3d83ff76-9491-40b6-880a-d1f4111aba38,S102804,Failed,Verified,Verified,Approved,2022-08-14
b990e0e2-7c4b-4a5d-aa5e-7b6dee075a69,S102805,Failed,Verified,Verified,Rejected,2026-06-09
69c72eb2-ee8a-4f00-b923-c990f9f8078e,S102806,Verified,Failed,Verified,Approved,2025-02-18
c87ab60e-752a-4bfd-b085-dcb37fa8e271,S102807,Verified,Failed,Failed,Approved,2025-03-08
da72a20a-3d7b-4806-b475-991976ba1b7e,S102808,Verified,Verified,Verified,Approved,2022-09-06
f44209b1-c3e7-4329-9791-c5ee6a8173fd,S102809,Verified,Failed,Failed,Approved,2024-09-19
5b69a0a6-4fa7-46ee-a0a2-362874c59b86,S102810,Failed,Failed,Failed,Approved,2023-09-10
9e132b4f-54b0-44d1-8c7d-d780593d736f,S102811,Failed,Verified,Verified,Pending,2022-03-15
400cb86a-3541-4748-8ee4-65dee2b855de,S102812,Verified,Failed,Failed,Approved,2024-11-27
1c5f2444-8117-466e-b676-075de646928c,S102813,Failed,Failed,Failed,Approved,2025-07-27
dc61cc72-ce50-4223-94b0-db879d0682ba,S102814,Failed,Verified,Verified,Rejected,2025-06-19
5bb4d7bf-33b9-4c47-8007-c07ab22096bc,S102815,Failed,Verified,Failed,Approved,2023-08-26
1c6d11e2-b8cf-4a35-bd34-4352c582330d,S102816,Failed,Verified,Verified,Approved,2023-03-17
23c409e8-0cef-40fa-a6d8-9aee1b9defd3,S102817,Failed,Failed,Failed,Approved,2022-08-25
92fea908-344e-4c13-9fcf-a0dd61bedea3,S102818,Verified,Verified,Verified,Pending,2024-10-16
3c2b8927-3496-4311-9f18-40a950aca19b,S102819,Verified,Verified,Verified,Approved,2022-11-13
9e46ddef-8990-4d72-8c9f-fdcad294f290,S102820,Failed,Failed,Failed,Approved,2022-01-30
313021d6-22a2-42f8-8048-96a0bb490e51,S102821,Failed,Failed,Failed,Approved,2026-02-08
a71df9ab-3047-450c-bfde-82aeb0ef0aa9,S102822,Verified,Failed,Verified,Rejected,2024-11-26
34adab8e-150e-4203-a0f7-9b39f239f182,S102823,Verified,Verified,Failed,Pending,2024-10-18
fbbfee72-bec5-4361-adc0-43cc5d7f4893,S102824,Verified,Failed,Failed,Approved,2025-06-07
a7a2a01e-f94b-43fb-8fb3-105f11e093c0,S102825,Failed,Verified,Failed,Rejected,2024-03-12
bf288350-561b-4402-909d-59c48520214b,S102826,Failed,Failed,Verified,Approved,2022-03-06
05d8b66a-76ea-41b7-874b-3e2ac9144b12,S102827,Failed,Verified,Failed,Approved,2025-07-29
0471f6f8-401a-472f-a063-5b7024ac6fbf,S102828,Failed,Failed,Failed,Rejected,2023-09-02
cbaf30dc-ccdf-421b-a37c-3e706ea257c2,S102829,Failed,Failed,Failed,Approved,2025-07-30
70a4e9e4-62b0-49a5-83a2-fcda6c2e9bfa,S102830,Verified,Verified,Failed,Approved,2023-12-06
51e02147-1b2a-4af5-b7a1-0fd3480c8194,S102831,Failed,Verified,Failed,Approved,2022-08-16
bf10cb99-1f90-44bb-bfc3-5d02a1da9cda,S102832,Verified,Verified,Failed,Approved,2024-10-25
d0a1a4af-4e42-4ce0-8c05-2884d32c9257,S102833,Verified,Failed,Failed,Approved,2026-04-26
283d60f3-6fdd-426f-ba3e-399d81cdb300,S102834,Failed,Failed,Verified,Pending,2024-05-22
e78b4bb7-efae-4f4f-aebb-4c061b7c1a9e,S102835,Failed,Failed,Failed,Rejected,2024-10-20
49204e3e-f58d-4036-ab89-6a2afa8438ae,S102836,Verified,Verified,Verified,Approved,2023-12-03
bc194478-3ea3-42ca-bbec-0c6b8fff2706,S102837,Verified,Failed,Verified,Approved,2026-01-14
22c46dc3-a930-48ac-8146-133dfd1e70b5,S102838,Failed,Failed,Verified,Approved,2024-02-27
d5d4d79a-e0f5-4703-b27f-d85f7402ae6b,S102839,Verified,Verified,Verified,Pending,2025-02-08
3fcebaad-741f-4547-9432-b7c9e437e125,S102840,Failed,Verified,Verified,Approved,2023-05-25
4828de3e-9548-4893-ac9c-9fbd0df5cb67,S102841,Verified,Verified,Failed,Approved,2023-12-16
53c2d225-9118-4bdf-afd0-f6720dbdfa9d,S102842,Failed,Failed,Failed,Approved,2026-07-30
2b3b61b0-eb10-479d-ba5d-478cd336aae0,S102843,Verified,Verified,Verified,Pending,2025-05-23
08988462-aaac-4b8e-aaf0-461c5849d566,S102844,Verified,Verified,Verified,Approved,2025-12-04
cc2ff81f-bd93-4d55-ba98-85a4285debd6,S102845,Failed,Failed,Verified,Rejected,2023-04-22
81daf504-5c79-449b-b531-59cdc6654dc8,S102846,Failed,Failed,Failed,Approved,2026-06-11
764bfcfe-7436-4bf4-b4cc-7b5f9eb894b6,S102847,Failed,Verified,Verified,Approved,2022-01-17
5fce2822-292a-470f-9c95-870ac4b68b46,S102848,Verified,Failed,Verified,Approved,2022-06-11
43b42591-8979-4e2a-ae44-c25f8bd3a18c,S102849,Verified,Failed,Verified,Approved,2023-03-10
8f30dcbb-c43a-4895-bc82-58b287dd619e,S102850,Failed,Failed,Failed,Approved,2025-01-28
977c530e-15aa-472b-a4dd-f2e49a431344,S102851,Verified,Failed,Verified,Approved,2023-11-23
b7e42489-d3c6-4a0b-a3ed-38e7ab7e5d6e,S102852,Failed,Verified,Failed,Approved,2025-05-14
4cd704db-f5fb-4202-b426-cced96e76c80,S102853,Verified,Verified,Failed,Rejected,2024-06-18
f3a2843c-5bb5-4304-9a75-2bfdd484cc45,S102854,Verified,Verified,Verified,Approved,2022-05-12
b9a89389-adbf-4c7e-a253-ec4f152201b9,S102855,Failed,Failed,Verified,Approved,2025-08-12
11354e88-9516-4f25-9ffc-1d8b5574cd12,S102856,Failed,Failed,Verified,Approved,2022-01-31
957f8096-b34c-420f-b4f5-60bdbfc7a533,S102857,Failed,Failed,Failed,Approved,2022-10-11
d1061f9b-d611-4ab8-9045-f27046bb7fc7,S102858,Failed,Failed,Verified,Approved,2025-03-04
4b0f8a54-fff1-4088-a824-c9bf64c1e751,S102859,Verified,Failed,Verified,Approved,2025-02-07
405d2466-6ebc-4f80-8c6c-46abff998d95,S102860,Failed,Failed,Verified,Rejected,2022-12-04
3cfe61bc-24f6-406b-9249-3784c477f2be,S102861,Verified,Failed,Verified,Approved,2025-11-24
07b95f1f-0182-4e50-958c-bdacd31d5681,S102862,Failed,Failed,Verified,Approved,2022-06-12
5ed29e43-f7f1-44dd-9292-a80d4200fc47,S102863,Failed,Verified,Failed,Approved,2025-05-07
27fd71c9-df7e-4540-8d9b-d4202b7cede7,S102864,Verified,Failed,Failed,Approved,2022-08-11
da939145-e0fc-4819-a044-911afa716cac,S102865,Verified,Failed,Failed,Approved,2022-10-02
7eda1275-602c-4f16-86bc-d566bcc7281e,S102866,Verified,Failed,Verified,Approved,2026-02-05
4172020e-548a-4294-9d8f-fb1f89d0f972,S102867,Verified,Failed,Failed,Approved,2024-11-02
c9972cff-0263-4f5f-a3fd-030a7e63cfbe,S102868,Verified,Failed,Failed,Approved,2023-09-08
784d1304-9682-45e6-808a-0c8a11b24601,S102869,Failed,Failed,Failed,Approved,2022-04-15
afff9235-995f-4f9e-bcf2-030ac3187da0,S102870,Failed,Failed,Failed,Approved,2023-05-20
1ffbbdcc-0b88-4619-83b6-2dd358be0c1d,S102871,Failed,Verified,Failed,Approved,2022-10-01
60312fce-4d1f-438b-af52-b383e4aeac27,S102872,Failed,Verified,Verified,Rejected,2023-11-15
bfa4ec3b-0b22-4741-b05a-d4207390b6a0,S102873,Failed,Failed,Verified,Approved,2026-06-22
c0e06982-add7-48f4-9db6-787feeedf607,S102874,Failed,Verified,Verified,Approved,2026-01-31
24ac36be-7d76-4497-ac6b-be963a7fa0af,S102875,Failed,Failed,Verified,Approved,2022-02-13
57fd84bb-f3fb-4e3e-a445-2061c23ec6ef,S102876,Failed,Failed,Failed,Approved,2022-08-13
20d0101f-be2e-4077-8b61-cc4de758baba,S102877,,Verified,Failed,Approved,2026-06-27
0721c240-b29b-43d4-80e5-efcde857997d,S102878,Failed,Failed,Verified,Approved,2024-06-20
4f411f39-b0f1-4a70-8c26-219c0eaaef12,S102879,Verified,Verified,Verified,Approved,2026-03-04
7bca7185-7620-4721-93a3-c73eaa8107f0,S102880,Verified,Verified,Verified,Approved,2025-03-06
d422c59b-084e-4551-b609-b146e67aa688,S102881,Verified,Failed,Failed,Approved,2026-03-08
4514deee-3dc6-486e-becb-2144a29f76cd,S102882,Verified,Failed,Failed,Approved,2023-02-05
0afb0781-6c61-4b10-99c1-ef9db3783d65,S102883,Failed,Verified,Verified,Approved,2025-11-20
69e20b45-1b18-4735-bf89-621eac4489d3,S102884,Verified,Failed,Failed,Rejected,2022-12-26
4c4e7e58-a9e3-4c17-b8b8-28c91905c268,S102885,Failed,Verified,Verified,Approved,2024-12-23
96603422-7cc1-4b10-bf1c-67c603383c8a,S102886,Verified,Verified,Failed,Pending,2023-03-29
af6b521c-cd48-4310-a0a4-03ea9e3aadfd,S102887,Verified,Verified,Failed,Approved,2023-12-20
e29f4041-62a5-483c-967a-3ee0bee9dc23,S102888,Verified,Failed,Verified,Approved,2025-02-15
52d85832-7b3f-47a5-999c-e45d44a86685,S102889,Failed,Failed,Failed,Approved,2022-09-12
58664c20-7ce0-4e4c-ad6f-c8b6d7d0ece9,S102890,Failed,Failed,Verified,Approved,2023-09-30
b7b1dcab-2dde-42cf-a5c8-eb3749e0767a,S102891,Verified,Failed,Verified,Pending,2024-07-26
aaa8e791-ebed-4765-b62d-6b6880b9fc90,S102892,Verified,Verified,Failed,Rejected,2023-12-15
2020e7f7-de84-47be-b383-1088dfbcbc9f,S102893,Verified,Failed,Failed,Rejected,2026-05-24
664d0285-c123-4fa6-8fc1-a32fc2a1c1bc,S102894,Failed,Verified,Failed,Approved,2022-11-22
808b2611-e62c-45cf-aff0-a89f7d692958,S102895,Verified,Verified,Failed,Approved,2026-05-29
f59ff3b4-171e-4a4d-aba1-0c2e56a4ad82,S102896,Verified,Verified,Failed,Approved,2022-06-18
6c437ffe-0d5e-478a-ae18-18535ae501ca,S102897,Failed,Failed,Verified,Approved,2025-09-15
8564c133-6429-470b-a26f-60c9e842d2ed,S102898,Failed,Failed,Verified,Approved,2025-09-27
58f77937-11fb-42d1-8212-34cfef7f5900,S102899,Failed,Verified,Verified,Approved,2023-10-07
1c1c9d60-77d5-442d-be22-9c055bcb7f2a,S102900,Failed,Verified,Failed,Approved,2025-11-20
d5fa5142-5d63-477a-9339-d570b14c2e0f,S102901,Verified,Verified,Failed,Approved,2024-02-09
14b931f2-6a99-426d-ad66-5a016a771a9a,S102902,Failed,Failed,Failed,Approved,2026-02-20
8f470da9-6a22-4c69-abde-c5f0dc0f0505,S102903,Verified,Verified,Verified,Approved,2022-06-11
4d302957-e438-4607-950f-7500fc5b0257,S102904,Verified,Failed,Failed,Pending,2026-04-18
3d50c7aa-90cf-44d2-8b0b-ccd9faf87505,S102905,Failed,Failed,Verified,Approved,2026-03-30
3d2e029f-bf0b-4aae-af29-2e5d6baafc70,S102906,Verified,Verified,Verified,Approved,2022-12-15
a3a45bd4-6846-4be8-8039-f21663549976,S102907,Verified,Verified,Failed,Approved,2024-03-16
e1f29d69-9194-42fd-9775-6632039f665c,S102908,Failed,Verified,Failed,Approved,2023-05-27
b2130031-1e92-46cf-9047-03475ed8d093,S102909,Verified,Failed,Failed,Approved,2022-12-18
e81133a9-dd16-4c2d-9dd7-576069cf6200,S102910,Verified,Failed,Verified,Approved,2024-03-28
964671ac-3501-4e0b-b815-dbf4125e4b3f,S102911,Failed,Verified,Failed,Approved,2026-06-26
3018e214-fbf1-4ea9-aa52-cfdc558f8562,S102912,Failed,Failed,Failed,Approved,2024-11-12
e80339dc-42c3-4adb-a1b7-043c2ff7306a,S102913,Failed,Failed,Failed,Approved,2023-02-12
82c127cb-131b-4633-ae5c-fbab5f175b50,S102914,Failed,Failed,Failed,Approved,2026-07-27
9b63cb40-6519-4771-9f89-8ff9260a0a2c,S102915,Failed,Failed,Failed,Approved,2023-08-19
20efd022-97ec-4c56-913f-8d7d67727fb4,S102916,Verified,Failed,Verified,Approved,2022-07-25
a4283ea5-2533-49da-b2e4-400d14dec4ee,S102917,Failed,Verified,Verified,Approved,2023-02-15
914839a9-e74e-4269-adfd-f9e0b5828358,S102918,Verified,Failed,Failed,Approved,2025-12-16
e458e273-bd34-4081-987d-7bf17377fab1,S102919,Failed,Failed,Verified,Approved,2026-02-13
c282fd05-d6e9-4765-8edb-e7924fd806d8,S102920,Verified,Failed,Verified,Pending,2024-07-17
9469709f-6349-4196-a09a-5deab320c670,S102921,Failed,Failed,Failed,Approved,2024-07-23
868d5b91-4dde-4044-8dae-a3327c700193,S102922,Failed,Verified,Failed,Pending,2022-04-02
d3c87150-c0f0-4458-9231-89e07b52fa70,S102923,Verified,Verified,Failed,Approved,2025-12-28
fd8afdc9-9b44-413e-a0a2-128481e9684e,S102924,,Failed,Verified,Approved,2024-11-16
15d48ee8-32bd-48a9-bd51-8fef6889ca28,S102925,Failed,Failed,Failed,Approved,2022-10-06
3976a904-ee01-405e-acc3-75149257e288,S102926,Failed,Verified,Verified,Approved,2022-08-08
7ea21411-297b-4699-98f6-0e100ef6ea60,S102927,Failed,Verified,Failed,Approved,2025-10-09
b5683693-4286-4402-8d0b-1341a081662d,S102928,Verified,Failed,Failed,Approved,2024-12-01
e0038105-9219-403b-a380-9bf634721414,S102929,Verified,Verified,Verified,Approved,2022-04-13
2e30b8bb-2ee6-4b00-bd3e-1572d4ade022,S102930,Failed,Verified,Verified,Approved,2024-11-17
903ae711-d04e-4137-98f8-af4ec30d0b0d,S102931,Verified,Failed,Verified,Approved,2025-04-28
401cd041-6c05-439e-941d-e4d1bb559617,S102932,Verified,Verified,Failed,Approved,2025-03-05
f0f879c6-011b-473c-bc2c-ef2f2215ee0d,S102933,Failed,Failed,Verified,Approved,2025-05-21
4814ce7c-7b90-45dc-a257-33981ed92dca,S102934,Verified,Failed,Failed,Rejected,2022-07-19
b7eef510-eaad-4a47-961e-f83b67c61987,S102935,Verified,Verified,Verified,Approved,2024-07-24
7ce43aec-1c50-494e-828e-2548c4227968,S102936,Failed,Failed,Verified,Approved,2024-11-30
1ba09720-f918-455b-b42c-342e63f4bc0f,S102937,Failed,Verified,Failed,Approved,2022-09-16
92174d2f-1729-4cc3-9b1e-cc2dc0ce29b9,S102938,Verified,Verified,Verified,Approved,2022-09-21
6cdd01bf-dcbc-4b88-809d-e93bd353a992,S102939,Failed,Failed,Failed,Pending,2026-06-19
aea2fe80-ff06-477e-b779-0e7a3e643cd0,S102940,Failed,Failed,Verified,Approved,2026-06-14
862fb417-d63c-4eaf-8458-c132a6ce504d,S102941,Failed,Failed,Verified,Approved,2022-06-09
39e9b2a9-588c-4e05-aad7-e7d35ce1d22a,S102942,Verified,Failed,Failed,Approved,2022-08-25
6b892151-0122-43d7-a368-0eefcff32669,S102943,Failed,Failed,Verified,Approved,2026-06-27
31516408-2c7c-424c-a660-3c5cc9c2061b,S102944,Failed,Verified,Verified,Approved,2024-10-04
592a0eeb-3045-4c44-a9c9-4fc003171354,S102945,Failed,Failed,Failed,Rejected,2024-11-28
a423edd2-34c1-4e22-b86f-67f86acc39c9,S102946,Verified,Failed,Verified,Approved,2025-07-06
746c0e6b-7d86-478b-9a50-2701bca5f784,S102947,Verified,Failed,Verified,Approved,2025-05-05
bb3db96a-9ece-4743-a43f-6e6a5fabaf5c,S102948,Verified,Failed,Verified,Approved,2026-04-21
9ba4f510-c42f-4691-aa8c-2b0a4a119d95,S102949,Verified,Failed,Verified,Approved,2024-12-31
109c3ffe-cce6-44e7-8f34-0d8e855597bc,S102950,Verified,Verified,Verified,Approved,2023-04-25
e13f53bd-4c47-4bcc-8c9c-4255007a5deb,S102951,Failed,Failed,Failed,Approved,2023-08-04
b5be51a8-f96e-4963-968d-746b02267d71,S102952,Failed,Failed,Failed,Pending,2025-07-23
be9710e5-daea-480d-b793-13d4090bb275,S102953,Failed,Failed,Failed,Approved,2023-09-10
04ba3313-3407-4faa-b801-8d8128cafb6b,S102954,Verified,Verified,Failed,Approved,2023-09-16
4efc5845-20a1-4880-809d-1a5d37cef3b9,S102955,Verified,Verified,Verified,Approved,2023-03-22
b59e67cc-2c92-4826-8615-330cc4596b6d,S102956,Failed,Failed,Failed,Pending,2023-11-07
b1dc0fe3-dd68-4774-8dfa-a83c71ca0be9,S102957,Failed,Verified,Verified,Rejected,2022-03-23
bf86bc0d-34ff-4d85-a185-17bdfca94d04,S102958,Verified,Verified,Failed,Approved,2026-04-25
aefa8e4e-2098-4aac-932b-26b5cb36ae1d,S102959,Failed,Verified,Failed,Approved,2026-04-14
576f3527-c97b-41ad-bab1-534db9813055,S102960,Failed,Verified,Failed,Approved,2023-10-24
1dadf961-14b3-49f4-a9c4-b61fd6cc298d,S102961,Failed,Failed,Verified,Approved,2026-06-05
c0b739f3-b0c4-4b27-83cd-578a8e89bf1c,S102962,Verified,Failed,Verified,Approved,2023-04-13
3e2a6c08-f720-435d-834b-3b2526b81db9,S102963,Verified,Failed,Verified,Rejected,2025-08-06
00d8a763-8a40-4e66-b9c0-9d6cd5b5c13e,S102964,Failed,Verified,Failed,Approved,2022-02-22
db60ea2f-6de4-4935-97d3-5684afcdb099,S102965,Failed,Failed,Verified,Rejected,2024-05-13
b849acf1-b41d-42c5-ac2f-746ad303e1df,S102966,Failed,Failed,Verified,Approved,2025-12-31
aa8bdafb-816d-4a1a-945b-1bc0952b4799,S102967,Verified,Verified,Failed,Rejected,2023-04-29
23847d67-f772-4595-a9bf-8828fc26e00b,S102968,Failed,Failed,Failed,Rejected,2024-06-21
55b820c4-8feb-4881-912d-f282a94c0732,S102969,Verified,Failed,Verified,Rejected,2023-09-30
f7bff429-a641-4f79-ab21-68f1332aba47,S102970,Verified,Verified,Verified,Approved,2025-04-13
b5cdc3e2-1067-474b-9fe7-2d18aa24eb01,S102971,Verified,Verified,Failed,Approved,2025-12-14
ee1c313c-a7e6-4614-9808-feff1a5c8d43,S102972,Verified,Failed,Verified,Approved,2022-03-14
141f43f1-c319-4c13-80a4-ed6d29e053af,S102973,Verified,Failed,Verified,Approved,2024-09-04
9a576b3c-cb90-4e50-bc03-625f77753e37,S102974,Verified,Verified,Verified,Approved,2025-11-08
3587701e-f073-4ef8-8f3d-f72607af644a,S102975,Failed,Failed,Failed,Approved,2022-06-13
628b4844-6c84-40fb-a42c-b185a336565c,S102976,Failed,Verified,Failed,Pending,2023-07-31
a6a374d9-646c-46f3-ba81-481e64aba2d7,S102977,Failed,Failed,Failed,Approved,2024-08-30
4dc07f30-9dde-43c4-b042-59d3b854ac7c,S102978,Failed,Failed,Failed,Rejected,2023-12-18
12d9ebbd-81d2-4054-acd9-0ba57aebdb28,S102979,Verified,Verified,Failed,Approved,2025-12-05
6a057569-288a-428e-bf0b-1c87a66948e1,S102980,Failed,Failed,Verified,Approved,2025-05-11
94de00b5-538c-4f33-995b-572df39fcb52,S102981,Verified,Failed,Verified,Rejected,2025-08-18
029a8fd0-5616-4cd5-87a6-496483f2ab3f,S102982,Failed,Verified,Verified,Approved,2026-06-27
af12011a-fa28-4214-b378-1d0f314754c0,S102983,Verified,Verified,Failed,Rejected,2025-01-08
b7958814-0c9b-4a6d-9c71-bd467dc82ba2,S102984,Failed,Failed,Failed,Approved,2025-10-05
99e9634a-a9fd-4824-aaf7-c2c12c4bdccf,S102985,Failed,Verified,Verified,Pending,2025-01-15
07e6d8fb-fe40-4d33-bce6-4e094730350a,S102986,Failed,Failed,Verified,Approved,2022-02-12
5c795f86-7d95-4b0d-b994-0503d52577e0,S102987,Verified,Failed,Verified,Approved,2025-08-06
b04137d5-a208-49ba-9854-4a1737fd3976,S102988,Failed,Verified,Verified,Approved,2023-06-20
1b8f5512-be05-4644-aa92-498332abe4b7,S102989,Failed,Failed,Verified,Approved,2026-02-12
b5e2ec2d-27c1-4476-b36c-2624a8ff9d12,S102990,Failed,Verified,Failed,Approved,2026-07-10
204affea-57cb-40a8-bd59-0275403d2d9f,S102991,Failed,Verified,Verified,Approved,2025-05-14
f3ee3fee-72be-42b6-b074-3f1bd86db68a,S102992,Failed,Verified,Verified,Pending,2025-12-29
739de36c-6a20-422b-947c-583db04c34b0,S102993,Verified,Failed,Verified,Approved,2025-01-10
a1a0c5de-9501-4ff8-991f-f163d49981fc,S102994,Verified,Failed,Failed,Approved,2023-09-09
ce659f82-d033-4058-8c24-c81f57a13562,S102995,Failed,Failed,Failed,Approved,2024-03-26
3fe0dc3c-bb48-4e3c-889e-c7e9d40da43d,S102996,Verified,Failed,Failed,Approved,2024-02-11
8056d992-671e-42bc-9e80-d9bf0df4ab5d,S102997,Verified,Failed,Verified,Approved,2025-07-16
74c1be74-0fc4-450e-8e31-e669746c1f35,S102998,Verified,Verified,Failed,Approved,2022-09-04
b37550bb-2034-49a8-912a-c680ca28e2e8,S102999,Failed,Verified,Verified,Rejected,2025-02-17
546b5498-65e4-40e8-85da-b672dbadfbc7,S103000,Verified,Verified,Failed,Rejected,2023-01-01
dab47a1d-d966-4bc6-88b6-c36f26d9ec3a,S103001,Failed,Verified,Verified,Pending,2025-03-27
8ab41c5b-cba4-4938-8ac7-b72f9f61c06a,S103002,Failed,Verified,Verified,Approved,2022-12-26
5b04ab99-8020-482d-927e-e8b19a87a83d,S103003,Verified,Verified,Failed,Approved,2024-04-08
9971d61f-b925-4691-8ca0-642028f40736,S103004,Verified,Verified,Failed,Approved,2026-01-20
81f73718-3cea-4f21-815d-6b9df4c98a79,S103005,Verified,Failed,Failed,Approved,2025-07-21
e8c96331-2b53-4b56-a643-134e80b68384,S103006,Failed,Failed,Verified,Rejected,2022-09-11
12e6fb9d-b689-4c1a-a82c-e1fc0104af2b,S103007,Failed,Failed,Verified,Approved,2022-06-03
964c45fe-46cb-42f8-9eed-01d253f835cb,S103008,Verified,Verified,Verified,Approved,2025-08-07
69e55ab5-7f24-4179-b114-61c377808893,S103009,Failed,Verified,Verified,Approved,2024-10-10
3effe0de-16d9-439c-9308-38c144abd1aa,S103010,Verified,Failed,Failed,Approved,2025-12-22
68806cc4-15bb-442b-b9d3-6e5e6663b1fd,S103011,Failed,Failed,Verified,Approved,2022-02-10
69f760ae-70c2-46a1-9a1f-de56db6c1c9b,S103012,Failed,Verified,Failed,Approved,2022-06-14
8215b86a-233e-4589-98ac-4a0ed6d234b4,S103013,Verified,Failed,Failed,Approved,2025-04-16
f5745d4a-2aa1-4851-bec0-2849e6f8498c,S103014,Failed,Verified,Failed,Approved,2022-07-08
ce119fe4-f259-43b8-b400-df002245ce5f,S103015,Failed,Verified,Failed,Approved,2022-07-08
d6f557d0-1bc8-457a-a300-acd4c03944a9,S103016,Failed,Failed,Verified,Pending,2023-10-11
a8139699-53ea-4387-a7cf-a32b914778f2,S103017,Verified,Failed,Failed,Pending,2026-04-27
90450a45-edd0-430f-b55b-f7df44d635b5,S103018,Failed,Verified,Failed,Approved,2025-11-27
e3adc629-0611-4161-9089-f2adaa99d682,S103019,Verified,Verified,Failed,Approved,2022-09-09
900ea001-218b-4a7b-b4fd-5a6cdb7fbf0b,S103020,Failed,Verified,Failed,Approved,2024-02-17
437761e0-db19-4a23-8fd8-9bda4e0f5193,S103021,Verified,Verified,Failed,Approved,2025-07-28
3090f538-4be7-482f-8758-a01d94952c71,S103022,Verified,Failed,Failed,Rejected,2025-03-28
d07c6216-bea3-45ab-9a3a-a25eabc04be6,S103023,Failed,Verified,Verified,Approved,2023-11-21
51e10645-dbbe-4d7b-bd87-d303418ade0e,S103024,Verified,Failed,Verified,Pending,2025-12-03
cf0cb4d8-d56a-46de-baf2-2f567540b143,S103025,Failed,Failed,Failed,Pending,2024-05-10
65247b14-dd0a-4bc4-a8c6-85eefc9bca74,S103026,Verified,Failed,Failed,Approved,2025-03-01
3cdac538-e1a4-4036-b8c9-d66613aac085,S103027,Failed,Failed,Verified,Approved,2025-05-15
d8202cb7-893a-42f7-8ad6-45c8eb268c8a,S103028,Verified,Verified,Verified,Approved,2025-12-02
57061281-a015-429e-97df-f89e6fda9a90,S103029,Failed,Failed,Verified,Approved,2024-02-14
f4e4c5cb-bc9e-4cc5-86e5-c9a504367209,S103030,Failed,Failed,Failed,Approved,2025-08-20
b5002bd1-08b1-4046-aa66-d601e1aff6f2,S103031,Failed,Failed,Failed,Approved,2026-02-20
1724b6a7-d9cf-47e7-9526-9ecde5112515,S103032,Failed,Failed,Verified,Approved,2024-09-18
58bff12f-9826-4773-9e14-bea1b28b6626,S103033,Failed,Failed,Failed,Approved,2022-01-09
718fc456-beac-4657-a678-b006b8632715,S103034,Verified,Verified,Verified,Approved,2023-02-25
f232eeff-2442-4b64-b000-87dc83fc4936,S103035,Failed,Failed,Verified,Approved,2022-11-04
a6b342dc-b26c-4ca2-9077-546035524ce5,S103036,Verified,Failed,Failed,Approved,2023-06-14
c395a5ac-c8c8-4153-bdc2-61b4f914d262,S103037,Failed,Verified,Failed,Approved,2023-09-19
c1bd2af8-ef91-443a-b592-f8fb5d56019c,S103038,Failed,Verified,Verified,Approved,2023-10-08
623521fd-3032-4c25-81b1-84719755c8ee,S103039,Verified,Failed,Failed,Approved,2023-08-10
1df52cb0-ec76-441d-83e8-685dce9be989,S103040,Failed,Failed,Failed,Approved,2022-12-30
16430826-48e7-44e4-87bb-02529444b5f8,S103041,Verified,Verified,Failed,Approved,2024-05-27
07db5cc9-75ad-4c06-a31a-25c4277be5e2,S103042,Verified,Failed,Failed,Approved,2022-05-24
8fda099a-1b27-47e1-a203-37cb6a41ebc8,S103043,Failed,Failed,Verified,Approved,2024-12-12
3ad0482a-abdd-479c-93c2-0592c6667ac0,S103044,Verified,Failed,Failed,Approved,2025-07-12
87f31566-b499-44e8-88ca-5a7668e633a6,S103045,Verified,Verified,Verified,Approved,2025-05-20
fec86f57-0aa5-454d-88ef-bb0d7e231150,S103046,Verified,Failed,Failed,Approved,2024-11-01
002efe44-22c4-45ce-b037-1c1eefa14175,S103047,Failed,Verified,Failed,Approved,2025-02-08
e70275a0-0770-4c79-a3cd-83afab3fbc5d,S103048,Failed,Verified,Failed,Approved,2024-11-16
ed299e63-3936-422e-a736-ff52dba06693,S103049,Failed,Failed,Verified,Approved,2025-01-07
8cf2d92e-36f4-4a3d-b642-c344a2466555,S103050,Failed,Verified,Failed,Approved,2026-03-02
f189683d-19a6-414f-8c93-f3f7f097f270,S103051,Verified,Failed,Failed,Rejected,2026-07-14
c22356cf-02eb-4a41-a86e-f90a1112b0f8,S103052,Failed,Verified,Verified,Approved,2023-04-22
6d4ada4c-9e28-4fb9-93ed-5672e9b78309,S103053,Verified,Failed,Failed,Approved,2025-04-02
6db968a6-7a0b-4af9-9a38-aab565616fee,S103054,Verified,Verified,Failed,Approved,2025-05-07
29f4cfba-7160-4819-b847-6730fa7f14d6,S103055,Failed,Verified,Failed,Approved,2022-12-28
a599252d-3308-4457-8477-bd1df1bae622,S103056,Verified,Failed,Failed,Approved,2024-08-07
c63b75c1-4b94-4930-b93a-4207719cc375,S103057,Verified,Failed,Failed,Approved,2023-01-15
fca74018-394a-48c5-80d7-6c46400e78a4,S103058,Failed,Failed,Failed,Approved,2024-06-20
6ba7afdc-5c91-42ee-a015-f8e4e55447c1,S103059,Failed,Verified,Verified,Approved,2025-10-05
a3fe4ce9-75c2-49e5-803e-ffee7ba6bf6f,S103060,Failed,Failed,Failed,Approved,2025-05-31
b24f195c-a101-44b5-944d-58b219c392b5,S103061,Verified,Verified,Verified,Pending,2024-10-23
a8cb54c3-67d7-4d7a-98f6-359000a484e8,S103062,Failed,Failed,Verified,Approved,2024-01-11
ce37237a-7d89-47f6-9373-34abdb6be908,S103063,Failed,Verified,Failed,Approved,2025-10-01
d8b51dca-dcaa-4fc4-96c8-460f4978fcd7,S103064,Verified,Verified,Verified,Approved,2022-08-29
7d36df8e-6875-4423-96c5-a3c7319c016c,S103065,Failed,Failed,Verified,Pending,2023-07-27
42b94ab3-5151-4c47-88b2-14617a72ee50,S103066,Failed,Verified,Failed,Approved,2024-03-08
3383998c-7359-44e9-9196-5e63641eb3bc,S103067,Verified,Verified,Failed,Approved,2026-03-25
6478eb55-136d-44ff-be76-0bb299dd89b0,S103068,Failed,Failed,Verified,Approved,2022-02-13
0171771f-98d4-4d41-b9ce-3c5e40526aad,S103069,Verified,Failed,Failed,Approved,2023-06-26
fe9bf28a-be21-481a-b23e-f5f39720c1ba,S103070,Failed,Failed,Verified,Approved,2026-04-17
6cfb238d-fcdc-48a5-8542-8172577aeaea,S103071,Failed,Verified,Failed,Approved,2022-01-24
885db755-a75f-48b2-8cbc-8197e4ee966b,S103072,Verified,Verified,Failed,Approved,2024-12-10
3db7dd9b-f788-4d98-bf0b-24c87ec26db7,S103073,Verified,Failed,Failed,Rejected,2024-06-07
c14b2bad-0cd1-4d94-a93c-a126b7fb86e0,S103074,Failed,Verified,Failed,Approved,2025-11-14
80ab4a50-f7d5-421a-8479-d7835a91c613,S103075,Failed,Verified,Failed,Approved,2025-06-16
0ee1d330-1fe0-43e1-88a7-1b2a6dc2e3a4,S103076,Failed,Failed,Verified,Approved,2026-01-16
365c4100-549c-4fee-a92c-05f0d98ec79f,S103077,Failed,Verified,Failed,Pending,2023-08-11
f7b56feb-22f8-4d53-9832-6fb0fb2427c0,S103078,Failed,Verified,Verified,Approved,2023-08-25
6c23d304-2d14-4808-8d01-7fed96fcee8b,S103079,Failed,Failed,Verified,Approved,2024-09-25
20b62ec4-6b69-4546-a1d7-b508d6d09532,S103080,Failed,Failed,Failed,Approved,2022-11-03
7ece75ee-fc04-4db2-85a9-c97d50f4e18b,S103081,Failed,Verified,Verified,Approved,2026-02-04
0c77d7e1-e503-49b7-8225-eb62c700be38,S103082,Failed,Verified,Verified,Approved,2022-03-11
53e956d3-9044-4a99-885c-c132afb9442e,S103083,Verified,Failed,Failed,Approved,2024-07-31
039dfa20-4e4c-4439-8d3f-69818403a4dc,S103084,Failed,Failed,Verified,Rejected,2026-07-07
4b3bcc25-c792-4699-9733-1a6bd973552a,S103085,Failed,Verified,Failed,Approved,2025-01-05
50c38b53-d4fc-436d-9f45-3c1f62d7cd82,S103086,Failed,Verified,Verified,Approved,2024-01-04
c4c0c601-7783-4414-8997-175c9bbfde4b,S103087,Verified,Verified,Verified,Approved,2024-06-09
068c1bff-0a77-45af-8353-b678bbba9254,S103088,Verified,Verified,Verified,Approved,2024-10-16
abe8e840-9474-488f-aa96-e40c1201c616,S103089,Verified,Failed,Failed,Approved,2024-04-04
ecdafac9-e393-4d98-b757-507a0e3b8325,S103090,Failed,Verified,Verified,Rejected,2024-12-20
84e0a188-35aa-41ea-b364-011a08f0a87a,S103091,Failed,Failed,Failed,Rejected,2022-10-22
41f43f35-51fa-44ee-b02c-ddd281a7e180,S103092,Verified,Verified,Verified,Approved,2024-06-12
c21e65ac-eaec-4c66-b0e7-34ce647a1cb1,S103093,Failed,Failed,Verified,Approved,2022-07-16
4f1c9a2d-a17c-4143-bb56-c170b5872e50,S103094,Failed,Verified,Failed,Approved,2023-01-24
3e778b42-4876-4087-bf03-7ac4ba7c9fc7,S103095,Verified,Verified,Verified,Approved,2024-04-03
928c6aba-c0d4-4bd1-a6e1-ed47d83462c2,S103096,Failed,Failed,Failed,Approved,2023-05-04
a2dfcb1e-92e0-45f2-91fd-f3a63b62da24,S103097,Failed,Verified,Failed,Pending,2025-04-17
9ab8d051-8df1-4463-884d-8414f82bb285,S103098,Failed,Failed,Verified,Approved,2026-02-20
1b78d573-35ee-4414-9ac9-53d046bb3af6,S103099,Verified,Failed,Verified,Rejected,2022-01-27
f241ba41-5165-4f1b-87f8-15f6930a606b,S103100,Verified,Failed,Failed,Approved,2025-08-25
1153b5bf-7f70-481b-a0c2-30319342f3eb,S103101,Verified,Verified,Failed,Approved,2022-03-26
1bf5387a-24b9-4e10-b812-af8a860f9df6,S103102,Failed,Verified,Verified,Pending,2023-01-26
59a39d2e-0365-40cd-b584-be70337d1d2a,S103103,Verified,Failed,Failed,Approved,2022-05-22
a9091f18-eeb9-4773-a037-e10a4b360565,S103104,Verified,Verified,Verified,Approved,2022-10-04
a79d6fe1-40cc-49ef-a32c-b76a8aa3f160,S103105,Failed,Verified,Verified,Approved,2025-02-05
5bc4288f-2cd6-42f9-b5b0-a760cafecbc1,S103106,Failed,Failed,Verified,Approved,2024-10-26
162a8923-1a83-45cb-9158-faf8a158a2bb,S103107,Verified,Verified,Verified,Pending,2025-02-20
a7fdbdd1-953a-4bfb-a72a-6c39f76ae8a4,S103108,Failed,Failed,Failed,Approved,2025-08-29
5a76a315-c175-4cf3-b241-f4f00ab6a7ed,S103109,Verified,Failed,Failed,Approved,2023-10-30
bf7c36cc-dc1d-470e-8cdb-fa9099e5dd70,S103110,Verified,Failed,Failed,Approved,2022-02-01
2a82645d-4b36-4d31-93ec-3d9d03afc024,S103111,Verified,Failed,Verified,Approved,2023-09-23
10244401-485e-4f0c-93d1-51b4a96dca7e,S103112,Failed,Failed,Failed,Pending,2025-11-08
90914ba1-5042-4c91-ae72-efd7d36085f9,S103113,Failed,Failed,Failed,Approved,2024-12-20
bd033d8f-9ff6-460d-9f17-30cd72cfa214,S103114,Verified,Failed,Failed,Approved,2022-11-10
ba8bf26c-094e-439a-96f1-cfa7d2080947,S103115,Failed,Failed,Failed,Approved,2022-01-14
c5879378-c2a5-48e2-ba6f-db21aee8e8a2,S103116,Verified,Verified,Verified,Approved,2022-08-10
8ad055ae-8ecd-4d69-bf35-013423b7b8bb,S103117,Failed,Failed,Failed,Approved,2023-11-17
6b32648f-adeb-4fda-b299-bb11b5af9736,S103118,Failed,Verified,Failed,Rejected,2024-06-05
da42f2e2-63a1-4211-b7df-e63bfcbcdcb9,S103119,Failed,Failed,Failed,Approved,2025-06-18
a1fc53c3-fe66-4984-8949-3c746e21fa38,S103120,Verified,Failed,Verified,Approved,2024-05-26
d76f62d6-2a52-42c8-94d6-08b463225384,S103121,Failed,Failed,Failed,Approved,2025-04-10
f01b6963-93c5-48ca-8609-e0ddba587f10,S103122,Verified,Verified,Failed,Approved,2023-04-08
d6686569-fecf-4c8b-a572-216651f76592,S103123,Failed,Verified,Verified,Approved,2022-11-09
c7f62583-33b7-478b-a4ed-2829122f4327,S103124,Failed,Failed,Failed,Approved,2022-02-25
044621ae-4f4b-4685-94d9-c926f2f0d3b7,S103125,Failed,Verified,Failed,Pending,2022-05-26
9ca516d6-906d-463b-b663-4891a5cd6b4b,S103126,Verified,Verified,Verified,Approved,2025-10-15
8cd439a2-786b-403e-b949-41a0d16f6817,S103127,Verified,Verified,Failed,Rejected,2022-06-02
4969c421-760c-49e4-88a4-0b0d37c629a4,S103128,Verified,Verified,Failed,Approved,2025-08-20
a708b2b0-b320-4238-ab4b-85d44a4a52c1,S103129,Verified,Verified,Verified,Approved,2024-07-10
199457eb-872e-4da9-8577-027d31c5cc14,S103130,Verified,Verified,Failed,Approved,2022-01-16
3d2331be-684f-4293-b251-4a4682b251f1,S103131,Verified,Failed,Verified,Pending,2024-01-28
91878942-c198-4ea6-b0c9-eab0293c8915,S103132,Verified,Verified,Verified,Approved,2023-03-01
9f9caf6f-a236-4afd-b45b-fbb2aa1d4812,S103133,Verified,Failed,Failed,Approved,2024-11-20
729d83e7-d1a6-4ede-af20-1ad1df628f0b,S103134,Failed,Failed,Verified,Approved,2023-10-18
62841fe8-2e2c-4b81-822e-983fb4a51555,S103135,Failed,Verified,Verified,Approved,2026-03-12
828236bc-3e0b-487a-a1c2-d66bc08a5124,S103136,Failed,Verified,Verified,Approved,2022-04-12
78cffea4-0121-44e0-a0a1-0e5c2ab64bad,S103137,Failed,Verified,Verified,Approved,2023-11-02
4f153435-eef3-4e93-9926-f91b1f56278d,S103138,Failed,Failed,Verified,Approved,2023-10-06
53615570-8d09-4751-9470-b6248f2a61c0,S103139,Failed,Failed,Failed,Approved,2025-02-20
d32cdaf0-3927-42d8-b8f3-44d11e021d08,S103140,Verified,Failed,Verified,Pending,2025-06-22
d00da1df-13e2-45ee-9afe-14f8ddfbb48e,S103141,Verified,Failed,Failed,Approved,2023-12-13
0e757fbe-6a3a-4864-8265-133c784ba064,S103142,Failed,Failed,Verified,Approved,2024-05-25
72f6ab54-d446-4f77-b00e-00655753a760,S103143,Verified,Failed,Failed,Approved,2024-07-19
7e487266-73cb-4761-979b-788e67ef1243,S103144,Failed,Failed,Failed,Rejected,2024-04-29
fccf4f73-22f7-4759-97c9-522b124c3f25,S103145,Failed,Failed,Failed,Approved,2025-01-03
d0134e67-dfb4-40bd-8840-8d88b44ffb05,S103146,Failed,Verified,Failed,Approved,2023-04-27
9b559dd2-8d7b-455d-8f05-d5d9aa366c3a,S103147,Failed,Failed,Failed,Approved,2026-07-02
dfe3f280-088a-4658-8363-a71422808829,S103148,Verified,Verified,Failed,Approved,2025-06-20
27f537f6-ebff-4ffb-8f1f-928f3a48815a,S103149,Verified,Verified,Verified,Pending,2023-07-31
fdb059d1-fb89-4092-b85a-019787d9bb93,S103150,Failed,Failed,Failed,Approved,2024-05-26
70172842-cdc7-4d1f-91d0-a24271a4268e,S103151,Verified,Failed,Verified,Rejected,2024-11-11
80e428e6-5b86-4adc-8893-39494512aa6e,S103152,Verified,Verified,Failed,Approved,2023-10-02
2f8a02c0-e87c-4905-809d-62be9fce91c3,S103153,Verified,Failed,Verified,Approved,2023-03-23
034ffced-d601-43c2-adf8-a9c23cfc7354,S103154,Failed,Verified,Verified,Approved,2023-02-16
60c949b5-0351-4198-aaea-d437358f0fc8,S103155,Verified,Failed,Failed,Approved,2022-06-08
7b6fc9b4-87a5-4205-bd22-36af701a9eaf,S103156,Failed,Verified,Verified,Rejected,2022-08-21
a4b6614f-df35-4b44-9839-e6431c5b0b3f,S103157,Failed,Verified,Failed,Approved,2024-09-20
98db780d-c276-438d-842b-7a2c2b749593,S103158,Verified,Failed,Verified,Approved,2023-09-21
2ccaa9cb-edc6-4a13-a992-680878dec02e,S103159,Verified,Failed,Failed,Approved,2026-03-13
c02a8cc7-5773-467b-92d9-5cce60c4f0a4,S103160,Failed,Verified,Verified,Approved,2022-06-05
3078c642-106b-43b2-b720-2dd8e164d172,S103161,Failed,Failed,Verified,Approved,2023-12-11
938107e2-4824-4d07-a7a5-e874ec65d11e,S103162,Failed,Failed,Failed,Approved,2022-09-04
f2b1cb9b-7a04-466d-aa09-7adbd76e5aa5,S103163,Failed,Failed,Failed,Approved,2022-01-31
1841305e-5d0d-429c-b2b1-03ab423e5555,S103164,Verified,Failed,Verified,Rejected,2022-02-26
50fca476-4f26-4681-bebe-ea42b1c326c0,S103165,Verified,Failed,Failed,Approved,2025-03-22
c3f8f3cc-5b3c-49fe-b3de-16853a97d804,S103166,Failed,Verified,Failed,Approved,2024-04-14
b81bebe9-7182-4248-9afe-621d2d7d9f25,S103167,Verified,Failed,Failed,Approved,2022-09-13
4c1366e8-ce87-44f5-b8f9-d0ca4cea2f3d,S103168,Verified,Verified,Failed,Approved,2022-11-02
d2d76444-f2fa-4c48-8f95-8494ad8c5971,S103169,Verified,Verified,Failed,Approved,2023-06-18
fbac52ab-256e-4315-8826-e7b484a94794,S103170,Verified,Failed,Verified,Approved,2022-08-02
b865a04f-23b6-415b-92b9-3b49db2758c1,S103171,Verified,Verified,Failed,Approved,2023-09-30
f2b95927-d7f8-4146-a79a-19eb6b54afc4,S103172,Failed,Verified,Failed,Approved,2026-05-03
0c6c810d-f796-41bb-92cd-4a069a81d73f,S103173,Verified,Failed,Failed,Approved,2023-05-31
8547b957-d0fd-410f-9ccc-ec5db50acebf,S103174,Verified,Failed,Failed,Approved,2023-10-29
c30bb7f7-1aae-4709-b2c2-69225d845251,S103175,Failed,Failed,Verified,Approved,2023-01-03
1cba4396-d1a5-429a-9a5f-e46beced079e,S103176,Verified,Failed,Failed,Approved,2023-07-20
79f051d3-6eca-45d0-bc5e-4371508e7f13,S103177,Failed,Verified,Verified,Approved,2022-06-06
3b72ff18-c98f-49a9-bfe9-7204e4a5c9c4,S103178,Failed,Verified,Verified,Approved,2024-08-31
1316de55-5825-4828-9d56-7eaf8b1f48b9,S103179,Failed,Verified,Verified,Approved,2023-02-17
496ef277-6d85-4fcc-b5bf-169d51dc3fb5,S103180,Verified,Failed,Failed,Approved,2025-06-20
fe417eb2-7e93-49de-aba3-414cbc6c5e7c,S103181,Failed,Failed,Verified,Approved,2025-08-08
0f6ecf5d-5e46-4609-a625-7b1d097de460,S103182,Verified,Failed,Failed,Approved,2023-10-01
dd9bd582-c03b-4576-a9e8-c1b5a938866d,S103183,Verified,Failed,Verified,Approved,2023-11-01
025de8b8-8834-4d4c-bd6a-6562d8af0727,S103184,Failed,Verified,Failed,Approved,2024-02-25
33c83423-8b6a-4701-9bc7-f652f8764c84,S103185,Verified,Failed,Verified,Approved,2024-05-23
fe13c9a4-35a3-43aa-bc38-35c681067649,S103186,Verified,Failed,Failed,Approved,2024-12-01
392cc57e-9538-43c8-9c06-f2d611558070,S103187,Failed,Verified,Verified,Approved,2024-12-20
b3da2bee-52d8-4a77-af15-3e8f42596a86,S103188,Verified,Failed,Verified,Rejected,2025-08-28
7c204d12-c268-4e39-ad6f-29a60f7f0d86,S103189,Failed,Failed,Failed,Approved,2026-06-02
6da6c71e-f3fc-452d-8257-5b1b51ee075a,S103190,Verified,Verified,Failed,Approved,2023-11-29
a027a9a4-ebf7-450d-bfa5-d42d0d3702ba,S103191,Failed,Verified,Verified,Approved,2025-10-07
e663074d-bedc-440f-bf1e-2b914c980eec,S103192,Failed,Verified,Verified,Approved,2024-11-13
b02aa367-33e7-4548-a077-6e1558171b35,S103193,Failed,Failed,Verified,Approved,2022-04-19
c7055e8d-34e1-406d-9aa6-f86e3db51e16,S103194,Failed,Verified,Verified,Pending,2026-01-03
3e84897c-2696-4ba4-93fd-4ccd8a5ce7c2,S103195,Verified,Failed,Failed,Approved,2023-02-28
e2bfa75a-f8b8-4b20-9fa8-b4794cf79d96,S103196,Verified,Verified,Failed,Approved,2022-05-02
c4f149d2-4765-41f0-a36e-9f2d5c0c7c79,S103197,Verified,Failed,Failed,Approved,2022-04-02
56c8d221-0db8-40a4-b3ba-e147522e9584,S103198,Failed,Verified,Verified,Approved,2023-04-24
e1710e4d-dd13-4751-9119-4e3813bed02f,S103199,Failed,Failed,Verified,Approved,2024-05-06
787344ab-b8f3-4f1a-9655-94cfdfb0aef2,S103200,Failed,Verified,Failed,Pending,2022-04-18
f3e3b422-f045-4f28-87cc-9f07da6d46d1,S103201,Failed,Verified,Verified,Approved,2023-01-24
313fb71e-6705-4dfa-a22b-88d5a351de16,S103202,Failed,Failed,Verified,Approved,2025-10-18
d2ea488d-01ef-44ff-8b3e-13a98910ec5c,S103203,Failed,Verified,Verified,Approved,2024-05-11
2a8b4b9f-cdd9-4308-b3d8-fd67a3cc4e45,S103204,Failed,Verified,Failed,Approved,2025-06-03
ad5f2634-fed0-4551-84f3-b3b7f625ccca,S103205,Failed,Verified,Failed,Rejected,2023-06-07
25354142-e872-4d9e-9fb5-0929bd2e2920,S103206,Verified,Failed,Failed,Approved,2025-09-02
1c2f9ffb-60a6-4432-96b3-49cf76c7de99,S103207,Verified,Verified,Failed,Approved,2022-07-06
abf5c12c-bf58-4c3b-867c-564caa43816e,S103208,Verified,Verified,Failed,Approved,2024-01-22
b71b0d2d-2923-42d1-85dc-ad9363c24fd0,S103209,Verified,Failed,Verified,Rejected,2023-08-14
e8c63677-82e1-4537-b022-14a6edff0b3b,S103210,Verified,Verified,Verified,Approved,2022-03-28
ef7e901b-947b-4f4a-a0b9-b40ca1c6a354,S103211,Failed,Failed,Verified,Approved,2024-12-02
403d6ce6-bc5f-4875-b565-b85676730d11,S103212,Failed,Failed,Failed,Approved,2025-01-06
ce30d77f-b92c-4f8a-aaff-dcb07b3d214c,S103213,Verified,Failed,Verified,Approved,2025-02-25
ff666f94-e46b-42a0-b3e2-7bb32e0b847f,S103214,Failed,Failed,Verified,Approved,2025-08-05
064b3b81-782a-42a2-a1f1-c44037318eda,S103215,Failed,Failed,Failed,Approved,2025-05-06
5833f0f2-8e77-43a6-af3d-58ee3588bdf7,S103216,Verified,Verified,Failed,Approved,2024-03-26
7836a506-4773-437f-be5b-0a42a6c59759,S103217,Verified,Failed,Failed,Approved,2024-06-11
c0899405-71a3-450c-81e6-911f8f6d9e14,S103218,Failed,Verified,Verified,Approved,2024-04-15
69c80208-2f77-4d64-b1ef-ba3fdec96bd4,S103219,Verified,Verified,Verified,Approved,2022-06-14
fdaa1cf5-921f-4aca-9892-533f86cfe03d,S103220,Verified,Failed,Failed,Approved,2025-07-08
1f73440a-eb02-4c2f-b070-135cde29137f,S103221,Failed,Verified,Verified,Approved,2026-05-29
2dc95107-27af-41ec-9c57-7fddcbe91838,S103222,Verified,Failed,Failed,Approved,2023-09-10
47d003ad-f390-4c60-9268-c73db951c5ec,S103223,Failed,Failed,Failed,Approved,2025-10-16
b6752086-cb4f-4ed9-859a-cb15171c5ab2,S103224,Verified,Failed,Verified,Approved,2025-02-28
f6682131-eee3-4535-acfa-bcd0f687f303,S103225,Failed,Verified,Failed,Approved,2025-02-24
82ab748e-23b6-42c3-b911-4cb2b3a2776e,S103226,Verified,Failed,Verified,Approved,2023-08-10
ddf65add-003f-4cd6-b27c-2198c0f06059,S103227,Verified,Failed,Verified,Approved,2026-03-28
daf49b6f-ffb4-4ed3-83a8-98aef064bbeb,S103228,Failed,Failed,Failed,Approved,2024-09-30
3d9b6ef6-5938-4275-af78-53db644a3953,S103229,Failed,Verified,Failed,Pending,2022-02-13
de1731e3-402e-4222-946b-835daf69789b,S103230,Failed,Failed,Failed,Approved,2024-08-21
8075f90e-e953-4ea6-9844-5d16bb7aeef7,S103231,Verified,Verified,Verified,Rejected,2024-04-30
5e38fb9c-577b-4aaf-864a-867c5c4bbec1,S103232,Verified,Verified,Verified,Rejected,2022-03-21
8a062575-d7e3-42cb-907e-1a8147386d66,S103233,Verified,Failed,Failed,Approved,2022-07-30
89ecfa0c-517b-4372-aa08-221f9ce81282,S103234,Failed,Verified,Verified,Approved,2022-08-07
ec2620b4-e347-495a-87a3-678de5c53ed0,S103235,Failed,Failed,Verified,Approved,2023-01-27
42e32c21-15e5-44dd-bd31-7eeaea951de8,S103236,Verified,Failed,Verified,Pending,2023-06-21
e3fa7265-0d19-464d-80eb-f10ec40cf33a,S103237,Verified,Verified,Failed,Approved,2025-07-09
39832fbf-66ff-4fe3-98df-3df63b743d05,S103238,Failed,Verified,Failed,Approved,2023-06-25
ea33f408-e792-4c36-b3f9-776b072a5b8c,S103239,Failed,Verified,Failed,Approved,2025-08-16
6e5c13e9-2691-42aa-814d-567e2894550d,S103240,Failed,Failed,Verified,Approved,2024-09-27
aaf0df7e-538d-4e30-b0d7-38c3798f5701,S103241,Verified,Verified,Failed,Rejected,2026-04-18
025283ce-9cc4-4dd8-9eff-00844d81faed,S103242,Verified,Verified,Failed,Approved,2026-04-09
945ed3ef-725f-4d6f-bbdd-d9cf4ef022e1,S103243,Verified,Verified,Failed,Approved,2025-01-04
f3835772-8bf2-44ae-8148-4484d036038c,S103244,Failed,Failed,Verified,Approved,2023-01-25
19aac0a6-716a-469f-9c3b-eecf615b8f41,S103245,Failed,Verified,Verified,Approved,2023-03-02
80f577bf-cb0f-48af-940c-ac1e6d37c6a7,S103246,Failed,Failed,Verified,Rejected,2022-03-13
a77c909c-6fca-4bdd-b6bb-123c958f00cc,S103247,Verified,Verified,Verified,Approved,2025-03-08
25d38ae0-31d7-4a7c-97a6-1e5123a7f781,S103248,Failed,Verified,Failed,Approved,2023-12-27
5ddf22d6-cb33-4b05-bd38-9791c78abc0f,S103249,Failed,Verified,Failed,Approved,2025-02-19
2c30c392-6af6-49a5-8646-39ae0f475b4b,S103250,Verified,Failed,Failed,Rejected,2022-01-14
e83fc4fd-6864-47b3-8a36-8a15d9b60b28,S103251,Verified,Verified,Failed,Approved,2023-08-06
4acbcb67-62cc-4d22-9050-87ae89477895,S103252,Verified,Failed,Verified,Approved,2024-11-08
4c4d6aa7-35d7-4e5d-a007-0063f5ddcc01,S103253,Failed,Failed,Failed,Approved,2024-09-13
af6abe30-0cf0-4d6d-a2f8-4ed870316939,S103254,Verified,Verified,Verified,Approved,2025-03-12
df8bc936-d2f2-46f0-861b-2272ae19f157,S103255,Failed,Failed,Failed,Approved,2025-07-09
35fd933c-2cc2-4f40-89cb-c746f172a96f,S103256,Verified,Verified,Verified,Approved,2022-08-30
d9dda547-2b85-452a-939d-5aab0531611f,S103257,Failed,Failed,Verified,Approved,2022-10-18
2d55fd64-707a-4a47-8b5c-27f15c8b4dd8,S103258,Failed,Failed,Verified,Rejected,2024-10-09
a6ac512e-ca9a-489d-9915-8a3d854a518c,S103259,Verified,Verified,Verified,Approved,2024-07-16
778237fb-6522-4b52-8a1b-5865a3ce8cd6,S103260,Failed,Failed,Failed,Approved,2024-08-27
36a5ddd5-aa14-493b-a007-f4d8eed318fc,S103261,Failed,Failed,Verified,Approved,2024-10-24
6589433f-13fa-4b22-b597-1f2f64972ae1,S103262,Verified,Verified,Verified,Approved,2022-05-23
da1817d8-0435-425f-be7c-7c2133cdb1a9,S103263,Failed,Failed,Verified,Approved,2025-12-29
0ab8abf0-632f-46e5-8b23-b1808dda192c,S103264,Failed,Failed,Verified,Approved,2023-09-17
be85300c-285e-4b02-b816-3f761a66957a,S103265,Failed,Failed,Failed,Approved,2026-05-31
26f9c85d-e464-44f2-b7aa-a07e64e5cdc7,S103266,,Failed,Failed,Approved,2026-03-15
3c515d63-03a7-43d8-84fd-264e839f4d7a,S103267,Verified,Verified,Verified,Approved,2024-06-17
e3fb18a3-b374-471d-b51d-b817f1d6afbe,S103268,Failed,Failed,Failed,Approved,2025-09-16
0c91ea34-9bd1-49d6-8fc4-c89367bcde05,S103269,Failed,Failed,Failed,Approved,2022-03-26
48b3073a-cf58-4f82-934b-89eb83fc2d74,S103270,Failed,Failed,Verified,Approved,2025-05-29
7fe66c2a-aae0-4512-a2e3-0eefc86b71d5,S103271,Verified,Verified,Failed,Pending,2023-06-08
a1b65553-14ab-4f3c-922a-a4c748027861,S103272,Failed,Verified,Verified,Approved,2025-03-07
ffad696d-ce98-4f1c-aee0-1d27171e3893,S103273,Failed,Verified,Failed,Approved,2022-12-12
a6e95577-da6d-4271-810e-78b03d52a49b,S103274,Verified,Verified,Verified,Approved,2022-10-12
ff4a2a25-dbc3-4927-b8fa-532fb515d58c,S103275,Verified,Failed,Verified,Approved,2025-10-28
f15a5c37-3a8e-434e-88d9-8ac1ae082b55,S103276,Verified,Failed,Verified,Pending,2026-06-23
f364516f-b69c-44fe-8fa1-d48b18530d8f,S103277,Failed,Verified,Verified,Approved,2024-01-04
697c04e3-6360-4db5-9911-5f3fb08e7345,S103278,Failed,Failed,Failed,Approved,2025-12-12
6e78efb9-6016-4380-84c3-31e23c20575d,S103279,Failed,Verified,Failed,Approved,2026-01-04
f899a35f-c071-40b3-bc17-6efb2dcdf194,S103280,Verified,Verified,Failed,Approved,2023-06-06
5ce2a1cf-462c-4446-862f-72ea24c80949,S103281,Failed,Failed,Verified,Approved,2023-09-13
1286e001-4e57-4a01-9172-8688d64b40b8,S103282,Verified,Failed,Failed,Approved,2025-12-03
888e552c-00ae-4c84-8008-8c3e4a444657,S103283,Failed,Verified,Failed,Approved,2023-03-10
9d85b47a-7426-4754-94cf-7750a2baad72,S103284,Verified,Failed,Failed,Approved,2022-09-17
f389c5d1-da81-4f02-ad2a-a90ce9ee043c,S103285,Verified,Failed,Verified,Approved,2025-12-20
e522f2ae-29af-47f5-a6fa-be7d60dc5ceb,S103286,Failed,Failed,Verified,Approved,2025-03-15
c388e5e6-1371-4041-9a1c-5da7932f1565,S103287,Failed,Verified,Verified,Approved,2024-07-15
00781dc7-a244-4fd3-9aa5-c53bd668ad5c,S103288,Verified,Verified,Verified,Approved,2025-03-10
6d4f2f52-86ec-49ed-8fec-41b282ee6507,S103289,Failed,Failed,Verified,Approved,2023-09-21
bb2a4f05-61f5-4560-8950-88b5146db200,S103290,Verified,Failed,Verified,Rejected,2023-06-16
bf595974-6a21-4452-862d-de22fb807727,S103291,Failed,Verified,Failed,Approved,2022-11-27
ca567558-a8ea-4f89-bd61-c4660b33d22d,S103292,Verified,Failed,Verified,Approved,2025-10-12
63b40bb1-ddc6-4b2a-aec2-8d090f64f445,S103293,Verified,Verified,Verified,Approved,2022-06-03
6b390893-4bd3-42de-8191-8e38e4193e52,S103294,Failed,Verified,Verified,Approved,2024-06-19
1a9971a4-a31b-41cd-8480-9cfc9754cec1,S103295,Verified,Failed,Verified,Approved,2024-10-18
a8fdc8ef-9ccb-426b-8308-62517133dbef,S103296,Verified,Failed,Failed,Rejected,2023-09-24
d44dbeca-82d8-426f-b302-278c55e35bb6,S103297,Verified,Failed,Verified,Approved,2023-12-09
e8b527fa-1b1f-409d-9fcf-799ca25b19bb,S103298,Verified,Verified,Verified,Approved,2024-08-14
e42634c1-6136-4dea-b814-085fd2a4c168,S103299,Verified,Verified,Verified,Approved,2023-10-25
4ff0816f-e6ca-41f9-a254-3864d215f840,S103300,Verified,Failed,Failed,Pending,2023-02-13
061ead52-f6e3-4b43-9295-594c47075ff2,S103301,Failed,Failed,Failed,Pending,2025-03-24
7dd9ec07-a061-4b25-a38c-6d8e6a9a0de2,S103302,Verified,Verified,Verified,Approved,2026-04-13
51c771da-49b3-4ce4-8b5a-5b7b8bb244fd,S103303,Failed,Verified,Failed,Pending,2022-05-24
ee0e2646-dfa6-455f-b87b-c08cfc9bba52,S103304,Failed,Failed,Verified,Approved,2024-10-27
25c2a5a6-d3e4-4de1-992e-c68938898d3e,S103305,Failed,Verified,Verified,Approved,2022-10-16
59619f38-6e3a-4031-937e-c367e8bfdd70,S103306,Verified,Verified,Verified,Approved,2024-01-24
e942c749-2d7d-4d6b-9ff6-4a520e549878,S103307,Failed,Verified,Verified,Approved,2023-02-27
e59be1f3-2722-4695-8618-1f72aeec67d5,S103308,Failed,Failed,Verified,Approved,2022-06-05
927e0655-865b-411b-8631-1c593622333e,S103309,Failed,Verified,Verified,Approved,2025-12-24
be16d325-441d-4b2c-98b7-2ea431ee4847,S103310,Verified,Failed,Verified,Approved,2024-04-01
03949320-d5e0-4cd8-98de-048941162025,S103311,Failed,Verified,Verified,Pending,2026-03-10
1152ea7a-ccdd-4f94-9386-131275fe86f1,S103312,Verified,Verified,Verified,Approved,2024-11-20
afe0558c-03eb-4741-accd-1c0ea469c801,S103313,Failed,Failed,Verified,Approved,2023-10-28
9dd5e38a-2be9-4f5e-8185-e76b76cc4aa5,S103314,Verified,Failed,Failed,Approved,2026-01-07
2b3f0b1b-0623-4fcc-9ff6-fcdc840c1c13,S103315,Failed,Failed,Verified,Pending,2023-12-29
06896c9b-a8a5-48c3-a945-ed303e6f1bdf,S103316,Verified,Verified,Failed,Approved,2025-08-06
ee1d1945-a381-42d5-9897-2febfd8f6988,S103317,Failed,Failed,Verified,Pending,2022-01-01
6cf742c6-d72d-44b6-87ca-5902bfc05ea7,S103318,Verified,Verified,Verified,Approved,2024-06-06
40a92e54-1823-4f47-b1cb-2ed86f0858ad,S103319,Verified,Failed,Failed,Approved,2023-10-25
ee1a7dcd-3be6-4049-96fe-51c28a77a760,S103320,Verified,Failed,Failed,Approved,2024-07-31
c6b5415e-32fe-4d85-a834-f68738ed96c5,S103321,Verified,Verified,Failed,Approved,2022-01-30
14a0d222-c392-4719-bfe6-d5341f3f3f05,S103322,Verified,Failed,Verified,Approved,2025-07-23
c2a6b7be-932d-4e1f-b480-3a9641359f08,S103323,Verified,Failed,Verified,Approved,2023-06-02
bc4c8151-4166-4491-9b59-534d51191c04,S103324,Failed,Verified,Failed,Pending,2024-02-19
901aa87a-2bb3-4bc0-90e4-9202cf74f43c,S103325,Verified,Verified,Verified,Approved,2023-09-02
8d6a4c9c-ddca-4d0b-8cb5-40a8eb4ace2e,S103326,Failed,Failed,Failed,Pending,2024-04-11
c0f54d3a-4aee-4506-aa74-1f92b1eb8a39,S103327,Failed,Failed,Failed,Approved,2023-02-20
2817dd6b-2d82-4a37-9438-acf8c228ead2,S103328,Failed,Failed,Verified,Approved,2024-09-07
2e0e1a69-c872-4ee0-9218-b876017b3a09,S103329,Failed,Verified,Verified,Approved,2024-03-02
e684fcf6-abe5-41fc-b54d-123881f50ad5,S103330,Verified,Verified,Verified,Approved,2026-06-02
c9405d8b-5b46-418f-927d-556d8c83059a,S103331,Verified,Verified,Failed,Approved,2022-09-29
824e8c95-0c2c-4de9-ae55-dbfba750b8bb,S103332,Failed,Failed,Verified,Approved,2022-01-03
ae18c12b-ffd9-4180-9c09-e55e962582cd,S103333,Verified,Failed,Failed,Approved,2025-05-19
d8411480-1c54-4341-a381-4cdc5aadd7fe,S103334,Failed,Verified,Failed,Approved,2025-06-30
8c2bcb77-6479-4eea-9f78-f5e370c3c87f,S103335,Failed,Verified,Failed,Approved,2026-02-13
d0ba8fba-f8e1-4640-9ec5-4f2200eaf991,S103336,Verified,Failed,Failed,Approved,2026-02-22
6e1bc522-9b76-46fc-aac4-25a3286d9f37,S103337,Verified,Failed,Verified,Approved,2025-11-16
0ba50912-f701-49bd-958b-cc632a8f00c1,S103338,Failed,Failed,Failed,Pending,2022-11-19
0e9a8ee6-c25d-490c-93de-3bdfd9dd9884,S103339,Verified,Verified,Failed,Approved,2022-05-27
fca252b1-3a5c-4106-bc96-646a7a2b83aa,S103340,Failed,Verified,Verified,Approved,2024-02-23
bff53abe-474f-4ae0-a2c8-718bb6637a23,S103341,Failed,Verified,Failed,Approved,2022-11-20
3b4fa15d-1038-4e2d-99a2-f82beb0495e3,S103342,Failed,Verified,Verified,Rejected,2026-06-20
3d1587e3-4b9b-41da-99cd-0467e32cb823,S103343,Verified,Failed,Failed,Rejected,2022-04-23
f6d6c356-d17e-439e-bf3f-a4720dde8a72,S103344,Verified,Verified,Verified,Rejected,2026-02-17
5d89330e-2b34-4a99-801a-50d5b020b6ed,S103345,Verified,Verified,Verified,Approved,2022-04-11
2b1b60e6-c173-47a6-bdeb-220c0bbb59a9,S103346,Failed,Failed,Verified,Rejected,2023-04-25
65be2ecd-99b0-4e35-8027-7ba57c810923,S103347,Verified,Verified,Failed,Approved,2025-11-22
f921f178-c9cf-4efb-a6e6-d3f6d067cc1b,S103348,Verified,Verified,Verified,Approved,2022-11-09
817df6f7-3af8-4785-8fa7-c6c23d5d8a24,S103349,Verified,Verified,Verified,Approved,2024-02-01
0c1a13b8-4bb2-425f-881e-70fff5d51826,S103350,Failed,Verified,Verified,Approved,2025-03-26
f2e51838-ee7e-4fec-a99f-a644c239064b,S103351,Verified,Failed,Failed,Approved,2025-12-02
d6fc4e68-adde-4b86-b82e-d407f910ae91,S103352,Failed,Verified,Failed,Approved,2026-06-17
649aa3e6-a471-4b72-bb59-4bdb3b624a30,S103353,Failed,Failed,Verified,Pending,2025-02-03
989b9822-35e2-44e1-81c3-96855ad2de25,S103354,Failed,Verified,Verified,Approved,2023-05-19
27842066-4419-4399-9784-dbb895831ef9,S103355,Failed,Failed,Verified,Approved,2025-04-29
c1ec8152-8fe8-4ea9-bb39-3f33d7cd52cd,S103356,Failed,Failed,Failed,Approved,2023-09-16
04e784eb-8648-46a5-bcc4-c2a65b3a910c,S103357,Verified,Failed,Verified,Approved,2024-07-30
06bba0af-fc3f-4a32-b98a-2b0d30ea7175,S103358,Verified,Failed,Failed,Approved,2022-02-17
41316886-a3fc-4d1c-a92f-e23485d2152a,S103359,Verified,Failed,Verified,Approved,2026-07-16
8e7efbc3-4998-4f5a-9895-585bd235a4e1,S103360,Verified,Verified,Verified,Approved,2022-04-14
d45958b6-3eec-4946-a7c5-b7756955c00b,S103361,Failed,Verified,Verified,Approved,2022-01-21
0bfb997c-a61b-4097-973d-8f9620c75691,S103362,Failed,Verified,Verified,Approved,2025-04-13
0535e796-cfe8-4ae2-91bf-2d1d83ed79b2,S103363,Failed,Failed,Verified,Pending,2026-03-26
c102caf7-0ea6-4f18-b97f-3594552bd285,S103364,Failed,Verified,Failed,Approved,2023-02-04
abcb482f-eff6-4bdd-85ba-d376d47299d3,S103365,Failed,Verified,Failed,Pending,2026-03-23
a92997ed-7ede-4ade-9add-687482db38b4,S103366,Verified,Failed,Verified,Approved,2023-08-03
07196de9-95a5-4862-95a7-07681b163594,S103367,Verified,Verified,Failed,Approved,2025-04-24
8e9db261-1e2f-4733-90a0-c3f0d615a47c,S103368,Verified,Failed,Verified,Approved,2025-08-23
7774b331-361e-4d10-a94b-4e512010dd30,S103369,Verified,Failed,Verified,Approved,2025-10-12
0f31d0d1-1ad2-41a6-ab9f-09487cfc6b67,S103370,Failed,Verified,Failed,Rejected,2023-07-14
40cd7029-7bb9-4691-8d4e-f0a39d420b44,S103371,Verified,Verified,Failed,Approved,2023-04-22
928802db-7874-447f-81d4-f2ec49f7fdc5,S103372,Failed,Failed,Failed,Pending,2022-01-29
1b72df10-9168-4426-bb43-e0e2b0dd04bc,S103373,Failed,Failed,Verified,Approved,2022-06-06
1ff7c119-78bf-4277-925c-6659b11ac9f2,S103374,Failed,Failed,Verified,Approved,2022-12-25
daa6f481-405d-4951-b08d-3f0b7c03489b,S103375,Failed,Verified,Failed,Approved,2026-01-11
334e0614-0791-4b95-8287-df88b6d98418,S103376,Verified,Failed,Failed,Rejected,2022-06-21
64fcf169-5b46-44f1-8196-5462b5c436ac,S103377,Verified,Failed,Failed,Approved,2024-11-24
810e541c-e3c1-4d30-adfa-57878722b46f,S103378,Failed,Failed,Failed,Approved,2026-06-01
f2b4e112-ea54-40f3-86ec-2a4db0140b92,S103379,Verified,Verified,Verified,Approved,2026-07-09
ac98ecb5-545d-4504-a568-a50b87ab47a5,S103380,Verified,Verified,Verified,Pending,2026-06-11
354686f3-c11a-4891-bc9c-85e9eef55c51,S103381,Failed,Verified,Verified,Approved,2023-11-25
4733f442-c7de-4e99-8b34-9a3f7a96c12c,S103382,Verified,Verified,Verified,Approved,2025-02-02
6085811b-67a4-4db6-a0dc-3d2b994fe7dc,S103383,Verified,Verified,Verified,Approved,2022-07-12
2295f29d-7146-4676-8141-eaf2f214b9e1,S103384,Verified,Failed,Failed,Approved,2026-04-18
bac7cd06-60e1-4ed7-a4cd-53f038185ffb,S103385,Verified,Verified,Failed,Approved,2024-11-09
d9e85486-4acc-49ea-847a-09ff0edc6da4,S103386,Verified,Verified,Failed,Approved,2022-04-09
4368b649-784f-4644-8b80-671ce1b38e0d,S103387,Verified,Failed,Failed,Approved,2024-05-28
8eeea480-01b5-4876-a5e2-00971a816525,S103388,Verified,Failed,Verified,Approved,2024-02-23
3165ddc1-0067-47ac-8b11-337f1b0a292a,S103389,Verified,Failed,Failed,Approved,2024-03-24
35f0d2f0-981e-4818-844a-40bb6fb50df6,S103390,Failed,Verified,Verified,Approved,2024-08-17
5b07f521-2762-4e9f-a3b0-39f480462b16,S103391,Verified,Failed,Failed,Approved,2025-06-14
ca5f5329-21fc-4a0e-9b8a-e0c4d716f3e2,S103392,Verified,Failed,Verified,Rejected,2025-10-03
95ebddba-f1b1-4675-adaa-5c1e88920a64,S103393,Failed,Failed,Verified,Approved,2022-01-26
4e5ef01f-0137-4bc6-8833-b94aa009d2b0,S103394,Verified,Verified,Verified,Pending,2022-01-04
c6122daa-3f3f-4276-94b3-827137482c59,S103395,Verified,Failed,Verified,Approved,2022-07-13
04a9b572-66f3-4d43-9df1-87a95d71aa22,S103396,Verified,Failed,Verified,Approved,2023-09-30
c62f06ff-9b92-411c-a55b-42272300e474,S103397,Failed,Failed,Failed,Approved,2022-02-12
f969fc96-7baf-4bcc-941f-bb00b563a33c,S103398,Failed,Verified,Failed,Approved,2025-03-07
b09ff74f-21e4-408b-9f9b-913970efa8ad,S103399,Failed,Verified,Verified,Approved,2025-02-26
8f8604af-6b32-4323-ae39-1a52eb04173e,S103400,Failed,Verified,Verified,Approved,2022-07-07
ef71374c-8f15-4a09-b278-4f7d4a27c0dd,S103401,Verified,Failed,Verified,Approved,2023-07-21
bd95af35-aa9b-458b-b78f-2cc80d234a55,S103402,Verified,Verified,Verified,Approved,2025-06-20
667f7d61-3240-4f98-ad67-0d741940f06f,S103403,Failed,Failed,Verified,Approved,2023-03-16
75be2f92-11ca-471a-85f3-0a61784a1462,S103404,,Failed,Failed,Approved,2024-09-03
d58fed94-42f9-4857-a643-a4f550aa5283,S103405,Failed,Failed,Verified,Approved,2025-02-13
3f9d4556-112a-432d-8db0-9292a5c438cc,S103406,Verified,Failed,Verified,Approved,2026-06-19
62ae6745-7ccb-4c75-be7d-a430569b0712,S103407,Verified,Verified,Failed,Approved,2024-12-23
9c1cc7a0-281f-472c-8483-8692e2eb81c4,S103408,Verified,Verified,Failed,Approved,2025-03-21
83e06683-f262-43dc-a112-6c68d47886ea,S103409,Verified,Failed,Failed,Rejected,2023-06-06
385feae7-9cff-4f8a-8180-6c2f3ae3bc4f,S103410,Failed,Failed,Failed,Approved,2024-06-19
9fc63a31-f4d1-495a-b58d-a99502ecaffd,S103411,Verified,Failed,Verified,Approved,2022-12-17
3d8639ff-5b9f-45c8-ba63-4f76c34ba458,S103412,Verified,Verified,Verified,Pending,2025-08-24
bd91395b-22b9-4956-9ddf-b84899734cce,S103413,Failed,Failed,Verified,Approved,2024-04-15
65aa69ca-d969-44d0-a1e9-b021b2bc5f62,S103414,Verified,Verified,Verified,Approved,2024-09-04
898c6d6f-a749-4098-859c-75870ab138b6,S103415,Failed,Verified,Failed,Approved,2025-07-02
2e4b8f13-302e-450c-9881-7e4efb4fae54,S103416,Failed,Verified,Failed,Pending,2024-05-17
d630d279-8f11-4ea6-8e48-87b8999f5f7c,S103417,Failed,Verified,Failed,Approved,2022-10-02
4a4fc61e-3c9a-4ae8-a131-a91677ce1ad2,S103418,Verified,Failed,Failed,Pending,2024-11-17
17ce5517-07ba-4f43-9d75-a365b46ed31d,S103419,Failed,Failed,Verified,Approved,2022-03-22
cf473066-9e91-4519-8103-72861586bdb7,S103420,Failed,Failed,Failed,Approved,2026-07-05
b8455521-d5f4-4c15-bd24-4e329a379476,S103421,Failed,Verified,Failed,Approved,2023-12-11
543c2bca-fa70-4139-b48e-5b364df8faac,S103422,Failed,Failed,Verified,Approved,2023-10-09
33a2f3d5-7d4c-460f-ba3e-5b7745b7b856,S103423,Verified,Verified,Verified,Approved,2023-11-18
73144300-a779-409f-9e92-da06ac05b7a8,S103424,Failed,Verified,Verified,Approved,2022-10-15
46848290-0974-465a-b695-1a0cdb30d425,S103425,Verified,Failed,Verified,Approved,2024-12-05
9daf765d-f3e8-4d1d-96a5-8e14c2c72327,S103426,Failed,Failed,Verified,Approved,2026-04-17
6ac13bd4-fba1-4595-936f-b9d50a33afc8,S103427,Failed,Verified,Failed,Pending,2026-07-05
9a6857c1-115e-421b-88b4-d79075754a82,S103428,Verified,Failed,Failed,Rejected,2026-01-17
cab71e01-d2a8-4d59-9d56-07ea4f5e2288,S103429,Verified,Verified,Verified,Approved,2024-05-12
561dc95e-dc35-41e7-ba06-8c0863ad0b29,S103430,Failed,Verified,Failed,Rejected,2023-12-13
73625ee8-f220-481e-bab1-c0df9330d983,S103431,Verified,Verified,Failed,Approved,2022-05-15
18166ea6-628b-42fa-9c0e-acba3ba6d47a,S103432,Verified,Verified,Failed,Approved,2023-02-23
a9cf92d4-0804-46d4-adf1-51e1c7a0a8f9,S103433,Verified,Verified,Verified,Approved,2025-01-11
40359cc0-afea-44bb-85f7-f8ab335898ac,S103434,Verified,Verified,Verified,Approved,2022-05-13
34a1ce0c-785b-499a-97d6-e9fe056fc94b,S103435,Verified,Verified,Verified,Approved,2025-03-03
8a9b7814-66c6-46f2-a5a2-e7d0e89501e5,S103436,Failed,Failed,Failed,Pending,2024-09-30
949f6597-bab3-4acd-9952-b5e1e7688132,S103437,Verified,Verified,Failed,Pending,2026-02-15
84d5e55f-0d1a-47fd-ac29-cf5e18b8e08a,S103438,Failed,Failed,Verified,Rejected,2022-03-28
4b1831ee-052a-4bca-beed-f20bdd8039c5,S103439,Failed,Failed,Verified,Rejected,2022-10-31
aca755e7-b4ac-4c15-9c08-8b33cf739f31,S103440,Verified,Failed,Verified,Approved,2025-10-09
50535287-e237-42ec-b764-6baf7f35adcc,S103441,Failed,Verified,Failed,Approved,2022-10-20
47255bc4-a39d-4723-9ff9-6a5e6de78fd2,S103442,Verified,Verified,Verified,Approved,2024-03-11
794b0099-081d-4b79-b6ee-84a5e3f1b8c4,S103443,Failed,Verified,Failed,Approved,2026-04-23
295b260d-e972-4663-b6a2-0397db01333c,S103444,Failed,Verified,Failed,Approved,2022-09-30
af48bb77-e5d9-440d-9aa4-9f19ce1c230c,S103445,Failed,Failed,Verified,Approved,2025-12-05
81999617-cb01-427f-a905-3b7380bb6ca5,S103446,Failed,Failed,Verified,Pending,2024-07-21
cd47c866-7434-4150-a968-cfa874d11640,S103447,Failed,Verified,Failed,Approved,2025-05-09
6ca1c3c1-b80a-4a0d-ad6c-0f4c117fad58,S103448,Failed,Failed,Verified,Approved,2025-06-29
9693db4e-9380-49f0-ac56-a6c0f3f0708f,S103449,Verified,Verified,Failed,Approved,2025-10-07
819cea5f-51fd-4598-a31f-e70219d27667,S103450,Failed,Failed,Verified,Rejected,2023-11-03
690190da-3b4a-465b-ae58-8458766c8d33,S103451,Failed,Failed,Failed,Approved,2024-01-11
11f4faad-c360-499e-8ee6-60ec3f4b9506,S103452,Verified,Failed,Failed,Approved,2022-03-25
89bc3f0d-4381-4514-8834-66971e6416a3,S103453,Failed,Failed,Failed,Approved,2024-12-30
ff299b0e-708d-4535-94f1-bd69dbe82e35,S103454,Verified,Verified,Failed,Approved,2022-02-21
6b698c27-b6c0-4998-aacd-8c878e518a3e,S103455,Failed,Verified,Failed,Approved,2022-05-08
1c41a136-e9b4-49c5-aedc-02e973024b6e,S103456,Verified,Failed,Failed,Approved,2022-12-11
53e39c0e-6291-4989-a538-1255f0de1e16,S103457,Verified,Verified,Failed,Approved,2023-03-10
28e98126-b1b9-4506-ba20-ab9acf28d696,S103458,Verified,Failed,Failed,Approved,2022-02-04
8da04aed-1111-4b48-94f8-65578c99779b,S103459,Verified,Failed,Failed,Approved,2024-12-27
c52bbfb4-d74c-4bc6-a4c1-0baaf80336ad,S103460,Failed,Verified,Failed,Approved,2026-03-22
2a8f1f2c-1e1f-43d8-970e-9627963b933b,S103461,Verified,Verified,Failed,Approved,2023-04-11
8fed26f0-c215-44c2-bd94-4adad97894e7,S103462,Failed,Failed,Failed,Approved,2023-10-15
88b60f2e-d90d-4377-a42e-bd3f9fb0e105,S103463,Verified,Verified,Verified,Pending,2026-07-04
a605a224-e96b-49f7-9df5-c6d48246b144,S103464,Failed,Failed,Verified,Approved,2025-05-01
f48d7480-93d3-45b6-821c-f9e32a238bd9,S103465,Verified,Verified,Failed,Approved,2024-09-24
9fe0953f-1061-4433-951e-b7d6ac7c367e,S103466,Verified,Failed,Failed,Pending,2025-03-05
a35f7e9f-069c-4df5-a782-78cce11250d4,S103467,Failed,Verified,Failed,Approved,2024-07-02
b8132ec3-1994-4532-8acd-d84c87a2d227,S103468,Verified,Verified,Failed,Approved,2022-08-30
ffd7ee25-ad69-4ffe-9901-373bb218a3b6,S103469,Verified,Failed,Failed,Approved,2024-04-07
e02bc406-55b1-49a5-8744-5bfb8f6d27e1,S103470,Verified,Verified,Verified,Approved,2025-11-20
b69859d7-7717-4dc6-b17c-2dbe5e2f5749,S103471,Failed,Failed,Failed,Approved,2022-10-19
cb7811ec-b4c6-48e1-8fcc-56053a16c195,S103472,Verified,Failed,Failed,Approved,2024-02-05
e6320dfc-74aa-4d03-b6e9-c4e7473194c5,S103473,Failed,Failed,Verified,Approved,2023-07-16
8794abfa-1fbd-4027-b405-08d46a946bbe,S103474,Failed,Failed,Verified,Pending,2022-03-26
674fad22-90c3-474b-9e50-1f3d52243406,S103475,Verified,Verified,Verified,Approved,2024-10-14
7e3883ee-0594-472d-be78-0722f88fb565,S103476,Failed,Verified,Verified,Approved,2022-12-02
c05a2e08-6f69-4cd4-9f8d-cc0ad2531897,S103477,Failed,Verified,Failed,Approved,2025-03-01
41594f66-4165-406c-95a8-f2bc9f4c028e,S103478,Verified,Failed,Failed,Approved,2022-03-01
d8eedee8-ec05-46c6-b5c1-aabf8c24ce0e,S103479,Failed,Verified,Verified,Approved,2025-12-09
4e3061dc-bfee-4767-855f-2a6f187140a0,S103480,,Failed,Verified,Rejected,2025-10-07
bf108a53-0f21-427a-8139-209900948a5a,S103481,,Failed,Failed,Approved,2026-05-09
c8cac245-0945-424a-8590-0156bbf6d1d6,S103482,Failed,Failed,Failed,Approved,2024-05-11
0b8e03c2-6909-417e-9e9d-8d9771cedc89,S103483,Verified,Failed,Verified,Approved,2025-01-21
dc881d5f-c633-42df-bd0a-841d2624adfc,S103484,Failed,Verified,Failed,Approved,2026-04-11
ba0177c2-0d08-4725-9f7f-5fa4feaeb06e,S103485,Verified,Failed,Failed,Pending,2025-08-23
c68748f7-f80f-408d-8ff6-13856c3d318c,S103486,Failed,Failed,Failed,Approved,2024-01-06
fde9f342-c4cb-4ec6-b1cc-e9ff0a546465,S103487,Failed,Failed,Failed,Approved,2024-12-20
95957d54-28ae-4f98-bc7c-04789b75dc50,S103488,Verified,Failed,Verified,Approved,2023-09-05
294cd3e1-bd96-4e99-8628-7169693f6dd8,S103489,Failed,Failed,Verified,Approved,2024-07-07
80d86fab-8fd3-4e1b-bba4-585f2d2ccec8,S103490,Failed,Verified,Failed,Approved,2025-08-29
bfc8d3f7-5487-4092-a5fb-f0c5a966afd1,S103491,Failed,Verified,Failed,Approved,2023-12-10
7415701a-2763-4236-8e35-843dcac26e32,S103492,Failed,Failed,Failed,Approved,2022-08-09
4472e10c-be1d-4367-b4c5-1a22ec86be90,S103493,Verified,Failed,Failed,Approved,2023-05-08
b6100099-96b4-4969-beb1-11fa42351ff8,S103494,Failed,Failed,Failed,Pending,2025-02-20
bda87216-d2a5-432a-9362-986e7c44b4d1,S103495,Verified,Failed,Verified,Pending,2024-06-30
dd21a9f1-e568-4db7-a632-18849965af8e,S103496,Failed,Verified,Failed,Approved,2022-02-07
da4a4ecb-cc05-47ae-9d6a-92745ff51e59,S103497,Failed,Verified,Failed,Rejected,2024-09-23
7afe2729-98b8-43b3-ab71-7d6ca45f2080,S103498,Failed,Failed,Failed,Approved,2025-09-28
693a6afd-cffc-4421-b1e5-5f23b08d20c0,S103499,Verified,Failed,Verified,Pending,2026-02-04
e085bca6-d2f2-4dc6-a18d-c7f46869ded3,S103500,Failed,Failed,Failed,Rejected,2025-09-23
7202d068-469e-46ca-bde5-ce6c525b1e00,S103501,Verified,Failed,Verified,Approved,2024-04-06
823c128c-5dc0-4f8c-b08c-ce25bb966c6e,S103502,Failed,Verified,Failed,Approved,2023-06-21
d618c273-7621-4de1-95f7-c5aee6bdf44b,S103503,Failed,Verified,Verified,Approved,2023-10-14
f0a52b57-fa76-4b7b-b3c6-6ba18f6f4f87,S103504,Verified,Verified,Verified,Approved,2022-09-29
3e4ea589-ba1f-453a-b7af-fcf0aac041bb,S103505,Failed,Verified,Failed,Approved,2025-07-11
e8e7c008-7bfc-4083-aab5-0b24f46a78fa,S103506,Failed,Verified,Failed,Approved,2025-09-15
d6e9f838-0f51-4ea5-a906-b55f11221d5c,S103507,Verified,Verified,Failed,Rejected,2024-06-13
f952bef4-3000-4eb1-9296-dd5db36b025b,S103508,Failed,Verified,Failed,Approved,2022-01-29
24937816-b223-4f38-beae-e31396439d03,S103509,Failed,Failed,Verified,Approved,2024-08-06
971031ce-b6c5-4b98-a5c6-74095ac77958,S103510,Verified,Verified,Failed,Approved,2023-01-12
b175aea1-6e1f-4f09-8bcc-df6a0e1de0be,S103511,Failed,Failed,Verified,Pending,2024-03-01
1ed0b632-75a7-4b40-bedd-5cbfce7c5015,S103512,Failed,Failed,Failed,Approved,2025-11-10
b6f795b2-31ee-4c34-92e5-614a8ee929ef,S103513,Verified,Failed,Verified,Pending,2026-06-14
a29b171c-c491-4c5b-8084-8b9b66bbbc8b,S103514,Verified,Verified,Verified,Approved,2024-02-16
edaabee1-4a1b-457f-b9b8-007e1b58723b,S103515,Failed,Verified,Verified,Approved,2022-11-22
41d6e077-0520-41e3-b35d-250c397239c3,S103516,Verified,Verified,Verified,Approved,2023-03-15
2865eeb5-ecba-4e49-b688-00c00faf3a7a,S103517,Verified,Verified,Failed,Approved,2022-06-18
cb1399d0-f43f-4088-a084-6cb659a654e1,S103518,Failed,Failed,Failed,Pending,2024-06-25
1ef47373-4b23-406e-8bf7-3e360f12430b,S103519,Verified,Failed,Verified,Approved,2024-07-03
68b4cc5f-197f-4e8e-a67f-4bfa33734dcd,S103520,Verified,Verified,Verified,Approved,2022-11-03
7e841271-d8c2-4cf2-a597-af91ae9c9f02,S103521,Verified,Verified,Failed,Pending,2022-09-18
7af4bb7d-25cd-428a-9a24-b53f77004b05,S103522,Failed,Verified,Failed,Approved,2024-03-10
7014e029-0027-4d19-bfe9-c994c6c2df28,S103523,Verified,Failed,Failed,Approved,2025-04-18
e19fec32-27df-4395-bd98-ca211c49ac9b,S103524,Failed,Verified,Verified,Approved,2025-05-14
b4e5596c-fe2d-4473-935e-020b72a84c94,S103525,Failed,Failed,Failed,Pending,2025-03-28
1a4311a0-77fd-45a8-b043-9af4bc27c665,S103526,Verified,Failed,Verified,Approved,2026-03-31
bdc52126-3686-4069-ae12-ceb2706773cb,S103527,Verified,Verified,Failed,Approved,2025-08-19
691241d1-025f-4ed3-9367-516bf51dbce3,S103528,Failed,Failed,Verified,Approved,2023-09-05
4bae5d71-c2d5-4b28-8bf8-4759df93998b,S103529,Failed,Verified,Failed,Approved,2025-05-17
7561834e-b240-4292-bfe4-88b52daec2d1,S103530,Verified,Failed,Verified,Approved,2024-08-15
9b846e70-b87f-4d14-91c8-c6992843c651,S103531,Failed,Failed,Verified,Approved,2024-05-21
4b4ac13a-b003-4c52-8605-0b82eab1b5d1,S103532,Failed,Failed,Verified,Approved,2023-07-03
a10b0752-8c39-4ec5-8300-22d135edc34d,S103533,Failed,Verified,Verified,Approved,2022-06-18
b8235d5e-e88f-4e9b-bcb1-52c219c6efa4,S103534,Failed,Failed,Verified,Pending,2025-04-01
22afb202-65cb-4014-b63c-2109683e68eb,S103535,Verified,Verified,Verified,Approved,2025-11-04
d922ba02-2afe-4565-9d57-065beed4035b,S103536,Verified,Verified,Failed,Approved,2022-10-21
24d27986-08de-487f-b03b-3070e2427f4f,S103537,Verified,Failed,Verified,Approved,2025-09-05
3f1f84a2-4fdf-406e-9905-89c4bcfd7711,S103538,Failed,Verified,Failed,Approved,2023-03-07
a3edf3b3-6571-4c7f-9265-9624f364ae2c,S103539,Failed,Failed,Verified,Rejected,2023-08-19
9315f50e-3b6d-4baf-bdc6-ddd7fbe8ac52,S103540,Verified,Failed,Failed,Approved,2023-04-16
4f195a83-82a1-4387-918d-a0ce11163abb,S103541,Verified,Verified,Verified,Approved,2024-09-02
e2c3240a-45d0-4448-abc7-2a33fee063f3,S103542,Failed,Verified,Failed,Approved,2022-12-27
6b258cbb-55e0-4eee-a048-ca3e7b849c2e,S103543,Failed,Failed,Verified,Approved,2023-05-11
624a8deb-4862-417d-937f-4be60ddeabcc,S103544,Failed,Failed,Failed,Approved,2022-11-26
e42e3418-fd23-4bb5-b7a7-1389ce90ecde,S103545,Verified,Verified,Verified,Pending,2023-07-12
a7435d59-fb28-4cf7-a856-d926832addf4,S103546,Verified,Verified,Verified,Pending,2026-07-08
6f9301f6-3444-4e35-ae9b-0c2a0b7838e4,S103547,Failed,Failed,Verified,Pending,2025-01-20
b196a18e-640a-4858-857d-41949ecf8c9b,S103548,Failed,Verified,Verified,Approved,2024-07-03
b5c47919-51fd-4049-9b85-1443e875cb17,S103549,Failed,Verified,Verified,Approved,2026-03-10
08668820-59d5-47a1-b3f3-a850cba87493,S103550,Failed,Failed,Failed,Approved,2025-06-25
649331db-2f4d-4410-902a-071ba9c27781,S103551,Failed,Verified,Verified,Approved,2025-01-22
41e2c2f5-3cd0-4c64-908e-0156e9088697,S103552,Verified,Verified,Failed,Approved,2022-10-06
deefe02d-9fb3-4fef-b39a-32be078e145a,S103553,Verified,Verified,Verified,Pending,2024-01-19
17f5f3a1-39f7-4642-b8a4-cc9cfd9e5c8a,S103554,Verified,Failed,Verified,Approved,2022-02-12
caffa02a-279c-408c-a293-b089dd79a641,S103555,Failed,Failed,Verified,Pending,2022-09-19
d0c70cd2-0e30-4118-ac09-2ca2c55342a9,S103556,Verified,Failed,Failed,Approved,2025-09-19
6245d3c9-6e94-4823-b653-9908d05e6ff8,S103557,Verified,Failed,Failed,Approved,2025-06-23
f85b2a42-67ec-413b-af78-22657065c010,S103558,Failed,Failed,Failed,Rejected,2025-12-30
0116d499-a7ee-4407-8957-366452ae44fb,S103559,Failed,Verified,Verified,Approved,2025-09-01
a28a6fea-bc62-4cd3-bbfb-da6a5306c195,S103560,Failed,Failed,Failed,Rejected,2023-04-18
a090d3f8-2822-4984-8718-68142dc3369b,S103561,Verified,Verified,Failed,Approved,2023-03-08
b10d18b0-1d29-4101-a6e4-d53ef8bd0f02,S103562,Failed,Failed,Failed,Approved,2022-11-19
90b0bc07-fa53-42d2-a970-8c43dcc88aac,S103563,Failed,Failed,Failed,Approved,2023-04-18
3942042b-55be-417e-b8a4-250d470ceccd,S103564,Verified,Verified,Verified,Approved,2024-01-31
f76094b9-f1ee-4326-aaaa-86b9b386c60f,S103565,Failed,Failed,Verified,Rejected,2023-01-29
e9da53bc-6f30-4486-bed3-751e8025f356,S103566,Verified,Failed,Failed,Approved,2024-02-14
aa602364-8cd6-4c96-b763-7d0f12c2637a,S103567,Failed,Verified,Verified,Rejected,2022-03-12
e3b41fe7-8dd4-4a0f-9d9e-0ef703142c2b,S103568,Verified,Verified,Verified,Approved,2024-03-07
f78e5f10-f9da-4c66-bd60-f0c4115a2848,S103569,Failed,Verified,Verified,Approved,2023-04-27
553afcaf-f41d-4011-8832-9b8684f0716b,S103570,Failed,Failed,Failed,Approved,2024-09-27
1da16f4f-2fd1-4781-b96f-170173fd507c,S103571,Failed,Verified,Verified,Approved,2022-03-27
ce73dc4e-c698-4364-a0cf-5a89393c68a1,S103572,Failed,Verified,Verified,Rejected,2025-02-27
c1d86237-8ed3-4d0c-9b75-3d0e718e9264,S103573,Verified,Failed,Verified,Approved,2023-12-09
8f621fd3-a74c-4330-a9a1-6121ef749a92,S103574,Verified,Verified,Failed,Approved,2022-12-19
550e3c67-5b5d-4cb1-8bee-cc2362857f63,S103575,Verified,Verified,Verified,Approved,2022-01-11
68a49e85-2225-4515-9f4e-616bd5085c23,S103576,Verified,Failed,Verified,Approved,2023-01-02
07b9606b-1e80-404a-90b7-b0481c36f45c,S103577,Verified,Verified,Failed,Approved,2022-09-26
bc2dc193-fe2e-4930-82d9-b4e670c279c7,S103578,Verified,Verified,Failed,Pending,2024-02-25
fb55c310-5d8a-407c-aa64-60ce59082641,S103579,Failed,Verified,Verified,Approved,2024-05-19
f6c9ff0f-5d3a-4089-8226-6c307f6af7e5,S103580,Verified,Failed,Failed,Approved,2022-07-08
f23e80fa-9f76-4319-a80c-6ba2f4fa03ed,S103581,Verified,Verified,Failed,Rejected,2023-12-23
6602a207-8fe7-42b7-893f-05cd5f9c7cec,S103582,Failed,Failed,Failed,Approved,2023-01-28
cc3f77bb-e3b5-4326-be22-5f2188171be6,S103583,Failed,Failed,Failed,Approved,2022-04-30
206fe4d0-17b5-47d7-8a0f-28244455f3bd,S103584,Failed,Verified,Verified,Approved,2026-05-15
edaab92d-57fa-413d-b0e2-370cc5bea40b,S103585,Failed,Verified,Verified,Approved,2024-05-19
d65df34a-9521-45b7-9630-98adac7307bf,S103586,Failed,Verified,Failed,Approved,2025-11-11
8bd15275-b2db-4af1-b7a2-0168d9d252c1,S103587,Failed,Verified,Failed,Approved,2023-02-13
2c5faca2-a7e2-48b1-af1b-dca896de1b89,S103588,Failed,Verified,Failed,Rejected,2022-11-13
8fb26e2e-5166-4222-af04-ccb9eeca81bf,S103589,Failed,Failed,Failed,Rejected,2025-05-31
dfcf3e2e-2685-44de-98c1-715265ab5f59,S103590,Failed,Failed,Failed,Approved,2024-02-21
6e4e8497-504a-4fd6-bf1b-39b8662fdfe9,S103591,Failed,Failed,Verified,Approved,2026-05-03
a5eda0a8-6204-43f1-88f5-397306637e42,S103592,Failed,Verified,Verified,Approved,2023-07-24
5888dee6-aa5e-4fcc-95b0-9d8f2fe4e324,S103593,Verified,Verified,Verified,Pending,2022-01-11
7b899d97-165f-4ad9-9dbf-93ba101ac752,S103594,Failed,Failed,Verified,Pending,2026-04-06
965e7854-f393-4e15-82e8-c663cce2fb2c,S103595,Failed,Verified,Verified,Approved,2024-07-05
b1dd92d6-725d-4938-815a-a86adf5fcf32,S103596,Verified,Verified,Verified,Approved,2026-04-02
ddb21e4e-1357-47de-9cfc-bf3bf3be3dbb,S103597,Verified,Verified,Failed,Approved,2022-10-29
e0a37d36-7980-4363-b364-c11495c48a45,S103598,Verified,Verified,Verified,Approved,2024-05-25
55a6bd11-9684-46be-801e-694d855f109a,S103599,Failed,Verified,Verified,Approved,2026-01-15
fab09e92-d5c9-44a4-9121-794837c6f502,S103600,Failed,Failed,Failed,Approved,2023-12-03
32a8a01c-cd78-427c-b44f-c9422c3354ed,S103601,Failed,Failed,Verified,Approved,2024-01-26
404d3597-de49-48b0-83e6-319b4461db61,S103602,Verified,Verified,Verified,Approved,2022-03-28
87ab7bda-5590-44ff-9e3d-26dccea6eee3,S103603,Verified,Failed,Verified,Approved,2023-12-21
10ee60a3-ab46-41be-8517-c4efa5783919,S103604,Failed,Verified,Verified,Approved,2025-08-12
6c50f6d7-7e15-459b-be5b-910d9fd97c97,S103605,Failed,Verified,Failed,Pending,2025-07-05
32862a8c-1cab-4f17-a8d5-3a79b00e454a,S103606,Failed,Verified,Verified,Approved,2022-04-25
c367400b-6ab8-415a-84d2-fce4f01b5b84,S103607,Failed,Failed,Verified,Pending,2023-10-18
aee9063b-46f8-4760-a58e-db8316d47a4e,S103608,Failed,Failed,Failed,Approved,2025-08-21
2611019a-51e1-458d-93b2-ad0f606fdeea,S103609,Failed,Verified,Verified,Approved,2026-05-01
ea7b306f-cdf5-42c0-b32d-788af042166b,S103610,Verified,Verified,Verified,Approved,2022-08-13
3f8e09e2-55db-405d-8520-1e2a6e78ca78,S103611,Failed,Failed,Failed,Approved,2024-10-02
20a44284-2421-4447-8ff9-f60826b2f8ae,S103612,Failed,Verified,Verified,Approved,2024-03-05
42ff6cfe-ca76-46cc-acd6-7d3ed8cb58df,S103613,Verified,Verified,Failed,Approved,2025-09-29
731c67d0-c616-4a53-a0f5-8246e727935c,S103614,Failed,Verified,Failed,Pending,2026-01-04
829328ab-ad2f-4fd4-bdd0-747b0a042b4e,S103615,Verified,Failed,Failed,Approved,2022-12-29
009e0369-fd54-4176-baf0-0443184387ec,S103616,Verified,Failed,Failed,Approved,2023-10-24
b0e49987-872c-4d84-850f-c02e1b722ff3,S103617,Failed,Verified,Verified,Approved,2023-05-27
b8756404-9536-4cd4-aaf6-7f9b1baf1826,S103618,Verified,Failed,Verified,Approved,2022-04-07
8ef156c1-9d8c-45d1-9282-5d717156a7c8,S103619,Failed,Verified,Verified,Approved,2023-12-10
c63ead20-0b26-4339-85c0-90e98905c183,S103620,Verified,Verified,Verified,Approved,2024-08-26
e135711a-99e1-455b-8e38-f2f7d70ee61c,S103621,Failed,Failed,Failed,Approved,2024-03-05
3f0accd5-4046-449a-a886-15a9f7a9fcf1,S103622,Verified,Failed,Verified,Rejected,2024-05-06
f2ca735f-ca7a-4539-849f-318d728b3f9e,S103623,Failed,Failed,Verified,Approved,2023-09-08
c3a9c2d5-aa80-42ff-8dc6-0df04d528b3c,S103624,Failed,Failed,Verified,Pending,2025-06-04
ba375947-a5db-4294-9d51-fd7cead51a11,S103625,Verified,Verified,Verified,Rejected,2022-06-23
1e90125b-e1b7-40d1-bbb7-b790d198f66f,S103626,Failed,Failed,Failed,Approved,2025-12-17
66dfa3f5-e4ed-43eb-a2c1-282ecf3b37bd,S103627,Verified,Verified,Failed,Approved,2023-09-16
c10b2121-7cce-4f44-9c26-b59483ec6eda,S103628,Verified,Failed,Verified,Approved,2023-10-21
021f0784-3fee-4611-99fa-31a1ed0b3d5f,S103629,Verified,Failed,Verified,Pending,2022-08-20
da078649-856d-43d5-83a2-f0fdba52f2ed,S103630,Verified,Failed,Failed,Approved,2024-11-22
8ab60405-83d6-4f8f-92d9-732804a35675,S103631,Failed,Verified,Failed,Approved,2025-08-17
df643d30-9ba7-4cb4-97bf-c4adce721953,S103632,Failed,Failed,Verified,Approved,2023-10-12
a785bd5e-da4e-48b0-9467-3fcb030d1e86,S103633,Verified,Failed,Failed,Approved,2022-12-20
0ab37018-8203-429d-bd3f-9dffe8b95d69,S103634,Verified,Verified,Verified,Approved,2024-12-18
041dbf5a-448c-4f12-9ee8-b36b8be7d1c7,S103635,Verified,Failed,Failed,Rejected,2026-06-26
b65fbd57-4859-42fb-b775-16c4314d9798,S103636,Verified,Failed,Failed,Approved,2024-04-10
fe74c352-5704-4077-8671-074bd6dfdca5,S103637,Verified,Failed,Verified,Approved,2025-06-17
bdb7189b-d6be-4c21-8d88-a36b0888671a,S103638,Verified,Verified,Verified,Pending,2023-08-18
e4a7baf9-b8c2-482e-b1e3-88e11cc014e3,S103639,Verified,Failed,Failed,Approved,2024-06-21
fb1e1f84-606c-44d1-96cf-76580c5873d0,S103640,Failed,Verified,Failed,Approved,2024-11-02
575dc07b-38aa-4b89-b5cf-e9f3f2e943a9,S103641,Verified,Verified,Verified,Rejected,2025-04-08
b87d0dc4-84a9-4f0f-a43e-1b0bf50acf03,S103642,Failed,Verified,Failed,Approved,2025-02-14
cf73ab6f-6e9f-4766-a844-3d5dd2d79252,S103643,Verified,Verified,Verified,Approved,2024-07-14
09bcc25a-971d-451e-9760-0586cd50aeee,S103644,Verified,Failed,Verified,Approved,2023-08-06
1b0c9ecf-f620-4f2d-af33-6232a27fdf40,S103645,Failed,Failed,Failed,Approved,2024-06-13
11886095-ffe9-40b6-bc64-d655c7240523,S103646,Verified,Failed,Verified,Pending,2026-03-31
6a330766-b39f-4f31-a932-d92a18e2f947,S103647,Verified,Verified,Verified,Approved,2024-10-25
05a4702b-6b03-468b-8daf-99919182608f,S103648,Verified,Verified,Verified,Approved,2022-02-27
a2e93a9d-f5f7-4def-a318-c5c6e3c3ecf7,S103649,Verified,Verified,Failed,Rejected,2022-05-01
f4bd0ed2-e99f-416d-a927-c8701338dbcf,S103650,Failed,Verified,Verified,Approved,2025-01-26
6e1f42b8-e7dd-4c75-8a65-8ed6e14e1a14,S103651,Verified,Verified,Verified,Approved,2022-07-11
6c09db7c-d457-4e83-b2b1-4022f67983c3,S103652,Verified,Verified,Failed,Approved,2023-12-29
8176e002-24e9-4abe-821e-8ebfc6997fc4,S103653,Verified,Failed,Failed,Approved,2026-04-22
af77cf11-b4a5-4809-a626-fd0c1d606084,S103654,Failed,Failed,Failed,Approved,2023-05-27
90e43299-58c2-47b7-ba2b-c5e6b95dcbfe,S103655,Failed,Failed,Verified,Approved,2024-02-12
65839411-30ad-47d0-9d2b-d46886103f8c,S103656,Verified,Verified,Failed,Pending,2024-02-04
75006324-0d33-4d06-a8a0-1441c6fed175,S103657,Failed,Failed,Failed,Approved,2023-11-04
9f347246-4479-4120-8f08-a6d7d178988c,S103658,Verified,Failed,Failed,Pending,2022-04-02
c88e4c47-8f5c-40e9-92d6-6eaa825e1815,S103659,Verified,Verified,Verified,Pending,2026-02-28
e6c5a9fa-95b4-4962-8372-1a34d6d58607,S103660,Verified,Verified,Failed,Approved,2024-11-12
994c27c2-522f-419e-b971-00e4b0b3b882,S103661,Failed,Failed,Verified,Approved,2023-12-13
6387ed6b-2c12-42d6-98e4-661913297ad5,S103662,Failed,Verified,Failed,Approved,2022-10-05
260cf901-9427-402c-9caa-b0a60126e743,S103663,Verified,Failed,Failed,Rejected,2026-02-03
143ba27c-395e-46d5-bea4-1945001ff52b,S103664,Failed,Failed,Failed,Approved,2025-10-12
bebe06ea-427c-4907-97ea-f3b5b957a6e9,S103665,Failed,Failed,Failed,Pending,2024-07-22
f7f75f13-6ad1-482f-9e93-e5056ec7c0ee,S103666,Failed,Failed,Failed,Approved,2025-05-07
b726ad6a-7ed4-493a-9a9c-9194afd54d38,S103667,Verified,Verified,Failed,Approved,2024-06-07
c24ea4b2-1eb7-48ef-9f27-ecffe6c9221d,S103668,Failed,Verified,Verified,Approved,2023-10-14
7db01f1a-5abb-448d-a407-bda96b68ec5c,S103669,Failed,Verified,Verified,Approved,2025-09-04
83257c23-eb44-45cd-9c51-a83ad9c24926,S103670,Failed,Failed,Verified,Approved,2025-03-05
05cfa3fa-3609-4490-98b7-9247a1b84c54,S103671,Failed,Failed,Failed,Approved,2025-09-22
9fa5abd4-931f-4100-badf-8abd49109966,S103672,Verified,Failed,Verified,Approved,2026-07-30
4d9eee45-0ead-4bb3-996f-f6425869bf9d,S103673,,Failed,Failed,Rejected,2025-08-13
91df0b1d-8055-4068-ad57-95503c30e1ea,S103674,Failed,Verified,Verified,Approved,2022-01-07
4a6b6dcf-6566-48a7-80f9-243dace7d0ba,S103675,Verified,Verified,Verified,Pending,2024-07-30
454aa182-65df-4bb3-99b5-94f7a634f02e,S103676,Failed,Failed,Verified,Approved,2023-05-25
62b7f150-8742-4f97-8a1a-5bde5a09a428,S103677,Verified,Verified,Verified,Approved,2026-06-25
b4d96a28-b95f-45e0-a029-d29524e83151,S103678,Failed,Failed,Failed,Approved,2025-04-20
52ada213-e0a4-4961-9044-175bee9c33d1,S103679,Verified,Verified,Verified,Approved,2024-03-26
2153b5a3-e33f-4d01-8b57-b0c330a5d2a9,S103680,Verified,Failed,Verified,Rejected,2024-10-17
39e25623-d8d6-4b60-a088-3181c4d439da,S103681,Verified,Failed,Verified,Approved,2025-11-24
25d2dd5d-ff05-4ada-b8c5-817105e12922,S103682,Verified,Failed,Failed,Approved,2023-01-21
ba3b5666-e4b2-4b71-856e-6703fe4381f6,S103683,Failed,Verified,Failed,Approved,2023-04-06
eade9a61-8d76-44dc-bb69-d228fa9ed060,S103684,Failed,Verified,Failed,Rejected,2023-09-28
18120844-4132-4262-a2b3-48557d3c0b88,S103685,Failed,Verified,Verified,Approved,2025-01-13
1946d901-69c8-47fa-afb4-9586eab6f29d,S103686,Verified,Failed,Failed,Approved,2025-12-11
ddccdad0-ab64-4f50-b7b2-ae27e48175c9,S103687,Failed,Verified,Failed,Approved,2025-04-14
d6fbf5ea-d093-4378-9d33-fc9f9189e63d,S103688,Verified,Failed,Verified,Rejected,2024-02-05
7d7120b3-5cf0-4b14-877e-e0eeeeb42aee,S103689,Failed,Failed,Verified,Pending,2024-05-05
6598ab1a-8b49-4a46-9212-81b24054e5b0,S103690,Failed,Verified,Failed,Approved,2023-06-29
0369035a-bef1-4d55-8105-2f6f1e5a9ae5,S103691,Verified,Verified,Verified,Approved,2022-04-27
810618ec-daf1-4b0d-92aa-5cbfb015949a,S103692,Failed,Failed,Failed,Rejected,2024-02-02
4ff25f79-3ed2-4bad-939c-a12e33384921,S103693,Verified,Failed,Verified,Approved,2022-05-07
84a0c563-0940-426d-b6e0-88cbe26f6587,S103694,Failed,Failed,Verified,Approved,2024-08-09
a22c5a0c-4573-4b0e-9e76-544238209f56,S103695,Failed,Verified,Verified,Rejected,2026-01-07
d72467f0-477d-4a2a-acee-27d6d0c9c878,S103696,Verified,Verified,Failed,Approved,2022-11-03
794caaec-a399-4c47-ace2-5aec2408b9ff,S103697,Verified,Failed,Failed,Approved,2022-03-08
908986c4-5a55-44ad-87c8-568683d44c94,S103698,Verified,Failed,Verified,Rejected,2022-08-12
1ffef985-828b-44c0-ad89-48458bb4adb6,S103699,Failed,Failed,Verified,Approved,2023-08-28
6ef16072-03e2-4eb7-ac07-2f3296ea3463,S103700,Failed,Failed,Failed,Approved,2023-07-26
618209e9-5f75-45a1-a211-1f639ca64d0e,S103701,Verified,Verified,Verified,Approved,2023-11-03
5ed632c2-2d82-4c21-b236-873f9cfc4b98,S103702,Verified,Failed,Failed,Approved,2023-11-28
6a2f7860-9910-4e73-aa55-8002aa0fd440,S103703,Failed,Failed,Failed,Approved,2026-03-08
755f34f4-f3ad-4a7d-a45e-ceeccf6b9550,S103704,Verified,Failed,Verified,Approved,2023-02-01
238c16d1-29c9-4c4d-b037-02946f82e582,S103705,Failed,Failed,Failed,Approved,2023-04-22
3c67a2a0-89f3-4c4e-aa10-bffc3d70290a,S103706,Failed,Failed,Verified,Approved,2022-02-09
7852a230-2c8c-4428-8e63-27b315396ff6,S103707,Failed,Verified,Verified,Approved,2023-10-29
411ae887-e7e0-4d88-bb0e-e3a057282336,S103708,Failed,Verified,Failed,Approved,2025-03-06
9cef01ef-34b3-4319-884c-e5441f6d9530,S103709,Failed,Failed,Failed,Approved,2023-06-16
c0a9fab9-b426-4631-9b7a-69ccbd51d576,S103710,Failed,Failed,Verified,Approved,2026-07-13
56d6c1eb-f71a-4049-9829-c75fffdc3e24,S103711,Failed,Failed,Verified,Approved,2023-03-02
d5c45f4e-7865-4c08-bd78-a7daa280fd55,S103712,Failed,Failed,Failed,Pending,2023-07-16
c771ca1b-bf97-4338-9239-927f8f9f3f8b,S103713,Failed,Verified,Failed,Approved,2026-04-28
e7b3a916-2937-4e4a-8860-157bf37272a8,S103714,Failed,Verified,Failed,Approved,2022-02-20
d26833b2-eda5-44c5-888e-84aaf63f16c2,S103715,Failed,Verified,Failed,Approved,2026-02-14
e4de4cb0-225b-4556-982a-c958d9a6a33c,S103716,Failed,Failed,Failed,Approved,2023-03-04
dc638729-1682-4d05-848b-20a283906265,S103717,Verified,Verified,Failed,Approved,2022-07-21
ad8dbb7a-14a6-4201-bf44-246874504c2f,S103718,Failed,Verified,Verified,Approved,2022-06-25
21440515-6ba5-4bb6-86d8-27c7f92100a7,S103719,Failed,Verified,Failed,Approved,2024-05-29
de178e5e-5ce4-4b0f-8bd3-ccd090642a4e,S103720,Verified,Verified,Verified,Approved,2026-03-29
bfb7ee77-222e-4640-8489-f607ea074ea4,S103721,Verified,Verified,Failed,Approved,2025-08-18
9246bcab-c226-48e0-a919-29b262f68e6e,S103722,Verified,Verified,Failed,Approved,2023-03-09
39244773-746f-4342-8478-049449489011,S103723,Verified,Verified,Failed,Approved,2022-09-18
36ab058a-aabc-4909-9d60-89eac6e5de42,S103724,Verified,Verified,Verified,Approved,2024-01-10
e155d338-fe75-4605-9871-891f470f0572,S103725,Verified,Verified,Verified,Approved,2025-12-21
b24ef544-4828-4b85-a47d-657ed6c4bd5c,S103726,Failed,Verified,Verified,Rejected,2022-01-06
07d8ba72-12be-4596-9f0c-86ec3f2848c9,S103727,Verified,Verified,Failed,Approved,2026-04-02
f324d128-2faf-4f42-b78a-d858be34363a,S103728,Failed,Verified,Failed,Approved,2024-01-16
1faa8f0a-b341-498d-bc67-9ccb3d036a63,S103729,Failed,Verified,Failed,Approved,2024-07-10
d685cd6f-6e62-4d36-8751-8c7dd3b52910,S103730,Verified,Failed,Verified,Rejected,2025-06-24
f7618aab-6d4c-4ce2-bf98-1b28a9b90a4e,S103731,Verified,Verified,Verified,Pending,2025-06-09
a31c29c5-92b7-45e7-9b53-a4e477fa1ea1,S103732,Verified,Verified,Verified,Approved,2025-12-11
6c0a13da-6caf-4a79-a370-84240cc8af93,S103733,Failed,Verified,Failed,Approved,2024-01-11
bea3fa4b-f5af-47da-bc81-96faa3c56ac8,S103734,Failed,Verified,Failed,Approved,2024-06-03
a559adb6-7b68-4666-b87f-6ba741cb3f4f,S103735,Verified,Failed,Verified,Approved,2023-12-27
0d3ed666-c04b-4ffd-a2c0-13dba27ef480,S103736,Failed,Failed,Failed,Approved,2025-03-22
145858bc-18fb-48b3-ad3d-5de3b661d71e,S103737,Failed,Verified,Verified,Approved,2022-07-04
4b972bc7-0fbf-42fe-9f5b-06eda97025f7,S103738,Verified,Failed,Failed,Approved,2022-06-08
826147aa-3aff-4085-8d22-463f0064b74d,S103739,Verified,Failed,Verified,Approved,2024-03-01
77e0e08d-bdde-413a-bf34-d00d40152787,S103740,Failed,Verified,Verified,Approved,2024-02-08
64ef936d-2c65-4e65-8ecc-93dad89f8a4f,S103741,Failed,Failed,Verified,Approved,2024-12-07
a4750b7e-15be-4848-8ad7-cd240491670d,S103742,Verified,Verified,Verified,Pending,2022-10-17
b62973fc-7801-4c19-b26c-53f08bd782de,S103743,Failed,Verified,Failed,Approved,2022-10-10
c0c05b60-9ef1-41cc-892d-572679c6078d,S103744,Failed,Verified,Verified,Approved,2025-02-13
303a47dd-38c0-4805-a4f4-219c5885da4e,S103745,Failed,Failed,Verified,Approved,2023-11-29
eeb335b8-bf39-418f-aee5-dceeddd1c03d,S103746,Failed,Failed,Failed,Approved,2024-12-03
53129793-221c-4479-a478-b8214852019d,S103747,Failed,Failed,Failed,Approved,2025-06-05
f0f0e58d-39d9-4ddf-976a-c3c23634ce84,S103748,Failed,Failed,Verified,Approved,2025-11-27
438061a5-2249-455d-a132-2b909dafe686,S103749,Verified,Failed,Failed,Approved,2023-07-14
c3a10cfe-e294-4d93-9c2e-6d3520ce5ad0,S103750,Verified,Failed,Failed,Approved,2025-04-15
c51c452b-7375-46b7-ba15-ab807e171093,S103751,Verified,Verified,Verified,Approved,2023-01-09
4093b9c4-74c8-48a5-b4bb-a1222e74095c,S103752,Failed,Failed,Verified,Approved,2025-07-18
56cdbfd4-aca8-404b-b226-96395cb35ec3,S103753,Verified,Failed,Failed,Approved,2023-07-23
1b4d765d-fec0-4c00-aa33-f86c0c434562,S103754,Failed,Failed,Failed,Approved,2022-01-11
8689ce40-856b-4ec9-8df5-6043a88ae43a,S103755,Verified,Verified,Failed,Approved,2026-07-16
17de36d7-2fcb-4817-9822-6701e09460cb,S103756,Failed,Failed,Verified,Approved,2025-10-01
482f7419-ecf2-4b29-af89-08f5198cfc38,S103757,Verified,Verified,Failed,Approved,2023-12-11
fecab879-6e95-49ee-8f1b-66ab86bdab30,S103758,Failed,Verified,Failed,Approved,2022-12-21
60e2df18-b602-4ca6-ba2e-a5c708eba0a8,S103759,Failed,Failed,Failed,Pending,2024-06-27
951a8375-3af4-4a1a-87ff-a8f63089e9a9,S103760,Failed,Verified,Failed,Approved,2022-12-04
c40f8b85-b625-420b-a56f-ba0bd3bd2099,S103761,Verified,Verified,Failed,Approved,2022-08-28
d50a151c-8ac1-439d-bd3b-502f88c350c6,S103762,Verified,Verified,Verified,Approved,2026-03-20
2d2502cc-4c38-425e-9f88-d12a81685283,S103763,Failed,Verified,Verified,Approved,2024-11-07
c2142c08-040c-4ba7-88a5-33cdcfb3abfe,S103764,Verified,Failed,Verified,Pending,2022-12-17
490d7c1c-aaca-46b5-8bba-f66dbf821bfb,S103765,Failed,Verified,Verified,Approved,2025-07-06
b024c758-e674-4671-94cb-33d0764d95ed,S103766,Failed,Failed,Verified,Approved,2025-07-24
967d1c4d-e269-4400-b123-4525a037fd67,S103767,Verified,Failed,Verified,Approved,2023-03-10
5e566c56-3f20-42c9-8f79-6136c5987f48,S103768,Verified,Verified,Failed,Rejected,2025-04-18
98143f2a-caa6-43bf-80c2-8c49a9d3b935,S103769,Verified,Verified,Failed,Approved,2022-06-27
798cc079-c0b8-43a2-b273-702a4fa281ad,S103770,Verified,Failed,Failed,Approved,2025-05-09
9383b253-6221-4db5-a165-d3d10e548df8,S103771,Verified,Failed,Failed,Pending,2025-03-17
d453085f-b8e6-4936-b3c2-09c4b3999ad0,S103772,Verified,Verified,Verified,Approved,2023-03-10
2d7b02b0-96f9-4766-aeb6-518a3e93b449,S103773,Verified,Failed,Failed,Approved,2022-12-16
217c41ea-3dc8-4b46-9720-10a886b6a677,S103774,Verified,Failed,Verified,Approved,2025-08-07
2674635a-0df8-4499-a393-775ca52cbf13,S103775,Failed,Verified,Failed,Approved,2024-10-01
51362635-ef07-445b-b92d-66a5fda3c8dc,S103776,Failed,Failed,Verified,Approved,2025-01-15
da2813ab-14ca-4d82-a844-f7764f7c0c4e,S103777,Failed,Verified,Verified,Approved,2024-11-02
b43e6742-aa48-4a0a-b672-bc9b6b70923d,S103778,Failed,Verified,Verified,Approved,2025-01-13
f343eaa7-9790-4368-b965-396aa5395726,S103779,Failed,Failed,Verified,Approved,2022-10-15
fcb66984-bf02-476c-a958-ade04a311006,S103780,Failed,Failed,Failed,Pending,2022-02-14
867ca123-73c7-4afd-a514-8adb71f26fda,S103781,Failed,Verified,Failed,Approved,2022-08-13
8512c219-1178-480c-8b09-0204aa1d147a,S103782,Verified,Failed,Failed,Rejected,2025-04-08
844bbc08-91cb-4004-82ff-b511fe60c636,S103783,Verified,Failed,Verified,Approved,2024-10-22
b7b3475c-371a-437a-af3c-970dc992cf45,S103784,Verified,Verified,Verified,Approved,2025-11-28
1413e712-eb64-4130-bf0d-02566a0d445f,S103785,Failed,Failed,Verified,Approved,2023-10-10
92fe32e5-dea6-4264-b98e-23f9df840c30,S103786,Verified,Failed,Failed,Approved,2023-07-06
4a63361f-b7f9-4b2d-9e4f-7a0053586f30,S103787,Failed,Failed,Verified,Approved,2025-07-11
fa6783a4-53f9-4eb9-a320-6f17c7bfa500,S103788,Failed,Failed,Failed,Rejected,2026-07-16
b44a9699-2293-4e39-95f5-5eafc901d4d0,S103789,Failed,Failed,Failed,Approved,2022-06-17
b65c0ef8-1d61-4e93-908c-7476f8ecaad2,S103790,Verified,Verified,Verified,Approved,2022-04-16
702fae13-bf92-4069-95d7-449c8f6e3160,S103791,Verified,Failed,Verified,Approved,2023-04-21
a1ef446d-f3ee-407b-baca-c2712c44422c,S103792,Verified,Failed,Verified,Approved,2023-12-17
0d398754-a15f-42d9-b613-6079550a4dcb,S103793,Failed,Verified,Failed,Approved,2023-02-18
75eb9ab1-47e1-4f60-9e67-e453165ed636,S103794,Failed,Failed,Verified,Approved,2023-10-19
92299a3d-7cc7-46b2-be8c-5d7436b93fd0,S103795,Failed,Verified,Failed,Pending,2022-08-14
acb812ac-66a9-4bb0-a33c-55596c2a4201,S103796,Verified,Failed,Failed,Approved,2022-04-26
c82d124a-ea4f-4430-8153-9408325b1116,S103797,Verified,Verified,Failed,Rejected,2022-10-26
d4a44cfa-e222-42ba-a10a-eb6c955a8d3d,S103798,Verified,Verified,Failed,Approved,2025-06-07
f5be6a50-c40a-43f8-8ac4-6cff5a6366e6,S103799,Failed,Verified,Failed,Approved,2023-10-29
e0bb5ab4-9f4d-41b6-b193-6251900ebb8e,S103800,Failed,Failed,Failed,Approved,2023-02-25
91f81fad-76fa-4ea1-add0-bd167e53b386,S103801,Verified,Verified,Verified,Approved,2025-01-28
8dd0030b-7a8b-4aca-b53f-7ddc15fd3078,S103802,Failed,Verified,Verified,Approved,2026-06-04
cf621be6-2758-41b7-a1b4-a70ea085f745,S103803,Verified,Verified,Verified,Approved,2025-12-04
05340987-2298-43d0-8b57-18cedd797f9c,S103804,Verified,Verified,Verified,Rejected,2022-01-10
a511e769-b7d5-4497-8cd6-04550b431701,S103805,Verified,Verified,Failed,Rejected,2023-07-15
07b873ee-c9fb-4785-85f3-24ff1f923c2d,S103806,Failed,Verified,Verified,Approved,2023-12-13
2d8b3b53-4169-4d13-be0a-f8f518f056ac,S103807,Failed,Failed,Verified,Approved,2025-08-07
aaf54284-6865-43ca-9126-bb21812e1a89,S103808,Failed,Failed,Verified,Approved,2024-07-10
65261648-0ec5-4fbe-989d-53726a8d30fa,S103809,Verified,Verified,Failed,Approved,2024-03-31
52623d37-15f7-4c7c-91da-45872ea4fa1b,S103810,Failed,Verified,Verified,Approved,2024-01-22
57170190-960f-465d-92c7-eb4b7d0a945d,S103811,Verified,Verified,Verified,Approved,2023-08-04
952b3d41-ddf6-4267-80dc-13d01b90eccb,S103812,Failed,Failed,Failed,Pending,2022-03-10
0af14f47-c2da-40ed-8137-a944c4687767,S103813,Verified,Verified,Verified,Approved,2025-06-09
71ff7f68-65c5-4566-b304-540290a7edbd,S103814,Verified,Failed,Failed,Approved,2022-06-25
c8d525fe-b281-4810-a1e9-53671920aea3,S103815,Verified,Verified,Failed,Approved,2023-08-13
0396d3f0-cdf8-4cbb-bdab-098babb2699d,S103816,Verified,Failed,Failed,Approved,2023-12-12
00668ea0-0207-4773-82e1-7e9ca9eecd67,S103817,Verified,Failed,Failed,Approved,2022-02-12
f0a87dd9-a193-4dee-83e2-1f13b6927bad,S103818,Verified,Failed,Failed,Approved,2022-08-14
7bd6dfba-b1d3-41a2-83cc-d7455a60ae76,S103819,Failed,Verified,Verified,Approved,2024-01-27
2818ae03-45dc-47cb-aef2-d364e674386a,S103820,Verified,Failed,Failed,Approved,2025-01-11
db994fdb-7bd8-4799-acab-bc0ba8b1792f,S103821,Failed,Verified,Verified,Approved,2025-04-01
4b01edd1-a41f-4faf-a659-c555ac631e8b,S103822,Failed,Failed,Failed,Approved,2022-06-24
b1383d33-b87f-4ddf-b9d8-2e54e066e4eb,S103823,Verified,Failed,Failed,Rejected,2023-06-09
6c6d0ff6-64e2-42ba-b567-1bab96d0398b,S103824,Verified,Failed,Verified,Approved,2024-11-10
20e5f153-a8c3-4c48-b42a-4c93597d7baa,S103825,Failed,Verified,Verified,Approved,2022-01-15
842a8dd2-d0ec-4be1-8c23-20909e810dce,S103826,Failed,Verified,Verified,Approved,2022-05-01
f3296aff-0b7c-4888-9a7d-b85332c8b2b1,S103827,Verified,Failed,Failed,Approved,2022-02-16
74e63e0c-1d6e-4ab6-9867-a007fe7ddbdb,S103828,Verified,Failed,Failed,Approved,2022-09-21
27c0fcee-76f9-43ad-9619-4fcc1fd1f68c,S103829,Verified,Verified,Verified,Approved,2024-12-23
2e17315e-105e-42cc-94f6-929bbe3176a0,S103830,Failed,Verified,Failed,Approved,2026-02-19
e8fb5d3e-dd59-4140-b796-b4aea70c8662,S103831,Failed,Failed,Failed,Approved,2022-07-15
f168ef72-c245-463e-b4a6-eaac418a775e,S103832,Failed,Failed,Verified,Approved,2022-09-17
f1cdd25e-3b65-4056-93da-18c63c29fa01,S103833,Verified,Failed,Failed,Approved,2022-05-06
acee6f28-5f86-4186-b69a-8d0d6e98d307,S103834,Verified,Verified,Failed,Approved,2024-04-22
7f69aef2-7beb-46a2-ae0a-5bbe728f11c8,S103835,Failed,Failed,Failed,Approved,2023-06-10
e73826f3-402d-4547-b671-ed3e71bc2a9e,S103836,Failed,Verified,Failed,Approved,2025-03-09
214cfb58-d21e-4f8a-8979-e451b8e118d6,S103837,Verified,Verified,Failed,Approved,2022-05-11
c4dfc979-d53d-47a7-8c96-262d635424eb,S103838,Verified,Failed,Failed,Approved,2022-02-27
7b6b549e-daad-4182-8833-477955b5dfce,S103839,Failed,Verified,Failed,Approved,2025-08-13
aa65cc1b-34f1-45cd-8c4f-81ac529a8eb8,S103840,Failed,Failed,Verified,Rejected,2022-10-24
b577ced0-4caf-4bf2-8252-bebf11d13c8a,S103841,Failed,Verified,Verified,Pending,2025-02-03
996976f6-7006-45bf-971d-2da3a5a57309,S103842,Failed,Failed,Failed,Pending,2024-07-25
78666459-0042-485b-81bb-126e1797295a,S103843,Failed,Failed,Verified,Approved,2024-01-01
a12a118d-1334-4029-ba35-c6f0e9971396,S103844,Verified,Verified,Failed,Pending,2022-01-29
2ead0be0-a0b4-4327-af8b-8fb1e53b7a49,S103845,Failed,Verified,Failed,Approved,2024-09-11
f4a04ef1-07a3-4e5d-828f-aa3dde114b4d,S103846,Verified,Verified,Verified,Approved,2023-12-12
f0bc2252-15d8-47d9-a9b6-27dbc9da597d,S103847,Verified,Failed,Failed,Approved,2023-07-23
98a91420-9390-46a3-bdc4-d264a90d7ae0,S103848,Verified,Failed,Verified,Approved,2025-02-01
43a2a3ef-d7a5-4efd-bb3b-04020904dc26,S103849,Failed,Verified,Verified,Approved,2025-10-15
e32bf644-649e-4a91-a4f2-aeecff174441,S103850,Verified,Failed,Verified,Approved,2025-03-10
9aaffa70-698c-452b-bab6-819cb53e4fe3,S103851,Failed,Verified,Verified,Approved,2026-04-14
ab2336fd-d520-4bea-bf5e-86eec3506535,S103852,Failed,Verified,Failed,Approved,2025-05-28
cb2cf472-26cc-42e7-b97d-3e5545e00104,S103853,Failed,Verified,Failed,Approved,2022-01-03
bffeb4f9-eaa7-4752-a5de-4f81d83d31a0,S103854,Verified,Verified,Verified,Approved,2023-12-05
c02dc990-1ea5-4dc7-b59f-65e41710f3f0,S103855,Verified,Verified,Failed,Pending,2026-06-12
c49eb279-4a32-4c9d-ab97-5bb1ef8c2e3d,S103856,Verified,Failed,Verified,Approved,2025-09-04
6c568894-63da-42e8-9e45-c8833af28aba,S103857,Verified,Verified,Verified,Approved,2022-06-18
3eb70042-cf46-4779-a80c-07b5801d9f3c,S103858,Verified,Verified,Verified,Approved,2025-08-16
0ce82f9b-bc3f-46c5-bd54-6ae6c85aba0e,S103859,Verified,Verified,Failed,Approved,2022-12-07
c1d5ca4f-5927-4266-a754-ea3637d068e3,S103860,Failed,Verified,Failed,Approved,2026-01-20
fd29f979-ee23-4592-a309-156b327d60c1,S103861,Failed,Verified,Verified,Approved,2022-07-12
5f28b55f-92a4-4018-aaca-9849d8fa1fe2,S103862,Failed,Failed,Failed,Approved,2022-08-20
5cc6b496-e232-4d9e-a4f7-eb83b712aa92,S103863,Failed,Failed,Verified,Approved,2025-11-28
ba4710af-720b-45da-8832-6434536fcddd,S103864,Failed,Failed,Verified,Approved,2026-02-21
7d57c09d-6137-461e-a3b3-3b65bc65b61a,S103865,Failed,Verified,Verified,Approved,2025-11-06
02b1707e-bab3-456d-91f7-0ca734f61b61,S103866,Verified,Verified,Failed,Approved,2024-02-15
c25f8c32-8f6b-4093-b836-bd42797c070d,S103867,Failed,Failed,Failed,Rejected,2022-11-04
a9438200-0e2d-4a48-bf01-915617f7420c,S103868,Verified,Failed,Failed,Approved,2024-12-02
b0465056-85c8-455a-ad05-003c7fccd32c,S103869,Verified,Verified,Verified,Approved,2023-02-02
4c2b3e78-986b-4a55-a707-87103957e42d,S103870,Failed,Verified,Failed,Approved,2022-09-29
62d15afc-d754-481f-b614-9744cfcb1035,S103871,Verified,Verified,Failed,Approved,2022-01-07
6a4a78e3-b9dc-47f6-b281-6bb9449d945a,S103872,Verified,Verified,Failed,Approved,2023-11-20
f08a9f63-f713-4a89-adad-84f5bfc93c9a,S103873,Verified,Verified,Failed,Approved,2022-07-25
60fe1dc8-ae0b-4c3e-aef4-37db126d0b23,S103874,Verified,Failed,Verified,Rejected,2022-02-01
b29a73ea-9c01-4151-82a3-8d0416922537,S103875,Failed,Failed,Failed,Pending,2025-04-29
34614af4-9b84-4aca-89e6-9c34a3963941,S103876,Failed,Failed,Verified,Rejected,2024-08-27
ee99e245-ab90-4fe5-a7a6-75b9a800b543,S103877,Failed,Verified,Verified,Approved,2023-12-06
92b760df-c55c-48f7-9b79-1bc53c8d91b1,S103878,Verified,Verified,Verified,Approved,2024-09-21
f64a4a5d-dc52-4551-ad11-ebc965158fc3,S103879,Failed,Failed,Verified,Pending,2023-09-17
64fb8319-5570-4d78-b0ff-6ae5eaa19c1a,S103880,Failed,Failed,Failed,Pending,2025-07-18
39143e86-4173-4d0e-8c51-2513b2b27856,S103881,Verified,Verified,Verified,Pending,2023-12-07
09cabe14-c315-4084-9e13-b9b294810f80,S103882,Verified,Failed,Verified,Pending,2022-04-07
a12a021b-104a-4141-9180-422f9543fad6,S103883,Failed,Verified,Failed,Approved,2022-09-22
64abf276-563e-4843-963b-1dcd9aeb7b62,S103884,Verified,Verified,Failed,Approved,2024-02-28
37bbfa61-66a1-46ed-bdfb-fd7de3802397,S103885,Failed,Verified,Verified,Rejected,2022-06-23
a6e5e885-0fc9-4b0b-8439-fdcaffb3cb32,S103886,Verified,Verified,Failed,Approved,2022-05-16
2524d287-63db-4554-b36b-00d064d4603d,S103887,Verified,Verified,Failed,Rejected,2026-03-21
cae40b95-1e3d-408e-acf2-dd0fb604849b,S103888,Failed,Verified,Verified,Approved,2026-07-21
adc75326-5bd3-45b0-8dc6-f1f7fd976fd5,S103889,Verified,Verified,Failed,Pending,2025-07-23
0e75e4ab-424c-4c8f-a38b-123c13c4b8ac,S103890,Verified,Verified,Verified,Rejected,2026-04-05
dec0a45d-765a-43f5-82aa-bada72015af7,S103891,Verified,Verified,Failed,Approved,2022-06-09
cf500caf-f5c9-4bc7-b70d-cbacbdafff6b,S103892,Failed,Verified,Verified,Approved,2024-03-14
0e337a77-a5e1-4559-98cb-8d78b659822b,S103893,Failed,Failed,Failed,Approved,2023-09-30
e8d4dde8-d6da-47e5-8cea-f1b6df001592,S103894,Verified,Verified,Failed,Approved,2025-12-25
3458e9bd-1724-47d7-9bac-0f9e805daf2d,S103895,Verified,Verified,Failed,Approved,2023-03-08
c3e0b99b-5d2b-4bbd-a76e-e5ddbdab55ff,S103896,Verified,Verified,Verified,Approved,2026-05-02
32067a62-c0f5-4614-a459-cb10dd11d58f,S103897,Verified,Verified,Failed,Approved,2022-12-08
babe8c1a-b015-4679-aea3-ec22dfa7324a,S103898,Verified,Failed,Failed,Approved,2023-07-03
fe5cb79f-a1bd-4f31-bfa5-de5279f69c25,S103899,Failed,Failed,Failed,Rejected,2025-05-10
9ab6d0a9-3f10-442c-a189-1a58abbb3651,S103900,Failed,Failed,Verified,Approved,2024-08-26
28fbc2dd-ee56-4632-9d69-75e46a65cef4,S103901,Verified,Verified,Failed,Approved,2025-03-17
e307d8c5-a0ec-4f33-ac02-876a7b943cdd,S103902,Verified,Verified,Failed,Approved,2024-05-17
987f9999-cd43-41ab-83f2-acb629c6b5b0,S103903,Failed,Failed,Failed,Approved,2023-12-03
8b4bcbc7-bfd2-4111-94ab-b35851208bbb,S103904,Verified,Verified,Failed,Approved,2025-04-06
7804249e-75f7-43dc-b0cf-8953647f45ad,S103905,Failed,Failed,Verified,Approved,2022-03-11
5c4c7bd5-55aa-48af-8faa-17e5b26cd381,S103906,Verified,Verified,Failed,Approved,2025-02-16
95b383a9-97bc-4857-844e-e7104c56ca4e,S103907,Failed,Failed,Failed,Approved,2025-10-22
796563c6-0974-4276-8532-4c46b6d798cb,S103908,Failed,Failed,Failed,Rejected,2026-06-04
b18256ec-2ea1-4e27-bc56-444716d3f5d5,S103909,Failed,Failed,Failed,Approved,2026-05-28
6259a97c-9aeb-49c4-ab80-c46c967b11ad,S103910,Verified,Verified,Failed,Approved,2022-06-14
ee31d84f-99f0-420b-83fc-f60d9be66159,S103911,Verified,Failed,Verified,Approved,2024-08-07
b42c7138-4add-4ff5-935e-53421899f328,S103912,Failed,Verified,Verified,Approved,2024-02-17
d274a55d-f955-4a82-aede-60ec8c915b72,S103913,Verified,Failed,Verified,Approved,2023-02-20
0cb449df-026c-4576-ba6f-2029f0d6f598,S103914,Failed,Failed,Failed,Approved,2024-12-31
3f4e35ce-92e9-458c-a096-3d9ea827d650,S103915,Verified,Verified,Failed,Pending,2022-08-25
d34bc67e-b206-4ab0-86a3-5eb8378629df,S103916,Verified,Failed,Verified,Approved,2023-10-23
20f1e099-fb09-483b-b64f-1efd1ad8b5b4,S103917,Verified,Failed,Failed,Approved,2023-03-02
31edddc2-9269-4706-8262-6f54641ecb5e,S103918,Verified,Verified,Failed,Approved,2024-06-22
6bb2807a-4306-429f-90bc-243678912af2,S103919,Verified,Failed,Failed,Approved,2025-02-24
3fed3d79-1078-4df6-a817-3345050bcf47,S103920,Verified,Failed,Failed,Approved,2025-02-19
d82476b5-8b86-4e30-8202-1b526f3f3f76,S103921,Verified,Verified,Verified,Approved,2023-03-11
5c15b36c-1363-4af8-8981-2f8c89268a31,S103922,Verified,Verified,Failed,Pending,2024-11-24
b174ced1-1566-48ab-bb66-4a9c7fedcad7,S103923,Failed,Failed,Failed,Approved,2022-01-27
fda6c178-9b86-4765-bde9-daf322aa1291,S103924,Failed,Verified,Failed,Approved,2022-01-23
2c3b6afa-4412-4c03-86bb-a566114105f3,S103925,Failed,Failed,Verified,Approved,2022-07-12
5fd956b1-a569-4bd9-a01a-79a1b34c693c,S103926,Failed,Failed,Failed,Pending,2024-08-01
5a6ae3c6-9726-4f22-b8f1-60e41028ea56,S103927,Failed,Verified,Failed,Approved,2022-11-26
15c0d1f2-c0bd-494b-a9e6-adf4cbe73aeb,S103928,Verified,Verified,Failed,Approved,2026-01-05
fcd9ce7a-aa9b-40e9-af8c-370e79115d8e,S103929,Failed,Failed,Verified,Rejected,2023-07-06
8ed77321-5603-4f5b-9d55-9a4be83dcf21,S103930,Failed,Failed,Failed,Rejected,2025-12-23
38596d16-27b7-48b9-a811-1ac2999bd9dc,S103931,Verified,Failed,Failed,Approved,2023-02-21
e20662ad-5c8d-4d53-9e5c-aa8bb156240e,S103932,Verified,Failed,Failed,Approved,2024-02-28
52bad7dd-8bfa-4a8b-b0d8-7d0c21307c3b,S103933,Verified,Verified,Verified,Approved,2023-10-27
069ced48-ab0d-4746-bd80-c62d8e6e6688,S103934,Verified,Failed,Verified,Approved,2025-09-04
6feaf9f0-e5f3-4bf5-bd02-81efde9fd5e5,S103935,Verified,Failed,Verified,Approved,2023-02-23
aab9dc4f-c8a9-46f1-8178-4f4d31e8daac,S103936,Verified,Verified,Verified,Approved,2022-04-25
8c04208c-25d8-4e0f-848d-264826bf9e73,S103937,Verified,Verified,Verified,Pending,2025-08-31
2d65e1e7-b6a7-4ccd-9ea9-3051c73b7b63,S103938,Failed,Verified,Failed,Pending,2026-01-09
cc20fa5e-3909-4829-adaa-b9d99bbd038e,S103939,Failed,Verified,Failed,Approved,2024-05-23
24cace84-f355-4fdc-9b58-31db3c4c2fbd,S103940,Verified,Verified,Failed,Approved,2024-12-22
86f3a62a-7057-43c2-9a96-aedd8b0d0c43,S103941,Failed,Verified,Verified,Approved,2025-12-19
5fe3721c-1a97-4bce-bf73-4b3f9cca977c,S103942,Failed,Failed,Verified,Approved,2025-09-26
59cabccd-31a2-4b9e-a4ce-4b2ab9e838b7,S103943,Failed,Failed,Verified,Approved,2023-11-03
a61f829c-993f-4b16-a7cb-95facd864944,S103944,Failed,Verified,Verified,Approved,2024-01-19
f176eb90-7c03-4b29-8ce1-d23768f1e02f,S103945,Failed,Failed,Verified,Approved,2022-10-17
aa08460b-86b8-418e-a919-0d27281a20a3,S103946,Failed,Verified,Failed,Approved,2022-04-17
7fb3c50c-bcce-4509-99b9-e1bd4f4f3cf0,S103947,Failed,Failed,Failed,Pending,2025-11-03
ad07020c-46e8-41dc-a990-6f0e441dfdd6,S103948,Failed,Verified,Failed,Approved,2024-05-29
74714678-08a8-4bdc-922a-5bb15c24c791,S103949,Failed,Failed,Failed,Approved,2024-08-31
851987ab-e599-46f1-a6a0-c38caf3801e1,S103950,Verified,Failed,Verified,Approved,2022-02-16
0282c3df-c218-4089-9a4b-18c03ed1d993,S103951,Failed,Failed,Failed,Approved,2023-01-11
ffab7ef6-1f76-4f37-b704-0252ec5d7929,S103952,Failed,Failed,Failed,Approved,2023-01-05
b9d97501-5a79-4ad4-b2fe-17d98cf5f55c,S103953,Failed,Failed,Failed,Approved,2023-04-11
8bdc57a2-86bd-4a2c-8c9d-a1deaf2de9da,S103954,Failed,Failed,Failed,Approved,2023-10-12
7aed472c-8a33-432f-af43-e9180c92fa09,S103955,Verified,Failed,Verified,Approved,2022-01-29
4f7cdde9-bd72-47d0-a732-f4e050eb67db,S103956,Failed,Verified,Verified,Approved,2024-08-05
59c2395e-f124-4364-af80-3c47d19e80a5,S103957,Failed,Failed,Verified,Approved,2026-06-13
ad7a6a9d-bf46-4acd-868b-3631c00afe35,S103958,Failed,Verified,Failed,Approved,2022-07-20
a687d7c8-1c71-4e87-8afd-e48e56a296b3,S103959,Verified,Verified,Failed,Pending,2023-08-07
02b294be-879f-4a84-91ef-7bf20310f80a,S103960,Failed,Verified,Failed,Approved,2022-12-24
e78bfdbd-8fe0-44bb-8062-dacc1bdf0e7c,S103961,Verified,Failed,Verified,Approved,2026-04-17
ae30d8de-e3c0-4b6f-8e59-de43a449bb3a,S103962,Failed,Failed,Verified,Approved,2024-08-01
9833d2b6-7c8a-42f5-aba3-bc80d2dde38a,S103963,,Verified,Verified,Approved,2022-03-01
428f04b1-f758-4606-8dc0-4ee17de81384,S103964,Verified,Failed,Verified,Approved,2025-08-23
14523465-6f6c-4184-bfe2-655d40ee7792,S103965,Failed,Verified,Verified,Pending,2025-05-18
8809367e-7250-4b0f-b64f-29959698ff05,S103966,Verified,Failed,Verified,Approved,2023-06-22
8c4d3864-bad8-457f-859e-673fcfb29b54,S103967,Failed,Verified,Failed,Approved,2026-02-26
31a0e718-607e-4719-ad40-b463f46c7693,S103968,Failed,Verified,Failed,Approved,2025-02-12
a24dd10f-c92a-4444-a254-313ad47fde4e,S103969,Failed,Verified,Failed,Approved,2022-08-03
549b4577-c346-455a-a37f-5a8a4bb1805f,S103970,Failed,Failed,Failed,Approved,2022-01-13
3be57a11-3821-4a96-af9f-2d1b3e033cb5,S103971,Failed,Verified,Verified,Approved,2026-05-29
7153dbad-71b7-4ff3-9136-8bd94ce3a5b3,S103972,Verified,Failed,Verified,Approved,2025-04-26
688e772c-92f6-4d0d-be66-9b9846c8d8b0,S103973,Failed,Verified,Failed,Approved,2025-07-11
f3e25e1f-32d9-482a-ba97-4750f95c720c,S103974,Failed,Verified,Verified,Approved,2025-12-02
dc518bb0-e4e7-49e7-93c0-914e7ac14727,S103975,Failed,Failed,Verified,Approved,2022-01-24
dd84e56c-cb10-4e59-a7fd-d5ff25dc944b,S103976,Failed,Verified,Failed,Approved,2023-09-17
eb7d1526-6e2e-48d7-b140-c586ee6d6442,S103977,Failed,Failed,Failed,Approved,2022-10-11
1d4c289b-8082-4b54-ab96-b829e47cfc6c,S103978,Failed,Verified,Failed,Approved,2023-07-24
584d35a9-1303-401e-acc4-44f19dbacf5a,S103979,Failed,Failed,Failed,Pending,2023-07-28
7c23ee89-37f4-490e-ae6a-de600021fbb4,S103980,Failed,Verified,Failed,Approved,2024-05-08
e2d560e8-8ca6-490d-b4ec-a6ca4a489397,S103981,Verified,Verified,Verified,Approved,2023-08-31
49cdfd14-3eb0-4c34-bfad-34c8a38984af,S103982,Failed,Failed,Verified,Rejected,2024-04-09
52b8cc99-0cdf-4163-902f-5b2afca84da2,S103983,Failed,Verified,Failed,Approved,2023-09-29
99ac5f8c-1d84-4ee7-aa22-87d5f6b078b2,S103984,Failed,Verified,Failed,Approved,2024-12-05
e8854934-51ca-4ab6-8238-676a4a2fd5ea,S103985,,Verified,Verified,Approved,2024-04-13
792621be-40a3-4d80-80ff-e894a2262e37,S103986,Verified,Verified,Verified,Approved,2023-10-27
06c38094-6aad-4cf6-8065-8100216ca920,S103987,Verified,Verified,Failed,Approved,2022-12-06
e8bd7d78-dd42-408d-ba6b-60109fd305b0,S103988,Verified,Failed,Verified,Approved,2025-03-16
29f1c752-6d54-4a66-904c-d8e4a43f9e0b,S103989,Verified,Verified,Verified,Approved,2022-04-20
5afbadd8-4509-44f8-9377-0b12985d37b8,S103990,Failed,Failed,Failed,Approved,2025-08-17
736df9a1-7c9f-4615-9666-4830f310d097,S103991,Failed,Failed,Failed,Approved,2025-12-05
68e16e19-f861-4ecc-b9fc-57503c7a6960,S103992,Failed,Verified,Verified,Pending,2022-07-17
885aa655-9277-4b39-841d-791a60ad9dff,S103993,Verified,Verified,Verified,Approved,2026-05-14
512c663e-ef90-45ce-bdd1-d430c0466dfe,S103994,Verified,Failed,Failed,Approved,2023-06-12
8e809b07-9b43-484c-9d66-e8a094a23860,S103995,Verified,Failed,Verified,Approved,2026-03-16
4c4c470b-c05a-4a81-b067-ca4a17d79e90,S103996,Failed,Failed,Failed,Approved,2025-04-12
3b5a402f-b87f-4c66-ba1b-98ea7c149a94,S103997,Failed,Verified,Failed,Approved,2026-02-08
3479f386-5d66-4199-af93-056c638cc8e0,S103998,Failed,Failed,Verified,Approved,2023-07-17
875a2a6b-a542-4194-b0f3-d0fb9d2ef2a8,S103999,Verified,Failed,Failed,Approved,2022-12-19
734d73fc-8623-435d-999e-7faa86f382db,S104000,Verified,Verified,Failed,Approved,2024-03-27
bf5caea9-8186-4ed6-8ca8-063fce65ac31,S104001,Failed,Verified,Verified,Approved,2026-05-07
58aabc83-ae12-41e5-aeda-684c987907de,S104002,Verified,Verified,Failed,Approved,2026-05-25
5cb9989c-df41-4927-a792-841ae7355df7,S104003,Failed,Verified,Verified,Approved,2022-02-22
1cfcbd1d-3ea7-4ccc-9dd0-e0e473e30da8,S104004,Failed,Failed,Verified,Approved,2023-09-12
89042e1b-9cb0-436b-a1ba-3dcbccbefa23,S104005,Failed,Verified,Verified,Approved,2025-04-07
4391f7d4-432f-4d68-b58d-758740cf70e0,S104006,Verified,Verified,Failed,Rejected,2025-03-12
99d657ab-b907-4748-8aea-d7c0f545c4ad,S104007,Verified,Verified,Failed,Approved,2024-03-08
eb37b884-1084-4404-a3ea-e724eec5d076,S104008,Verified,Failed,Verified,Approved,2023-07-25
90823856-d821-4808-be3f-9fcf6f656186,S104009,Failed,Failed,Failed,Approved,2024-05-09
7a98aaad-56c5-42c5-ae5b-f0a851f439e0,S104010,Failed,Failed,Verified,Approved,2022-08-11
7bbe4de4-7a0b-4693-ba3b-94f3403fdb3e,S104011,Failed,Verified,Failed,Approved,2023-06-25
a3e4cdd2-7047-41a9-bcac-3dc047153ea7,S104012,Verified,Failed,Verified,Rejected,2023-04-26
38e609a6-2440-4bef-9450-dd1728664c3c,S104013,Verified,Verified,Verified,Approved,2026-04-05
7481931b-83e5-44a9-862f-acf281f15c80,S104014,Verified,Verified,Verified,Pending,2022-01-24
e707ed91-622c-4758-9e83-46d971c298b3,S104015,Verified,Failed,Failed,Approved,2025-05-01
db716dbd-c913-4db0-929c-fba2d0980e6f,S104016,Verified,Failed,Failed,Approved,2026-02-05
ed82874c-14d5-4bb7-9eef-921ceade4ee3,S104017,Verified,Verified,Verified,Approved,2023-10-06
d525b14a-9012-4451-8186-313a8c5c6137,S104018,Verified,Verified,Verified,Approved,2022-11-02
5f916dda-5505-4b49-b815-4b9384e70033,S104019,Failed,Verified,Verified,Approved,2024-11-18
ab375f3b-ded7-4190-97b6-6ddf7e2696fd,S104020,Verified,Verified,Verified,Pending,2026-06-16
388fa2ed-f931-40f3-992d-0e7289b19e79,S104021,Verified,Verified,Failed,Approved,2023-04-12
d060b692-2ff9-432f-bb00-2c7620781f1f,S104022,Verified,Failed,Verified,Approved,2023-06-15
c76ab393-a3a5-4b87-8a5d-94e8983ae726,S104023,Verified,Failed,Failed,Approved,2024-11-22
52dd2c90-0f4a-488d-ab0b-88630749ad41,S104024,Verified,Verified,Verified,Pending,2025-01-14
49621035-51d7-45af-8325-c89296d57278,S104025,Verified,Verified,Failed,Pending,2025-11-05
702a9bd3-1d01-41ac-bd4b-dbf259c629bf,S104026,Failed,Verified,Failed,Approved,2024-05-20
8cef7ab9-5274-40a1-a139-86e93ae8cc86,S104027,Verified,Failed,Verified,Approved,2022-06-16
5290a6d2-084c-4b83-88cd-4a2d5d441b28,S104028,Verified,Verified,Verified,Pending,2022-10-28
9257d302-1131-471c-9138-f07fbab72376,S104029,Failed,Verified,Verified,Pending,2024-07-02
ecf163ee-4d8b-441f-86f9-cb99395fbde5,S104030,Failed,Failed,Failed,Approved,2026-05-15
202ce507-68a3-4320-8a5a-ec2b2f55e5f6,S104031,Failed,Verified,Verified,Approved,2024-07-03
dea695f4-bd48-4900-a85f-8c1cdc173194,S104032,Failed,Failed,Failed,Pending,2023-06-25
227dbc8f-fb0d-4db6-9a67-f58d78273568,S104033,Failed,Failed,Verified,Pending,2022-12-05
3f38f537-3bfa-4fbe-9c2d-65ce303ddadd,S104034,Failed,Failed,Verified,Approved,2022-03-07
0e29c12e-e907-4ae7-a222-f39ef00f7fc9,S104035,Failed,Failed,Verified,Approved,2024-12-10
680b220a-c354-42f5-baa0-1764c657c1b8,S104036,Verified,Failed,Verified,Approved,2022-10-25
5f322b99-33c1-45d0-bc9b-59fc56137abd,S104037,Verified,Verified,Failed,Approved,2025-08-20
e074cf5a-31db-4398-8a9b-6dabe0958c06,S104038,Failed,Failed,Failed,Approved,2024-09-25
f1e44154-9cce-493c-9e51-4265b6b3c921,S104039,Failed,Failed,Failed,Approved,2026-04-07
e8270f6c-eec5-4661-9053-21a678e8f5fa,S104040,Failed,Failed,Verified,Approved,2022-07-11
8aacff6c-aba8-490a-95d7-7211d2377811,S104041,Verified,Verified,Failed,Approved,2023-04-09
ff5e45ed-655d-4295-9200-9a780527a9cf,S104042,Verified,Verified,Verified,Pending,2026-04-18
2f976fda-80f7-43ad-a80b-d4b2cf805dce,S104043,Failed,Verified,Failed,Approved,2024-12-29
982b555f-1eba-431c-b434-7dd9baf0c07c,S104044,Failed,Failed,Failed,Approved,2024-06-13
867d28bc-0006-4bf4-aa8d-d89567413f99,S104045,Verified,Failed,Verified,Approved,2026-04-10
c38f6afe-7d21-4934-8f65-59e47d765345,S104046,Verified,Failed,Failed,Approved,2022-11-11
787f1a4c-a205-4618-9341-63d2a113a3fa,S104047,Verified,Failed,Verified,Approved,2022-11-13
8d51dfb4-dc0c-444d-a6d1-ebd581165a52,S104048,Verified,Failed,Failed,Approved,2022-11-24
c969b227-b399-4db3-873c-8a022573ed56,S104049,Failed,Verified,Failed,Approved,2024-05-23
770ecb31-30ba-4b8a-bbf6-9cb079e13623,S104050,Failed,Verified,Verified,Approved,2022-11-06
3f5f7fdc-6cc7-4698-b07f-bebada18b438,S104051,Failed,Failed,Failed,Approved,2022-08-19
780764c1-ee95-4a3a-9686-7dcf0c228b72,S104052,Failed,Failed,Verified,Approved,2024-07-20
a4276689-94bf-4286-b830-a7cf74a5e6b0,S104053,Failed,Failed,Failed,Approved,2024-01-25
3f4c5fb5-b988-4c81-83f5-eff3d01dcc67,S104054,Verified,Failed,Verified,Approved,2023-09-01
62839b95-d875-4c81-aff5-d312de1d9d12,S104055,Failed,Verified,Verified,Approved,2025-12-06
7fe06fe9-91b8-45d1-86f8-3c8e69734306,S104056,Failed,Verified,Verified,Rejected,2022-02-07
7fa39d5c-feea-4c24-91c3-11b6a847df03,S104057,Verified,Verified,Verified,Approved,2025-10-13
ee1015e4-536e-44a7-8f77-43a780d4a6dc,S104058,Failed,Verified,Failed,Approved,2023-04-05
ca7c90d5-02d9-4115-b9e0-84ed55c1082f,S104059,Verified,Verified,Verified,Approved,2025-12-18
afa56d29-0e24-48b8-810b-6887e123420f,S104060,Verified,Verified,Verified,Approved,2022-04-23
fef6cdbc-4706-4625-8ad6-8ec0a4808949,S104061,Verified,Verified,Verified,Approved,2026-03-20
7195b192-0bde-4c07-a969-14f65d21fc63,S104062,Verified,Verified,Failed,Approved,2024-06-22
6654b21f-99c1-4362-a3f7-8f82b44a2637,S104063,Failed,Verified,Failed,Approved,2026-06-19
e50c12f4-9c1b-4dd7-b1f5-a5a12836443b,S104064,Failed,Verified,Verified,Approved,2025-12-08
f884f2a7-fd55-415a-bab5-9d8ff917a8b2,S104065,Verified,Failed,Verified,Approved,2025-11-22
afaf4da6-06f6-4dbe-bd8b-f35dc5fcff79,S104066,Verified,Failed,Verified,Approved,2025-06-27
71026c76-edd8-4e5c-8468-619514e9a1fd,S104067,Verified,Failed,Verified,Approved,2025-03-29
2e955825-b5ee-4ca9-bb37-f8fd9cb61e93,S104068,Failed,Failed,Failed,Approved,2022-03-05
679e7254-25c6-44ba-b317-2b9fb0928aeb,S104069,Verified,Verified,Failed,Pending,2023-02-07
844c9783-72da-42d0-a5d0-bd745b0ea850,S104070,Failed,Failed,Failed,Approved,2025-03-31
62c483ed-4a26-41b5-987b-521c2888e146,S104071,Failed,Failed,Failed,Approved,2022-03-22
9f03d1c1-5523-414e-8404-e4c33cd3788c,S104072,Verified,Verified,Failed,Rejected,2023-07-13
bce2d349-1412-4377-abb3-ba244de5e902,S104073,Failed,Failed,Verified,Approved,2022-06-17
1efe3f3d-7ff7-4204-ace4-117559ea2072,S104074,Verified,Failed,Failed,Approved,2024-06-20
51c9f33a-712b-4082-b574-c1a71153fc0a,S104075,Verified,Verified,Failed,Approved,2024-07-29
d71522ad-8d17-40ba-9584-8ad4340b417d,S104076,Failed,Verified,Verified,Approved,2022-10-05
f2131de4-b99f-4386-b50d-c407c5491809,S104077,Failed,Verified,Failed,Approved,2022-02-03
47287014-2a22-497b-b13a-a5e1c9d6edba,S104078,Failed,Verified,Verified,Pending,2025-11-16
8db9c39b-50d3-46f8-a333-cf2dcd322a98,S104079,Verified,Failed,Verified,Approved,2025-11-08
971e940c-e117-4144-b778-323b172efc79,S104080,Verified,Failed,Verified,Approved,2023-05-10
8d95dad6-d8f2-46a8-98a8-ea36c959a7da,S104081,Failed,Failed,Verified,Approved,2023-08-12
fb72b675-08c7-413f-abac-2ff975d9b43e,S104082,Failed,Failed,Failed,Approved,2025-01-15
4ddd51c2-8035-4d33-abd7-74e5818a92e7,S104083,Verified,Failed,Failed,Approved,2026-06-16
b63b25db-544f-4650-beae-1b6c01d4511d,S104084,Failed,Failed,Verified,Approved,2024-08-12
b0d092f8-3352-424d-83ca-dd8550bf964e,S104085,Failed,Failed,Failed,Approved,2023-12-23
5d5437ba-0091-4af9-8e71-24288cf57403,S104086,Failed,Verified,Failed,Pending,2025-07-31
56b71e2a-6452-450f-bddd-0da0321fba0a,S104087,Failed,Failed,Failed,Approved,2026-06-11
2455dd36-7a2b-42d9-a06c-85629e5bc2a5,S104088,Failed,Failed,Verified,Approved,2022-07-12
ded45a9d-3788-478f-8585-db006ff80ca1,S104089,Verified,Failed,Failed,Approved,2025-06-11
08823553-5ef7-4953-b20f-fd3d9e84c953,S104090,Verified,Failed,Verified,Approved,2026-03-20
b2be318e-bda2-415d-b414-9008c4f8f025,S104091,Verified,Verified,Verified,Rejected,2026-03-29
15029eca-5965-47cd-8627-2f82f9476347,S104092,Verified,Failed,Failed,Approved,2026-05-21
0ba2148e-da20-4e06-b09c-19fbcc293cfa,S104093,Verified,Verified,Failed,Approved,2025-01-11
72cc9729-6a58-4b55-9b23-765a68a393cf,S104094,Failed,Verified,Failed,Approved,2023-02-21
20e4d563-c78c-42c6-9098-6d742e821934,S104095,Verified,Verified,Verified,Approved,2025-10-22
635c4457-514c-4725-9b54-711e88e4050e,S104096,Verified,Verified,Verified,Approved,2023-10-13
732cccb9-8d83-404e-be09-78798c2993cd,S104097,Verified,Failed,Failed,Approved,2025-07-03
ee655c70-d3f4-42c8-8731-2459c809029e,S104098,Failed,Failed,Failed,Approved,2025-08-21
f1c0460c-dd74-45f8-bbc6-fe012ee3a80c,S104099,Failed,Failed,Verified,Pending,2026-01-27
3971ec1c-5566-402b-afd6-b289854c29e7,S104100,Failed,Verified,Failed,Approved,2024-06-27
d070db0e-e09e-449d-91b4-9fc27325cd5a,S104101,Failed,Verified,Failed,Approved,2023-08-02
1c946125-27d4-439b-855a-2ab38e86e72e,S104102,Failed,Failed,Failed,Approved,2023-10-01
b99c92b8-f5dc-421a-ba80-894149edd76f,S104103,Failed,Verified,Verified,Approved,2025-03-10
159fe675-4f67-426c-abaf-a88892d13183,S104104,Verified,Verified,Failed,Approved,2025-10-26
7abcc672-1a7a-4ecc-b91f-4c723902877c,S104105,Verified,Verified,Failed,Approved,2024-05-28
e2e8d232-deec-4df0-80a5-4e3e3dc80de4,S104106,Verified,Failed,Verified,Approved,2024-02-09
90fcdf57-3135-4389-b040-df3a6d1522a1,S104107,Failed,Verified,Verified,Approved,2022-03-02
87787ad4-f517-48c0-9431-4919090c0ea6,S104108,Verified,Verified,Verified,Approved,2022-12-29
0888e9ba-373b-423c-87db-9ecc5f3a0393,S104109,Verified,Failed,Verified,Rejected,2022-11-27
aef7c60b-42c4-40db-8f2c-242a68727ee3,S104110,Verified,Verified,Verified,Approved,2024-01-19
fa4fa0ff-3445-447c-8079-e2ecebdc2c9d,S104111,Failed,Verified,Verified,Approved,2024-03-07
eef3dd4e-c742-487e-acd0-31a7dc401520,S104112,Verified,Failed,Failed,Approved,2023-01-29
1fa5b820-edca-4574-8411-666dc35147f7,S104113,Verified,Verified,Failed,Approved,2023-04-16
32ee7a56-2971-4d80-b16b-6d036c62f1d7,S104114,Verified,Verified,Failed,Approved,2022-02-27
56024538-6cf1-4228-a508-d13389259d6b,S104115,Verified,Failed,Verified,Approved,2025-11-28
ef2ec509-0bc1-4e33-a9ec-66a9aaad67ba,S104116,Verified,Verified,Verified,Approved,2023-01-17
5f13a3f0-7b12-4aa2-b98c-b633662acc6c,S104117,Failed,Failed,Failed,Approved,2022-11-11
906a49ef-5992-494c-af1c-dd65fee50866,S104118,Verified,Verified,Verified,Approved,2026-06-24
3e56ea06-c8df-4c54-b2eb-44285b10e35c,S104119,Failed,Verified,Verified,Approved,2022-07-19
ca6ed270-c0df-4534-a9fc-cbccbc29d2fd,S104120,Verified,Failed,Failed,Approved,2024-08-31
cf9615ca-19b9-4921-8a65-75ee53bfb921,S104121,Failed,Verified,Failed,Approved,2025-10-29
bebb99f4-f185-47d9-9186-082a00c4f5d9,S104122,Failed,Failed,Verified,Approved,2026-02-17
e36a0c90-ab49-49ad-a388-a945c1d8d365,S104123,Failed,Verified,Verified,Approved,2025-02-13
a8b04733-e673-455b-bb3c-6de6712192d7,S104124,Failed,Failed,Failed,Approved,2022-01-06
030e6395-fa2b-418d-9a92-15f1217ea378,S104125,Failed,Verified,Failed,Approved,2023-05-27
54058a01-2dc8-49e0-8a02-68074b2d91fb,S104126,Failed,Failed,Failed,Approved,2022-03-22
bfaeca43-cd96-4781-9338-782eb03dfb38,S104127,Verified,Failed,Verified,Rejected,2025-07-22
bcc57c88-9d66-46f0-a6a7-0b93887f5cd7,S104128,Failed,Failed,Verified,Approved,2022-07-23
069a3c79-108f-4565-8c51-c283808fbfa1,S104129,Failed,Verified,Verified,Approved,2025-01-28
51f5cb7e-e975-4bd6-8a63-6ba5a0d0940f,S104130,Failed,Verified,Verified,Approved,2023-11-27
7292e764-8752-4b4d-9349-0cc4ce510e87,S104131,Verified,Verified,Verified,Approved,2022-12-24
7c03a8d3-57b5-4faa-b613-2f0b26b83b54,S104132,Failed,Verified,Failed,Approved,2026-04-17
5c1b2024-c18d-4cb7-8abd-f5fe80fc5ba8,S104133,Failed,Failed,Verified,Rejected,2023-07-06
26237a14-a118-4b8b-b8fe-562dc8c0765b,S104134,Failed,Failed,Verified,Approved,2023-05-22
272580c3-0572-4ddf-86c1-d0e50be521ff,S104135,Failed,Failed,Failed,Approved,2023-11-08
0433d97c-1d38-4f3b-b0f2-750049c2e3ec,S104136,Failed,Failed,Failed,Approved,2022-11-01
5eae6541-15ec-4897-8948-3a08cb00249d,S104137,Verified,Failed,Failed,Approved,2024-12-01
bc324a49-7787-4f68-8a09-a2930f2c2286,S104138,Verified,Failed,Failed,Approved,2022-06-14
4d8fc6e9-c341-49a2-afb2-a181f331f60e,S104139,Failed,Failed,Verified,Approved,2023-01-06
67f4062c-1def-45b4-bea4-57d4947148e2,S104140,Verified,Failed,Verified,Approved,2025-05-31
abce5304-85e3-40ae-8386-e8896104833d,S104141,Verified,Verified,Failed,Approved,2024-08-13
ae3750ce-c43b-48b0-ad99-6b2b1e6f1679,S104142,Verified,Verified,Failed,Approved,2024-03-10
57e0f61e-1603-49b4-9d55-26afd2779fe5,S104143,Failed,Failed,Failed,Approved,2022-05-22
61e567c8-a133-40e9-9de1-a084a29d40fc,S104144,Verified,Verified,Failed,Approved,2022-02-21
3b200dc9-16de-4e83-afcd-43f9f81df0c5,S104145,Failed,Failed,Failed,Approved,2024-02-23
b4628103-0442-480b-88d7-234ca5dd0531,S104146,Failed,Verified,Verified,Pending,2022-05-26
a787130c-a9df-4670-b0c1-5f8e4686ae8b,S104147,Failed,Failed,Verified,Approved,2025-01-06
0a9b3d13-0ac6-4dc0-8b87-a9be5b3613de,S104148,Verified,Failed,Verified,Approved,2025-12-23
55f16dbb-4fd7-4a9e-944a-5f1ddf26808c,S104149,Failed,Failed,Verified,Approved,2022-06-17
f2ef3eb1-08ae-457e-8d05-c1138d4f9a2d,S104150,Verified,Failed,Failed,Approved,2024-04-30
23457bfe-9650-4ed4-8dc1-4db4a406522f,S104151,Failed,Verified,Failed,Pending,2024-03-13
05ea20c5-7a41-488f-a04e-33bd214fbee8,S104152,Verified,Failed,Failed,Approved,2023-04-14
921809c9-e44f-4eaf-9fc7-a9fb67f8a403,S104153,Failed,Verified,Failed,Approved,2025-05-26
ed4639fc-0981-4c17-ae88-8bec9f7aff61,S104154,Verified,Failed,Failed,Rejected,2022-05-15
9b632d1f-4f67-4cae-a269-ce84a69bfb90,S104155,Verified,Failed,Failed,Approved,2024-03-24
3df37555-9fb2-468e-8ec8-bd3dca256296,S104156,Failed,Verified,Verified,Approved,2025-10-29
59292739-a62d-43bd-afe5-7159550026bf,S104157,Failed,Failed,Failed,Approved,2024-05-13
e5484340-da30-41c3-b22d-d541bd35c99f,S104158,Verified,Failed,Failed,Rejected,2024-11-01
f207f074-8196-4d3c-930b-6c17a644190b,S104159,Verified,Failed,Failed,Pending,2025-01-08
39aaeb92-ad80-422e-ab99-b8300a6ca2b2,S104160,Failed,Failed,Verified,Approved,2024-11-20
360ef55f-64cc-4dc5-a7c9-4eedc9dbd387,S104161,Failed,Failed,Failed,Approved,2022-08-03
4afa449f-6748-4e97-b7b0-56e68ffaecb9,S104162,Verified,Verified,Failed,Approved,2025-12-15
2a2c974c-deee-405c-a3dd-e6787cbbaa4d,S104163,Failed,Failed,Failed,Approved,2025-08-04
c56e6018-5340-4b95-9ce1-c4e74ded3f77,S104164,Failed,Failed,Verified,Approved,2024-08-02
18e741ea-be69-4262-aa92-ed68828e8496,S104165,Failed,Failed,Verified,Approved,2024-03-23
bac3c397-8623-459c-89d3-5e757c091027,S104166,Failed,Failed,Failed,Approved,2023-10-02
108b0830-5977-47e7-bc57-a737388ef1bc,S104167,Verified,Verified,Failed,Pending,2026-03-22
4bfa3a9c-c5d5-454c-835f-962fc847f156,S104168,Verified,Verified,Failed,Approved,2025-12-16
2f192ad2-aafa-4f0a-a490-017cdf0584da,S104169,Failed,Failed,Verified,Approved,2024-05-22
a2d44592-a59b-4d72-85ab-6c0d42b8f53b,S104170,Failed,Failed,Verified,Pending,2022-06-22
a173ba1a-9cd1-4ff1-888e-bb9fdf394722,S104171,Verified,Verified,Failed,Approved,2024-03-09
66c0aec2-682f-4a0a-b5cf-3e9dd46de3a8,S104172,Verified,Verified,Verified,Approved,2022-09-15
9b830f5f-abd3-4669-bf6e-d190b3cd167b,S104173,Failed,Verified,Verified,Approved,2025-02-17
bac91c21-0a66-4125-8539-dd0b09040b35,S104174,Failed,Failed,Verified,Approved,2024-05-15
363334e7-5b62-4efb-8285-85c408ecfe9b,S104175,Failed,Failed,Verified,Pending,2024-03-29
b5c62bcc-f2b7-4b0c-a83d-0e3e9779809c,S104176,Failed,Failed,Verified,Approved,2022-11-26
b393eaea-45f2-4670-84a7-53fc8c7c62f0,S104177,Verified,Verified,Verified,Approved,2024-11-21
b969f326-e6f6-4e57-9f7b-d8b9f90fa0a6,S104178,Verified,Failed,Failed,Approved,2023-06-24
8b321356-c2b6-4793-9e26-d4068cd5c981,S104179,Verified,Verified,Verified,Approved,2024-11-12
7eedbecb-6ac8-4e62-bc94-a17ccc8d6394,S104180,Failed,Failed,Verified,Approved,2026-07-11
50f10435-d798-408f-aa6c-6a31a1c88bb6,S104181,Failed,Verified,Verified,Approved,2023-06-14
affb1199-029f-445d-8d35-13751abfd7aa,S104182,Verified,Verified,Verified,Approved,2025-03-08
bd1e1745-1c07-4109-a060-f8dd934a5d8f,S104183,Verified,Failed,Failed,Approved,2022-03-22
945d5cbb-908b-4531-8d09-ba277001f96f,S104184,Failed,Verified,Failed,Rejected,2024-04-18
35f427a6-72a4-4452-b1fa-007f8080910b,S104185,Verified,Failed,Verified,Approved,2026-06-19
038fb640-d31b-44b9-bf70-e52d12d1f4b9,S104186,Failed,Failed,Verified,Approved,2024-10-09
f7f687e6-8047-4ddd-9709-5584f3d107d7,S104187,Failed,Verified,Failed,Rejected,2022-10-30
f839e104-65e3-439f-a335-d0b41d9eecb4,S104188,Verified,Verified,Verified,Approved,2022-05-08
e9394b79-8886-4eb3-b591-36906802514c,S104189,Failed,Verified,Failed,Pending,2024-01-11
e4b0796b-390e-4d14-9a47-17ac8f9a7495,S104190,Verified,Failed,Verified,Pending,2023-11-03
a06fda4b-dba1-486f-bad5-a9e2048fbc73,S104191,Failed,Failed,Verified,Approved,2025-04-28
9a4d0cd3-6135-480a-8b47-5a0b8baab659,S104192,Verified,Verified,Verified,Approved,2024-02-09
8cad12ee-2e3d-4895-adea-c79f1bcc056b,S104193,Verified,Failed,Verified,Approved,2024-12-22
19e4d432-0dfd-4bf6-9d65-c98b188ee0bf,S104194,Failed,Failed,Failed,Approved,2022-08-25
42d80add-5354-430f-809c-2120618aab82,S104195,Failed,Failed,Failed,Approved,2022-02-10
fecdd103-6292-4b95-a8aa-a4f9ed6f576f,S104196,Failed,Verified,Failed,Approved,2025-03-22
3b4c606c-706e-49a0-9ea4-29df27497654,S104197,Verified,Verified,Verified,Approved,2025-01-26
5963ec64-ddb7-4f07-a7a0-28161c988c32,S104198,Failed,Verified,Failed,Approved,2023-02-24
20923175-1ba6-473c-abf4-c68b3812bd11,S104199,Verified,Verified,Failed,Approved,2025-05-10
8025eb36-97ef-4fbe-a705-f66570fdf5e6,S104200,Verified,Verified,Failed,Approved,2023-08-11
c530dd82-2c16-4dac-a508-941473d25793,S104201,Verified,Failed,Failed,Approved,2023-12-15
c183b479-c960-4917-a96b-bf50ddef2a66,S104202,Failed,Failed,Verified,Approved,2025-02-23
5acab153-9581-4f92-a2e9-bfe4f1b0235d,S104203,Failed,Verified,Verified,Approved,2023-01-24
bee00d67-cab2-4b78-bf88-2bc2ed89a1ac,S104204,Verified,Verified,Failed,Approved,2024-06-30
4f1fd126-f11a-4e8d-9598-aab4a38d5a53,S104205,Failed,Verified,Failed,Approved,2025-11-25
09810288-5d25-4d3e-87b4-7f1d7d001529,S104206,Verified,Verified,Verified,Pending,2024-01-21
9066d2c3-a180-42af-8f57-62148e2cec82,S104207,Verified,Failed,Failed,Approved,2022-05-16
c89ce859-9dec-4934-816f-c614a5c6a74b,S104208,Failed,Failed,Verified,Approved,2022-09-22
e75bb552-775b-4ba9-9ea6-d222738bd624,S104209,Failed,Failed,Failed,Approved,2022-01-16
16ecd847-3870-47a9-a6eb-5fb73b4636dc,S104210,Verified,Failed,Failed,Approved,2025-03-11
7efc35a4-c625-4ab7-963b-e6fec2296d73,S104211,Verified,Failed,Failed,Approved,2023-06-09
096d3904-6c9f-4ca8-aece-61db18138282,S104212,Verified,Verified,Verified,Approved,2022-10-30
61f5a5ff-2c28-4830-871a-4cebe4d07cd8,S104213,Verified,Failed,Verified,Approved,2022-03-18
151dcdb3-d3b4-4fe7-b198-e627f0152751,S104214,Verified,Failed,Verified,Approved,2025-07-17
c51e8d3e-e881-44de-9593-2f7343dab136,S104215,Verified,Verified,Verified,Pending,2023-08-13
e58b2476-166a-4f46-b2a2-d82940a22096,S104216,Verified,Failed,Failed,Rejected,2026-07-06
d9214aec-0971-4ee4-953d-6bba6ada3e53,S104217,Failed,Failed,Verified,Approved,2025-01-13
1ad37068-c41c-47a9-8332-b20b43d114f4,S104218,Verified,Failed,Failed,Approved,2022-06-15
42e05a09-6e1d-4daa-af73-6fd95eb6f2d8,S104219,Failed,Failed,Failed,Approved,2023-10-05
aea3d11f-5852-4681-b7f2-9e7a48af9003,S104220,Verified,Verified,Verified,Approved,2025-12-13
a203ea36-bd67-49d9-800e-c4c8a8db68f8,S104221,Failed,Failed,Failed,Approved,2025-06-18
caa32b67-e726-4935-997f-102f24b81d3d,S104222,Verified,Verified,Failed,Approved,2026-07-10
492a9c8a-9897-4e99-bd10-fc0c6a01a24f,S104223,Verified,Verified,Failed,Approved,2024-02-23
41c79191-5e7e-4704-bc6c-12c8ba7871a4,S104224,Verified,Failed,Verified,Approved,2026-03-25
d6db086d-ac54-4f27-a8ec-902716187c53,S104225,Failed,Verified,Verified,Approved,2024-02-18
1d501b3a-e22b-46d6-8c54-501292c783a0,S104226,Verified,Failed,Verified,Approved,2023-11-16
baf4898d-ee99-4e2f-b81d-268dd5d13fdb,S104227,Verified,Verified,Failed,Rejected,2024-08-04
0b66c0de-8ec5-4ffe-b681-16e6d15b6ac2,S104228,Verified,Failed,Verified,Approved,2024-08-09
7c2febce-8188-4021-984d-cca241192e85,S104229,Failed,Failed,Verified,Approved,2025-11-29
055ae18d-2291-4893-adb6-dd4cd417ff68,S104230,Verified,Failed,Failed,Rejected,2024-08-04
8c2e4454-cf82-479e-b079-49c69a5a4d67,S104231,Failed,Failed,Verified,Approved,2023-03-13
3f1c9fa1-71b9-46b1-b13c-b853ced76903,S104232,Failed,Verified,Verified,Approved,2025-02-17
53446b19-ee4f-459e-a465-b541981f6add,S104233,Verified,Failed,Verified,Approved,2023-11-22
e621de87-4ffd-45d7-aa2f-18bebc66bd92,S104234,Verified,Verified,Verified,Approved,2024-07-21
ab8cd00e-79a8-4e2c-9116-abc92c724fcb,S104235,Failed,Failed,Failed,Approved,2022-05-27
cd38c83f-b47d-44a0-809f-4bd96ab9af93,S104236,Verified,Verified,Verified,Approved,2024-09-15
ad060c21-a8ee-4e1b-8804-739b7c602f06,S104237,Failed,Failed,Verified,Approved,2026-06-15
42f399bb-6fc2-47ed-8f9d-3bc01efe211c,S104238,Verified,Verified,Verified,Approved,2025-01-13
452fcdeb-e4bf-4a1b-834d-627fd8489d22,S104239,Verified,Verified,Verified,Approved,2025-04-12
6f71d28a-2b9c-438f-8bf8-4d9700def351,S104240,Verified,Verified,Verified,Approved,2023-07-20
5a3094f1-30b9-4ead-9fbc-c5f0b19c4b30,S104241,Verified,Verified,Failed,Approved,2024-01-15
53573ede-27a8-4fcf-884c-578f30f7d6e6,S104242,Failed,Verified,Verified,Approved,2022-03-26
1618a0fc-62a8-4f43-976b-aa215a6cbd88,S104243,Failed,Failed,Failed,Approved,2026-02-02
d137a1f1-24b4-41e7-b28c-8b868e96ac56,S104244,Failed,Failed,Failed,Approved,2025-09-27
27060974-b849-4f8c-ae24-5d18f1d5117c,S104245,Verified,Failed,Failed,Approved,2022-11-15
888a711c-3533-4e4b-9699-d28ad4c466d3,S104246,Failed,Failed,Failed,Approved,2024-03-10
dcf36167-1f75-414a-b058-bd1b417e26a4,S104247,Failed,Failed,Verified,Approved,2025-11-20
12886be9-583c-491a-9c2e-8c46b01c3c95,S104248,Failed,Failed,Verified,Approved,2025-04-05
aac16152-935d-4c24-8246-dd11d7abd797,S104249,Verified,Failed,Verified,Approved,2022-06-27
21ed17e4-ee02-4e41-85ee-7f095a00a3e5,S104250,Failed,Failed,Failed,Approved,2025-12-20
5cadda90-a0e0-405e-b7bd-f0fddee85c08,S104251,Verified,Verified,Failed,Rejected,2022-10-09
7b32bb5b-ddc3-4612-a430-5fa4c5d1be1f,S104252,Failed,Verified,Verified,Approved,2024-02-29
66e70e38-5e27-4d80-81b2-634a56da4c58,S104253,Failed,Failed,Verified,Approved,2024-11-08
a37c1f11-80d9-4074-8a89-f143e711d038,S104254,Verified,Verified,Failed,Approved,2025-11-12
461c5e81-e79c-43e5-82b3-a59d0fcf6e75,S104255,Failed,Verified,Verified,Rejected,2024-07-23
ec337edc-868d-4c9b-a076-eab8a5b0eca4,S104256,Failed,Verified,Failed,Approved,2022-12-29
704834f2-0363-48ee-b276-b4052c0325fa,S104257,Failed,Verified,Verified,Pending,2025-12-27
26bb6670-1262-4b56-b887-343f2806d3e5,S104258,Failed,Failed,Verified,Pending,2022-05-20
4e8debc9-349d-47d8-b02a-6cfa642bafb0,S104259,Verified,Failed,Failed,Approved,2023-03-23
2f304dd5-a9f9-4896-b138-5e6f0859b9f0,S104260,Verified,Verified,Failed,Approved,2024-08-16
7d1c493c-363e-4337-9e49-1eefa8154f36,S104261,Failed,Verified,Failed,Pending,2023-10-18
bbb9c175-1af6-4451-afb1-398b878d2cfa,S104262,Failed,Failed,Failed,Approved,2026-07-05
681e1f75-26c5-4ced-bf8c-0b76c873b8b0,S104263,Verified,Failed,Failed,Approved,2025-06-27
3f596bcb-7388-473d-a88a-1b6f7848e499,S104264,Verified,Failed,Failed,Approved,2023-03-25
68d02a04-e0de-4385-a797-34d33e6c7ac9,S104265,Failed,Failed,Verified,Pending,2024-12-16
ea77c46c-7278-4e08-b2e6-373a2018863d,S104266,Verified,Failed,Failed,Approved,2025-03-06
4a9a870e-7060-47d2-adf6-a277b89385d0,S104267,Verified,Failed,Failed,Approved,2024-04-19
55f342ab-9d49-42b0-a1d0-8b546f35f934,S104268,Verified,Verified,Failed,Approved,2022-02-18
823a01c5-cb22-437a-81b1-2160e9596e83,S104269,Verified,Verified,Failed,Approved,2026-05-01
a2727190-94a4-4fd4-9fa5-a23ddc23a6c9,S104270,Verified,Failed,Failed,Rejected,2023-09-05
62827ba8-c327-4928-8afb-483ed832b435,S104271,Verified,Verified,Failed,Approved,2022-08-02
a3e1de7c-7243-4f08-b833-36538994e7d2,S104272,Failed,Verified,Failed,Approved,2022-05-28
4b522d57-c0a7-4a27-b532-ac23b4d57cd5,S104273,Verified,Failed,Verified,Rejected,2022-01-17
f9c2f1f5-26ab-4eb4-af9d-65829564d534,S104274,Failed,Verified,Failed,Approved,2025-08-07
9b6ab5dd-44bb-44b2-8a1e-8e91933edb88,S104275,Verified,Failed,Verified,Approved,2023-01-17
12ab21e5-c990-4529-b1a2-48049c4ea246,S104276,Failed,Failed,Verified,Approved,2026-05-13
58b95614-7d2e-4a62-aac5-dc433385611c,S104277,Failed,Verified,Failed,Approved,2023-12-05
28300b56-7eb2-42b7-a283-effca31ff2e9,S104278,Verified,Failed,Failed,Approved,2025-02-03
ba49819b-d449-4331-9dc7-fbf2fcfa005d,S104279,Verified,Verified,Verified,Approved,2022-06-21
68abac0a-673d-4440-a26d-3784c01167d1,S104280,Verified,Verified,Failed,Approved,2022-12-21
d0a2c065-b595-48ae-82b8-ee76812fac3b,S104281,Failed,Failed,Failed,Approved,2026-05-20
012bf449-e06c-4f09-b6c4-8c4a9a817d76,S104282,Verified,Verified,Verified,Rejected,2025-06-30
3adb5e34-5490-46d7-afce-8394e8ea474d,S104283,Verified,Failed,Verified,Approved,2026-07-21
e5c6c8a4-6c35-4ce8-a62d-b9df6782acf7,S104284,Failed,Verified,Verified,Approved,2023-10-27
35909433-805b-4c77-a56b-3436706b771e,S104285,Verified,Verified,Failed,Approved,2024-06-25
30fee952-0820-4cc5-afcd-3efcc364c6ff,S104286,Verified,Verified,Failed,Approved,2024-03-20
e6e5a2fc-1f99-4add-a596-d05e135d4b7d,S104287,Failed,Verified,Verified,Rejected,2026-04-10
34d62f88-c6eb-49cc-b613-e519b691f8fb,S104288,Verified,Failed,Verified,Approved,2025-03-05
733f4ae0-7bd1-4d83-9b78-376bdfd1d149,S104289,Failed,Failed,Verified,Approved,2025-10-29
3e4a9853-576f-4394-83ca-d65998ccaae2,S104290,Verified,Verified,Verified,Approved,2022-08-12
3516545c-ea46-4cd2-8a8e-1a0a4d6a8c85,S104291,Failed,Verified,Failed,Approved,2024-01-06
38bb5034-88b4-4db1-ae3b-0ab28df8d56c,S104292,Verified,Verified,Failed,Approved,2023-01-31
a778ad6f-1a10-4949-b31f-e7c7307d474c,S104293,Verified,Failed,Failed,Rejected,2025-08-26
aa2cd9c9-f909-4f89-8ba5-27cd51a34cf3,S104294,Failed,Failed,Failed,Approved,2025-11-19
1888b324-ba63-4893-a314-dce1f0ff606e,S104295,Failed,Verified,Failed,Approved,2022-08-13
65e42fe8-1afb-41b6-8406-7fdb83186314,S104296,Verified,Verified,Verified,Approved,2023-01-28
d15ba370-8a61-4af5-8790-6de7671edfd3,S104297,Verified,Failed,Verified,Rejected,2023-08-29
6c62487f-3fe1-40e4-a853-31c802e69e89,S104298,Verified,Verified,Failed,Approved,2026-05-14
de641c67-0eee-41c3-89a9-b21c229aa147,S104299,Failed,Failed,Failed,Approved,2026-04-15
38da5624-98d4-40d7-9f0d-c8711e861ea4,S104300,Verified,Verified,Verified,Approved,2023-11-06
b17086f6-d628-44bf-874c-298380300bac,S104301,Failed,Failed,Verified,Approved,2022-11-27
a4fab880-9d56-4064-aa19-5e1cbcd38d59,S104302,Verified,Failed,Failed,Approved,2022-09-23
31a68992-f47d-4f5e-9d88-86efdf942c96,S104303,Verified,Failed,Verified,Approved,2024-09-20
46a9fe93-5a86-4729-9c3f-cf29126c25f9,S104304,Failed,Failed,Failed,Approved,2026-03-19
e4e35a7a-ab0b-482a-a2a2-be81c65f6b54,S104305,Verified,Verified,Failed,Rejected,2023-12-20
8b4f36e8-7be9-41d4-9038-df5e3db02f45,S104306,Verified,Verified,Verified,Approved,2024-06-20
7c147663-5c06-48c9-9820-9669e8ba0777,S104307,Verified,Verified,Failed,Pending,2026-04-02
162a895f-cf22-4625-8295-4e0c3efe73b3,S104308,Failed,Verified,Failed,Approved,2023-03-04
cdb00b1d-946d-47eb-9149-0beedc39ae23,S104309,Failed,Verified,Failed,Approved,2022-07-30
60a9154d-ac7a-41c0-8580-4992159f27e6,S104310,Failed,Failed,Verified,Rejected,2024-06-29
80071501-0326-4324-ad22-7438c65fd9b0,S104311,Verified,Failed,Verified,Approved,2026-07-20
3c558ee2-2ef0-44a7-9895-8c166b94c953,S104312,Failed,Verified,Failed,Approved,2025-11-10
0f423f8a-5a6c-427b-a14b-58b8b739b772,S104313,Verified,Verified,Verified,Approved,2024-12-04
f358d9ff-09b2-4305-a5ad-76734a2a0677,S104314,Verified,Failed,Verified,Rejected,2023-11-12
fd25f1a7-e9b0-4bc1-a90f-d76124224f75,S104315,Verified,Failed,Failed,Pending,2023-01-13
24bfcb38-cf4b-400d-acb1-e1bda72c6899,S104316,Verified,Verified,Verified,Approved,2023-06-20
7e94b9bc-f3b0-439b-9ce2-0a2b4f99b788,S104317,Verified,Verified,Failed,Approved,2024-11-26
21bf724e-9ae9-4391-a39b-e4bc8d5ca266,S104318,Failed,Failed,Failed,Approved,2022-01-20
f58e20c9-ec73-4eed-aedf-a6212504fda1,S104319,Verified,Verified,Verified,Approved,2022-10-15
c8256291-a369-45c9-9ad1-e843563e787c,S104320,Verified,Verified,Verified,Approved,2022-03-10
257b92de-b241-4aed-be3d-c3e58cddfdd5,S104321,Verified,Verified,Verified,Pending,2025-09-17
6d1f7a3a-e4cd-4319-b552-51ecde6b51a5,S104322,Failed,Verified,Failed,Approved,2023-04-09
f15907c1-196b-4f6b-a427-3fc2f62fca99,S104323,Verified,Failed,Verified,Pending,2024-02-03
565c9f6a-3ea5-46b0-86be-d439cac564c7,S104324,Verified,Failed,Failed,Approved,2026-06-14
20186b59-6a72-48c1-b499-8f1e0b096487,S104325,Failed,Failed,Failed,Approved,2023-05-07
4a01d77e-8784-4ab0-8f72-cd6410a7c256,S104326,Verified,Failed,Failed,Approved,2025-03-04
ddcf879a-52b5-404b-93cf-9b2c087d8e15,S104327,Failed,Verified,Failed,Approved,2024-11-05
e3d7954f-9d11-463c-9827-72e17ae5b44e,S104328,Failed,Verified,Verified,Approved,2025-01-15
a6cff4a0-ec58-41c4-bf15-575394f9a7cd,S104329,Failed,Failed,Failed,Approved,2025-12-24
b5875e15-22cd-4ff0-a509-ff920485772c,S104330,Verified,Failed,Failed,Approved,2026-01-26
1075ac32-8601-4a70-a25f-d6119d790f80,S104331,Failed,Failed,Verified,Approved,2024-10-15
9c9e0e0c-ffb3-47bc-9078-02120983fd67,S104332,Failed,Verified,Failed,Approved,2025-01-14
2f166543-5a93-416c-a47f-499d7a44e6d7,S104333,Verified,Failed,Verified,Approved,2024-05-07
87edf6c6-6c32-4888-b4bd-7373de04aa49,S104334,Verified,Verified,Verified,Approved,2026-06-12
5fc98d0a-eeca-43ec-ab1c-39c36549fe09,S104335,Verified,Failed,Verified,Approved,2023-11-26
36e47a8e-888c-44db-bb09-e6890cb3bcc3,S104336,Failed,Failed,Verified,Approved,2023-08-28
c346e02a-17cb-4b96-8d66-796b6b330d06,S104337,Failed,Verified,Verified,Approved,2026-03-29
cf3cf4be-ee13-4e73-8ea1-95d7642e6bcf,S104338,Failed,Verified,Failed,Pending,2025-10-13
1d1c240e-29f9-47b5-aecf-9fa5ac722e8c,S104339,Failed,Failed,Failed,Approved,2024-01-31
f42d6d00-7149-4c4f-8abe-b05c4a791f0b,S104340,Failed,Failed,Failed,Pending,2022-07-15
322abec8-fc52-4f6c-b896-5c3439dd752a,S104341,Failed,Failed,Verified,Rejected,2025-05-07
f941e86e-af97-4123-8684-2d760dcd7f27,S104342,Verified,Failed,Failed,Approved,2023-12-15
47d3aa3e-ec6c-42f2-952f-9129741081a8,S104343,Verified,Verified,Failed,Approved,2024-04-26
04947595-941c-440e-b29b-5d2ec122310f,S104344,Failed,Failed,Verified,Approved,2025-09-27
9a4f421e-0290-420b-9e7e-b52031ec3c1c,S104345,Verified,Verified,Verified,Approved,2023-11-17
06b2d29c-27b1-4b69-b43c-9f5ae4c6ed5a,S104346,Failed,Failed,Failed,Approved,2022-04-18
d873ef5a-575e-4a77-8d53-16d1e9d54ab5,S104347,Failed,Failed,Failed,Approved,2022-03-16
64228ad6-aa3a-46b7-bd2a-9da3ca5c6f9a,S104348,Failed,Verified,Verified,Rejected,2026-02-23
0a20cadc-cbcc-454b-a5d6-7be42d55455b,S104349,Verified,Verified,Failed,Approved,2023-07-14
2d61a77a-a1ea-452e-81dc-93be7b7cfb7f,S104350,Failed,Failed,Failed,Approved,2023-06-13
48d7f57e-ef8d-481d-a6e7-9f1ffc258627,S104351,Verified,Verified,Failed,Approved,2025-04-05
d3487c0a-837f-4bc8-8911-0cde7e106540,S104352,Verified,Failed,Verified,Approved,2025-10-08
72ea0f6d-a73d-45c1-a48f-5d7f538cbdcb,S104353,Failed,Verified,Verified,Pending,2024-08-27
88c55582-b75d-4aef-85ff-e0ee9faae3df,S104354,Verified,Verified,Failed,Pending,2024-11-29
2bfa03b3-9db5-4ce2-8797-2353d7d67d92,S104355,Failed,Failed,Failed,Approved,2025-11-10
763b8db1-2b11-4965-bb25-359a10280aae,S104356,Failed,Failed,Failed,Approved,2023-06-24
e3c72dd6-1e01-4875-886f-5fed3a79374e,S104357,Failed,Verified,Verified,Approved,2023-02-13
2715c870-2c92-428b-b074-fc065486523d,S104358,Failed,Failed,Verified,Approved,2022-07-18
350bead6-d380-4ba7-88e0-24f0989701d9,S104359,Verified,Failed,Failed,Approved,2025-09-20
74197c75-932c-40d6-a29b-6b0d2c44888c,S104360,Failed,Verified,Verified,Approved,2025-10-02
f6cd5a04-2cb6-4d24-add3-0b59abadd1a4,S104361,Failed,Failed,Verified,Approved,2023-12-04
0984258c-4184-4e1e-93f6-16eec556bc04,S104362,Verified,Verified,Failed,Approved,2023-12-20
abb75c29-97b8-4e38-8bf5-843d1cb4c994,S104363,Failed,Verified,Verified,Rejected,2026-01-10
8cf88bd1-3fb2-437c-ad0c-7f25da7e6419,S104364,Failed,Verified,Failed,Approved,2024-09-12
e4964807-d883-48fe-b362-b7caaf165f69,S104365,Failed,Failed,Verified,Approved,2022-09-26
e2223dfc-c556-4f93-bd42-f43a4bb59717,S104366,Verified,Verified,Failed,Approved,2023-08-31
a410f7a9-3c16-46e6-8aa8-fd225e29fac0,S104367,Verified,Failed,Verified,Approved,2026-07-01
66dd91f7-8979-4a78-8180-098a15d75f31,S104368,Verified,Failed,Failed,Approved,2025-02-20
99a3b137-5c6a-4de5-8fb0-71eac993cf81,S104369,Verified,Verified,Verified,Approved,2025-10-31
0d573748-8bcb-47d2-b45b-89ba44ad0ca1,S104370,,Failed,Failed,Approved,2022-03-02
a1118eaf-d061-434d-b9bd-c5f90eb3c47f,S104371,Verified,Verified,Failed,Rejected,2022-03-16
2c779434-92f0-4491-9485-d1abd4c69a13,S104372,Failed,Verified,Failed,Approved,2023-06-16
c0e6c31e-4504-4404-bb7a-3a14bc87b2c3,S104373,Verified,Failed,Verified,Rejected,2026-05-06
693d41cd-6658-41e1-b778-ad376db266dc,S104374,Failed,Failed,Failed,Approved,2024-11-14
85f31c88-d5f9-4647-9941-5464fcab6032,S104375,Verified,Failed,Failed,Approved,2022-04-19
59b2eb78-d79f-4d9f-ba60-e32a3dffa2aa,S104376,Verified,Failed,Failed,Approved,2025-05-11
a64a0cf0-a376-41d7-ba62-c8cb5c069b53,S104377,Failed,Failed,Verified,Approved,2025-10-05
47b76f3c-045e-42f9-a5f8-8f345d91b97f,S104378,Verified,Verified,Failed,Approved,2026-03-08
8b4db6dc-5610-4399-ab09-81b6d4e26024,S104379,Failed,Failed,Failed,Rejected,2025-03-10
5c61fd8d-7e2a-4ced-8a27-527c3e775b7f,S104380,Failed,Failed,Failed,Approved,2025-06-29
bddefefa-dfdf-4727-837c-021609e7bfe1,S104381,Verified,Verified,Verified,Pending,2022-06-05
f82474e1-76fb-4956-bf67-c2e37ff2fd87,S104382,Verified,Failed,Verified,Approved,2023-07-31
0de0d071-94c0-4a1f-9df8-76ab0806787c,S104383,Failed,Verified,Failed,Approved,2026-03-31
719cec78-1d95-474f-b033-7244bb53b061,S104384,Verified,Failed,Failed,Approved,2022-10-21
a15176d1-1851-408c-a512-4d94ca1f8f77,S104385,Verified,Failed,Verified,Pending,2025-12-29
3a1e1132-cb29-4e3d-93ea-e6bae0f9eeb1,S104386,Failed,Verified,Failed,Approved,2022-08-16
966a58d6-fdca-4f20-9cd1-5fc8c4110138,S104387,,Verified,Failed,Approved,2024-08-19
48627ff2-009a-49ba-8015-3e13b4e49cb1,S104388,Failed,Failed,Verified,Approved,2024-10-15
1c286380-3c89-4ca4-b5a0-56373164e879,S104389,Failed,Failed,Failed,Rejected,2026-02-21
ac5f543d-5ff0-4e74-81e2-81edce622209,S104390,Failed,Verified,Failed,Approved,2022-08-30
43bf9523-6ba7-4cab-94a7-df0e6bad7a71,S104391,Verified,Failed,Failed,Approved,2024-04-09
1559727f-0c7b-481e-9d93-7e2504b4fa56,S104392,Failed,Failed,Failed,Approved,2024-10-27
1733dcde-07ef-4d7c-a7dc-50564ff84ab1,S104393,Verified,Verified,Failed,Approved,2024-12-14
332c6797-ad5b-4ba7-9e3a-e7ede2fbdf5f,S104394,Failed,Verified,Verified,Approved,2025-06-19
3573fdb6-eb29-4beb-abd9-539bfd2e0962,S104395,,Verified,Verified,Approved,2022-03-26
d965a8ee-01d3-4216-af82-ffd653ae2240,S104396,Verified,Verified,Failed,Approved,2022-09-15
fc78bdee-2a97-4399-af4d-aa4fef9a1893,S104397,Failed,Failed,Verified,Approved,2022-08-17
621a80d2-f8c4-4cff-8f38-44ad2c950efa,S104398,Failed,Verified,Failed,Approved,2026-02-24
35025f9c-9129-4c49-afc3-6a820df78c97,S104399,Verified,Failed,Verified,Approved,2026-02-17
be450d5b-6342-418d-bd5c-7a5b13c76f08,S104400,Failed,Failed,Verified,Approved,2024-08-15
62e679af-c2b2-4906-a165-5c1f46bd672f,S104401,Failed,Verified,Verified,Approved,2024-07-23
3a0a081d-efd7-4b67-967f-423a660b29ab,S104402,Failed,Failed,Failed,Approved,2022-03-22
18308f4c-610f-449e-9df1-d63b3b298d59,S104403,Failed,Failed,Verified,Approved,2023-10-31
8cbb6714-e775-47fe-8d6f-a6314af73bde,S104404,Verified,Failed,Verified,Approved,2025-11-14
1afbbe0b-30b7-47cb-a7fa-557ef4145465,S104405,Verified,Verified,Verified,Approved,2025-12-16
15f16ccc-79b1-4c37-9055-a10d01ff4957,S104406,Verified,Verified,Verified,Approved,2026-06-19
9a20f59a-1efe-44c9-b2e9-ac5db0ebc8b3,S104407,Verified,Verified,Verified,Pending,2022-04-30
5101eeba-4b8b-42a2-9503-5bc6cb40526b,S104408,Verified,Verified,Failed,Approved,2023-04-18
400330d6-bd0c-4952-abd6-6ca677117b4d,S104409,Verified,Failed,Verified,Approved,2025-08-09
1c31c133-c32d-497b-959e-74810bd3d718,S104410,Verified,Verified,Failed,Approved,2026-03-30
9299ab6c-a307-4c38-aa76-f56d9a8d9ca3,S104411,Verified,Failed,Failed,Approved,2026-05-01
12d7a1ec-8dd8-499a-8762-25825caaa0c7,S104412,Verified,Verified,Verified,Approved,2025-12-21
02f92c9c-b5b2-446a-a55f-6b6d9917a013,S104413,Verified,Verified,Verified,Approved,2025-05-14
c1d055fc-d47d-4257-976c-e1000174386d,S104414,Failed,Verified,Failed,Approved,2022-05-20
c577679b-69be-4a26-952c-c912d05a2d3c,S104415,Failed,Verified,Failed,Rejected,2023-10-20
3b958668-cf00-4651-8c44-cd2270e3cee9,S104416,Failed,Failed,Verified,Pending,2022-04-12
cd752ade-2844-49d6-9bad-29aaa33f7fd3,S104417,Verified,Verified,Verified,Pending,2022-06-15
5d63a316-39d0-4f87-bf6c-31a46acd5724,S104418,Failed,Verified,Verified,Approved,2024-04-22
78caad0e-1647-4c45-9e7c-0b07991d235e,S104419,Verified,Verified,Verified,Approved,2026-05-03
5c8bfec4-3d16-4ecf-aea4-8d19ccbe0940,S104420,Verified,Verified,Verified,Approved,2025-01-28
3d641028-1c03-4ebe-8384-00612e9f5993,S104421,Verified,Failed,Failed,Approved,2025-02-25
266b249a-0733-43d6-b1fa-c66ba6f3f7af,S104422,Verified,Failed,Verified,Approved,2026-03-11
edaf3b1d-ce68-4173-af8b-5508b45bda79,S104423,Verified,Failed,Failed,Approved,2023-09-05
c1d10053-c88b-47ed-86fa-422cf8ff156e,S104424,Failed,Failed,Failed,Approved,2025-10-10
190a6307-fe87-42cd-ba9b-9f906059f07a,S104425,Failed,Verified,Verified,Pending,2022-06-28
5397b17a-6a09-405b-a598-1eee0de813df,S104426,Failed,Failed,Verified,Approved,2025-08-14
2b24e201-058e-44fa-ac65-ffc0be13e321,S104427,Verified,Verified,Verified,Pending,2026-06-24
f7844233-2ae8-4613-94c4-3fa84b7b78a7,S104428,Failed,Failed,Verified,Approved,2022-05-11
721cc013-e234-48a5-9dc7-f692317a1cea,S104429,Verified,Verified,Verified,Approved,2025-08-12
14c676e2-499c-47c2-b19c-872d70b78695,S104430,Verified,Verified,Failed,Approved,2025-10-24
0b396a3c-9479-46df-8d0f-41b3aa0f14a8,S104431,Verified,Failed,Failed,Approved,2022-11-21
7f958cc7-15e0-4ea2-b887-92b75e015e82,S104432,Verified,Verified,Verified,Approved,2026-02-25
20e5b5b5-26b2-4825-b10f-83a6564e37d8,S104433,Failed,Failed,Verified,Rejected,2025-07-03
aea93789-dd1e-4608-bef9-34f9b69e655a,S104434,Verified,Failed,Failed,Approved,2022-01-13
d8d79d83-9e3e-4bd3-ae12-63bb9fc1673b,S104435,Verified,Failed,Failed,Approved,2023-05-28
cad96925-b1b0-4b73-be42-73c3d5ffb90d,S104436,Failed,Verified,Failed,Approved,2022-10-11
29c86f81-590e-42f9-84b8-106cad7d10c6,S104437,Failed,Failed,Failed,Approved,2024-10-23
50df607e-1f3c-49ca-bc2a-dd9a64cdca8e,S104438,Verified,Verified,Verified,Approved,2022-03-30
e9a5aa16-f1a1-4e41-b6ef-5c6a86e47439,S104439,Failed,Failed,Verified,Approved,2022-04-24
e8fd5008-b401-46ea-9fdb-ba6b85cbad8d,S104440,Verified,Failed,Verified,Rejected,2025-05-08
98433c3a-862b-48fe-acad-8838d80d9ffd,S104441,Verified,Verified,Failed,Approved,2026-02-22
66aad539-1d87-4212-b6d5-f842cea58c3e,S104442,Verified,Failed,Verified,Approved,2022-07-05
dca34d32-8dc8-456c-ba8b-d808d0cfde2e,S104443,Failed,Verified,Verified,Approved,2023-12-15
f886a4fe-7a33-4a97-9940-0fb93fd0734f,S104444,Verified,Failed,Failed,Pending,2022-04-25
f5048b49-dda3-4d1c-9137-31aa1b1b9803,S104445,Failed,Failed,Failed,Rejected,2023-07-31
42101b3a-1112-4e27-97f7-3c9c1d02eac3,S104446,Failed,Verified,Failed,Pending,2025-10-10
1db2cd36-435a-4730-b92b-6c2329986aae,S104447,Failed,Verified,Failed,Approved,2024-05-25
ce53cccf-b3a3-47e0-8af2-7e30283f2db6,S104448,Verified,Failed,Verified,Approved,2022-09-14
5d4033db-fe76-43e5-8fcf-1b1c80313984,S104449,Failed,Verified,Verified,Approved,2026-04-23
6a9db267-f755-4de6-8e2b-a728e307b2f2,S104450,Failed,Verified,Verified,Approved,2022-07-11
ea518c9d-1309-449d-b782-66d47089a753,S104451,Verified,Failed,Verified,Approved,2026-01-19
71944cc4-3432-47a7-af6b-6c36ac3c498f,S104452,Failed,Verified,Verified,Approved,2023-03-10
784f7e7e-bdb6-4680-ac4f-914e1308ee35,S104453,Verified,Failed,Verified,Approved,2024-09-07
b6c5f197-e280-4a23-9770-2e6ee54cb568,S104454,Verified,Verified,Failed,Rejected,2023-10-18
e42fdb23-92c8-41d0-97a8-0f514381b238,S104455,Verified,Failed,Failed,Pending,2025-05-31
68ed0c12-aeb1-41f9-8023-cbfaec0be929,S104456,Failed,Verified,Failed,Approved,2024-05-07
4f6d8d2d-5238-4ed8-98dc-47f966fc4c9b,S104457,Failed,Verified,Failed,Approved,2025-08-10
a79768b5-5146-4018-b1a5-7a1be79a2e24,S104458,Failed,Verified,Verified,Pending,2026-03-13
79c0009b-5a15-4e27-8af1-934e0db27d4f,S104459,Verified,Verified,Failed,Approved,2026-04-05
312a9888-0142-42cc-907b-e54ebd82c6fd,S104460,Failed,Failed,Verified,Approved,2025-02-18
1f4b83af-e48d-4971-81e7-926741110b33,S104461,Verified,Failed,Failed,Approved,2024-03-02
173c260b-cb88-4c8a-bb00-6331a64789f0,S104462,Verified,Failed,Verified,Approved,2022-08-25
e207e30e-673f-4805-be30-0a33eee23b99,S104463,Verified,Verified,Verified,Approved,2022-12-25
0767c4b4-7625-48f8-96de-ad77e806f8bb,S104464,Verified,Verified,Verified,Approved,2024-09-10
a676de14-34cf-47b1-9ab1-2b94630f51d2,S104465,Failed,Verified,Verified,Rejected,2023-05-04
1a80dbd6-1d04-48e4-8969-d1ede07876b4,S104466,Verified,Failed,Verified,Rejected,2023-11-09
369566b7-73b2-4053-a02f-590dac0ef414,S104467,Verified,Failed,Failed,Approved,2024-08-17
17295279-db69-4162-b8be-7cd288420c39,S104468,Verified,Verified,Failed,Rejected,2022-04-20
a1a7b901-85b8-4e9a-b3ce-346faa279626,S104469,Failed,Verified,Failed,Approved,2022-03-15
747fee18-167d-4369-a664-e522d40841fd,S104470,Failed,Verified,Failed,Approved,2023-04-06
3e9062a7-f001-477f-8794-bf3b298ea5e0,S104471,Verified,Failed,Failed,Pending,2025-04-12
964e3cf5-785a-4952-9161-f577f6fdc5a7,S104472,Failed,Failed,Failed,Approved,2025-09-22
d6ad4e6f-f47c-4797-9b8f-59096174496e,S104473,Verified,Verified,Failed,Approved,2026-01-21
07d8db58-0320-4c1b-8270-710e6c0103a5,S104474,Verified,Failed,Verified,Approved,2026-07-31
aa6b90f3-1056-460e-91da-3e74104b746f,S104475,Failed,Verified,Failed,Approved,2024-10-22
ee0d0354-a663-43a1-9a22-505cc64bc7b1,S104476,Failed,Verified,Verified,Rejected,2022-01-07
4a6fde70-5133-4523-a933-45b8bc5f8a5b,S104477,Verified,Failed,Verified,Pending,2024-01-09
6618789c-c7f9-4638-a13f-d464db14e950,S104478,Failed,Verified,Failed,Approved,2025-03-12
e4f3ada1-b5a8-4861-8ea7-fc22b9094ff2,S104479,Verified,Verified,Verified,Approved,2023-02-06
d1e54803-8d8e-4b2b-b00c-4626df86ab09,S104480,Failed,Failed,Failed,Approved,2025-11-28
4a78f144-da0f-4782-a607-8820f5928bea,S104481,Verified,Verified,Verified,Approved,2026-05-08
debce18f-6bd0-4587-9f7b-1b5a133b1bed,S104482,Verified,Failed,Verified,Approved,2022-01-20
c32634d7-456f-41b9-b4ad-b14847b88c49,S104483,Failed,Verified,Failed,Approved,2025-01-19
f5dc5ffe-4d8e-44bf-ac2a-ca2fb04187f4,S104484,Verified,Verified,Failed,Approved,2025-05-01
d7a66a52-fc9a-4ff4-b515-cd4ca929b118,S104485,Verified,Failed,Verified,Approved,2024-03-22
40e3fe26-1f42-4ffe-9612-3ecd11d8f7b4,S104486,Verified,Verified,Verified,Approved,2023-06-07
512db423-7918-450b-bfa2-03b5e0e7a0f9,S104487,Failed,Verified,Failed,Approved,2026-02-04
65503df5-a8ac-4e8c-8aa9-040ae0adad94,S104488,Failed,Verified,Failed,Approved,2022-02-07
46560d3a-24fd-4cde-afbe-5698f1502003,S104489,Verified,Verified,Verified,Approved,2025-07-16
2556c6c5-8736-4a9f-80bd-ac2de8d9d2b4,S104490,Failed,Failed,Verified,Rejected,2024-06-22
d7cc2646-f3cc-44e5-ba94-3e45207e73da,S104491,Failed,Verified,Verified,Approved,2022-12-25
e5019b1e-6ce8-46d7-a4eb-a7530ffc8725,S104492,Failed,Verified,Verified,Approved,2025-06-16
2054eea7-4b39-48a9-a1de-e95afe277243,S104493,Verified,Failed,Verified,Pending,2024-10-09
1448b067-cbed-4db9-92c2-ef31be0a3d76,S104494,Verified,Failed,Verified,Approved,2026-06-18
42ff86b5-82de-4053-abaa-2aca6c37fb5f,S104495,Verified,Verified,Failed,Approved,2025-08-05
84bdb077-396c-43a8-8e08-4ce5667c1df7,S104496,Failed,Verified,Verified,Approved,2025-03-21
98fc24eb-f100-4fd6-b303-a65fce837e3c,S104497,Verified,Verified,Verified,Approved,2023-12-05
a0bef0ee-1909-4fbe-9903-4bd7cf174634,S104498,Failed,Verified,Failed,Approved,2025-02-22
261847b1-9d06-43fe-9683-3c67b3a22bae,S104499,Failed,Failed,Verified,Pending,2024-02-01
b07f7157-eb5a-43dd-8771-a24f3cf1e41b,S104500,Verified,Verified,Failed,Approved,2023-04-14
2598c556-518f-48f3-a412-b5886c2d8334,S104501,Failed,Verified,Failed,Approved,2023-09-29
7ec87a51-c0e9-43aa-9872-c46a108b90e6,S104502,Verified,Failed,Failed,Approved,2022-05-29
5322ee8f-41d2-46e9-acb8-5bd4496035f2,S104503,Verified,Failed,Failed,Approved,2024-10-02
3bce8fcd-ece9-4846-82e1-450230360f50,S104504,Verified,Verified,Verified,Approved,2025-06-07
c0873379-6ee3-4080-b251-e040193a8a83,S104505,Verified,Failed,Failed,Approved,2023-12-10
cae1f8d5-949a-4f3c-8534-c69fddbef36d,S104506,Failed,Verified,Verified,Approved,2022-01-12
08a2b53b-6e1e-4022-8271-d19950815251,S104507,Failed,Failed,Verified,Approved,2022-01-23
d24f9fce-a544-4a7d-92d6-09e8c774f124,S104508,Verified,Failed,Failed,Pending,2024-01-11
b0e75cdd-189b-4fe5-9a78-6efb49b9e2ac,S104509,Verified,Failed,Verified,Approved,2023-08-23
fafb7a3f-79ce-4c4e-b693-ee9ce1b3e3f0,S104510,Verified,Verified,Verified,Pending,2022-08-17
1aae8a21-a73c-4546-adae-e0a6ffd95dd6,S104511,Verified,Verified,Verified,Pending,2023-04-11
ac9ec4ad-a450-4baa-b948-b2a0ee6cd849,S104512,Verified,Verified,Failed,Approved,2023-03-31
be2a1c20-6cdf-4e4d-a409-54a44a64cf59,S104513,Failed,Failed,Failed,Approved,2022-01-26
a1fb040b-3dfa-4c12-8a2d-6883e2821da3,S104514,Failed,Verified,Failed,Approved,2022-12-11
030aaf26-af00-4913-81c5-225b1aed7bad,S104515,Failed,Verified,Verified,Approved,2024-11-02
993f43b5-8b17-451e-bf11-dd61f24c7474,S104516,Failed,Failed,Failed,Approved,2023-11-15
a393d432-0ba6-4d79-af16-c754d90b5e44,S104517,Verified,Verified,Verified,Approved,2023-12-28
939c3ad3-6da0-45a3-8918-68eb7bc8a925,S104518,Verified,Failed,Verified,Approved,2024-12-17
523c1c6d-bfd9-4319-af3b-6dcdd5ea93eb,S104519,Verified,Failed,Verified,Pending,2023-04-23
0db307c9-6030-4e34-bf68-bc5873ef3af7,S104520,Verified,Failed,Verified,Approved,2024-10-01
c4161320-ccfc-4643-8eb3-9c321c89aeeb,S104521,Failed,Failed,Failed,Approved,2023-09-22
03813d26-fbe2-46cb-ba38-4fa686e221b5,S104522,Failed,Failed,Verified,Approved,2022-10-19
ac764828-b20c-42aa-9b42-200d4637d5fe,S104523,Failed,Verified,Verified,Pending,2026-04-08
f7876133-dbd1-49c6-a24d-b9bf529d29d4,S104524,Verified,Verified,Verified,Pending,2023-03-05
7d0b4da8-4892-4eb1-a383-87e7473f53b1,S104525,Verified,Failed,Verified,Approved,2026-04-15
3d8dccb5-7f91-41c2-967a-f5b34e72f856,S104526,Verified,Verified,Failed,Approved,2023-10-02
390fbed1-b3bf-445d-8478-91023cf54bcd,S104527,Verified,Failed,Failed,Approved,2025-11-23
d46c7b72-a786-467f-bc58-c53f5f01ae92,S104528,Verified,Failed,Failed,Approved,2023-12-04
78031deb-9bd4-4fc0-9b46-ff3ea72cfa01,S104529,Verified,Verified,Verified,Pending,2025-02-20
9a5d00f7-c251-4611-ae98-cd9c3fa4dd7e,S104530,Verified,Failed,Failed,Approved,2022-09-05
aa33d95b-1801-4a1d-88d0-4b3b7a521e55,S104531,Verified,Failed,Verified,Approved,2026-01-16
5c3966cd-c592-45ce-8080-a74e6d33c65e,S104532,Verified,Failed,Verified,Approved,2023-06-03
5ce141b9-f37f-4b70-960a-bbbe27ff20c2,S104533,Failed,Verified,Failed,Approved,2024-09-26
aa6f4fc9-1395-466f-bdcd-ae6bd630dc94,S104534,Verified,Verified,Verified,Approved,2025-09-06
7bd2edb5-b3cf-462e-977b-c91fcf03ba18,S104535,Verified,Failed,Verified,Approved,2022-10-23
0c7cf072-51dc-40e0-9cd3-2f05cc0969b3,S104536,Failed,Verified,Verified,Approved,2022-05-27
cb8fc990-010c-40f6-bbc5-f2d1410d8e0b,S104537,Failed,Verified,Verified,Approved,2023-03-20
04bf1e72-7948-40fc-b6da-2ec390421fac,S104538,Failed,Failed,Failed,Approved,2024-08-24
1d9658d8-bf64-403d-a974-ae301525b12e,S104539,Failed,Verified,Failed,Rejected,2026-03-27
65d8106a-9f12-4b5c-93d5-548284b1e722,S104540,Failed,Verified,Failed,Approved,2025-07-14
729bb83a-b24f-4018-9282-24308e9821a2,S104541,Verified,Verified,Failed,Pending,2024-08-06
bcdd49eb-0491-494c-a4ee-771b44c74551,S104542,Verified,Verified,Failed,Approved,2023-05-31
908d8427-2b4d-4b6b-9bc4-9f3f9ec260ce,S104543,Failed,Verified,Failed,Approved,2024-04-28
c9b0088a-b969-450e-93da-5675057062c3,S104544,Verified,Failed,Failed,Approved,2022-08-06
08528782-5ab3-4581-b026-45a4a83e64c0,S104545,Failed,Failed,Failed,Approved,2023-10-12
ebf493fb-7bab-4550-99a0-32049955a3e1,S104546,Verified,Failed,Verified,Rejected,2023-12-16
11427ee8-808f-491c-a735-913e920d6c52,S104547,Verified,Verified,Failed,Approved,2024-09-26
badc2243-7268-4cfb-8453-a48287d7ddf5,S104548,Failed,Failed,Verified,Approved,2025-11-13
815d1364-65f1-4662-a3fc-7a91273feb36,S104549,Verified,Failed,Verified,Approved,2024-02-05
349af9cf-f242-4fc5-a58f-fa750cb45fb8,S104550,Failed,Verified,Verified,Approved,2023-01-06
9b08d505-9b39-434e-a0f6-aae6bdb2dc52,S104551,Verified,Failed,Verified,Approved,2024-10-19
49bbafb5-2c02-4f91-a448-fd0ea2964f1e,S104552,Verified,Failed,Verified,Approved,2026-07-09
a2acb218-f09d-4007-ad0f-b26713b3f645,S104553,Verified,Verified,Failed,Approved,2022-11-02
58a909e7-98c9-4885-9723-7eb918480ab5,S104554,Failed,Failed,Failed,Approved,2024-01-06
cfffdd05-0905-43a7-84f7-f400dca143cf,S104555,Verified,Failed,Failed,Approved,2023-06-26
ec189e28-b942-4182-b897-5e3db0a3b320,S104556,Verified,Verified,Failed,Approved,2024-10-01
ee27c6ab-d446-481b-a2e1-c5e6e60de4fa,S104557,Failed,Verified,Verified,Approved,2022-02-02
bd5b3e9b-2d70-41e3-a198-403fca0bb9d5,S104558,Failed,Verified,Verified,Approved,2024-11-05
e4562787-a565-4d53-8346-d5267ceb742f,S104559,Verified,Failed,Failed,Rejected,2026-04-16
82b19a08-06a3-4572-9c85-a324e4782698,S104560,Verified,Failed,Verified,Approved,2023-07-27
bc574f4c-ff34-4fe9-8861-b517fa21903b,S104561,Failed,Failed,Verified,Approved,2025-06-25
64ccfa7c-0dce-4dba-a7f8-1262bec0b0a1,S104562,Failed,Failed,Verified,Approved,2026-06-28
16caaa17-338d-4b87-8c8f-284b8096e30d,S104563,Verified,Failed,Failed,Rejected,2025-12-14
f5c44e8c-266c-4f75-9f6b-c45fc31b7f00,S104564,Verified,Failed,Failed,Pending,2022-06-16
75d97e42-1e24-4c76-9259-9dbbaaf12808,S104565,Failed,Verified,Verified,Approved,2022-05-06
9a48f547-550d-4e31-9523-2c53efc1cfaf,S104566,Verified,Verified,Verified,Approved,2024-04-24
26056917-8ded-409f-a0d1-843523b92d67,S104567,Failed,Failed,Failed,Approved,2022-09-04
29023f39-e179-4238-9374-a16bc74c39fa,S104568,Verified,Failed,Failed,Approved,2025-04-22
14d0c8ec-f4a0-4c33-bdcd-7d8735acc14d,S104569,Verified,Verified,Failed,Approved,2024-09-23
7c6d7e0d-63e2-4996-944e-8e842f74dd9f,S104570,Verified,Failed,Failed,Approved,2023-12-01
00975552-58a1-40be-a312-a6857f951f81,S104571,Failed,Verified,Failed,Approved,2025-04-20
d54e933a-b55c-42fc-b0ac-7070d316a07f,S104572,Verified,Failed,Verified,Approved,2022-10-09
58129d09-d9ef-4f80-84e3-f38936d520f0,S104573,Verified,Failed,Verified,Approved,2025-03-24
6dcd9f21-e454-4b2d-81b5-068df1603f7f,S104574,Failed,Verified,Verified,Approved,2022-03-21
b066ae7f-2cc3-44d3-acb3-c9441f8fb24b,S104575,Verified,Failed,Failed,Approved,2025-12-22
f53dbf59-1dba-42ff-b305-952275e2e96a,S104576,Failed,Failed,Verified,Approved,2026-03-26
3081bb69-1788-47f6-82de-5fd0f705534a,S104577,Verified,Failed,Verified,Approved,2025-06-28
7f2e9db1-2ca9-4f8f-8a89-4a53477e2342,S104578,Failed,Failed,Failed,Approved,2026-02-28
3049fcc0-7e9b-4fdb-b559-3118a717ff18,S104579,Verified,Verified,Failed,Approved,2023-03-27
a68af9e7-50c7-46d7-b398-c9e824db7aa2,S104580,Failed,Verified,Failed,Approved,2025-11-05
7d758978-b314-46bc-bb86-a32c7ded034c,S104581,Failed,Failed,Verified,Approved,2023-09-07
e87feb8e-2e0d-4e66-811f-10b7dce82eb0,S104582,Failed,Failed,Failed,Approved,2022-03-17
e5592193-ad1d-4cf5-99ea-4ed0c8cbc17a,S104583,Verified,Verified,Failed,Approved,2026-04-01
03099cca-26ab-4251-b8f1-209a4f3c9adf,S104584,Verified,Failed,Failed,Pending,2026-05-08
08e130ae-2f65-4efa-80ac-67a19bf4a1ac,S104585,Verified,Failed,Verified,Pending,2022-11-12
e5795c1c-3d0b-44c9-980b-0ca570751d9e,S104586,Failed,Verified,Failed,Approved,2025-03-12
5e9f262e-1ca7-49b0-82ca-9ade7b2c88c0,S104587,Failed,Failed,Verified,Approved,2026-02-08
10c4f8c6-7491-4fe2-8218-68bfa6448355,S104588,Verified,Failed,Verified,Approved,2025-06-30
4998d72c-9dcf-4c3f-b57b-11709e1beb13,S104589,Verified,Verified,Failed,Approved,2024-08-31
fa3fb27b-0ce7-4369-97a6-2e6824bab638,S104590,Failed,Verified,Failed,Approved,2024-01-10
ff126ca5-544c-4d53-a99a-568bdc0397c7,S104591,Verified,Verified,Verified,Approved,2022-08-22
f591be59-a9c0-4038-a2cd-1168910b0f23,S104592,Verified,Verified,Verified,Approved,2022-05-16
39e9e1e5-547b-4d03-8b28-95c9d8cf6e23,S104593,Failed,Verified,Failed,Pending,2026-07-19
a418587a-e760-48cf-9eb1-f95bf3cb70d3,S104594,Failed,Verified,Verified,Rejected,2024-09-16
dd0f589b-008f-4fc8-a82f-d8b8ce863135,S104595,Verified,Failed,Failed,Approved,2024-02-05
5be07989-5d38-4561-931e-1656c41e2ee4,S104596,Verified,Verified,Verified,Approved,2023-06-19
af126682-bd3b-43c7-992f-d620b068046d,S104597,Verified,Verified,Failed,Approved,2025-02-22
9b987781-7e8f-4cff-bddf-d0cc8c2241ea,S104598,Failed,Verified,Failed,Rejected,2023-08-26
9b5c5334-b4c5-4729-b7bf-1e41ccfc6b83,S104599,Failed,Failed,Failed,Approved,2023-10-30
abe1420c-4b9e-4f05-a537-b3713946db2b,S104600,Failed,Failed,Failed,Pending,2024-04-18
35faa0f9-7d12-4ea6-aea0-658fc8a0bb98,S104601,Verified,Verified,Verified,Approved,2026-07-26
742e4d92-5925-4b80-95c0-abac75d85562,S104602,Verified,Failed,Verified,Approved,2026-03-25
b8beb962-8544-4cb3-b8f7-87f4262261d9,S104603,Verified,Verified,Failed,Approved,2025-06-29
f5fd2dbb-6c1a-4f9a-997b-c7aca07872e2,S104604,Failed,Failed,Failed,Approved,2025-05-11
124a0fb2-e78b-42da-88ed-9866ae5703b4,S104605,Failed,Verified,Failed,Approved,2024-07-06
15c6f81c-2609-4ed1-953f-2e8820ae4ddd,S104606,Failed,Verified,Failed,Rejected,2023-03-06
1a1b31b1-1a8a-490f-9214-1f763d464194,S104607,Failed,Failed,Failed,Approved,2022-02-22
12dadeff-a2fa-4b69-a35d-8d8ba8e26a15,S104608,Verified,Failed,Failed,Approved,2022-11-13
0cfc4e02-351d-49ea-a7d5-959b3d47fe6a,S104609,Verified,Failed,Failed,Approved,2024-03-06
54032982-79b5-434d-8785-84401b5e1be3,S104610,Failed,Failed,Verified,Approved,2026-01-08
c3d3508f-f20e-4a5a-9f7a-0611300eaba6,S104611,Verified,Failed,Failed,Approved,2024-10-23
de531e47-2d99-46c8-8b5a-9b5aad28570e,S104612,Verified,Verified,Verified,Approved,2025-01-12
93a757b8-f96e-4cc7-a7ae-73db429821d9,S104613,Failed,Failed,Failed,Pending,2022-02-28
d510a9c2-8678-4814-b465-d2774767433e,S104614,Verified,Verified,Verified,Approved,2024-04-02
b622a25a-49d1-440c-9000-5a6ec6b4cd8d,S104615,Verified,Failed,Failed,Approved,2022-11-24
2ba7e514-1a84-479b-a079-b05abb50b2c2,S104616,Verified,Verified,Verified,Approved,2026-05-03
bab2686f-d2a1-4172-a3b1-f09f360c9040,S104617,Verified,Verified,Failed,Approved,2023-12-05
db29818b-3a67-4b6b-ae6d-99c2204838ec,S104618,Failed,Failed,Failed,Approved,2022-07-27
8ec6780d-088b-4823-a806-79e42b8d7660,S104619,Verified,Verified,Verified,Approved,2023-01-16
8612ae8a-3fd0-4ba7-890c-d6967bedb4ba,S104620,Verified,Failed,Verified,Approved,2022-12-13
b430f524-e2f0-458c-925e-7af1c0aafc7a,S104621,Failed,Failed,Failed,Rejected,2022-06-13
0f29fdde-7979-4b18-8e2a-1baedc2fef74,S104622,Failed,Verified,Failed,Approved,2023-12-14
c39dff73-c1c3-47e5-84a4-8c8df0eddc23,S104623,Failed,Verified,Failed,Approved,2026-05-10
350b07b5-4ded-44f4-9355-58edb833b633,S104624,Failed,Verified,Verified,Rejected,2023-09-13
1ad5ed2c-d571-4091-94ba-35b295b344dd,S104625,Failed,Failed,Failed,Approved,2024-04-14
fbe62af3-030e-4558-bae3-c9583fa11781,S104626,Verified,Verified,Failed,Approved,2022-11-09
8fd5db9d-5a6f-41cc-b995-ff7486dbd0ce,S104627,Verified,Failed,Verified,Approved,2025-11-19
84e8f1d9-f573-4d18-b08a-0d5fe0c30f26,S104628,Verified,Failed,Failed,Approved,2023-09-06
2b6177c6-9e33-4d07-bacf-411534818e0e,S104629,Verified,Failed,Verified,Approved,2024-07-16
fcc8b96b-f32a-4659-b9a6-20721fb78115,S104630,Verified,Failed,Verified,Approved,2025-02-04
f2425ae9-d0d5-405a-ac9b-b4d31c923c45,S104631,Verified,Failed,Verified,Approved,2022-05-03
23fbaa03-2f90-4560-8dcb-f084bd982e2d,S104632,Failed,Failed,Failed,Approved,2025-09-07
840fb04b-0dd8-4fd5-a645-c83e60336315,S104633,Verified,Failed,Failed,Pending,2025-01-11
cf4908de-fed9-4cf2-9e05-77f601ab89d8,S104634,Verified,Verified,Verified,Approved,2024-11-20
114ea4fa-7245-44ac-b58a-36cb98973498,S104635,Failed,Failed,Verified,Approved,2022-10-19
3b5cd2cd-9fe5-4596-9b51-4fc45f540fc9,S104636,Failed,Failed,Verified,Approved,2023-11-20
d7aace8c-72fa-4996-ace7-8c561313495a,S104637,Failed,Verified,Failed,Approved,2026-01-12
b6e0e668-451b-4473-8d35-67048b1ff501,S104638,Failed,Verified,Verified,Pending,2023-01-05
c967b8aa-8f21-45d6-8b62-07cc993bc04f,S104639,Failed,Failed,Verified,Approved,2025-03-10
8a51e7e4-3f10-434c-8dd8-5763c5c9a543,S104640,Verified,Verified,Failed,Pending,2023-04-21
a350a6e4-71bb-4632-b285-06fa00cc0b98,S104641,Verified,Verified,Failed,Approved,2022-07-05
700b34a8-a667-4980-bc0f-2fb7473f13a1,S104642,Failed,Failed,Verified,Approved,2026-02-01
3b371fd9-cdcf-4e05-bd8c-c80ee34d391a,S104643,Failed,Verified,Verified,Approved,2026-05-27
392c4a2d-1880-48f0-9f90-aaee8b31deb9,S104644,Verified,Verified,Failed,Approved,2026-07-26
0faacef7-7204-47e1-b578-3061cb002182,S104645,Verified,Verified,Verified,Approved,2024-01-17
443ec2bb-932a-4701-800d-972fabd00d12,S104646,Verified,Verified,Failed,Approved,2023-06-16
d7a1e3c2-4e63-4ebf-ab46-e30a654bd7ea,S104647,Verified,Failed,Failed,Rejected,2022-12-09
07fafcfa-4eff-4471-902b-3bfc5dc241a0,S104648,Failed,Failed,Failed,Approved,2025-08-13
e1e0815b-7cff-43db-9b37-e876708b042f,S104649,Failed,Verified,Failed,Approved,2023-03-26
5224bc01-03f8-489b-83e7-cfc5fbd3ac77,S104650,Failed,Verified,Failed,Approved,2022-08-12
5b27db20-eb10-4574-bb8e-2686e9ecf49c,S104651,Verified,Failed,Verified,Rejected,2023-01-24
81f8fc53-f17d-4f2b-a667-2c4b5268a85a,S104652,Failed,Verified,Failed,Approved,2022-11-03
3457c3da-daa3-4db3-a152-bb7984cf0e64,S104653,Failed,Verified,Failed,Rejected,2024-08-28
b93a1e8f-8d40-477f-8388-7595eacee49a,S104654,Failed,Verified,Verified,Approved,2023-07-15
c770207a-1fd3-4c48-aac9-6e7119e2d9a9,S104655,Failed,Failed,Verified,Approved,2022-03-22
8e2f172e-aaf1-41fb-8705-e2d582dc4b59,S104656,Verified,Failed,Verified,Approved,2024-07-08
a6e38e23-908c-4386-addf-fcddcfa5ee93,S104657,Failed,Failed,Failed,Approved,2024-03-11
fe100cc5-8479-43e1-bb7a-c2f4befbf06b,S104658,Verified,Failed,Verified,Approved,2022-08-28
ee33f27a-ce54-4fef-8ed6-653b526f53f3,S104659,Verified,Failed,Verified,Approved,2026-01-11
88f1faaf-e923-4553-baaa-3abf22e3572c,S104660,Verified,Verified,Verified,Pending,2025-02-03
97706f7c-7b32-4ba4-bdfd-da7f47c3de21,S104661,Verified,Verified,Verified,Approved,2022-04-02
2a7d0558-c386-42fe-8da7-4495f9ac5e16,S104662,Verified,Failed,Failed,Rejected,2023-02-28
7c7ff8af-83f4-4790-9732-4b44f626bf8c,S104663,Verified,Failed,Verified,Approved,2026-06-02
76e9403f-381c-4c97-9aa6-bcdbbc7f8a4b,S104664,Failed,Verified,Verified,Approved,2024-10-13
6d1962b3-5f00-4cfb-bdfa-85c111f5691a,S104665,Failed,Verified,Failed,Approved,2024-04-20
523565e0-19ae-4c1f-8b77-2a2ec52830b8,S104666,Failed,Verified,Failed,Approved,2023-11-18
f27c9e53-ce8e-49e4-998e-a00ee25e54d9,S104667,Verified,Failed,Failed,Approved,2025-10-12
0887b5cc-be56-48ab-b763-afde3c1fa978,S104668,Verified,Verified,Failed,Approved,2025-01-16
619e8e10-0421-4cc7-8595-0fbf723d5250,S104669,Verified,Failed,Failed,Approved,2022-03-23
e44690fd-ae5a-46f4-aa85-0dc269350830,S104670,Failed,Failed,Failed,Pending,2023-02-06
e3e1f96b-a506-4b35-8f94-1fc67e50a426,S104671,Failed,Verified,Verified,Rejected,2026-05-13
3691f178-66ce-4d55-b2b6-fdf8a999ac1a,S104672,Failed,Failed,Failed,Rejected,2024-12-21
1732436d-3ba1-4afe-a7c9-b300c3fb1ffb,S104673,Verified,Verified,Verified,Approved,2026-05-26
fca68d96-c9ec-43eb-92b4-c39b19910748,S104674,Failed,Verified,Verified,Rejected,2025-11-27
b26c1757-6e45-4021-b7f8-5fbb11afc0ba,S104675,Failed,Failed,Failed,Rejected,2024-03-25
fd3cc4e3-1ab6-4603-bfb7-e2f017e26f5c,S104676,Failed,Failed,Verified,Approved,2024-08-24
5642f886-5517-4750-971c-c363f68a6338,S104677,Verified,Verified,Verified,Approved,2023-03-09
984ff5dc-068b-46e9-b860-3eb8be5a2964,S104678,Verified,Verified,Failed,Approved,2025-07-18
b9f52c1c-349f-4fe9-bd75-854f3eb1f4ef,S104679,Failed,Verified,Failed,Rejected,2022-12-12
417134dc-30b8-4953-974d-515f1d34ee36,S104680,Failed,Failed,Failed,Approved,2024-07-12
7cd7aea8-3af9-40f5-8e9c-4a6baf67e1a2,S104681,Failed,Failed,Failed,Approved,2023-12-29
f8f7b82c-13c1-4e4b-9f6d-c9cc7e2e5641,S104682,Failed,Verified,Failed,Approved,2025-01-12
f2aa90b2-c622-4c02-8227-e5cb776d5a7c,S104683,Verified,Failed,Failed,Approved,2025-03-21
a18ad358-927e-46ca-bc53-420c37044ccd,S104684,Failed,Failed,Verified,Approved,2025-06-26
6a06f524-0709-4814-b611-b153a6f205f6,S104685,Failed,Verified,Failed,Approved,2024-03-21
94a966bb-89d8-4111-8f8d-562318f73e06,S104686,Failed,Verified,Verified,Approved,2025-05-05
e56a7d7b-0d04-4933-a10d-f19e231ab6d3,S104687,Verified,Verified,Verified,Approved,2025-03-04
eb671705-fc26-4151-896b-71a903bab52c,S104688,Failed,Failed,Verified,Approved,2026-06-17
0b8a9c3e-212c-44ff-8471-b0c65efe5b1e,S104689,Verified,Failed,Verified,Approved,2022-04-15
18b43f73-ce73-41b4-a4d5-591a7a10beee,S104690,Verified,Verified,Verified,Approved,2022-02-10
453277a0-d400-47ec-aeb9-18c46422a75f,S104691,Failed,Failed,Verified,Approved,2024-03-04
4c6f016a-b159-4c09-b949-44ad72e25200,S104692,Failed,Verified,Failed,Approved,2023-12-09
8f12cbcd-6e7d-46fc-8c6e-0c6e2081af20,S104693,Verified,Verified,Failed,Approved,2023-04-25
3e6beee6-7a6a-4f12-ae82-6d16451fcad2,S104694,Verified,Verified,Failed,Approved,2025-04-19
ca123602-e10b-4445-9c35-218325be0e50,S104695,Verified,Failed,Failed,Pending,2023-03-28
c48ca510-0f84-489c-923e-a0ddebc5821e,S104696,Verified,Failed,Verified,Approved,2026-04-28
d5a059ba-5416-4272-b1ed-26766cb28e38,S104697,Failed,Verified,Verified,Approved,2024-05-15
9b1c8fdf-a91b-4218-9356-27f4226825d1,S104698,Verified,Verified,Failed,Approved,2022-07-19
e41f9988-b76c-4473-95d5-79b00629f110,S104699,Failed,Failed,Verified,Approved,2023-09-09
ea4a2509-ce9c-4640-a274-7d4138061da4,S104700,Failed,Verified,Verified,Approved,2022-10-26
a2bf9437-9fd0-44d9-b0ef-af74f0a731fc,S104701,Failed,Verified,Verified,Approved,2025-10-21
d07f7698-0633-4992-a11f-6a7a1ea131a1,S104702,Failed,Failed,Failed,Approved,2024-10-10
e8120abc-28ae-4d8a-bc92-95b073469e0d,S104703,Failed,Verified,Failed,Approved,2023-04-20
08c1b9dc-ba6f-4682-bf7f-6a88e5ba6ffe,S104704,Failed,Verified,Failed,Pending,2025-07-23
8c79c550-7a08-46df-9878-2bdf9f13f5cc,S104705,Verified,Verified,Failed,Rejected,2023-01-25
9af78021-f83d-4518-a953-aa5ad00d5eb3,S104706,Verified,Failed,Verified,Approved,2022-03-23
5053a5ee-3bf1-4e57-98db-f1da05cf46ab,S104707,Verified,Verified,Verified,Approved,2023-08-05
5221595c-b3a3-4e65-b9ad-7fd3b200b6a2,S104708,Failed,Failed,Verified,Approved,2022-06-04
898002a4-fa7f-4662-ab9e-e2ca02dc4dbe,S104709,Verified,Failed,Verified,Approved,2025-09-05
c0e74da3-9abf-438f-9180-b5e019457484,S104710,Verified,Verified,Verified,Approved,2023-07-15
d98eb37f-f79c-4392-8a24-f29ccd5ec9fe,S104711,Verified,Verified,Verified,Approved,2025-05-13
ccfcca2d-dc15-4db4-8a23-af146a16e24a,S104712,Failed,Failed,Failed,Pending,2024-12-19
43577dc4-bf59-482b-af20-8e8af0027c3b,S104713,Failed,Failed,Verified,Approved,2024-06-17
539eceb1-6f78-40aa-9263-aba24715fe03,S104714,Verified,Verified,Failed,Approved,2024-02-23
ffb7c38f-725a-4157-b43c-383cf39302bc,S104715,Failed,Failed,Verified,Approved,2024-12-06
b8227f4c-b270-4138-be7e-7841ff326f49,S104716,Verified,Failed,Verified,Rejected,2022-06-24
d30a0592-1456-49ea-87a0-5fe189e39c2a,S104717,Failed,Verified,Failed,Approved,2022-05-18
4b5f5b3e-4377-4a1a-b27f-ced3baa9462d,S104718,Verified,Failed,Verified,Approved,2022-04-27
f8406a76-089b-4373-af79-a373fefd58be,S104719,Failed,Failed,Verified,Approved,2025-06-26
ed323242-0e37-45ca-82a3-053250893f61,S104720,Failed,Failed,Verified,Approved,2022-07-02
e7789b56-5c8f-4375-a2c6-8f57f52effa6,S104721,Verified,Verified,Verified,Approved,2023-11-15
ebd4e983-e4bf-4939-b947-591a15bd5f9d,S104722,Verified,Failed,Failed,Approved,2026-05-04
aa7dbfcc-b0c5-4dde-ac59-81905eb20456,S104723,Failed,Failed,Verified,Approved,2025-07-07
cc2d2fae-7bfe-4f86-ab79-cc2a5369a5ec,S104724,Verified,Failed,Verified,Approved,2022-11-01
9060c42f-0276-40d5-87d5-efcffca81956,S104725,Verified,Verified,Verified,Approved,2025-05-22
1df68c32-0c6a-452f-ac9e-3a96c97d048e,S104726,Verified,Failed,Verified,Approved,2022-10-11
7f9817c0-a55f-4289-a4c0-3fd0bab65eae,S104727,Failed,Failed,Verified,Approved,2024-11-24
bc7f9bc8-99f6-4c9a-90e2-b159cc8435ef,S104728,Verified,Failed,Failed,Approved,2024-01-03
09124512-3e23-4792-adf7-37a698c4c735,S104729,Failed,Failed,Failed,Approved,2024-01-30
12516225-0627-44c8-bb20-b28becbcc7e4,S104730,Failed,Verified,Failed,Approved,2025-09-26
dd35585c-41eb-4f3f-a25f-1e36395d1855,S104731,Verified,Failed,Verified,Approved,2026-02-17
df853f89-4d9f-4c20-9414-883da0af0b16,S104732,Verified,Verified,Failed,Approved,2025-07-11
a10fbf9e-bcdb-4a37-995f-92f308845406,S104733,Verified,Failed,Failed,Pending,2025-02-21
a14cd08f-6339-4865-8d5a-925189f1b1a9,S104734,Failed,Failed,Failed,Approved,2022-12-13
12792317-9227-4baf-84e4-0e457a8fb1a4,S104735,Failed,Verified,Failed,Approved,2024-06-11
c902ada9-c88e-4c69-813d-6272d7c88ce7,S104736,Failed,Verified,Failed,Approved,2022-10-29
5bfe6588-6ef2-4d6e-b414-31044592a707,S104737,Failed,Verified,Failed,Approved,2023-10-08
016c357c-41e3-4824-84e6-d4c04f303331,S104738,Failed,Verified,Verified,Approved,2022-04-23
0a4a90f4-0378-4bed-8c8c-d388f9ed09f0,S104739,Verified,Failed,Failed,Approved,2026-01-12
05c27794-0993-4531-8b36-5b33e3b3a634,S104740,Verified,Failed,Verified,Rejected,2024-03-16
413f294d-698f-4d92-b694-f5a14afac1aa,S104741,Failed,Verified,Failed,Rejected,2022-05-27
9f8ea154-407d-48d2-9bd9-576cd968c357,S104742,Failed,Verified,Failed,Approved,2023-08-05
cabc3d91-8746-4ac4-a292-3d8676432466,S104743,Verified,Failed,Verified,Approved,2024-08-25
f7bfbe6e-bb57-494f-8bb2-65343607cc00,S104744,Failed,Verified,Verified,Approved,2023-06-11
59db9595-70d3-43cd-8f4a-612c8915d621,S104745,Failed,Verified,Verified,Approved,2025-01-08
04d860ff-6802-4fa6-9c7c-f2ca2b9f13f4,S104746,Verified,Failed,Verified,Approved,2026-03-25
8d3570ea-e52a-44ad-be57-899d4834b05d,S104747,Failed,Failed,Failed,Approved,2022-11-23
dc13d1b4-2458-466d-9ae2-097094b9ee69,S104748,Verified,Failed,Verified,Pending,2025-09-11
2271f485-6ccc-4b4d-a574-ed0548328efb,S104749,Verified,Verified,Failed,Approved,2024-04-13
0f7e2949-6c0b-46b5-b188-1c4a50f624ba,S104750,Verified,Verified,Failed,Approved,2023-12-12
87c4a4b6-3142-4ec0-b758-2e221549ae7d,S104751,Failed,Verified,Verified,Approved,2022-03-17
9a3962d3-7873-442b-b259-a50f0a1e2901,S104752,Failed,Failed,Verified,Approved,2023-10-25
16d44c19-1441-4349-bd0c-f77354d6bcdb,S104753,Verified,Failed,Failed,Approved,2022-03-03
2baef3b7-1cb2-4fc4-81d4-1bacfcdc8e27,S104754,Failed,Failed,Failed,Pending,2022-06-02
cae92154-1b55-48b5-a477-b04faae70486,S104755,Failed,Failed,Verified,Approved,2025-06-14
2d48302f-5a57-4a29-a251-8f4dd07e558d,S104756,Failed,Verified,Failed,Approved,2023-01-09
0f542f0a-5f74-4f45-a86a-82c5ae675096,S104757,Verified,Failed,Failed,Approved,2026-06-10
5e3e21ee-1e14-4711-accf-3bf38e8f37cb,S104758,Failed,Verified,Verified,Approved,2026-03-18
05c2469b-9a06-4ba9-9474-663b90eed2a2,S104759,Failed,Verified,Verified,Pending,2024-05-10
56942a2c-1bdd-4f2d-bd81-fac64eeb2557,S104760,Verified,Verified,Failed,Approved,2026-03-06
de366fb7-706e-4a67-8583-45acf0a94c5a,S104761,Verified,Failed,Failed,Approved,2022-09-15
12155817-d9ae-429a-adff-7902d693090f,S104762,Verified,Verified,Failed,Approved,2026-04-23
12374a03-41b8-45e0-bf4c-5f1bc6a03dd6,S104763,Failed,Verified,Verified,Approved,2025-01-11
46471fee-af0b-4215-aece-727aa1c7b57a,S104764,Verified,Failed,Verified,Approved,2023-11-03
7bf4106e-cdcf-4030-b30c-3d587b2498c6,S104765,Verified,Failed,Failed,Approved,2022-11-30
b8c34677-f87b-401b-8428-5a2edb546468,S104766,Failed,Verified,Failed,Approved,2025-01-21
304e0cd1-e0ca-4955-a324-bac5a94b37bc,S104767,Verified,Failed,Verified,Pending,2025-05-20
d0907cdd-d549-4067-8533-d06ed18d0cf9,S104768,Verified,Failed,Failed,Rejected,2023-11-27
b0d709f4-0a34-433e-a037-46f219fd67b2,S104769,Verified,Failed,Failed,Approved,2026-06-04
c6e27d27-3a8c-4c71-a488-dfd3f66126ed,S104770,Failed,Verified,Failed,Approved,2026-04-14
3f5c7a04-b359-45e9-a803-eb01d2af706f,S104771,Failed,Verified,Verified,Approved,2025-03-10
66e98257-7564-4ecc-957c-fc831f23c7d9,S104772,Verified,Verified,Verified,Pending,2023-11-21
5cba8c83-2983-4885-8ed3-3d3478c88915,S104773,Verified,Verified,Verified,Rejected,2024-02-07
1982052f-6031-47f5-b6a1-f72e4eaa80cf,S104774,Failed,Failed,Verified,Approved,2022-08-08
ebae6dc3-4104-4c3f-8288-872569cdb08d,S104775,Verified,Verified,Failed,Rejected,2022-11-26
97fda9dd-6135-4f65-872f-2e774ae2dd3f,S104776,Failed,Failed,Failed,Approved,2025-06-12
c2d623a7-5d8f-4f30-8869-46c56b5f21fe,S104777,Verified,Failed,Verified,Approved,2025-09-07
9b605d6f-814c-4d98-a4c5-1b0df2c7530c,S104778,Failed,Failed,Verified,Pending,2026-04-17
4054e230-2e15-4a39-8254-cb40e70e695a,S104779,Verified,Failed,Verified,Rejected,2024-02-26
f10471ef-1580-4dc1-8eed-751aaee52323,S104780,Failed,Failed,Failed,Approved,2025-02-16
2f6a99d2-3a59-43bf-8ad0-6522aa0e0c70,S104781,Failed,Failed,Failed,Approved,2023-08-07
113b436a-c5cc-4e88-a50d-2706822c4d41,S104782,Failed,Verified,Failed,Approved,2023-04-14
cc8d4862-db2e-49b0-9688-5dfcdde75749,S104783,Failed,Failed,Failed,Approved,2024-08-11
71a592b0-dd2b-4a94-bdf8-e0cbcb8fb4b4,S104784,Verified,Verified,Failed,Approved,2024-06-08
f114f774-4598-4ebe-a082-c20ba1f99e05,S104785,Verified,Failed,Verified,Approved,2023-12-19
476f88e0-ae42-4baa-aecf-2f69bef200aa,S104786,Failed,Verified,Failed,Pending,2025-05-06
b65e9eb9-eefc-4272-be3c-b939c475e2ad,S104787,Failed,Failed,Verified,Approved,2024-06-17
2838f0ff-b5d2-4b12-9128-454d987f94c5,S104788,Verified,Failed,Verified,Approved,2026-04-11
bf87d19f-7522-4d84-9409-ecd4c7f8d098,S104789,Failed,Verified,Failed,Pending,2025-10-16
931f330c-faa8-45f1-9319-f42cb78fe9f5,S104790,Verified,Verified,Failed,Approved,2026-03-14
4422b701-dbf4-437c-b7b3-a95017a21432,S104791,Verified,Verified,Failed,Pending,2023-08-22
f8ae4471-4ca1-4e2c-959c-bab6ea5ad562,S104792,Verified,Failed,Verified,Approved,2025-05-10
9343dd99-ebbb-447d-a8d4-43a287bff1a5,S104793,Failed,Failed,Failed,Approved,2022-01-26
e39a1e12-051f-4691-8e45-97d0fe116ca8,S104794,Verified,Verified,Failed,Approved,2024-02-03
4f3dc21c-a919-46d8-930e-02100145776b,S104795,Failed,Failed,Failed,Rejected,2023-08-22
c2bfe362-d9c9-4fe5-96fa-50c9626ddf7a,S104796,Failed,Failed,Failed,Rejected,2023-02-05
e5a472ca-414c-4daf-8b5e-c0e5dd2acf59,S104797,Verified,Failed,Failed,Approved,2023-04-09
f871cefc-e1c8-4da5-bc10-8cb967b9b1f9,S104798,Failed,Failed,Failed,Rejected,2022-08-06
a4f4d3b1-2798-42db-947d-76e9cba9accf,S104799,Failed,Verified,Verified,Pending,2023-12-13
bdcfb7d3-8f73-4751-8a08-c2ffbfafc985,S104800,Failed,Failed,Verified,Approved,2023-12-03
7e8c81b4-80cd-407c-8cf0-e45fd7cee43d,S104801,Failed,Verified,Verified,Approved,2024-12-20
f5233a4e-a4de-4b47-84ae-47f78f65fbb1,S104802,Verified,Verified,Failed,Approved,2025-08-21
7a79a3a6-3e70-4dc0-807f-67a37a01db78,S104803,Verified,Failed,Failed,Approved,2024-04-04
ac6f4d1a-a37b-44fb-aa84-2d2165b5451e,S104804,Verified,Failed,Failed,Approved,2026-05-14
cd84b35e-6b06-4d69-ba33-03ccce382a92,S104805,Failed,Failed,Failed,Approved,2024-12-07
78535020-9279-4cc3-9a8c-1ee641304e8a,S104806,Failed,Verified,Verified,Pending,2023-08-29
87f831f8-73e8-4d91-b4ad-db44ecdc166d,S104807,Failed,Verified,Failed,Pending,2025-10-12
46310d28-3f8c-48bb-9256-47f60b97e778,S104808,Verified,Failed,Failed,Approved,2022-03-21
1c8c3cd0-59c1-448a-a5e4-5a03db418f9f,S104809,Failed,Failed,Failed,Approved,2022-08-21
89bba8d6-dae1-4734-9980-6bee901a6604,S104810,Failed,Failed,Verified,Rejected,2023-03-23
2075bf1c-6c67-4316-9f63-faa7745f4126,S104811,Verified,Verified,Verified,Approved,2024-04-24
72451a77-9257-4469-89c9-5d38d8c00be8,S104812,Verified,Failed,Failed,Rejected,2024-02-24
ce85f204-6f6a-42e3-b108-c26c4e7e1713,S104813,Failed,Verified,Failed,Pending,2025-06-25
b1b716f8-6cd3-4b42-aeba-52c0752ddb01,S104814,Verified,Verified,Verified,Pending,2026-06-03
0eafeab1-c0e8-4f20-a678-9bb7f34d3ed4,S104815,Failed,Verified,Failed,Rejected,2026-07-17
969ca0e2-14e4-4a5b-9c51-4971b12ba56f,S104816,Failed,Verified,Failed,Approved,2023-02-13
e4e5917e-3091-4bb4-99f4-95131ed885d9,S104817,Verified,Verified,Verified,Approved,2023-02-01
d6aebc0b-616b-4643-a9e7-0d835d624823,S104818,Failed,Verified,Failed,Approved,2022-04-02
93ad7a76-57ae-46a1-a04d-4e1440cc5d0a,S104819,Failed,Failed,Verified,Approved,2024-07-28
35e98a4b-9c78-4612-a60d-7c0ca866f621,S104820,Failed,Verified,Verified,Approved,2025-07-31
dd5b1869-6f6b-4156-b2c5-643b1cfc3e69,S104821,Verified,Failed,Failed,Approved,2022-11-19
eda84e70-d870-4c30-bf08-19f29451a436,S104822,Failed,Failed,Failed,Approved,2023-08-23
cb261491-87ec-49da-83f7-821bd8c9fa29,S104823,Verified,Failed,Verified,Approved,2022-02-25
db7b69a2-c084-4255-aba3-48d95ae3b17e,S104824,Failed,Failed,Verified,Approved,2022-01-03
1de50783-933d-4f84-918d-1338728f566c,S104825,Verified,Verified,Verified,Approved,2025-01-28
d880c945-5ff0-4a82-a0db-97b406b2496b,S104826,Failed,Failed,Failed,Approved,2023-06-18
c946a8ab-bbd1-432b-afa2-5d00a710e9e4,S104827,Verified,Verified,Verified,Approved,2025-06-20
bbd2cd6e-e41b-47bb-8be7-a835366a2438,S104828,Failed,Failed,Failed,Approved,2022-02-07
d3016a71-abc0-4a0d-a6f1-3da29759d0ba,S104829,Failed,Failed,Verified,Approved,2023-09-19
0be167b5-7c24-403b-aa69-54b7faf43e26,S104830,Verified,Verified,Failed,Approved,2025-07-31
47087227-db10-4c24-8d92-200ca95ce8b3,S104831,Failed,Failed,Verified,Approved,2022-10-22
f749f998-7a3b-4d70-b201-5460c8fc1e76,S104832,Verified,Failed,Failed,Pending,2022-05-19
fe8e3b73-d32b-4be3-aaac-fc807b37ae6a,S104833,Failed,Verified,Verified,Approved,2024-05-05
5afdf463-08b7-4c51-858d-971c1c696395,S104834,Failed,Verified,Verified,Approved,2026-06-26
d8f26ed8-d88a-44e5-b345-a4b4ce11c831,S104835,Failed,Verified,Verified,Pending,2022-06-15
0e2f07a5-ecdc-4b52-b1d3-ef7f77d37567,S104836,Failed,Failed,Verified,Approved,2023-04-27
fefb4d28-5d7d-4236-b821-a40522803be7,S104837,Verified,Verified,Failed,Rejected,2024-03-24
b27c7e0f-04ad-446b-bff7-5b49f39e7cf3,S104838,Verified,Verified,Failed,Approved,2025-10-04
f6743c2b-5e57-47f4-9c27-56b715e6b91d,S104839,Verified,Verified,Verified,Approved,2026-06-24
483c92fd-9e21-489d-818c-53724837a0df,S104840,Verified,Verified,Verified,Approved,2022-03-20
c8c3e1df-d4aa-4028-a3d0-74410928f31d,S104841,Verified,Failed,Verified,Approved,2022-07-25
e0c86d6e-9f7c-4966-b125-0be29ef3fa3e,S104842,Verified,Failed,Failed,Pending,2025-03-15
cfef1f63-7552-4e3f-9219-f84c89c9424f,S104843,Failed,Verified,Failed,Approved,2025-02-01
63b28426-5ec5-4238-a1d6-e7dd52e28a7e,S104844,Verified,Failed,Failed,Approved,2024-03-23
7d98b6b5-376a-4d45-a143-1d6cfe4cf2f9,S104845,Failed,Failed,Verified,Approved,2023-09-11
4461bfe5-e80d-481b-b324-a05842225889,S104846,Verified,Failed,Failed,Approved,2023-09-29
44e2def7-8cb0-4bd8-bf0e-91a7ef0d0a1c,S104847,Failed,Verified,Failed,Approved,2024-02-11
563a69fa-bb89-4d93-962d-85e55b6032db,S104848,Verified,Verified,Verified,Approved,2023-01-16
7930b3c5-a78d-47fd-ab4a-64eeb5a3050a,S104849,Verified,Failed,Failed,Approved,2025-06-24
f084d41b-d55c-44e9-b136-321a63efb2fe,S104850,Verified,Verified,Verified,Approved,2022-06-18
35e4bff4-68f5-4a43-ac51-0301c0b9dbe1,S104851,Verified,Failed,Verified,Approved,2024-03-13
b099e44d-5698-47e5-93fc-c09f3df56707,S104852,Verified,Failed,Verified,Approved,2024-02-15
00d34b0b-2f09-4ae6-b8b8-1c8b45802d18,S104853,Verified,Verified,Verified,Approved,2026-02-02
557eb4cc-fb9b-4080-a799-40fcb565a6bb,S104854,Failed,Verified,Failed,Approved,2025-05-19
e603e737-90b7-454a-bfeb-7bb006c1252f,S104855,Verified,Verified,Verified,Rejected,2025-09-24
c7c4d17c-373f-4c4e-b3b7-34e3576a01c2,S104856,Verified,Verified,Failed,Approved,2022-01-21
2919b585-7306-4e2d-af92-47bf028678bb,S104857,Failed,Verified,Failed,Approved,2025-04-14
785bb210-bbd5-4528-adb4-87e4786d806f,S104858,Failed,Failed,Failed,Approved,2023-04-11
b4ef32c2-a001-4e13-8729-302a21783ec8,S104859,Verified,Verified,Failed,Approved,2024-04-21
798cab14-2495-45a2-864e-decab20dac54,S104860,Failed,Failed,Verified,Approved,2022-08-09
ac18ab42-53b5-4502-9260-79d3639a51c6,S104861,Failed,Verified,Verified,Approved,2025-12-03
7f7b96f4-8e6a-45eb-a177-b7be81ec29f5,S104862,Failed,Verified,Verified,Pending,2022-07-16
8e299e08-b7a6-47a0-b25e-a9160f68b169,S104863,Verified,Failed,Failed,Approved,2023-01-07
d76c43cb-45cf-429f-bdb0-b60194c0eaca,S104864,Verified,Failed,Failed,Rejected,2026-06-10
bc41ef3c-2857-429a-9d04-9927f03a2a3b,S104865,Verified,Verified,Verified,Rejected,2022-06-25
6d272c5f-fb86-4a16-a526-3123e1a3969b,S104866,Failed,Failed,Failed,Rejected,2022-04-18
3c18ebd9-05d9-4c40-a730-723ad120c9c5,S104867,Verified,Verified,Failed,Approved,2025-01-11
cf9ad7aa-6c75-4415-acd4-ff6b68e54488,S104868,Verified,Failed,Verified,Rejected,2026-07-04
c9b7b082-07f7-409a-8a51-819f9c315267,S104869,Verified,Failed,Verified,Rejected,2022-12-28
76f58592-c722-4d8f-aff9-7a7da2df6584,S104870,Verified,Failed,Verified,Approved,2023-07-27
4e65389c-e009-416f-ae6c-8d4d6f67e1a7,S104871,Verified,Failed,Verified,Approved,2024-11-14
a4346b81-2c27-4bb1-8a7c-2f1e43a2ccae,S104872,Verified,Failed,Verified,Pending,2026-07-13
f660df3d-999d-4f8a-8530-ad91e78b40c3,S104873,Failed,Failed,Verified,Approved,2023-02-14
49149efe-fcf8-4bcd-8dd1-6047d2e5aab8,S104874,Verified,Verified,Failed,Pending,2022-11-03
0bd2aaac-5c40-484a-b124-8af33250d678,S104875,Verified,Failed,Failed,Approved,2024-08-08
9a688294-7b60-400b-b5e3-b1980e7f7e9c,S104876,Verified,Failed,Failed,Approved,2025-03-10
1a44ae3e-cd4d-4526-a5ea-17ddd4bf4ad3,S104877,Verified,Failed,Verified,Approved,2022-02-22
7a6b3f8c-3953-4019-9ad9-e1b16eaea044,S104878,Failed,Failed,Verified,Approved,2025-05-16
778f91aa-c7ea-4a89-9ee4-39eb7ee83000,S104879,Verified,Verified,Verified,Approved,2022-05-23
23baa116-418c-4460-8687-5d7cae467f0d,S104880,Failed,Verified,Failed,Approved,2024-09-10
6b8a0a4c-1b2e-446c-bdb0-60754737b061,S104881,Failed,Verified,Failed,Approved,2024-09-28
feb6bae2-9072-45c8-89b5-8f7cfe666c5a,S104882,Failed,Verified,Verified,Approved,2022-04-20
63bc3f61-1c98-4099-961f-8ddf108b90d0,S104883,Verified,Verified,Verified,Approved,2026-05-29
6da6d600-ae2b-4b92-b1e1-4d14316b6042,S104884,Verified,Verified,Verified,Approved,2024-12-30
dac27830-058e-44d2-956b-962394fa255f,S104885,Verified,Failed,Verified,Approved,2026-04-15
cd856d32-7882-4ac0-afc4-9ca5d61b5779,S104886,Verified,Failed,Verified,Approved,2025-07-29
2d09e031-9b7d-405a-97d5-e16c2c710b68,S104887,Verified,Verified,Verified,Approved,2026-05-21
6360e30b-195f-4ccf-893c-36cc5821fab5,S104888,Verified,Verified,Verified,Rejected,2025-12-18
6d55e211-5943-4cb4-92ee-e5859b3f857d,S104889,Verified,Verified,Failed,Rejected,2024-09-13
0fddd13b-87b8-4919-b9f7-71c19cf0c854,S104890,Failed,Verified,Failed,Approved,2022-10-20
24551e23-8276-448c-9ff8-4ad87af8c27f,S104891,Verified,Failed,Verified,Approved,2024-08-02
ab7df4f4-7a6e-4482-8db0-43473549f420,S104892,Failed,Verified,Verified,Approved,2023-04-21
10353a74-861d-41d2-8569-16d60bcbf7b9,S104893,Failed,Failed,Failed,Approved,2022-01-29
d997783d-c114-4180-b73b-f9893259656e,S104894,Failed,Failed,Verified,Approved,2023-07-31
bca96822-d327-43a3-8ed0-d2e4bfe13bd9,S104895,Failed,Verified,Failed,Rejected,2025-05-26
35604649-2434-4ac9-84b4-baef945b3dd7,S104896,Verified,Verified,Failed,Rejected,2023-05-19
4cb5f9bc-7af6-4707-8552-51f9f26ac7c0,S104897,Verified,Verified,Failed,Pending,2023-09-24
fcbad69e-d4c9-4846-ad87-93453b50962c,S104898,Failed,Failed,Verified,Approved,2025-07-08
b752ed69-dc46-4d1b-92ff-f7856ea46613,S104899,Failed,Failed,Verified,Approved,2026-06-17
47596c22-c7b0-4cf4-8205-54a72cf37d53,S104900,Failed,Failed,Verified,Approved,2025-10-06
8d5d0674-1900-46f2-880a-44379f9edcb0,S104901,Failed,Failed,Verified,Approved,2022-12-25
611c156e-b25b-40a8-971d-0b4200f7c7e2,S104902,Verified,Verified,Failed,Approved,2022-01-20
5a3ab332-a382-460e-93c4-9493ac38b9d2,S104903,Failed,Failed,Failed,Pending,2022-07-16
1e29a57b-9cf8-42e0-9c5d-49d7e85a36df,S104904,Failed,Failed,Failed,Approved,2023-05-14
2caeef83-b1bb-4f1f-a515-a2c21e342c86,S104905,Failed,Verified,Failed,Approved,2025-11-30
6ba7d9f2-4cef-4b30-98d8-467a92866289,S104906,Failed,Failed,Failed,Approved,2023-05-29
3f4d905f-0a17-49dc-8349-a424e6af4306,S104907,Verified,Failed,Failed,Pending,2023-04-29
8adab2f2-1b62-4672-bdac-da871173acc5,S104908,Verified,Verified,Failed,Approved,2025-01-04
fe55ca2c-764f-4d67-8da4-ee4627db48c7,S104909,Verified,Verified,Verified,Approved,2024-08-23
435ef4a3-182c-41d3-a7da-a4a6997c4d56,S104910,Verified,Failed,Failed,Approved,2026-06-13
97125512-5b73-4738-aa33-23da6f44f2e2,S104911,Failed,Verified,Verified,Pending,2026-05-19
15051857-fa2f-458b-988c-2153595018fb,S104912,Verified,Failed,Verified,Approved,2024-05-08
cf49d9fc-0709-42e0-a524-4dcda74d6072,S104913,Verified,Verified,Failed,Approved,2024-03-06
90191037-3b01-473a-938e-ee0c3045d82a,S104914,Failed,Failed,Verified,Approved,2022-04-07
fb3b5f27-bfd5-4d8f-a7eb-19fad0482dc1,S104915,Failed,Verified,Verified,Approved,2025-05-12
9a4d027c-5e10-42b0-be26-bcbe0f3f5435,S104916,Failed,Verified,Verified,Approved,2026-03-16
6ea61155-fbde-4e54-a280-6750f3b99598,S104917,Failed,Failed,Verified,Approved,2022-08-23
9464e261-a574-43d0-aec6-4c66ae12eab1,S104918,Failed,Failed,Verified,Approved,2023-10-18
92eeed04-3783-420d-a778-89a140f98fb9,S104919,Failed,Failed,Failed,Approved,2025-05-12
d3bc4c9b-4a42-40a4-ad5b-cd7df28bcd87,S104920,Verified,Failed,Failed,Approved,2023-02-12
3532ea2e-acf8-4ea7-8ec0-793d305ac176,S104921,Verified,Verified,Failed,Approved,2023-01-30
e16ab497-5b74-465b-bb4e-cd57b8942998,S104922,Failed,Verified,Verified,Approved,2023-03-03
e2987de6-bef0-484b-ad0a-1ec6dc9d7f4b,S104923,Failed,Failed,Failed,Approved,2023-01-26
28b56073-e2f9-4114-8978-50b2ff59ec31,S104924,Verified,Failed,Failed,Approved,2023-02-07
6289487a-4cc6-4094-803b-931f87a79a41,S104925,Failed,Verified,Failed,Approved,2025-03-07
7ab615b5-b831-4f6c-b95a-ff913e09c3b1,S104926,Verified,Failed,Failed,Approved,2025-06-17
8cc5c84e-a0b8-4b61-8e76-33cc3dc73b7b,S104927,Verified,Failed,Verified,Approved,2024-09-13
0dbffd7a-5312-4b77-8729-e964a1424221,S104928,Verified,Failed,Verified,Pending,2025-02-26
d0f8a8a4-027d-43cc-be5f-371dbc304884,S104929,Failed,Failed,Failed,Rejected,2024-08-11
dfcb9445-2de7-4cf2-bb24-c9d1fb2b66d4,S104930,Failed,Failed,Verified,Approved,2024-05-02
22faf451-ca53-4dbb-b992-ec6172d45d85,S104931,Verified,Failed,Verified,Approved,2026-06-06
fed5622b-144e-43da-8afa-d670af0c7fa7,S104932,Failed,Failed,Failed,Pending,2023-02-21
d063b17a-3450-415a-9351-02ee7435fb0b,S104933,Failed,Failed,Verified,Approved,2023-09-06
5b958106-288b-4296-a6a9-f9fa131a4b36,S104934,Failed,Verified,Failed,Approved,2024-05-05
547b4f20-d768-449e-b2e3-e2620becdd56,S104935,Verified,Failed,Verified,Approved,2023-03-20
6cad400e-286e-4905-b2a7-76835a3d7684,S104936,Verified,Verified,Verified,Rejected,2022-01-12
254bee9b-9b38-437b-9e0d-381d718a26f4,S104937,Failed,Verified,Verified,Approved,2025-08-19
a7961377-d786-4fdd-9ca6-76b34725d0b2,S104938,Verified,Verified,Verified,Approved,2025-08-25
c62686d9-acf2-4393-8e23-b921a2395979,S104939,Failed,Failed,Failed,Approved,2022-03-15
b0e3a7dd-3eff-4e54-82d2-a464b3f4be3f,S104940,Verified,Verified,Failed,Rejected,2024-07-05
f4446f7b-6502-4df1-a4c1-dac477422169,S104941,Verified,Verified,Failed,Approved,2025-09-28
c325d7ee-761c-4613-b7fc-799a8ef01628,S104942,Verified,Failed,Failed,Approved,2022-05-24
e292d53d-96d4-4eb8-bcc7-4e77b5183180,S104943,Failed,Verified,Failed,Approved,2022-05-02
e133288b-829c-4fa5-bbda-6f893d9777f6,S104944,Failed,Verified,Failed,Pending,2026-03-06
d5057178-91c3-4855-86c8-a705aa7f8f77,S104945,Failed,Verified,Failed,Approved,2025-08-12
144a435e-9832-446d-9c51-3c9d44b5edaf,S104946,Verified,Failed,Failed,Approved,2022-03-15
86cd22c1-dae3-4279-abe5-3dc7cd2466e2,S104947,Verified,Verified,Verified,Approved,2023-08-24
2a6e0b4c-7143-4782-afaa-cd30f7af962c,S104948,Failed,Verified,Verified,Approved,2024-12-14
41d205a9-7ae9-493c-bcd2-e3ed81a51949,S104949,Verified,Verified,Verified,Approved,2024-05-15
62305320-89d2-473e-89d8-09017f73fa30,S104950,Verified,Failed,Verified,Approved,2023-11-19
0d50798c-155d-4726-9dd7-f57feb58c938,S104951,Verified,Verified,Verified,Approved,2022-08-05
61205840-716f-43f5-849c-6f464b688cf1,S104952,Failed,Verified,Verified,Rejected,2022-02-26
c8c938a3-db5f-459e-9f3a-82bdb4783e0c,S104953,Verified,Failed,Verified,Approved,2022-11-14
ddbf49c5-608d-42c2-98c8-6dea2a5766a6,S104954,Failed,Verified,Failed,Approved,2023-06-28
61828f6d-cb5c-4268-b50a-e8e89ed46bea,S104955,Verified,Verified,Failed,Approved,2024-02-12
bfd540fd-d5b8-44ca-aec1-8ff55041471d,S104956,Failed,Failed,Failed,Approved,2024-07-28
51161b26-be60-48a7-99af-5a94481d6550,S104957,Failed,Failed,Failed,Approved,2026-01-27
aa6ca6f1-1305-43e1-b86c-3ed87c6f8a09,S104958,Failed,Failed,Failed,Approved,2023-10-28
04ac010e-2406-46b4-8cd9-9e6f8387e8ba,S104959,Failed,Verified,Verified,Pending,2023-02-26
13d694fb-438d-461f-852b-05bf492114a3,S104960,Verified,Verified,Verified,Pending,2023-03-26
75cf289b-0209-4ae5-a554-4216b451483d,S104961,Failed,Failed,Verified,Approved,2023-07-12
11ae006e-9118-4af4-9a2f-51ddce409d75,S104962,Verified,Failed,Verified,Approved,2023-04-28
cdf1fe5f-c68d-4e72-985b-366822787f6c,S104963,Verified,Verified,Verified,Approved,2026-03-06
b03ffcb8-c966-4a87-bfd5-8b0047a2f46f,S104964,Verified,Failed,Verified,Approved,2025-07-21
fd065ff1-0e65-47ad-b4d6-08623f9d4a7f,S104965,Verified,Verified,Failed,Approved,2026-03-21
5d4a2b4a-6c1e-47e2-ae16-9ab7ed07a129,S104966,Verified,Failed,Failed,Approved,2022-10-02
198550f7-ec54-44a1-8773-ae8a7013d762,S104967,Failed,Failed,Failed,Approved,2022-07-20
38d623dc-6549-4377-9ecd-8b294a85e4d2,S104968,Verified,Failed,Verified,Approved,2025-08-26
07abbbee-515e-40d3-9b8b-f877cce4a797,S104969,Verified,Failed,Verified,Approved,2025-07-17
5eba6356-35a2-4a05-951a-c6961435e9f7,S104970,Failed,Verified,Failed,Pending,2026-04-17
a9669e58-1027-457c-a713-63333582bedb,S104971,Verified,Failed,Failed,Approved,2023-04-29
1d222845-e1db-4f34-87c5-0cba14577e2e,S104972,Verified,Verified,Verified,Approved,2026-02-28
4d593c14-82db-44f3-92c3-c305b8227841,S104973,Failed,Failed,Failed,Approved,2025-10-26
d7e56b59-7163-4a74-a54a-6ff45e8f972e,S104974,Failed,Failed,Verified,Approved,2024-03-03
1774f846-e012-403b-b453-06bc39a9db7e,S104975,Verified,Verified,Failed,Pending,2025-03-24
0ebabba0-7a26-48ee-b809-c520d0075f79,S104976,Failed,Verified,Failed,Approved,2022-08-09
b285bc99-b951-4936-8bdb-b9cdb1c493d6,S104977,Failed,Failed,Verified,Approved,2022-07-27
aa013ab9-fcb2-4643-90cb-75bdb7407845,S104978,Failed,Failed,Failed,Approved,2022-04-29
9135ce42-4675-4a7c-b60f-741cb16c072c,S104979,Failed,Failed,Failed,Approved,2022-01-16
f37a8ed7-e7ba-4e10-979f-5e2a30c869a7,S104980,Failed,Failed,Failed,Approved,2025-10-04
f39a67a4-6a33-4c2f-9c05-9bce73757c15,S104981,Failed,Verified,Verified,Approved,2024-08-04
ffb99bcd-7fea-49d0-8d49-f3c8071bd8df,S104982,Verified,Verified,Failed,Approved,2023-05-19
f197a177-2f54-4479-81be-6a203bb42117,S104983,Verified,Failed,Verified,Approved,2022-10-01
b340305e-eee8-4588-b4a5-09311a890fdc,S104984,Verified,Failed,Failed,Approved,2025-07-12
f9b18820-d996-4e21-bf68-101eff8bbd8a,S104985,Failed,Verified,Verified,Approved,2022-12-04
368c0dcf-7401-427c-b68e-60a071ff7fea,S104986,Verified,Failed,Verified,Approved,2022-07-21
7b27acd4-9876-4d18-9575-17a63c6da9b7,S104987,Failed,Verified,Failed,Approved,2026-05-11
0b568722-a8b1-412f-a234-ce94cfb05d99,S104988,Verified,Failed,Verified,Approved,2022-12-23
dfefb733-e2b9-4611-9769-e4c7155b7f04,S104989,Failed,Failed,Failed,Approved,2025-10-10
e1921247-a918-4b4a-9903-4d7901750dd1,S104990,Verified,Failed,Verified,Approved,2026-01-29
2bfb65da-90d0-43ec-8a17-ba92f1afec00,S104991,Failed,Verified,Verified,Approved,2025-10-02
d3bbe9cf-13a5-4540-a80f-623569ea4de5,S104992,Failed,Verified,Failed,Approved,2022-03-22
9dd838ea-8d35-44a3-bac0-075acc84a54d,S104993,Verified,Failed,Verified,Approved,2024-10-06
dd75b114-eb59-4057-a876-d508da53be50,S104994,Failed,Failed,Failed,Approved,2024-10-23
ad61620f-b9d9-49bf-b305-1e8d28c753bd,S104995,Failed,Verified,Failed,Approved,2023-03-04
fb9a7406-03fb-4e1e-82d5-f2d0e57e0377,S104996,Verified,Failed,Failed,Approved,2024-12-28
356e6aea-13cc-4a68-aa7a-49740005a7cb,S104997,Failed,Verified,Failed,Approved,2025-07-25
4519b98c-55aa-4de7-a19a-c7cb8633296d,S104998,Failed,Verified,Failed,Approved,2023-07-08
6d25ac25-97f3-45de-b145-26b0d8b2a4ac,S104999,Failed,Verified,Failed,Approved,2022-04-21
2bcb4c54-0d91-4018-a721-d508ed31a097,S105000,Failed,Failed,Verified,Approved,2023-04-27
daec9713-5026-41ae-a67b-e65aea617930,S105001,Verified,Failed,Failed,Rejected,2024-05-22
455620f8-f33a-42c9-b9d1-475d15c31c86,S105002,Verified,Failed,Verified,Approved,2026-02-20
b8cc4959-8ae0-42d3-9765-6ec23fe2970a,S105003,Failed,Failed,Verified,Approved,2023-05-24
d423c737-46d8-44b7-95a4-61190a9ae42f,S105004,Failed,Verified,Verified,Approved,2022-07-26
d47e2d34-106b-4600-955d-a9437890e2e0,S105005,Failed,Failed,Failed,Approved,2024-05-26
07eb9578-da79-4e97-b612-875d8e9eed95,S105006,Failed,Verified,Failed,Approved,2023-07-11
f4f4666e-0854-44f6-8942-d7ecfe7060e8,S105007,Verified,Failed,Failed,Approved,2023-12-06
15394c10-0d76-4570-96c6-33684d867612,S105008,Verified,Failed,Failed,Approved,2024-04-21
3e0f74a9-bf11-42da-90da-4a0ae4e94f49,S105009,Failed,Verified,Failed,Approved,2025-01-28
1ccd29c6-b52d-469a-91ee-fcc8ec37a33a,S105010,Verified,Failed,Failed,Rejected,2022-07-20
9c7ab004-53f6-4d85-b198-2abd927a08aa,S105011,Failed,Failed,Failed,Approved,2022-03-03
f64b835b-e4ee-4a79-a94b-c26df78db887,S105012,Verified,Verified,Failed,Approved,2025-07-23
680cbf6e-a08c-4d43-900d-1898ebc6bc59,S105013,Failed,Verified,Verified,Rejected,2022-12-30
26aea272-f6d0-4554-949d-82b60ee0d40a,S105014,Verified,Failed,Verified,Approved,2025-07-13
c7cc2c03-99b5-49bb-a7fe-fc5f7b5f0bad,S105015,Verified,Verified,Verified,Approved,2023-09-05
b3e993c8-e380-4af7-8c80-9e5f30c747cd,S105016,Verified,Failed,Failed,Approved,2023-07-05
ed4bee75-cbf3-43d0-8626-d642dcc6b8e8,S105017,Verified,Failed,Verified,Approved,2022-02-23
ff2711fc-7e90-4659-81b0-2d73fb2ddab9,S105018,Failed,Failed,Verified,Approved,2022-02-12
6ac9a374-6fe0-41bc-9b61-2d0e7c17979a,S105019,Failed,Failed,Verified,Approved,2023-09-27
41b506f9-53cc-4391-98eb-b11d0cb82ea6,S105020,Failed,Failed,Verified,Approved,2024-02-05
e415626d-d7b9-4906-809e-ed7ee9ab2565,S105021,Failed,Failed,Failed,Approved,2026-01-17
511b64e1-2650-472f-a043-1b9f5510c1ef,S105022,Failed,Verified,Verified,Approved,2025-07-29
d65f5de9-021b-4b31-9995-819b78e1c771,S105023,Verified,Verified,Verified,Approved,2023-01-31
4f42f29f-2df1-4ecc-ab4c-d2e345fb3cce,S105024,Verified,Verified,Verified,Approved,2025-11-06
c1d2bbca-42cc-45ed-9d6b-040c6695047a,S105025,,Verified,Failed,Pending,2025-10-28
e0713459-9735-4f57-a304-aba60e90c079,S105026,Verified,Verified,Failed,Approved,2024-08-23
b137351c-bf04-4ab2-a9b5-70f6437195e7,S105027,Verified,Failed,Failed,Approved,2026-02-26
1c10a8ef-c1c2-417e-aa3f-7aef800f3c74,S105028,Failed,Failed,Failed,Approved,2022-01-23
7df5733d-c294-42f3-ba99-c11bc7c5b2dd,S105029,Failed,Verified,Verified,Approved,2024-11-09
e13b39fc-4202-4016-9a4c-c12656670775,S105030,Verified,Verified,Verified,Approved,2022-07-01
28cbd42e-84aa-4fa6-bd1d-6a461b1bdaf4,S105031,Verified,Failed,Verified,Approved,2024-12-26
1bffaf79-7fbe-44ba-86f4-fa2b7fa70f78,S105032,Verified,Verified,Failed,Approved,2026-06-03
8fcf4d2a-4cd3-46ad-9da5-a774cb17f774,S105033,Verified,Verified,Failed,Approved,2022-04-22
18ddfdb6-c9ea-4200-93cc-60be8ede02cf,S105034,Failed,Failed,Verified,Pending,2024-02-11
f6ea1983-5e7c-41c2-8e36-56d261f77a5b,S105035,Verified,Failed,Verified,Rejected,2024-11-21
135d0ddd-f27e-4e6c-8564-45308e6c3463,S105036,Failed,Verified,Verified,Approved,2024-09-24
c921fee8-abd1-4c63-bfcc-a09e91492453,S105037,Failed,Failed,Failed,Approved,2023-11-20
e915c0ec-5aa7-4bc5-948f-c66adce1113f,S105038,Verified,Verified,Verified,Rejected,2022-11-09
2b9f9711-8e81-408d-8ac3-0a857d77caa2,S105039,Verified,Verified,Verified,Approved,2023-04-06
8c641217-bcee-4cdd-bded-74db66c84702,S105040,Failed,Verified,Verified,Approved,2024-02-17
537b3a09-f51c-43c0-99ab-cec061a4818d,S105041,Failed,Failed,Failed,Approved,2024-10-02
45553ab3-433d-4d6a-8bf0-7d81e338cce9,S105042,Failed,Verified,Verified,Approved,2024-01-15
e6fdb144-1766-4ccc-8a29-42bdbbef68bd,S105043,Failed,Failed,Verified,Pending,2025-12-12
476c17be-fbc9-45c6-a7f8-96fe4c8b2b58,S105044,Failed,Verified,Failed,Approved,2023-09-09
f9116ba2-9fc7-4fa4-a32c-92f3bf212187,S105045,Failed,Failed,Verified,Approved,2023-09-19
251b7aea-c408-49ac-82b5-2ae0eca2e5a2,S105046,Verified,Verified,Verified,Approved,2023-06-11
ca7d42cd-7e62-46e9-a787-0ea5bfac1bc1,S105047,Verified,Failed,Failed,Approved,2024-10-23
89efff81-87b0-4c54-84ce-eaeea1105dcf,S105048,Failed,Failed,Failed,Approved,2025-06-19
d919bd9f-58b7-4870-b331-bd460f828110,S105049,Failed,Failed,Verified,Approved,2024-12-13
d1b31ef8-5412-4cfd-9096-92690b2b258a,S105050,Failed,Verified,Verified,Approved,2024-02-01
ab48ef7e-7031-49c1-ba32-57381fb53919,S105051,Verified,Verified,Failed,Approved,2024-06-26
fabd2daa-6a40-4746-a86d-d87983052fec,S105052,Verified,Failed,Failed,Approved,2026-05-09
692418b6-2d41-45f1-a1c9-db86c55a3f6c,S105053,Verified,Failed,Verified,Approved,2023-12-06
9e0f7d3f-e0b5-4744-8087-6d0082856310,S105054,Failed,Verified,Verified,Approved,2023-06-12
0b0212b7-71ba-4cf3-be73-a294f2869358,S105055,Verified,Verified,Verified,Approved,2022-02-21
101197b4-4139-4191-a49a-4ec14b16a3b7,S105056,Verified,Verified,Failed,Approved,2023-05-29
aa500a5a-903d-48f8-b9c2-2c9c6936059e,S105057,Verified,Failed,Failed,Approved,2024-08-04
265db946-4b78-4da2-9dcc-414b8141bcdf,S105058,Failed,Failed,Failed,Approved,2022-09-30
016d8e8d-ed49-4068-a810-aaf4dfc4db20,S105059,Verified,Verified,Failed,Approved,2023-08-29
a8d2b9f8-61d4-4227-b9d1-597071fe354d,S105060,Verified,Failed,Verified,Approved,2024-10-23
a743fe00-706b-4138-941e-e0b789fa2744,S105061,Verified,Verified,Failed,Approved,2026-06-05
88ed8d56-6dde-4358-8b49-914402b750d6,S105062,Failed,Failed,Verified,Approved,2022-04-23
384f816b-43c1-4ffd-a6d4-185013eb49d8,S105063,Verified,Failed,Verified,Approved,2023-02-19
78efb790-93a7-43d1-9c25-813f6d0a2041,S105064,Failed,Verified,Verified,Approved,2025-07-15
39c2f88e-ee90-412f-abf4-19aa27772053,S105065,Verified,Failed,Failed,Rejected,2024-02-26
c96c677c-a68a-48fb-bf8c-8858989162b0,S105066,Failed,Verified,Failed,Approved,2022-06-27
bcb90d8d-693e-4c18-a435-032e77afe93a,S105067,Verified,Verified,Verified,Rejected,2023-05-05
50197df2-0c20-4a50-aee4-42081ad25fd7,S105068,Failed,Verified,Verified,Pending,2025-05-20
75805d15-dd94-453b-9f1a-8d9540673e2d,S105069,Failed,Verified,Failed,Approved,2024-11-18
09aa8df1-528b-42de-9562-e845c88ebf46,S105070,Verified,Failed,Failed,Approved,2026-03-15
6eb30ce2-7e8b-4ccf-8be9-a2ee077ff307,S105071,Failed,Failed,Failed,Approved,2025-07-08
d4eb22b4-b014-4f0b-9490-5d68038f1c51,S105072,Failed,Failed,Failed,Rejected,2024-03-09
c1fd6735-590d-410f-b508-128ddee6d93e,S105073,Failed,Failed,Verified,Approved,2024-09-11
be1a45f7-b5da-42a4-9c62-c232f6275120,S105074,Verified,Verified,Failed,Approved,2023-05-26
0164cc5d-0187-474b-a16d-8a59897142bc,S105075,Verified,Verified,Failed,Rejected,2022-09-18
79270d71-e99f-47d2-b2e3-17afe62ce188,S105076,Verified,Verified,Verified,Approved,2026-03-28
81c471e0-2dd4-46d0-801b-9ca18db8884f,S105077,Failed,Failed,Verified,Approved,2024-05-21
5cd2abe0-5e23-4bc6-b952-bb7f48b0d7b7,S105078,Verified,Verified,Verified,Approved,2024-11-06
878b9dd1-1a47-4496-afd2-2e3d74e0b03c,S105079,Verified,Verified,Verified,Pending,2023-05-01
7bb28688-ebc5-4769-ad8a-79c9a008a78a,S105080,Verified,Verified,Failed,Approved,2025-09-06
6ef7ccbb-0bb5-4a87-8c94-e34e7b72ae6d,S105081,Failed,Failed,Failed,Approved,2026-01-14
b024a018-2198-471d-bcf4-62d36d88dc5e,S105082,Failed,Failed,Verified,Approved,2022-02-09
28c95338-b9e3-4f0b-9aa7-191d17a392e7,S105083,Verified,Verified,Verified,Rejected,2022-04-25
8da0b992-2d47-484a-93dc-a7d4cc62ac54,S105084,Failed,Verified,Verified,Approved,2023-07-24
9610da6e-4ca5-4346-bb88-d285c27d3973,S105085,Verified,Failed,Verified,Approved,2024-11-12
348ea61e-424a-4580-9e08-b398dd37ef7c,S105086,Failed,Failed,Failed,Approved,2023-04-02
9784cae1-a295-4ea0-b35f-c75f02bb7a10,S105087,Failed,Verified,Failed,Approved,2025-10-25
5cc4f523-1c59-470c-a6aa-e14bcba9340c,S105088,Verified,Verified,Verified,Pending,2026-04-05
2d3c9506-f3b9-4a10-b3d5-6807288f8b61,S105089,Failed,Failed,Failed,Approved,2024-04-12
7c3b18e0-9f45-4a39-9d11-3387becd6b86,S105090,Verified,Failed,Verified,Approved,2024-01-26
6c3e3ca5-323f-4791-b8d8-22a788e478d0,S105091,Failed,Failed,Verified,Approved,2024-05-11
e95e1564-76bf-4d44-9429-2211f4280889,S105092,Failed,Failed,Verified,Approved,2026-06-08
b028653f-c8ff-4dd8-87c7-8498f9159063,S105093,Failed,Verified,Verified,Approved,2022-06-06
ad88e85e-861c-44ee-a532-da8c0dec2d12,S105094,Failed,Failed,Verified,Rejected,2024-09-10
afdd87e9-2baa-4feb-9a2d-96709383fff4,S105095,Verified,Failed,Failed,Rejected,2022-12-22
97cf695f-5865-475d-8b81-1cb1c5364f10,S105096,Failed,Failed,Verified,Pending,2023-02-15
cee1d596-4481-44d2-8ef3-de429580da3a,S105097,Failed,Verified,Verified,Approved,2024-02-27
a0c7e3f5-771f-4c0a-b025-9a44495cf98f,S105098,Verified,Verified,Failed,Approved,2026-05-21
97450e57-641d-4524-85f3-e556e0d56b22,S105099,Verified,Failed,Verified,Approved,2026-01-27
fd2cadc5-888d-437b-98ed-0566bc09224a,S105100,Failed,Failed,Verified,Approved,2022-02-08
1731d542-077d-4caf-8a1c-a3a8dc4e03c1,S105101,Verified,Failed,Failed,Approved,2025-11-26
2a48b60d-c632-4305-abd1-fe982d2654f5,S105102,Verified,Verified,Verified,Approved,2023-11-06
cc2f564b-67ae-4237-815e-1790579d2cfc,S105103,Failed,Verified,Failed,Approved,2022-08-04
37577987-8838-423e-8f92-6eb5210995a2,S105104,Failed,Failed,Failed,Approved,2024-11-29
03ba09e8-be34-4890-9895-d9de6a399b7f,S105105,Verified,Failed,Failed,Approved,2025-11-22
09ce2544-8a2a-4585-8f31-bafddc1513bd,S105106,Failed,Failed,Failed,Approved,2022-05-18
d2e4b8d1-7daa-49db-9b90-aa652612a304,S105107,Failed,Failed,Failed,Approved,2022-04-11
11e29315-cac8-471a-89da-24a5a87e7cdb,S105108,Failed,Verified,Failed,Rejected,2026-07-22
a6206822-dfff-45f2-a747-4de3d9933736,S105109,Verified,Failed,Verified,Approved,2025-02-01
bc37aa1a-0c19-462c-b7ba-1b362b1c6d96,S105110,Failed,Failed,Verified,Approved,2025-09-02
3daf6854-b7e0-48cb-a5f1-8ec3a75d83ea,S105111,Failed,Failed,Verified,Rejected,2022-05-16
e6ca93e2-39fa-498d-8ff0-d7fa752a7320,S105112,Verified,Failed,Failed,Approved,2025-09-26
9e7a630d-5648-4953-ad54-fcd55f2536d8,S105113,Verified,Verified,Failed,Approved,2022-07-03
9f6c6bb9-e204-46fa-a28f-3fc45a0bc986,S105114,Failed,Failed,Verified,Approved,2025-10-21
64346e69-1f8d-4b29-916b-0cf51b092f5f,S105115,Verified,Failed,Verified,Approved,2023-07-11
c0d6c3d3-60f8-4a26-a625-9184702813c0,S105116,Failed,Failed,Failed,Approved,2025-11-29
69d1517c-b48d-4c1b-af83-054113aefbc7,S105117,Verified,Failed,Failed,Approved,2024-02-06
67e70efb-9292-457f-bb89-481926d4122e,S105118,Verified,Verified,Verified,Approved,2023-08-18
58e36819-f7e0-498d-8e21-7546e03eeb6f,S105119,Verified,Failed,Verified,Approved,2026-04-08
ec77139b-6585-4382-9c12-24af8aac093d,S105120,Failed,Failed,Failed,Approved,2025-06-09
62c13143-315f-4ced-bf07-a2aadf9bdebb,S105121,Failed,Failed,Verified,Pending,2022-07-14
21fc2591-0de9-4f88-bca3-d7d8db1b0188,S105122,Failed,Failed,Verified,Approved,2022-04-04
fb16d8a4-3e54-4130-9c18-41ccc7d20464,S105123,Failed,Verified,Verified,Approved,2025-07-05
7cf9258a-8370-4ccb-a02e-f747dc9a0a81,S105124,Failed,Verified,Verified,Approved,2023-03-29
cf33d705-24f0-4983-ad16-c95f302142fa,S105125,Failed,Failed,Failed,Approved,2023-02-20
2d839318-25ee-4a3b-9e6b-9a7b0f845913,S105126,Failed,Verified,Failed,Approved,2022-04-16
5c0de1cf-46a1-4473-9f82-f12f53839c0f,S105127,Verified,Verified,Failed,Pending,2022-10-23
fe81ed3f-8cb1-42a4-8e19-36830bc6b1c9,S105128,Failed,Verified,Failed,Pending,2026-05-18
63203749-0505-41ee-a9e8-c216f1fb17e1,S105129,Verified,Failed,Verified,Approved,2024-05-22
9ccee410-04b2-447f-84aa-d9399d4c3a4f,S105130,Verified,Failed,Verified,Approved,2023-01-07
ee736789-ccfe-4343-8f24-6dc4706ef9ac,S105131,Failed,Failed,Failed,Pending,2026-06-21
d285fab1-344d-49d9-91c2-ece0768cd7f9,S105132,Verified,Failed,Failed,Pending,2024-01-25
dcb226ce-a641-4eb4-a7f0-5231f567525a,S105133,Verified,Failed,Failed,Pending,2023-03-15
18ce7e9a-e94f-4ad7-bf7e-170d8f10832d,S105134,Failed,Failed,Verified,Approved,2025-09-26
ea2e354c-892b-4a59-9713-a43ad1359520,S105135,Verified,Verified,Failed,Approved,2024-11-03
499a1d8a-e386-4d96-a2d0-d985333910e8,S105136,Failed,Verified,Failed,Rejected,2025-02-22
0e513be9-c132-4040-9e04-f988e45c5952,S105137,Failed,Failed,Verified,Approved,2022-04-16
0124ac08-a3c4-406f-8d07-5df7fb742a7b,S105138,Failed,Verified,Verified,Approved,2025-04-10
8a37b9f4-5296-47f4-a3b6-ec096fe062f1,S105139,Verified,Failed,Verified,Pending,2024-05-28
fe0779f9-4985-41e5-83e9-02104af9bb06,S105140,Failed,Verified,Verified,Approved,2022-03-15
3da82745-f659-4d4a-b7b8-7e9ef5cc1dfb,S105141,Verified,Verified,Failed,Approved,2022-12-08
cf1811a1-c157-4689-b625-1a11da05bca7,S105142,Failed,Verified,Failed,Pending,2025-02-26
f4644ddd-3b3f-4cf5-9045-d088ca41de7e,S105143,Verified,Failed,Verified,Approved,2024-09-02
46d2befb-017d-452d-81a7-db2d06fe7832,S105144,Verified,Failed,Failed,Approved,2026-03-05
b3999f2b-39a3-4c1e-8fdd-c43b6e3b7ea1,S105145,Verified,Verified,Verified,Approved,2023-05-25
a66d6812-d627-4611-902c-9373cfda8ed8,S105146,Verified,Failed,Failed,Approved,2022-07-13
b57bccf1-0055-4969-aa01-b884b6edf8b3,S105147,Verified,Verified,Verified,Rejected,2025-08-30
da435125-b241-4dea-9bf5-dd77889f6264,S105148,Failed,Verified,Failed,Approved,2026-02-04
e338b6c3-7f1a-4f72-a0f3-87e9f3a49ace,S105149,Verified,Verified,Verified,Approved,2022-02-19
90b312ca-46a2-4bf9-a241-927709c4489b,S105150,Failed,Verified,Verified,Approved,2025-01-21
3eb6c1ad-aee8-4ca4-995f-edd3dcb954c8,S105151,Verified,Verified,Failed,Approved,2024-07-24
cbfb3a8f-9fb2-4682-9f7a-80e678664690,S105152,Failed,Verified,Verified,Pending,2026-03-10
77acabc8-485b-446b-88dd-60fe015c4f73,S105153,Failed,Failed,Verified,Approved,2024-10-08
0d0a5493-fa3f-4c44-9c50-5aa9e23226ad,S105154,Failed,Failed,Failed,Pending,2025-05-03
509c0b54-f27c-45ed-9491-4931a2ad03d6,S105155,Verified,Verified,Verified,Approved,2025-09-04
3e19cb1a-d249-45c7-8df0-7be1bf612d92,S105156,Failed,Failed,Verified,Approved,2022-12-17
03c71011-784a-4448-8347-2a9a0ec47347,S105157,Failed,Failed,Failed,Approved,2026-07-31
879edbeb-a7a4-4db8-bd13-24f7206188aa,S105158,Failed,Failed,Verified,Approved,2024-08-03
d9487c4d-28e9-48d9-860a-b3fe93b2fc84,S105159,Failed,Verified,Failed,Approved,2024-03-03
5e4ac510-434c-4405-acea-7a2674980cd9,S105160,Verified,Failed,Failed,Approved,2024-06-10
011f3f66-3025-49c7-bf6e-ff2f1d13b91f,S105161,Failed,Verified,Verified,Approved,2022-02-22
0c3a550c-c497-42e2-b1ad-427baf85607f,S105162,Failed,Verified,Verified,Rejected,2022-11-18
cb8a0352-a16d-434c-abcf-53045215926a,S105163,Verified,Failed,Failed,Approved,2022-07-27
1e46d6ac-dab0-4ea2-a5a8-b58d0cc86dd6,S105164,Verified,Failed,Verified,Approved,2023-01-01
ed77dbd4-8ba0-45d9-9f88-fc0ce5203d85,S105165,Verified,Failed,Failed,Approved,2024-04-17
7dae6320-ea61-4108-93e8-e216f36e1870,S105166,Verified,Verified,Verified,Approved,2024-08-18
35b23ce3-7b71-418f-8c7c-fe8954123c71,S105167,Failed,Verified,Verified,Approved,2024-02-17
c65934a8-8208-4899-8ac8-1be9e724aae0,S105168,Failed,Verified,Verified,Approved,2025-04-26
2e112dcc-4862-46f7-8abc-87ec000f93c1,S105169,Failed,Verified,Failed,Approved,2025-04-13
61ffc40f-063c-41f9-8eb5-7e557c16470d,S105170,Failed,Failed,Verified,Approved,2026-06-22
805a043c-2a23-415b-82b1-84bc28f0178b,S105171,Verified,Failed,Verified,Rejected,2025-03-19
71c50017-00ae-4456-88b7-f76553542705,S105172,Failed,Verified,Failed,Approved,2026-04-20
39441fc4-5092-4491-982f-78cc29ee9153,S105173,Failed,Verified,Failed,Approved,2025-10-14
b187233c-5ed5-46e7-835d-a5182f0c7e2d,S105174,Failed,Verified,Verified,Approved,2022-04-08
5c58b2b2-8947-4d79-b649-506b23d95b2f,S105175,Failed,Failed,Failed,Approved,2023-03-08
5eaad27b-d79b-40c4-91d1-7e7912ade836,S105176,Verified,Failed,Failed,Approved,2022-05-31
304387d8-1df8-4f05-8e5b-a701e5fb3839,S105177,Verified,Verified,Failed,Approved,2023-02-14
77d66316-40bd-484f-a831-392b54588d33,S105178,Verified,Failed,Verified,Pending,2022-10-24
700e0602-cd0c-4712-9784-dc4114a38eee,S105179,Verified,Verified,Failed,Approved,2024-08-07
ac2818cb-7956-4953-8298-d8db8d8815b0,S105180,Failed,Verified,Verified,Approved,2025-09-20
58746c41-c650-4636-baf4-a8ccc2c1c69e,S105181,Verified,Failed,Verified,Approved,2024-10-09
1f40f37f-5c87-41c3-b834-af7f037207fc,S105182,Verified,Failed,Verified,Approved,2024-08-04
9f531cc0-dd8e-47f3-bbbf-2e9f3550cc71,S105183,Failed,Failed,Verified,Approved,2023-09-02
e092d6c3-1ed0-4b04-b10e-7dd6bf05413e,S105184,Failed,Failed,Verified,Rejected,2022-09-20
16799e77-4469-45a5-a296-1d8687d54b27,S105185,Failed,Verified,Verified,Approved,2024-05-12
bfa80526-5bde-4066-8646-79bc834c3b6c,S105186,Failed,Verified,Failed,Rejected,2023-07-28
1a116f3b-4a1c-4baa-925c-1f8217b3da76,S105187,Failed,Failed,Failed,Approved,2022-08-29
b6934966-f7c0-41ef-85a6-19ff208e932c,S105188,Failed,Verified,Failed,Approved,2023-09-23
7e1be970-00d4-4d09-9327-13c6efb2c37b,S105189,Verified,Verified,Verified,Rejected,2022-06-12
0aadcf98-ecce-4751-a1c7-7ea1421f602c,S105190,,Verified,Verified,Pending,2026-02-08
fa37e81c-bc27-49fc-865c-777dfa3fbc7b,S105191,Failed,Failed,Failed,Pending,2023-12-26
6d85a707-54ca-4ef0-9157-c4b65fa99c60,S105192,Failed,Failed,Failed,Approved,2025-06-22
d67de719-ea08-4b3e-9a8c-9016949a27a8,S105193,Failed,Failed,Failed,Approved,2024-08-01
c58d47b3-cd5e-4b77-b75d-6f24367cbf3b,S105194,Failed,Failed,Verified,Approved,2024-10-12
b33d83d7-683c-4535-b90a-db43276e2b7e,S105195,Verified,Failed,Failed,Approved,2023-03-27
c638adc4-c8db-4501-a538-e26c9ffddb82,S105196,Failed,Verified,Verified,Approved,2022-01-25
e4ae9f39-925d-4044-8fcf-33bd61f6ee42,S105197,Failed,Failed,Verified,Approved,2022-08-15
72b4f161-43e6-41ec-957b-7f59ead8ee71,S105198,Failed,Failed,Verified,Approved,2025-12-08
d65d8c8d-7728-4710-82cc-32ec39e36972,S105199,Verified,Verified,Verified,Approved,2022-09-03
913deb25-0ac3-4806-b3fc-0e5f9c9bc43f,S105200,Verified,Failed,Verified,Approved,2023-08-05
5ea03d42-aca4-425c-a69e-58f6ef8844f3,S105201,Verified,Verified,Failed,Approved,2022-04-19
9a4c8928-3422-4b5a-99cc-21d22d9c60cd,S105202,Failed,Failed,Verified,Approved,2024-01-20
0d1dac4a-fa90-46cd-a01f-0e2e0c665ec3,S105203,Verified,Verified,Failed,Approved,2023-10-23
6955f227-32dd-4a2c-a9ab-b1ca5df195d6,S105204,Failed,Verified,Verified,Approved,2024-04-25
14b960a9-705e-4f47-8b9d-29f3cfaab56c,S105205,Verified,Failed,Verified,Approved,2023-10-20
d021dc98-d456-4b52-8d3a-360f2611fc77,S105206,Failed,Failed,Verified,Approved,2022-02-04
7a2893ba-341e-4037-9f83-5e17d8fffd02,S105207,Verified,Failed,Failed,Approved,2025-04-24
4c0d4017-d866-4592-9c18-2e3a3486e25d,S105208,Failed,Failed,Verified,Approved,2024-02-02
a52a8bf6-230c-4c0d-9628-0bf49d9b3ca4,S105209,Failed,Verified,Verified,Approved,2022-09-15
d068f4ce-fd0c-493e-8903-03c9501cb01e,S105210,Failed,Failed,Verified,Rejected,2025-11-10
e4c21674-38c9-4951-9147-2b9411cbf74b,S105211,Verified,Verified,Verified,Pending,2023-01-27
49839e4a-941f-4ae5-a3ad-d4b66e251daf,S105212,Failed,Failed,Verified,Approved,2024-01-08
4c27ac78-6e40-4eeb-b08f-bb84dea05743,S105213,Failed,Verified,Failed,Approved,2023-07-03
5995f4ff-6d72-42dd-b7c9-ad163522cd56,S105214,Verified,Failed,Verified,Approved,2024-03-12
15838511-31e8-41d4-b17e-d913ad90b1e6,S105215,Verified,Failed,Verified,Approved,2022-08-30
bd3ea5e4-e6b0-4b55-8e65-50d3a864bfae,S105216,Verified,Verified,Verified,Approved,2023-02-24
f813c1eb-b167-4133-90ab-86edf7fe9772,S105217,Verified,Failed,Verified,Approved,2025-11-22
47aab465-cacd-462d-b996-6335989f4a98,S105218,Verified,Failed,Verified,Approved,2023-08-11
8d4ad8fc-6bb3-4752-b3cb-9cba5f71f537,S105219,Failed,Verified,Failed,Approved,2022-05-25
081f4ced-5e3f-4a2a-9e0a-0b09c2b89fc2,S105220,Verified,Verified,Failed,Approved,2025-01-22
51d242ba-956a-4298-8b05-4a03c10fd0cf,S105221,Verified,Failed,Verified,Approved,2024-04-16
4b25d84a-ea88-4978-9bde-7063fe02fb73,S105222,Failed,Verified,Verified,Approved,2022-08-31
ca2e9ac6-3b92-4b3e-b384-7cd361a84b57,S105223,Failed,Failed,Verified,Approved,2022-09-08
1b980fd5-fa91-46d1-add8-a1c0a730bcc2,S105224,Failed,Failed,Verified,Approved,2023-02-23
8cf38f0c-9e0b-4a8f-b29f-801388bb6a9c,S105225,Verified,Verified,Verified,Approved,2022-06-30
692d8f2f-e09d-482b-ba9a-b477943546c9,S105226,Verified,Verified,Failed,Rejected,2023-02-20
f9c9811c-3d67-490e-ba6f-9352c7f34447,S105227,Failed,Failed,Failed,Approved,2023-02-10
20f44d6e-0bde-4c9a-8278-bb4aac7d6760,S105228,Verified,Verified,Failed,Rejected,2022-09-20
27d8f983-47fc-43f5-8201-765b32cf4a95,S105229,Verified,Failed,Failed,Approved,2023-01-01
3d9cf2f9-35cf-459e-931e-fa52cf79a245,S105230,Verified,Verified,Failed,Approved,2022-01-30
84a53e31-b106-441e-b8d6-3472d01c9d00,S105231,Verified,Verified,Failed,Approved,2024-05-08
3d43de1d-c247-40a9-a1a0-799386707967,S105232,Failed,Failed,Failed,Pending,2026-01-11
62f73ff7-91eb-486a-a952-78e41a887675,S105233,Verified,Failed,Verified,Approved,2024-07-14
530b9b65-252a-4ca1-84bd-7bba010a8e80,S105234,Verified,Verified,Verified,Approved,2022-02-27
b6b581af-b9ed-4241-9c4f-1fb006efad71,S105235,Verified,Failed,Failed,Approved,2024-01-27
0422b68b-7ee3-45c2-a74f-b207a8b1ca19,S105236,Failed,Verified,Verified,Rejected,2022-05-10
c738e97e-0635-4d06-8179-fea4422d6d4a,S105237,Failed,Failed,Failed,Approved,2025-10-11
d5c54d5f-c658-4982-bec2-bb6f4f721793,S105238,Failed,Failed,Verified,Approved,2025-01-01
edcae4f1-6f7e-4375-aaba-68358bd8515e,S105239,Failed,Verified,Verified,Approved,2024-11-02
4d9f5527-83dd-4a1e-adc1-fead6129296b,S105240,Failed,Failed,Verified,Rejected,2023-02-11
7fe8b570-cfd0-4a66-8a44-4a9f77a11b8e,S105241,Verified,Verified,Verified,Approved,2023-11-24
0af689dd-6381-4bd7-a71f-fe38a6fe4211,S105242,Failed,Failed,Failed,Rejected,2024-09-12
5081a400-76cf-45b6-a902-5bdabcfc1f9f,S105243,Failed,Failed,Failed,Approved,2026-06-17
9b212de6-8198-4919-bbd3-361d7a048ced,S105244,Verified,Failed,Verified,Approved,2023-02-01
33d97b3b-6d37-40eb-b3ce-1b5a6b2084a7,S105245,Verified,Verified,Failed,Approved,2025-11-13
5b5f5348-0768-4812-80e3-1eb969cfbfdd,S105246,Verified,Verified,Verified,Approved,2023-11-16
7c4bc7e7-fedd-4c98-b891-af00348549f9,S105247,Verified,Failed,Verified,Approved,2023-01-07
d7d7b5a5-0ed1-4b35-87a8-8faa318b508c,S105248,Failed,Verified,Failed,Approved,2025-06-19
f9e1c6cb-869e-441b-864e-1c628e045196,S105249,Verified,Verified,Failed,Approved,2022-12-15
309dc340-3384-42f9-a5b1-1f6df60a5f9e,S105250,Failed,Verified,Failed,Approved,2024-05-03
90720cd7-0b0c-479c-9abc-e106e2078ecf,S105251,Failed,Failed,Failed,Approved,2022-04-21
9bd424ec-17e6-40fe-8790-1a3575dc631e,S105252,Verified,Failed,Failed,Approved,2024-07-31
8ac1002a-94ae-46bf-be40-6b97cc118610,S105253,Verified,Failed,Failed,Approved,2025-01-16
7fff0773-76d1-4a0d-8b6b-37af2b7325bd,S105254,Verified,Verified,Failed,Pending,2024-12-06
777a7939-affa-4738-a182-f7a40ce56ee2,S105255,Verified,Verified,Failed,Approved,2026-03-08
b140e1a0-860d-4517-996a-202c5ca7e998,S105256,Failed,Verified,Verified,Approved,2026-05-06
1ab43b62-237b-4b3a-a56b-a154ec14c5bb,S105257,Failed,Verified,Failed,Approved,2025-04-24
a904b9a6-81cb-4117-903d-d47e00d0771a,S105258,Failed,Verified,Verified,Approved,2025-12-04
a7f8c2d4-cbcb-4fe9-a052-c6a8a015a8ce,S105259,Verified,Failed,Failed,Approved,2023-04-17
d6e92ba8-69fd-4e92-a6b8-75dfd45861d7,S105260,Failed,Failed,Failed,Approved,2025-12-01
8703cc53-75dc-454f-a75d-24cb3028c1de,S105261,Failed,Failed,Verified,Approved,2026-06-07
2c828b93-af83-403c-bc35-cb53ef3bb002,S105262,Failed,Failed,Failed,Approved,2023-01-29
1169d505-a671-4f38-a61f-60d881678e51,S105263,Failed,Verified,Verified,Approved,2025-04-07
f28b07f7-8b60-4d1e-ac72-3cf8e11db350,S105264,Failed,Failed,Failed,Approved,2025-05-26
03868982-02e2-4eb0-a320-030592f05e50,S105265,Verified,Failed,Failed,Rejected,2024-11-30
e612b08a-e25b-4828-8668-a74160deec6c,S105266,Failed,Verified,Verified,Approved,2022-09-13
81132981-caed-4979-9a80-3e8466216b57,S105267,Failed,Verified,Verified,Approved,2025-07-01
103423aa-8609-4fee-a877-770eae519a9b,S105268,,Failed,Verified,Approved,2024-03-28
7c810400-28dd-45dd-a829-33c8e00ff79e,S105269,Failed,Failed,Verified,Approved,2025-03-30
ba16ea5c-4fc3-4230-8c04-e5879686bd3c,S105270,Failed,Failed,Verified,Approved,2026-02-11
2bfee718-5e96-478d-a9d6-9511dd972216,S105271,Verified,Verified,Failed,Approved,2025-02-13
609f6e4f-4429-4108-ac07-2eea8b5722df,S105272,Verified,Failed,Verified,Approved,2022-08-14
05f2e2fc-edcc-445c-80ea-a65f529105b7,S105273,Failed,Failed,Verified,Approved,2025-10-30
133859c1-c6b7-400a-8bc2-2bb76c1b2e7c,S105274,Verified,Failed,Failed,Pending,2024-06-24
22589a36-98c6-41a7-b318-1f22ad7831a0,S105275,Verified,Verified,Failed,Approved,2023-10-30
19d228f6-4915-4961-a19c-9d212822eb55,S105276,Failed,Failed,Failed,Approved,2022-08-26
c94318fb-9c11-41d7-9c74-1665aa739862,S105277,Failed,Failed,Verified,Approved,2026-07-19
715fa66c-9ac0-4a40-be4f-b7e174d2bd8e,S105278,Verified,Failed,Verified,Approved,2024-03-12
0a91d3c3-1f91-435e-b789-a02a0225b8b1,S105279,Verified,Verified,Failed,Approved,2023-09-13
364e0364-87fa-4ca0-8ff2-20a48ebf8072,S105280,Verified,Failed,Verified,Approved,2026-04-13
011f590c-b991-4573-8f0b-336143aff7d0,S105281,Verified,Verified,Verified,Approved,2024-02-11
d9a85d50-ea03-43c5-8bcb-23169e283d8e,S105282,Verified,Failed,Verified,Pending,2022-01-16
422ba5e4-b9b5-4426-a291-66855882ce56,S105283,Failed,Failed,Verified,Approved,2026-05-18
fc6fa36b-87dc-4216-a888-39f841e5bb3b,S105284,Failed,Verified,Failed,Approved,2025-06-28
0b660f71-92d1-432e-8d0d-0cb974bff3cd,S105285,Verified,Failed,Failed,Approved,2024-02-06
f20c474a-cc5f-4a33-91e6-a553f1b20a7e,S105286,Verified,Verified,Failed,Approved,2024-11-03
88b32fcf-f1bd-4ff2-a5ba-c1f4458fd9b0,S105287,Failed,Failed,Verified,Approved,2025-05-04
6a9e4054-4146-4908-b140-f6ea3f26a88f,S105288,Failed,Failed,Verified,Approved,2022-12-14
8a081a61-517d-402a-8bc1-2513e66b0cc7,S105289,Failed,Failed,Failed,Approved,2023-01-08
7536ef30-b12a-4f14-aafd-f7ed608caf33,S105290,Verified,Verified,Verified,Rejected,2023-10-06
22aff6bb-a268-4457-bc79-8a3cea7e103c,S105291,Failed,Verified,Verified,Approved,2023-10-21
1996e732-2ecb-4946-8f54-45dd630b34b9,S105292,Failed,Failed,Verified,Approved,2023-01-16
feee61a9-ab82-4954-91fb-8702376fe94b,S105293,Verified,Failed,Verified,Approved,2023-05-24
6c1f96c5-0790-4f34-b00f-ec0e811d5c66,S105294,Verified,Verified,Verified,Approved,2025-07-18
ba2530b4-bf68-4608-ac28-cbbfb4070fe5,S105295,Verified,Failed,Verified,Approved,2022-04-15
51f71518-0e5d-4328-8c32-6e2d6a3ee1e1,S105296,Failed,Failed,Failed,Pending,2025-05-31
e2572729-9b18-4d51-a3d4-ff72ec01a365,S105297,Verified,Failed,Verified,Approved,2026-06-16
af0a5ad2-a2aa-4f9a-b9fe-318393f54676,S105298,Verified,Verified,Failed,Rejected,2024-03-15
06384ca8-a3ed-4af9-b8fa-60944dbecfd5,S105299,Failed,Failed,Failed,Approved,2025-11-15
8e47bfe3-b98c-4d6d-bfaa-cc9f87fd018e,S105300,Failed,Verified,Verified,Approved,2023-02-25
362e84f3-b3e4-4f71-9784-682502348a82,S105301,Failed,Failed,Verified,Approved,2025-08-09
ec1ee164-2c48-4912-8627-5aaa71f42468,S105302,Verified,Verified,Failed,Approved,2024-11-23
559d1417-c6a4-4868-a475-516bf9c2d0f3,S105303,Verified,Failed,Failed,Approved,2025-07-06
3dbffc1b-d748-46f4-ac06-015ab4bef407,S105304,Verified,Failed,Verified,Approved,2024-10-26
6b13a06f-2070-4e0a-9b5e-ce45705630ff,S105305,Failed,Failed,Failed,Approved,2026-04-16
86a05e8e-dfde-48fe-a079-a4cabc25de4b,S105306,Failed,Failed,Verified,Approved,2023-01-09
498e8829-05eb-4c54-bf1a-1298870a6e48,S105307,Failed,Failed,Verified,Approved,2024-07-02
556905a1-148e-40d9-a534-9d25fe323af0,S105308,Failed,Verified,Verified,Approved,2022-01-22
7c928d60-51ed-40fa-b466-0660c95955ea,S105309,Verified,Failed,Verified,Approved,2026-04-11
1932c1d3-a2f8-458c-b351-1ee58a5f050e,S105310,Failed,Verified,Failed,Approved,2023-04-28
708a3515-bbe7-450c-a1b9-b7ee3c24b136,S105311,Failed,Failed,Failed,Approved,2025-10-07
48a0e962-13ec-421b-b6e3-44943345fa1b,S105312,Verified,Failed,Verified,Rejected,2022-01-31
f8702c7b-f91b-43c6-aac6-4f88d18c6ab9,S105313,Failed,Verified,Failed,Approved,2024-05-24
ab2cfc98-7a5f-4a17-973a-2d0b1e93bbfa,S105314,Verified,Failed,Verified,Pending,2025-09-13
2334dd39-fb70-48bd-a340-254d5695a1ea,S105315,Failed,Verified,Verified,Approved,2026-06-27
9a2f99a7-981d-44ec-bb00-543045254f32,S105316,Failed,Failed,Verified,Rejected,2023-10-28
40851dba-b8fc-47fd-b729-8f09468a00a9,S105317,Verified,Failed,Verified,Approved,2023-06-17
1c785665-d5c6-4363-b246-d48a3f0a5c9f,S105318,Verified,Verified,Verified,Approved,2022-04-21
28b77f1e-8b6c-43f9-b9dd-40a97f2d02ae,S105319,Verified,Failed,Verified,Rejected,2022-03-03
cea4ab98-b8ef-4aba-b9dd-381d7317df60,S105320,Failed,Failed,Verified,Approved,2022-08-16
dd30827c-a637-4795-9a13-4bd309fd31ec,S105321,Verified,Verified,Failed,Rejected,2023-12-23
6f488673-6893-4da2-ba43-84199ddd7ecc,S105322,Verified,Failed,Verified,Approved,2023-11-02
4f149587-8722-41c1-8832-dc9222865878,S105323,Failed,Verified,Verified,Approved,2025-11-08
e911e763-ebed-4968-8397-bbead32d81cb,S105324,Failed,Failed,Failed,Rejected,2024-09-26
b7091b12-4634-450e-8556-a9c770c6a60a,S105325,Verified,Failed,Verified,Approved,2022-01-25
e599e2e0-40c8-492a-a6a6-33f8ea5df9a9,S105326,Failed,Verified,Failed,Approved,2024-05-26
55016ddb-1d6c-4c5e-8393-c54403783050,S105327,Verified,Verified,Verified,Approved,2023-08-17
68021f9e-4b57-4881-b2f3-06a37135318d,S105328,Failed,Verified,Verified,Approved,2022-12-31
1de98057-238f-4648-a2dd-adaff874481c,S105329,Failed,Verified,Failed,Approved,2025-09-12
7c5c0288-b2ae-4dc5-9d4d-311c9992f66f,S105330,Verified,Verified,Failed,Approved,2025-06-24
d7ae0952-510d-429e-a986-345282d0c34f,S105331,Verified,Verified,Failed,Approved,2023-04-07
200e183d-a191-4c6c-97cb-38756d6c59b0,S105332,Failed,Verified,Verified,Approved,2024-06-06
a9fb289b-57f6-4bd2-a728-4f5a50eba3be,S105333,Verified,Verified,Verified,Approved,2023-08-18
4358040f-2652-448e-8cfa-9494daa222ca,S105334,Verified,Verified,Failed,Approved,2023-06-18
6c025998-c9ca-4509-8fed-6c2a558799c3,S105335,Verified,Failed,Failed,Approved,2026-02-08
9c31a30f-2cad-43ec-b454-aee566e2f50e,S105336,Failed,Verified,Failed,Approved,2025-01-09
0e097a60-9b6b-4003-9292-e2ab2dbc5f4f,S105337,Failed,Failed,Failed,Approved,2023-05-07
22a11b7e-2979-45cb-b695-d80afe753307,S105338,Failed,Failed,Failed,Approved,2022-02-25
78e0b9b8-6b86-4951-b7f7-45b9fb90ab38,S105339,Failed,Failed,Verified,Approved,2026-03-28
6ef6e45f-0b2e-4c5f-8574-74079dab14c1,S105340,Verified,Failed,Failed,Rejected,2025-05-28
507ebae2-1951-4f90-8602-30b7aa8c8e61,S105341,Failed,Failed,Verified,Approved,2025-03-08
1aadbbf4-4281-496e-8605-2c5afd32d0a9,S105342,Verified,Failed,Failed,Pending,2023-01-05
7033f898-29e4-4de6-844a-a5e03a483a3b,S105343,,Verified,Verified,Pending,2026-07-05
3bbf056b-ed85-412a-ac95-763eb79efcb6,S105344,Failed,Failed,Failed,Approved,2024-08-06
899ca7af-abc1-43b1-a83b-48c98e9dfe13,S105345,Verified,Verified,Verified,Approved,2024-10-25
3c919107-fd30-4df6-b7f8-373a868ea928,S105346,Failed,Verified,Failed,Approved,2022-04-30
33f0831a-cdb1-4e19-a28c-a5c79dbbe1c9,S105347,Failed,Verified,Verified,Approved,2025-09-04
c028e9ff-aa99-464c-8950-eeb1d595bdbf,S105348,Verified,Verified,Verified,Approved,2025-02-13
23489c10-63e9-416e-8655-2bf69b1736d7,S105349,Verified,Verified,Verified,Approved,2024-06-29
e194891f-a59b-4d55-9baf-d14f27b6f261,S105350,Verified,Verified,Failed,Pending,2026-05-27
804114c3-a630-428b-ac57-339140bd07ab,S105351,Verified,Verified,Failed,Approved,2024-12-17
902089b9-2fcc-4e22-abd8-357fbd5917bb,S105352,Failed,Failed,Failed,Approved,2024-07-29
fba30867-6e44-4d7d-a4b8-7a71698b2bad,S105353,,Verified,Failed,Approved,2023-06-07
5c4353d7-3a06-46db-8f76-1580163d8b82,S105354,Verified,Verified,Failed,Approved,2024-04-11
44c88d0d-7f4a-46cf-9f78-090366c50aa2,S105355,Verified,Verified,Failed,Pending,2022-06-05
8f3f5876-0d43-440a-8dfc-fcefa4346ef7,S105356,Verified,Failed,Failed,Approved,2024-01-12
7d98c83c-3365-4d5e-8fe9-790ee9f660a9,S105357,Verified,Verified,Failed,Approved,2026-03-30
b4be9a1e-1446-4774-ad11-f765a6dde2aa,S105358,Failed,Failed,Verified,Approved,2023-12-01
9462224e-c5a3-4dcd-951a-53324e2f1eb5,S105359,Verified,Verified,Verified,Rejected,2025-10-25
7b25706b-2549-409b-a911-31412932cfea,S105360,Failed,Failed,Failed,Pending,2024-12-27
010a8a91-5d9a-4711-a07c-4bd83b58314e,S105361,Failed,Verified,Failed,Approved,2026-03-06
0d62af8d-080d-48e0-a617-0439a5c4564a,S105362,Verified,Failed,Failed,Approved,2024-06-30
d26984e7-260d-4974-93c0-0c28bad09612,S105363,Verified,Verified,Failed,Approved,2024-05-29
490dea5e-dc9d-41e7-a99f-8b056d8e8aea,S105364,Failed,Verified,Verified,Approved,2025-02-28
d3f4f044-a2fe-4153-a3ee-b3afdaf85d20,S105365,Verified,Verified,Failed,Pending,2026-01-16
6f16a980-cca3-4406-95e1-72ce094fe9ae,S105366,Verified,Verified,Verified,Rejected,2024-05-02
c87f06b3-9ad8-478b-88e4-ec7a1351f047,S105367,Failed,Verified,Verified,Pending,2024-07-05
db6de8a4-e836-48e6-910a-80c609484ebc,S105368,Verified,Failed,Verified,Approved,2022-07-19
98e81d6f-0c05-4bb3-81a0-78f51565fe66,S105369,Failed,Verified,Verified,Approved,2026-05-22
5b09c75d-6469-4bf9-ae00-22801b3bb285,S105370,Failed,Verified,Failed,Pending,2023-11-08
df7d51c2-97c6-4a93-aa7f-6c01d5a3d342,S105371,Failed,Failed,Verified,Approved,2025-09-28
f159362b-56fe-4897-8f14-709852b50d5c,S105372,Failed,Failed,Failed,Approved,2025-09-22
3fa57034-b862-424a-af7c-67014f9c81b4,S105373,Failed,Verified,Verified,Approved,2022-10-03
797d71fe-1899-48ba-8dff-6d7209eb1f58,S105374,Verified,Verified,Verified,Pending,2024-12-10
44cdd7a9-de89-47c7-84d8-6c7be294f5d3,S105375,Verified,Failed,Failed,Approved,2024-06-18
a78eee49-215a-4290-a66f-7262daad9bb9,S105376,Failed,Verified,Failed,Approved,2023-10-14
ba2863a0-7dac-4dbd-9e82-d840bc359d86,S105377,Failed,Failed,Failed,Approved,2022-10-23
a69be18a-c26f-4563-9cb8-d9124c515009,S105378,Failed,Failed,Verified,Approved,2025-04-29
d27f6f41-cdec-4bbc-a801-5ea2b0dd9227,S105379,Failed,Failed,Failed,Rejected,2022-09-26
509629fc-a58e-4778-a94d-2b2001166b49,S105380,Failed,Verified,Verified,Rejected,2022-03-03
216aa7ca-b6ce-4a8c-9243-a0c52e4f53c6,S105381,Verified,Failed,Verified,Approved,2025-01-26
8cc7c35b-acbe-4e4d-aa4b-771757020933,S105382,Failed,Failed,Verified,Approved,2023-03-05
e496471d-ef16-4674-81a6-7f9a92139071,S105383,Failed,Verified,Failed,Approved,2022-11-16
d31466df-ee3f-457d-afbf-abd5752f0d48,S105384,Verified,Failed,Verified,Rejected,2025-10-08
c6131ec1-7fc3-4f14-8e76-b505328fb911,S105385,Verified,Failed,Verified,Approved,2023-06-27
1be7e3b1-2868-4678-b2c3-772df5523f0f,S105386,Failed,Failed,Failed,Approved,2024-03-24
5f9ec4a1-6597-4a3f-bdea-2ffb6962f5bd,S105387,Failed,Failed,Verified,Approved,2022-01-07
665d76d7-e6a6-4cf6-862d-3e03d22a5e84,S105388,Verified,Verified,Verified,Approved,2022-10-26
0bbcc28a-1b22-409a-a2fa-26be91ce0cac,S105389,Failed,Failed,Verified,Approved,2026-02-11
a0900fea-0f22-4a77-b28b-10b8bfde2c24,S105390,Failed,Verified,Failed,Approved,2022-07-14
676d9d6a-aaf7-4dac-adc2-ecf7883f3134,S105391,Failed,Failed,Failed,Approved,2025-11-16
dd51e00b-10d3-4dad-a85d-7cd1c0420262,S105392,Failed,Failed,Failed,Approved,2023-12-18
17dc6230-7ea3-4bf3-9052-df1f1e31a2c8,S105393,Failed,Failed,Verified,Approved,2022-12-11
40b94d60-e9b0-4619-ab40-050336a15141,S105394,Verified,Failed,Failed,Pending,2024-04-08
5b8ba6a7-2596-45b2-a3ab-26e3003ce82d,S105395,Verified,Failed,Verified,Approved,2026-04-22
683ab316-05bf-45cf-b352-325008951886,S105396,Verified,Failed,Verified,Approved,2022-04-19
fa8f137f-25cf-461d-ad17-c0d1450d519e,S105397,Failed,Failed,Verified,Pending,2023-06-11
e87ce5aa-6ba7-49a4-be73-5f4a75588a5e,S105398,Verified,Failed,Failed,Approved,2022-08-28
4f637747-3ec5-42fe-81da-29b3c9ffb6a0,S105399,Verified,Failed,Failed,Approved,2022-02-13
4e7db439-a577-4497-9347-6a31d5012586,S105400,Verified,Verified,Failed,Pending,2025-04-30
56a3734b-69f5-4e16-abe5-94e1c345f317,S105401,Verified,Failed,Verified,Approved,2022-04-17
ac77e0b3-6e59-4c18-aae8-ba5623e0c53f,S105402,Verified,Failed,Failed,Approved,2023-07-19
0f9552b5-5b2b-49d3-aa1f-506aaf9190b2,S105403,Failed,Failed,Verified,Approved,2023-04-27
31454d09-f920-40cf-91e3-b50dd8ed0936,S105404,Failed,Failed,Failed,Approved,2022-11-07
7d873b7d-e386-418d-bfc4-318c48d19469,S105405,Failed,Failed,Verified,Approved,2023-04-08
145c343c-436d-4a6a-998a-b1b3ac025f6a,S105406,Verified,Verified,Failed,Approved,2022-07-02
03cec54a-6947-4f8e-bef7-c9a814e9e10a,S105407,Failed,Verified,Failed,Approved,2026-06-04
b37c8bb8-5fbf-4670-8222-f0cc282eae6e,S105408,Verified,Failed,Failed,Approved,2025-11-13
3137073b-5a34-4ef1-a091-447692b100e6,S105409,Verified,Verified,Verified,Rejected,2026-06-02
e73955ee-fb78-405e-96a7-0990b7908141,S105410,Failed,Verified,Failed,Approved,2024-06-22
b89f1b65-8998-485b-8ca7-b9d9f43435b2,S105411,Failed,Failed,Verified,Approved,2022-07-09
9979337b-5bf1-4572-97e6-8ee77f9fdac8,S105412,Verified,Failed,Verified,Approved,2025-09-25
7e58e21c-8f99-4231-a677-8e35a3aa2afd,S105413,Failed,Failed,Failed,Pending,2022-02-25
ee97201d-9053-437d-9101-6435ec4c40d6,S105414,Verified,Verified,Verified,Approved,2023-06-16
42a4f2fe-0f30-49e8-aff2-8e9dbd20647e,S105415,Verified,Failed,Verified,Approved,2025-09-25
5821c044-ac50-47cb-91db-4eacb940525c,S105416,Verified,Verified,Verified,Approved,2023-06-04
f656b6eb-29e5-439b-92b9-cd7be1b0c8e7,S105417,Verified,Failed,Verified,Approved,2022-03-14
bcdd8708-8787-47ab-b6e4-c520ca13beec,S105418,Failed,Verified,Failed,Approved,2024-02-01
2a291267-eabb-4b14-972c-ad7ac8d7fee6,S105419,Verified,Verified,Failed,Pending,2023-05-19
ce4a7324-0cbb-4bb9-ba79-5543c34052fa,S105420,Verified,Failed,Failed,Approved,2025-02-13
ec731e6f-663c-4de3-9956-1791dcbb2fa3,S105421,Verified,Failed,Failed,Pending,2022-12-05
3b22499a-ba81-4a57-8616-6db6f1011df0,S105422,Verified,Verified,Failed,Approved,2024-02-14
3f004214-a8ab-4884-a908-bd44053d8ea2,S105423,Verified,Failed,Verified,Pending,2025-11-06
224733b8-ff0c-417c-b758-c794a08ec160,S105424,Verified,Verified,Failed,Approved,2026-06-12
753e7a37-7eb8-4108-b5a5-1dbe9a64767c,S105425,Failed,Failed,Verified,Approved,2023-10-27
a4b3be57-4b7f-4fa6-877c-f98db474d20a,S105426,Verified,Verified,Failed,Approved,2023-09-05
3a57bd73-3a2d-4027-898a-4895c6481e20,S105427,Verified,Verified,Failed,Approved,2025-02-19
253e29be-f9aa-4b43-b7b2-120fc694ad0e,S105428,Verified,Failed,Verified,Approved,2023-09-09
5855427b-4f20-4875-b3c4-eac797d83cd9,S105429,Failed,Verified,Failed,Approved,2022-12-29
6db7e3f9-867a-4104-b4e0-6879add9d782,S105430,Verified,Verified,Failed,Pending,2022-07-19
7fb7023c-ea49-4463-ab3f-3218f2ddff01,S105431,Verified,Verified,Verified,Approved,2022-05-10
48495bff-bb41-4ac2-a4bf-e891b1776a33,S105432,Verified,Verified,Failed,Approved,2022-06-15
4b80dcb6-0dc5-494e-b516-102ae0cec23f,S105433,Failed,Verified,Verified,Approved,2023-02-28
78f25874-e5e6-40c7-9b55-2b32ff430889,S105434,Failed,Failed,Failed,Approved,2025-08-23
43072a7f-2125-445f-b454-cb79f16e7483,S105435,Failed,Failed,Failed,Approved,2023-04-11
64b23834-c3b7-4188-a2ee-e353a2e3ecff,S105436,Failed,Verified,Verified,Approved,2026-02-28
9ecfa6ad-e9db-4bca-8621-6fd8b828bfe8,S105437,Failed,Failed,Verified,Approved,2025-01-31
de2b8f8b-c97f-419b-a67c-ab427b177362,S105438,Failed,Failed,Verified,Approved,2022-03-06
828b1176-ce33-40d1-bd1e-7fc0ca09e857,S105439,Failed,Failed,Verified,Approved,2023-01-31
4bbacd1c-c607-4d81-a957-d31d3609f255,S105440,Verified,Failed,Failed,Pending,2023-01-31
029aaa9d-cb8a-4b65-901b-8db91a4f6dd4,S105441,Verified,Failed,Failed,Approved,2024-01-10
e5dc1ecc-a0b8-4f86-b35f-e9a168fa79fa,S105442,Failed,Verified,Verified,Pending,2023-08-18
1310e902-decb-4982-a8bb-22c2cad011e4,S105443,Verified,Failed,Verified,Approved,2024-11-09
9282a140-98b0-419a-883d-b4f005939571,S105444,Verified,Verified,Failed,Approved,2023-04-27
4aa425fe-4aa4-4c11-8f1d-01e2713a15be,S105445,Failed,Verified,Verified,Approved,2023-10-08
82033ec2-9d15-4617-ac7a-5163fbfa92d7,S105446,Verified,Verified,Failed,Approved,2023-03-09
3f64b61f-91e6-4df6-9435-6b942a4049d2,S105447,Verified,Verified,Verified,Approved,2024-05-25
4279f4a4-a2d4-4c26-a117-db2e10e735f3,S105448,Verified,Failed,Verified,Approved,2022-09-11
80b51339-20f0-44ea-9f00-87ca21920755,S105449,Failed,Failed,Verified,Approved,2023-02-28
818401b3-5b01-4766-ac75-b42e206bf71e,S105450,Verified,Verified,Failed,Approved,2024-11-13
7847074d-9abc-49bf-b5dd-342259415c99,S105451,Verified,Verified,Verified,Approved,2026-01-27
f7aed23a-0ce1-4a8f-865a-6597f83866d7,S105452,Verified,Verified,Verified,Approved,2022-06-06
2e102f95-c439-4f81-9ddb-8e94eb76cb13,S105453,Verified,Verified,Verified,Approved,2024-11-05
1249d147-9796-44b1-8406-19f748c06613,S105454,Verified,Verified,Verified,Approved,2022-04-06
5d1d3fe0-a4ac-4cc4-97a6-b26c0073aa56,S105455,Failed,Verified,Verified,Approved,2025-07-14
91605059-92ae-428d-9052-295c7835e67b,S105456,Verified,Failed,Verified,Rejected,2022-02-06
d93f198a-c45b-4b45-9c95-cb2b16ae14a9,S105457,Verified,Verified,Failed,Approved,2025-01-22
42d3aaf2-be4e-4c81-875e-e1f5d43c5e46,S105458,Failed,Verified,Verified,Rejected,2025-08-12
fceb75b1-adb5-4c7b-83b6-368a3a852ff6,S105459,Verified,Failed,Failed,Approved,2024-01-27
59abd2db-60ff-4dd5-a469-b35959ca5572,S105460,Failed,Verified,Failed,Approved,2024-09-22
25bb2712-a691-4820-9df2-2a39f6150970,S105461,Verified,Verified,Failed,Approved,2024-04-15
496d2174-3913-4902-8544-eab0fe703fc2,S105462,Failed,Verified,Verified,Approved,2023-08-05
4675aa13-43e6-493e-ab4b-c774345f0ca0,S105463,Failed,Failed,Failed,Approved,2025-09-05
77a76752-de81-43ed-b77b-13350e4dbfb2,S105464,Verified,Failed,Verified,Approved,2022-02-27
c5ad17e4-839c-4fa2-86de-1761b11848b7,S105465,Failed,Failed,Failed,Approved,2022-10-25
a6fdf7c5-da73-4be5-aa16-60e00525c043,S105466,Verified,Failed,Verified,Approved,2022-10-24
bbd6edaf-f0a3-4953-9234-a2b737699e23,S105467,Failed,Verified,Failed,Approved,2022-07-05
9c3ff9cd-542a-4824-9746-9c9c3d456837,S105468,Verified,Failed,Failed,Approved,2023-01-25
529b0857-3d18-4a90-8ade-9ff9a601fc42,S105469,Failed,Failed,Verified,Approved,2024-01-02
bfe06a93-8a35-45a7-b326-175eeed64476,S105470,Verified,Failed,Failed,Approved,2023-07-14
44fcc9f4-ea97-43ae-a7e3-f5e1c88e19d8,S105471,Failed,Verified,Failed,Pending,2023-11-29
0542c050-9e8f-462b-937e-574edb5caace,S105472,Verified,Verified,Failed,Approved,2024-07-20
ff2f46e7-3592-4c6c-b8fb-43c9be0facf8,S105473,Failed,Failed,Verified,Approved,2023-01-25
1f9e7c7d-d52e-4a48-ba6d-95b9b0e36869,S105474,Verified,Failed,Failed,Approved,2024-11-03
12c560f0-29dd-4158-85e6-6a6b27f2aec3,S105475,Verified,Failed,Failed,Approved,2025-04-29
12456efb-cb4d-4a66-99cb-0881a31de68a,S105476,Failed,Failed,Verified,Approved,2025-09-13
a32bd05a-4efe-4591-a4b9-1ffc2eb78b1b,S105477,Failed,Failed,Verified,Approved,2024-12-10
a8f637a1-f8dd-4dd4-983b-b56826f5d57d,S105478,Failed,Verified,Verified,Approved,2022-04-11
418b050f-51c0-4083-9427-8cf382c8164e,S105479,Verified,Verified,Verified,Rejected,2023-06-10
f98473b6-7eeb-453d-84a6-9bc743382b8f,S105480,Failed,Verified,Failed,Approved,2025-08-04
37a82459-9568-4452-8156-1c6b8dba6cac,S105481,Failed,Verified,Verified,Approved,2023-12-20
f8b9f8fe-a2b9-4395-b6e2-e392c46830a5,S105482,Failed,Verified,Failed,Approved,2026-04-07
0ee8cae8-7cd2-458b-8d45-ffa374aab2e1,S105483,Verified,Failed,Failed,Approved,2023-08-15
71a69b82-073c-402f-9b11-60425eb330dd,S105484,Failed,Verified,Verified,Approved,2024-12-29
f26eb838-5efb-4d99-9f28-c83f066f75bd,S105485,Failed,Failed,Failed,Approved,2024-10-12
a3722c5c-051c-4e26-b8b6-64a7a533559d,S105486,Verified,Failed,Verified,Approved,2024-04-04
628437eb-2151-4795-aec1-ad0466f54f25,S105487,Verified,Verified,Failed,Approved,2026-06-18
719be0ca-2f7d-4391-b7a1-d11dab31f518,S105488,Verified,Verified,Failed,Approved,2023-04-25
415ff8ea-ee82-4f36-ade6-f4f567981259,S105489,Verified,Failed,Failed,Pending,2023-12-29
c352e95c-df9f-42d4-a822-323ab6bb3b94,S105490,Failed,Verified,Verified,Approved,2023-07-18
2147ce1b-33c0-4abd-bcf7-61fee09dd668,S105491,Failed,Verified,Failed,Pending,2023-09-02
2725ef9e-73f8-41c8-95af-91976d6ae8ce,S105492,Verified,Verified,Verified,Approved,2023-11-24
7efbf9d8-c4dc-445e-b531-2e4c00d95c50,S105493,Failed,Verified,Verified,Approved,2023-02-28
415d9757-0d75-4b61-8678-7aa89b3af389,S105494,Verified,Failed,Failed,Approved,2026-04-20
7b34150d-0a43-4951-bdb7-fc38bd1c28b8,S105495,Verified,Verified,Failed,Pending,2025-06-28
ca887add-ffad-4c07-9f1b-66d1836fc338,S105496,Verified,Verified,Failed,Approved,2023-04-26
3dda9fca-a40a-4cce-9903-baebbe1476df,S105497,Verified,Verified,Failed,Rejected,2022-09-12
84618581-ecb3-4a78-9ab1-2a4c70e0bae3,S105498,Failed,Verified,Failed,Approved,2026-03-07
542cfffa-a9df-4fcf-bea0-33467fae9464,S105499,Verified,Verified,Verified,Pending,2023-03-02
a6da3e79-f874-4719-b34b-5f0729bfc0ce,S105500,Failed,Failed,Failed,Approved,2024-06-30
9f28bff6-96c3-47fd-9ecd-11ac30d9026a,S105501,Failed,Failed,Verified,Approved,2024-11-19
31f64ac7-d596-45e3-95f7-2b516f45c0df,S105502,Failed,Verified,Verified,Approved,2022-03-07
1bdcb558-ce37-46f5-90d2-869c63889864,S105503,Verified,Failed,Failed,Approved,2026-03-16
5ca8aa69-4cf0-4e09-84e8-e640cf8e0248,S105504,Verified,Failed,Verified,Approved,2024-11-11
ddca2485-1b8d-4838-8488-613246f0ba6f,S105505,Verified,Verified,Failed,Approved,2026-03-02
8b9be269-9613-42ad-8e76-b4dbadc9f4e3,S105506,Failed,Failed,Verified,Approved,2025-03-03
81c6ef8e-fb57-44e7-b97a-dbbbac72e424,S105507,Verified,Failed,Verified,Pending,2025-01-30
f91cafb9-73ce-4a7e-9cc1-23c1ea1b6457,S105508,Verified,Verified,Verified,Approved,2025-08-17
27531e5c-9196-4133-a3ea-633bb7dcf8d0,S105509,Verified,Verified,Failed,Approved,2025-04-23
cefeaad5-6657-4b6e-aa63-59f386fda633,S105510,Failed,Verified,Failed,Approved,2024-04-29
0492215a-9acd-45f0-be0b-ba5125952bbd,S105511,Failed,Verified,Failed,Approved,2024-06-04
eafe0fea-cda3-4f1a-ab5e-6d5c19c17f74,S105512,Verified,Failed,Failed,Approved,2025-07-28
9a706219-50d0-4f18-9aca-fcde5a1646fe,S105513,Failed,Failed,Failed,Pending,2024-08-25
2a7b7f81-504b-4946-93c9-3ed3b9373c13,S105514,Failed,Verified,Failed,Approved,2024-08-01
7242e3dd-48b8-4b0a-adb3-62257b4ef0cb,S105515,Failed,Verified,Verified,Pending,2023-06-25
d4c7d8b4-8b1b-479c-8d0b-80f0da2de42e,S105516,Verified,Failed,Verified,Approved,2025-11-10
f52e8faa-7e7f-4fce-be70-22c4bdb11045,S105517,Failed,Failed,Verified,Approved,2022-09-20
54dcb5f3-a48d-4475-9c72-2e60194ec8c8,S105518,Verified,Failed,Failed,Approved,2025-11-01
f61034b7-316c-4a0a-b950-44a9bc0d11c7,S105519,Verified,Verified,Failed,Pending,2023-07-08
a5c91055-f9dc-4cb7-9217-e36b346c608c,S105520,Failed,Failed,Verified,Approved,2023-05-18
c628fdc5-f0d6-4ddb-92fa-504c722b22cb,S105521,Failed,Failed,Failed,Approved,2023-07-10
aa46c05b-cb00-4964-923c-51dd3a4bde1f,S105522,Failed,Verified,Verified,Approved,2022-06-21
d1396d09-4c7b-4e32-a422-29af3691ed69,S105523,Verified,Failed,Verified,Approved,2023-05-14
62073af1-e590-4d88-9458-01d87ebf1f9e,S105524,Failed,Failed,Failed,Rejected,2022-09-19
d4f3df52-9dc3-4411-9046-49e6e13e6d45,S105525,Failed,Failed,Verified,Approved,2026-04-01
dbffb2a9-1842-47ee-bfdb-4ed86c4b1f95,S105526,Verified,Verified,Failed,Approved,2022-02-01
a1650653-5c5b-4433-a124-485276fc90e7,S105527,Failed,Failed,Failed,Approved,2025-04-24
cd7907e7-1cd0-42c8-a47a-be810cf34e82,S105528,Failed,Failed,Failed,Approved,2025-12-25
c9307726-0538-4fa9-8d40-e07105388c79,S105529,Verified,Verified,Failed,Approved,2025-11-08
87418bf3-7fab-4956-abe9-61bc0b181c3e,S105530,Verified,Failed,Verified,Approved,2025-01-05
9c5dc768-a9b4-463a-8ec4-e8896c9522a8,S105531,Failed,Verified,Failed,Approved,2026-05-13
e3472f19-5b55-4c88-9024-1e8cc56793f7,S105532,Verified,Verified,Failed,Approved,2026-02-16
ab9a6e9e-8594-4053-9259-ed81d1003543,S105533,Verified,Verified,Verified,Pending,2025-09-11
e0bd3fe7-de4a-475d-815d-d885ea4d9316,S105534,Verified,Failed,Verified,Approved,2022-01-27
01479762-c4b9-4194-8e70-4ddc76ccf94d,S105535,Verified,Verified,Failed,Approved,2023-07-29
200f7f61-a2f1-4234-9ee1-408659dd6bf4,S105536,Failed,Failed,Failed,Approved,2026-06-07
8342a8e2-3a30-45da-9359-b00ef13a69ca,S105537,Failed,Failed,Failed,Approved,2024-09-13
dfe4f17c-0dac-4724-a6df-628ee5c0eacc,S105538,Verified,Verified,Failed,Rejected,2025-11-16
317ade1d-6bfb-4a7b-891b-6eaca65071ce,S105539,Failed,Failed,Failed,Approved,2022-02-16
00b7444c-b33e-4810-9d33-760a18763672,S105540,Verified,Failed,Failed,Rejected,2024-10-22
e31a790d-373c-4cc6-a67c-a10d54b63ce7,S105541,Verified,Verified,Verified,Approved,2023-06-21
62114ae7-e5ba-4a20-95ad-e9fd7ef608c6,S105542,Verified,Verified,Failed,Approved,2022-09-19
2bacbdbd-354c-41f0-991b-ec0afc7ca8dc,S105543,Failed,Verified,Failed,Pending,2026-06-23
a239f6f5-77b8-4504-8e68-ee7dbaed5fcb,S105544,Failed,Verified,Verified,Rejected,2022-12-26
af04a01e-d3fb-4469-a828-35ed9356f720,S105545,Failed,Verified,Failed,Approved,2026-06-04
ecef1d15-def9-482d-b57b-9d9e2af2a2f4,S105546,Failed,Verified,Failed,Approved,2025-05-29
acef1584-4977-4084-bf78-f525f48dd25b,S105547,Failed,Failed,Verified,Approved,2025-05-27
c65341a2-6282-4085-8b1f-4c06d7b0f9cc,S105548,Failed,Verified,Failed,Approved,2024-12-19
e92c0550-652d-4876-add2-05e62ff34f0c,S105549,Verified,Verified,Verified,Rejected,2023-10-07
79c962ed-9c6b-4b12-ad23-955b83ff70d6,S105550,Verified,Failed,Verified,Approved,2022-01-25
13a353cf-16be-4e84-b1c6-7aaf5137e83f,S105551,Verified,Verified,Verified,Approved,2023-11-07
29dc5cba-5910-4841-a1bb-c4b6bf323f92,S105552,Verified,Verified,Verified,Approved,2023-07-06
cb0fb554-c278-4b0f-8299-057dab17eb18,S105553,Verified,Verified,Verified,Pending,2025-08-05
224dacae-7df3-4d5a-89ff-ca1c34d70475,S105554,Verified,Verified,Failed,Approved,2024-08-08
71c8fb57-06ba-47f1-a805-397bdbf777bf,S105555,Failed,Failed,Verified,Approved,2025-01-05
315c5695-9a43-4632-b231-6218533e7218,S105556,Failed,Failed,Failed,Rejected,2025-03-18
dc720e63-4f7b-4fa0-98d6-adc4bb9f863e,S105557,Verified,Verified,Verified,Approved,2022-03-22
a775afb1-4047-4133-8cbe-cb25a6a866c3,S105558,Verified,Verified,Failed,Approved,2022-03-19
c8729915-cf28-49d8-8485-126b9bd441a6,S105559,Verified,Verified,Verified,Approved,2023-07-02
b4dbeaf3-97fd-47b5-9d73-61eecc9e3c75,S105560,Verified,Verified,Failed,Approved,2025-07-10
4529982c-a8e6-4074-a027-ddc390821c6d,S105561,Failed,Verified,Failed,Approved,2023-10-13
931ed007-adb4-48cf-b815-29c650c9738a,S105562,Failed,Failed,Verified,Approved,2022-09-06
c34b41d1-c27f-4bc5-b8e2-5377f8a06724,S105563,Failed,Failed,Verified,Approved,2026-07-17
a20bf4f6-2d01-4ecc-a265-afa4a6d28573,S105564,Verified,Verified,Verified,Rejected,2024-02-07
8d887c1e-33d7-4079-ab4c-382943405bc1,S105565,Verified,Verified,Failed,Approved,2022-12-15
931f7f9d-f742-4101-819f-a7384727f854,S105566,Verified,Verified,Verified,Approved,2022-05-07
d42449cf-b771-4e97-aea4-090cf2a69eba,S105567,Verified,Verified,Verified,Rejected,2023-02-03
725e9411-7e3f-4c23-8454-9a11241f94db,S105568,Verified,Failed,Verified,Approved,2025-03-11
d8030ad9-130f-4a9a-aa32-83d5f0f5f862,S105569,Failed,Verified,Failed,Pending,2023-08-03
ec679415-da8d-43fa-b351-cc0c5ad0bceb,S105570,Verified,Failed,Verified,Approved,2022-03-16
69fdcb61-a2db-4c0b-aa6f-7e943a802e71,S105571,Verified,Verified,Failed,Rejected,2024-03-14
a5a58349-016b-4531-94d7-7fbe87273c24,S105572,Verified,Verified,Failed,Approved,2023-04-04
ac851f75-520b-4138-8f0c-ffa171d7c324,S105573,Failed,Verified,Verified,Approved,2025-06-04
27f335ce-8aa8-4cdd-a54c-8aa71c1c6253,S105574,Verified,Failed,Verified,Approved,2026-06-24
e86ae802-a574-49e6-96b3-49ee597dba72,S105575,Failed,Verified,Failed,Approved,2025-12-28
f00d09db-07d0-451c-8a51-98071e5bb5c5,S105576,Verified,Failed,Failed,Approved,2025-05-26
880035d0-a72c-4e95-96f3-1c4a3105924d,S105577,Verified,Verified,Verified,Approved,2023-05-10
ff49a4a0-216d-433d-b3f3-4aa96f3f7de4,S105578,Verified,Verified,Failed,Approved,2023-12-14
943cc1a3-5ae9-4f9a-ba13-a0be04d95667,S105579,Verified,Verified,Failed,Approved,2025-11-15
d423d142-471f-481d-861d-937d1afc6bb9,S105580,Verified,Failed,Verified,Pending,2022-08-13
6dfc8177-6a0c-474f-9f8f-9ddcbde7be1c,S105581,Failed,Failed,Failed,Approved,2026-07-28
9e868d36-13c1-4caa-a96d-568ff38611bf,S105582,Verified,Verified,Verified,Approved,2022-10-26
ba6b301e-6705-4de4-8e57-543d687e9ec3,S105583,Failed,Verified,Failed,Approved,2025-07-18
cbd3cf54-605e-4a25-afb1-27547588df01,S105584,Verified,Failed,Verified,Approved,2026-04-20
b84cb517-179d-47a0-b7f8-1dd502720cd1,S105585,Verified,Verified,Failed,Pending,2024-02-04
453383ef-b764-41f9-8df9-c15455388c8f,S105586,Failed,Verified,Failed,Approved,2024-02-15
0060566b-feab-4a68-85a9-0cee3c0e20a7,S105587,Verified,Verified,Failed,Pending,2024-06-29
fcbbe186-0042-4dd9-94c7-faa6c4c9921c,S105588,Failed,Failed,Verified,Pending,2026-07-13
5f3df920-a76f-49f1-a467-f6d22f74562f,S105589,Failed,Failed,Verified,Approved,2022-07-18
b1c340d0-60e4-4a2c-b41f-402757981bc2,S105590,Verified,Verified,Failed,Approved,2023-10-20
6b542dc8-5ec1-40a7-b620-cb854dd95cdb,S105591,Failed,Verified,Failed,Approved,2026-05-01
c50ea9f8-d892-459b-a474-351cd81ab0fb,S105592,Failed,Failed,Failed,Approved,2025-09-29
5cdd68e9-6512-4e60-ad99-2c30d6700cc3,S105593,Verified,Verified,Verified,Rejected,2025-02-02
314cf28c-e1e5-4c0b-b53e-46fbbefd1a00,S105594,Verified,Verified,Failed,Approved,2025-12-28
a4940e1d-9683-4b86-a3a7-0d01b9a14cd2,S105595,Verified,Verified,Failed,Approved,2023-08-15
4d053204-f961-4f62-bacd-3d7f7a02eece,S105596,Failed,Failed,Failed,Approved,2026-03-17
566a7cb2-0f04-4e7d-83b7-347815661849,S105597,Failed,Failed,Verified,Approved,2025-11-05
530d9359-8507-4ade-aee7-8c2d00b1eacc,S105598,Failed,Verified,Verified,Approved,2022-12-06
c0979de5-cad2-47b4-8561-090e9d4346b0,S105599,Failed,Verified,Failed,Approved,2024-04-14
3dc606f9-26e2-4157-b9fe-b1cecd403fa3,S105600,Failed,Verified,Failed,Approved,2025-01-29
c88e4acb-9ca9-4273-8df4-b8cb3e60af64,S105601,Failed,Failed,Verified,Approved,2025-09-21
6d1d1767-df58-46e1-a425-b5b74c05d9d1,S105602,Verified,Verified,Failed,Approved,2024-09-17
1e06009c-2f91-45e0-b3e1-366cc2c0f635,S105603,Failed,Verified,Verified,Approved,2025-02-27
a2ef8f43-7c38-4a65-b3f6-15e44f84b526,S105604,Failed,Verified,Verified,Pending,2023-07-09
d67dcfed-6b0c-467f-9d22-f1cf05ff3f3b,S105605,Verified,Verified,Verified,Approved,2025-01-19
f365d9d4-600d-4638-9673-30bb190166c2,S105606,Verified,Verified,Verified,Approved,2024-05-05
d98a2775-3865-4b28-959c-37aed545afe1,S105607,Verified,Verified,Failed,Pending,2022-04-14
38401729-767d-4c59-a5b9-6b5ed6634906,S105608,Failed,Failed,Failed,Approved,2025-11-09
033fd3c3-ca5f-475b-95d8-e0bdd61bb866,S105609,Verified,Verified,Failed,Approved,2023-11-24
e00cf4e6-c6a9-4cde-b42e-db30526d20bb,S105610,Failed,Failed,Failed,Approved,2023-06-08
8b0d5773-2a37-466a-8bdc-cbe6dfadcd0a,S105611,Failed,Verified,Failed,Approved,2026-02-12
7da131be-f370-41b9-8004-94cd98ae63f5,S105612,Verified,Failed,Verified,Approved,2026-03-10
a28bc59f-11ff-4d56-8737-25cfb597693f,S105613,Failed,Failed,Verified,Pending,2023-05-30
262076c3-6af8-4f62-9507-017fe4162f2c,S105614,Failed,Failed,Failed,Approved,2026-03-27
ef3ee855-0ffa-4017-b3d0-03dd942b02ba,S105615,Verified,Verified,Verified,Approved,2024-01-19
60b99046-a63b-4c9f-8d97-0b0293540737,S105616,Failed,Failed,Failed,Rejected,2022-05-29
0e60fb33-de1e-4f35-9a03-90411c86d338,S105617,Verified,Verified,Verified,Pending,2023-07-07
d79c4a0d-dbce-4fc2-9c8e-bf4d7a9feedd,S105618,Failed,Failed,Failed,Approved,2025-07-02
1f2b7ddf-65e8-44b4-ae8c-75220cec56e2,S105619,Failed,Verified,Verified,Approved,2022-11-15
38628ce7-0df9-46a9-9a99-3bd365b5f397,S105620,Failed,Failed,Verified,Approved,2023-07-24
75aaf67e-debc-495c-98ec-dd556ef7926b,S105621,Failed,Failed,Failed,Pending,2025-03-08
0f00aaa8-9380-4821-94e7-b6000ec41539,S105622,Failed,Verified,Verified,Approved,2025-12-25
75ca801b-1e9f-4c99-9e50-587144e9e9f8,S105623,Verified,Verified,Failed,Approved,2024-11-02
a3c8fa06-92f9-4799-9700-9cd5a82be000,S105624,Verified,Failed,Verified,Rejected,2026-01-14
716cb725-7822-41ff-ae59-5a18dad88a95,S105625,Failed,Failed,Verified,Approved,2022-12-03
33e63ad2-acbb-4d82-ae45-16dd9bd91aed,S105626,Verified,Failed,Failed,Pending,2023-05-17
fa8fa177-9343-4779-982c-0f171a99c97b,S105627,Failed,Failed,Verified,Rejected,2024-01-27
084377c9-7173-488b-a993-9b5448fbf6f0,S105628,Verified,Verified,Verified,Approved,2025-07-12
632251f1-9f36-4d32-ae1a-1e699155bde5,S105629,Verified,Verified,Failed,Approved,2025-10-24
7610468f-8cac-4e32-8c76-f9e6ac504267,S105630,Verified,Verified,Failed,Rejected,2025-04-04
d3d04ebf-6b91-44b6-9daa-d0034569c3a7,S105631,Verified,Failed,Failed,Rejected,2024-03-22
264a8353-2612-4629-9ced-669a11b8d395,S105632,Failed,Failed,Verified,Approved,2026-03-30
82e2b59d-ee1e-4617-9ce1-c40e9ae6ee8a,S105633,Failed,Verified,Failed,Pending,2023-06-26
ab666a8c-835b-4981-84b5-ca0b380f97c6,S105634,Verified,Verified,Failed,Pending,2025-06-21
845f1ba6-8a82-4f6d-bd76-67cbc03ede27,S105635,Failed,Failed,Failed,Approved,2026-07-21
73cb2695-7816-4ccb-b64f-70304f9bc12b,S105636,Failed,Verified,Failed,Approved,2025-12-04
822929b9-8a06-4b9b-902c-e81cd979a73b,S105637,Failed,Failed,Failed,Approved,2024-01-16
4186ef53-2733-41e5-8136-f4dce804c7ab,S105638,Failed,Verified,Verified,Approved,2024-04-03
5924a824-748c-479d-b77f-f51ac7164aa1,S105639,Failed,Verified,Failed,Approved,2024-02-24
87f18545-fc78-4aaf-a73c-90539f291fe8,S105640,Failed,Failed,Failed,Approved,2022-08-26
afc258dc-89b3-4014-a447-02b9bda5dc22,S105641,Verified,Verified,Failed,Approved,2025-03-14
726e0a16-2d4d-4217-bf09-1a756e493e7c,S105642,Verified,Verified,Failed,Approved,2025-04-12
8091956a-ebac-4a24-80ee-43bbfc8c1b53,S105643,Verified,Failed,Verified,Approved,2023-08-04
3bfd3087-b22e-4dae-b056-04702ff93009,S105644,Verified,Failed,Failed,Approved,2023-12-07
f1ede614-c783-4656-9f69-d891032034d0,S105645,Failed,Verified,Failed,Approved,2024-06-28
70b5d4ee-b689-4ac0-91e3-af4209273852,S105646,Verified,Failed,Verified,Approved,2026-02-18
41e1431f-530f-4e8f-a63d-e1fc1096e6a4,S105647,Failed,Failed,Failed,Approved,2022-08-26
97251487-553c-41f0-907a-c8127cf5e307,S105648,Verified,Failed,Verified,Approved,2024-02-24
1d9bf013-0415-4644-9adc-dffcfceceaba,S105649,Failed,Verified,Verified,Approved,2023-08-03
da1e5d07-31c4-4566-be87-c19bcffa44b3,S105650,Verified,Failed,Failed,Pending,2023-11-04
37511316-f0ec-4704-8d46-d283c2d73aa2,S105651,Verified,Failed,Verified,Approved,2023-09-26
26c1549a-db9f-4820-b3cb-bf6b62780d74,S105652,Failed,Failed,Failed,Rejected,2024-11-13
10cd8bc7-167d-4184-a86a-058fba111694,S105653,Failed,Failed,Failed,Approved,2024-02-10
72322722-61c1-421d-93d8-fce0d5d58f90,S105654,Verified,Verified,Failed,Approved,2023-09-19
f791645d-859a-4a8d-bb5c-1b94c3c48892,S105655,Failed,Verified,Failed,Approved,2023-02-20
8923bc95-048c-438d-86eb-013810ee358e,S105656,Failed,Verified,Verified,Approved,2024-04-08
2eb90755-88e2-4fe7-a802-e28928cd2b4d,S105657,Failed,Failed,Failed,Approved,2022-06-28
d50f4b19-c099-4713-8b34-eb1ef28c0103,S105658,Verified,Verified,Failed,Approved,2024-06-10
9befb06b-f02d-4575-8eff-743467dcec1d,S105659,Verified,Failed,Verified,Approved,2025-10-25
cbba9500-d520-4c34-9471-7d8ba47ed9ff,S105660,Verified,Verified,Failed,Approved,2024-10-16
a405bccd-1e78-4114-9027-2f86cfa636f8,S105661,Failed,Verified,Failed,Approved,2024-02-04
6b8e51fd-1469-4eef-b30a-96e33d6f0eb6,S105662,Failed,Failed,Failed,Approved,2024-07-30
9161d089-0e51-4ca6-9378-2b7ccac8d16e,S105663,Failed,Verified,Verified,Approved,2025-07-11
2aec7576-a3ce-49d2-ab8c-309d474f606b,S105664,Verified,Verified,Failed,Approved,2022-11-20
377422fb-c859-40eb-8f6b-fd37a9f605ed,S105665,Failed,Failed,Verified,Approved,2025-04-07
e8047e04-5faa-40d3-9b17-dbfda9212ef6,S105666,Verified,Failed,Failed,Approved,2023-07-01
3c5e0874-a380-49ba-a887-363491ef6c69,S105667,Verified,Failed,Verified,Approved,2023-07-09
15f68117-89e7-4823-bbbf-9df8781c695a,S105668,Verified,Verified,Failed,Approved,2023-09-09
e1c9e087-1e3f-4f12-b903-9fb3cbdac20c,S105669,Verified,Verified,Verified,Approved,2025-08-14
100f6126-9c7b-456c-9465-cf9aa7565dce,S105670,Verified,Failed,Verified,Approved,2024-11-29
ba24e92b-833d-442b-9b30-73cb5d54ff8f,S105671,Verified,Failed,Failed,Approved,2023-03-29
6196cc53-3dc6-4b69-b58b-b0a613166bfc,S105672,Failed,Verified,Failed,Approved,2026-04-15
05ffb6eb-cda6-4a31-9488-f45bcea15163,S105673,Verified,Failed,Verified,Rejected,2023-01-31
70aa4232-e717-400c-8698-bf7606bdc6d0,S105674,Failed,Verified,Failed,Approved,2025-05-12
6ea53d7b-4dca-44c1-8c54-254c9819a656,S105675,Verified,Failed,Failed,Approved,2025-03-10
993263d6-480b-480d-8e26-8f27bbd11f4b,S105676,Verified,Verified,Verified,Approved,2024-05-03
58dca3ae-c51d-445f-8f5b-0f7643000b4c,S105677,Failed,Failed,Failed,Approved,2023-02-02
109df389-8bdc-494f-8e2f-59aaaeaebeec,S105678,Verified,Failed,Verified,Approved,2023-03-13
c2b5b17e-9ad7-42be-9926-551e541fbfad,S105679,Failed,Verified,Failed,Approved,2026-07-11
e8649a16-4145-4000-9dc1-127139056a43,S105680,Verified,Verified,Verified,Approved,2022-06-02
908bcecb-8f4a-4d91-be98-757127dcdbd9,S105681,Failed,Failed,Verified,Approved,2024-03-24
dd8919d5-ffe9-4666-97d6-ef7de2fa656e,S105682,Verified,Verified,Failed,Pending,2025-03-20
1298d56d-fa1e-4f29-a03f-ce71b40cf9cb,S105683,Verified,Verified,Failed,Approved,2026-05-27
2918c5d3-af88-4763-ba36-cada9f4bc588,S105684,Failed,Failed,Failed,Approved,2025-08-29
88ef88f7-d783-4a0c-8a23-a5a56f1b9b26,S105685,Failed,Verified,Verified,Approved,2024-12-21
9fa64655-0567-40f8-8de9-b29298b5e7e1,S105686,Verified,Failed,Verified,Approved,2023-09-07
6d0b3168-fe53-4960-9809-30f08022eb6f,S105687,Verified,Failed,Verified,Approved,2023-03-18
a3f74a0e-0ccb-429d-ad9b-a813f50c0361,S105688,Failed,Failed,Failed,Approved,2023-11-24
85cb7cc3-ec13-4ff9-93ad-6e5d6c3916ad,S105689,Verified,Failed,Failed,Pending,2026-06-01
d524e373-f61b-4e0e-a47d-70611296e233,S105690,Verified,Verified,Failed,Approved,2026-07-22
14aa1503-dc31-4000-8eec-cb784a9feea1,S105691,Failed,Failed,Failed,Approved,2022-09-28
6d385708-a380-4160-a57f-b49f6dcc58b3,S105692,Failed,Failed,Failed,Approved,2025-08-03
1894939e-6384-4a1f-b8f6-b991deff8c70,S105693,Verified,Verified,Failed,Approved,2024-05-19
7772d8db-c25d-4eef-ba16-99311a52d616,S105694,Verified,Failed,Verified,Approved,2022-08-15
9bfc7c6c-d5d3-43a7-a6f0-d5deaf5169b0,S105695,Failed,Verified,Verified,Approved,2024-06-15
00805c67-f868-4f4e-a9c6-f760473f1029,S105696,Verified,Failed,Failed,Approved,2024-08-01
78029a36-dd8c-43ff-a379-b8e268c32e2c,S105697,Failed,Failed,Failed,Approved,2025-02-02
07a0ea6e-f815-4991-8e9f-69f80cd6d356,S105698,Verified,Verified,Failed,Approved,2022-03-23
be793a1f-84d5-4993-bd89-80b757a01130,S105699,Verified,Failed,Verified,Approved,2025-10-17
2750d3d0-8deb-45c9-983a-4a34fa895211,S105700,Failed,Verified,Verified,Pending,2022-09-02
02fb7082-ada7-4077-bfb9-d60947b6a2f2,S105701,Failed,Verified,Verified,Approved,2023-02-16
7ac85a5c-a5c4-4cc0-9f81-eb5f4144177a,S105702,Verified,Verified,Failed,Approved,2023-05-04
96e37c60-af25-4195-b631-3a8b7c09fd85,S105703,Verified,Verified,Failed,Approved,2024-07-04
b3a04eaa-5282-4715-b3c5-63eff9979c7f,S105704,Verified,Verified,Verified,Approved,2024-09-25
ff9b6a33-48ed-4838-ad38-3f667bf21470,S105705,Verified,Failed,Verified,Approved,2025-08-03
0f08437f-3b00-423a-8892-436101bb32ec,S105706,Verified,Failed,Verified,Approved,2024-12-22
10831398-5d91-4bfe-9561-191a3281fc75,S105707,Failed,Failed,Failed,Pending,2022-10-18
dd66971d-8519-40eb-894f-ff2ebf15047b,S105708,Verified,Verified,Verified,Approved,2026-06-24
58f8fa8e-7283-4781-97a5-2aa669e367cc,S105709,Verified,Failed,Verified,Approved,2024-08-21
6f698457-9bde-465d-8ef2-627d96e81397,S105710,Failed,Verified,Failed,Approved,2022-01-31
afaeb523-26ff-48c3-85ee-d8b02d96364e,S105711,Verified,Failed,Verified,Approved,2024-08-10
a2380c5e-4dc2-4261-9c5b-9c2c4f63bcd1,S105712,Failed,Verified,Failed,Approved,2023-07-23
43936e6e-6b5a-403d-b7de-fce6ee0e22b9,S105713,Failed,Failed,Verified,Approved,2025-12-06
9c2a5dc3-19bd-45eb-b5ae-ddeca5304809,S105714,Failed,Verified,Verified,Approved,2023-05-19
d7c2467a-f71b-4311-96fc-de4a453e39b9,S105715,Verified,Verified,Verified,Approved,2026-03-17
eea4e62f-818c-4118-9d24-f2db58a2ee7a,S105716,Verified,Verified,Verified,Approved,2023-03-13
5ce6cdf4-fed2-4020-ae5f-d3c4363d0234,S105717,Failed,Failed,Failed,Approved,2024-03-28
09b3bb4e-9295-4e40-995d-8cc51345c47f,S105718,Verified,Verified,Failed,Pending,2023-04-14
dc629367-22e3-4be7-8290-d27c152f1d44,S105719,Verified,Failed,Verified,Pending,2025-05-02
3b7eebe6-674c-4b71-8f4f-aa6edc77be61,S105720,Failed,Verified,Verified,Approved,2023-03-01
9f6d6c8c-eea8-4390-8329-dbe436562216,S105721,Failed,Verified,Failed,Approved,2024-03-30
2519ad78-fbba-4dac-a246-d044d5c688ba,S105722,Failed,Verified,Verified,Approved,2022-10-07
7c7fece3-c07d-4bf9-ab5a-248a716cd171,S105723,Verified,Verified,Verified,Approved,2025-09-12
0e0ba330-7935-49a4-8281-ac65b2861436,S105724,Failed,Verified,Failed,Approved,2026-07-24
4e5256c8-93c6-4ffe-93ce-c5c58810a1ff,S105725,Failed,Verified,Verified,Approved,2024-10-11
6c326b3f-2a59-44e5-add2-804cd9af7bf4,S105726,Failed,Failed,Failed,Approved,2026-07-02
9df3cd59-3c1b-4265-ac1c-132281935120,S105727,Failed,Verified,Verified,Approved,2024-09-15
bdcc0eeb-5c43-48eb-be58-7107a8a1eaaa,S105728,Failed,Verified,Failed,Pending,2022-04-22
b1b2290d-32d1-47a8-8390-37e85ee83986,S105729,Failed,Failed,Failed,Approved,2022-01-30
c9afdf0b-89c8-477f-818d-abc0473be44d,S105730,Failed,Verified,Failed,Rejected,2024-06-04
85c84ccb-3db4-4930-9766-35c42e8cc69b,S105731,Verified,Failed,Failed,Approved,2022-02-04
1ee72d49-1e00-4af7-8112-2d83a232df5c,S105732,Failed,Failed,Failed,Approved,2022-03-04
56c040a0-db91-49df-a5e0-4d585037ac91,S105733,Failed,Failed,Failed,Approved,2022-12-02
46c65b1e-9a1e-4227-a7c8-48d97a2f8c41,S105734,Failed,Verified,Verified,Approved,2022-12-19
f732e065-ac15-42b4-9982-e948c7575d20,S105735,Failed,Failed,Verified,Approved,2023-12-15
1a47d361-f95c-4d21-9ebe-8bc95ee36c5b,S105736,Failed,Verified,Verified,Rejected,2022-01-14
c3477499-8bb0-4fe7-9f60-606f35f1d0a2,S105737,Failed,Verified,Verified,Approved,2026-04-30
5e503d2a-fb90-41cf-9ccc-f9dde49605d1,S105738,Failed,Failed,Failed,Approved,2025-09-12
2837527d-3f98-4a5a-b9ed-f9fcce5502c9,S105739,Failed,Verified,Verified,Approved,2026-04-11
78761e68-346c-4f49-af62-52a6e7d975d4,S105740,Verified,Failed,Verified,Approved,2026-03-31
c212798d-8115-4352-8390-91cf5c92dba6,S105741,Failed,Failed,Failed,Approved,2025-04-23
3e01b09e-7eb6-44f0-9c1b-6efa3738a63f,S105742,Failed,Verified,Verified,Rejected,2026-02-17
e5b0bf55-51d2-4231-b67d-0b161e0e59a9,S105743,Verified,Failed,Verified,Approved,2026-05-22
264fb081-51dc-4909-90d8-fc662ab5b654,S105744,Failed,Verified,Failed,Approved,2024-04-21
3869d8e2-b7a5-44e4-bb0b-bab1ae720fcc,S105745,Failed,Failed,Verified,Approved,2024-10-11
40491812-3c17-49ad-875c-d16025af6004,S105746,Failed,Failed,Failed,Approved,2023-12-07
bd1f8d7f-1893-4ed0-a50e-0480b2dbfac7,S105747,Verified,Failed,Verified,Approved,2026-06-01
cc34cceb-5974-43a0-91a5-ef7a345b2edc,S105748,Failed,Verified,Failed,Approved,2023-06-21
937b9d47-caa6-41c9-bb88-9df0bdfe7c94,S105749,Verified,Verified,Verified,Approved,2023-06-15
f171a44a-536d-4bcf-aeb5-1aa3e2c6efc7,S105750,Verified,Failed,Failed,Approved,2022-07-20
01a92ba9-8d3c-49d4-aa70-973e6feab3f3,S105751,Failed,Failed,Failed,Approved,2024-03-07
3902452e-e2f0-4684-b280-d3277da723ed,S105752,Failed,Verified,Failed,Approved,2022-05-15
6b99e38a-0327-401a-84dd-83bd5fb06df7,S105753,Verified,Failed,Verified,Approved,2023-10-23
b0d734a6-db4f-40e1-824f-b149b59f0391,S105754,Failed,Failed,Verified,Approved,2025-09-17
b86e307a-5379-49b8-8573-b9015360cf2c,S105755,Failed,Verified,Verified,Approved,2022-03-03
e4ac38e6-ffbf-4be3-8b57-2fc485f08d31,S105756,Failed,Failed,Verified,Pending,2024-04-22
2bb2689b-84bd-4f5f-882c-471d4e08aaaa,S105757,Failed,Failed,Failed,Approved,2022-03-07
0aaab2ca-4ae8-49df-a46e-cf5e9cf42505,S105758,Failed,Failed,Failed,Rejected,2023-11-22
8a828284-adc1-4c19-9ba0-981279d1afc8,S105759,Verified,Failed,Verified,Approved,2024-05-08
2feb27c2-6108-4e66-84f6-dc5d28c3b0b2,S105760,Verified,Verified,Verified,Pending,2023-03-25
85856e65-58e8-45c1-bc13-67ef5d853afc,S105761,Failed,Verified,Failed,Approved,2023-07-22
93982275-2e00-4d93-bf9d-8e3970d0c34f,S105762,Failed,Failed,Verified,Approved,2023-07-17
bfc891a1-bb87-465e-9e06-c5a330744c7c,S105763,,Failed,Verified,Approved,2025-01-20
6d828e2e-c422-4325-85f6-dc8473a9a5b0,S105764,Failed,Verified,Verified,Approved,2025-11-15
a14a12bf-2840-42d2-80af-6a60e06c1a0a,S105765,Verified,Failed,Verified,Approved,2024-11-12
81b32638-de72-4157-9c77-b2cfa3c99529,S105766,Failed,Verified,Verified,Approved,2022-02-26
37b3b2e1-b954-4249-b689-57f2f3a5a0a9,S105767,Verified,Failed,Failed,Approved,2023-02-09
0f7c1a7b-8609-4da1-84fb-f2f9616a5fbe,S105768,Verified,Failed,Verified,Pending,2025-12-21
220ae7a5-89da-4d78-9a20-9e045e002e3b,S105769,Failed,Failed,Verified,Approved,2022-09-21
6b065115-22c9-495d-ad2b-0e4fd390426a,S105770,Failed,Failed,Failed,Approved,2022-07-30
efe47a7e-33ee-4e36-8177-af2424c3532a,S105771,Verified,Verified,Failed,Approved,2022-05-13
f8d25d63-152b-4fbd-aa15-a7d3b4ec733d,S105772,Failed,Failed,Failed,Pending,2025-10-03
5f8efce5-75ce-4460-be5d-ae3568a50c9b,S105773,Verified,Failed,Verified,Approved,2022-09-02
15986e2d-1042-49a8-8524-6b4cd9647ef4,S105774,Failed,Verified,Failed,Approved,2024-12-08
22bbd95c-d9a1-4700-b2ad-ec605ebe5f74,S105775,Verified,Verified,Verified,Approved,2024-11-13
bf4cc28d-7301-4149-b0ed-a506a2cb0990,S105776,Verified,Failed,Failed,Approved,2025-03-05
370c0904-c683-415a-bcfb-036c0642b41a,S105777,Failed,Verified,Verified,Rejected,2022-03-17
186fa278-c458-43bc-8cfd-586cd5e6438b,S105778,Failed,Failed,Verified,Approved,2023-11-13
491cefa1-dfd9-4075-a78d-7ff7d4559b72,S105779,Verified,Failed,Failed,Approved,2024-02-07
7a0f858c-719e-4be1-b170-cfe9efed146d,S105780,Failed,Failed,Failed,Rejected,2022-11-22
6135f432-c1d2-48f9-9664-4d02ecc47eb3,S105781,Failed,Failed,Failed,Approved,2025-06-17
82630ae0-8b79-4457-b2ad-b8bbd9e730e9,S105782,Failed,Failed,Verified,Approved,2025-10-03
3627bf2a-6be2-4021-acf7-1193b254036a,S105783,Failed,Verified,Failed,Approved,2026-03-17
3c82ba33-16f9-447e-bcd0-50b5bc71bba1,S105784,Verified,Verified,Failed,Pending,2023-12-03
971196c8-fcd3-4670-b088-5e2ffcbc2a89,S105785,Verified,Verified,Failed,Approved,2026-07-30
0205d475-78f8-461a-8981-2bb0967d632e,S105786,Verified,Failed,Failed,Approved,2023-02-22
cf0cc9c6-dc9a-42ea-87f1-3a1186674c87,S105787,Failed,Failed,Failed,Approved,2022-04-17
55307f0c-d967-4ec0-b899-7ba4b0b729e9,S105788,Verified,Verified,Verified,Approved,2025-02-25
8a24d2fe-2f2f-42e9-8181-2fdf3f884377,S105789,Failed,Verified,Failed,Approved,2024-12-02
bd1517d2-8cfe-4345-9554-be4cef5e26ad,S105790,Verified,Verified,Failed,Approved,2025-06-03
2d039f93-cc4f-48a4-9343-fa9fff0ba26b,S105791,Failed,Failed,Failed,Pending,2024-09-02
c866f808-a79b-45f5-a668-b585b457242c,S105792,Verified,Failed,Verified,Approved,2025-12-28
a8b1e1a7-fc05-42a8-b916-c877c6cfce1e,S105793,Failed,Verified,Failed,Approved,2026-07-09
cd11be4b-63ed-4ae3-9c9b-2e79de6f1e24,S105794,Verified,Failed,Verified,Approved,2022-02-26
b01c5c83-73f1-4034-9481-1ad4d3e03734,S105795,Failed,Verified,Verified,Approved,2023-08-09
31fc1c71-d854-4530-9d1f-d92abf6cc992,S105796,Verified,Verified,Failed,Approved,2025-07-10
cac71544-7c99-4a8c-a529-1624c26c6978,S105797,Failed,Verified,Failed,Approved,2024-04-10
ce729655-4513-4702-a390-5651c2797eae,S105798,Verified,Verified,Failed,Approved,2024-04-29
28959434-1d20-4371-9509-6fb849c4124d,S105799,Failed,Failed,Failed,Pending,2024-05-07
6229ba7f-ed40-4e55-93e3-9e26a052cea6,S105800,Failed,Failed,Verified,Pending,2025-08-09
27379450-2b45-427d-b077-fa712799939a,S105801,Verified,Failed,Verified,Approved,2023-01-24
e0742072-f6f6-4aad-8aa9-b89603140dab,S105802,Failed,Failed,Failed,Rejected,2022-05-18
47d73519-c8f0-4a4f-b49c-7ae0a8243a47,S105803,Verified,Verified,Failed,Pending,2026-05-11
41a2cc6b-d4c4-4e2e-a868-ad71c58843a7,S105804,Failed,Verified,Failed,Approved,2026-05-07
fb8a27ef-cccb-4f67-84d1-e260ad362172,S105805,Failed,Verified,Failed,Pending,2022-07-10
afed890f-90d6-486c-968c-d2c121aaadac,S105806,Verified,Verified,Failed,Approved,2025-11-27
35aed717-1f3c-4571-a2fb-1abcbbda2b91,S105807,Failed,Failed,Verified,Approved,2025-01-24
133e750a-7293-4172-8e8f-c2d2848efc44,S105808,Verified,Failed,Verified,Approved,2024-01-07
f151827d-e1e4-4ca4-ad82-c3958f1aaecb,S105809,Failed,Failed,Verified,Approved,2023-04-29
ba98b1e8-ea73-47a7-8b5b-7b3a6046eb10,S105810,Verified,Failed,Failed,Approved,2024-10-28
cc25682e-97b6-48ab-91ff-42316eb9d015,S105811,Failed,Verified,Verified,Approved,2022-06-11
994c9268-9aef-47bd-b3d1-ac0ca6f60921,S105812,Verified,Failed,Failed,Pending,2022-01-20
0974cda5-1301-4af9-9701-aae343538488,S105813,Failed,Verified,Failed,Approved,2025-12-18
d9523619-a874-468e-a263-c57bf37fb4a9,S105814,Failed,Failed,Verified,Approved,2025-09-04
b86edfd7-84c9-4e1a-b31e-4bd4877ef1d6,S105815,Failed,Verified,Failed,Approved,2026-07-17
12130d87-2411-461e-9dc9-4cec26e706c8,S105816,Failed,Failed,Verified,Pending,2022-05-10
950c0421-f96f-4ccc-a54c-ccb26191fc4a,S105817,Verified,Failed,Failed,Approved,2025-04-21
60b1c3b9-bb0a-4480-bffb-6cbf842c04b0,S105818,Verified,Failed,Failed,Approved,2022-12-22
2f7f9f62-b1ab-4198-8e5e-769d03c40337,S105819,Verified,Failed,Failed,Pending,2022-10-10
b37b3305-5f8d-4716-81c0-c81f7c1828d2,S105820,Verified,Failed,Verified,Pending,2022-01-09
1b165e42-cc7b-4843-8b84-a1bb7ed03c7b,S105821,Failed,Verified,Verified,Approved,2026-03-12
6be807a8-3ed6-4353-8ea6-d1fec00d1d9d,S105822,Verified,Verified,Failed,Approved,2024-04-05
0331072b-a24c-45b6-b0ce-7ed5a6a33f30,S105823,Verified,Verified,Failed,Approved,2022-10-02
55431649-9937-46bc-a069-1dab5c3c3c5d,S105824,Failed,Failed,Failed,Rejected,2022-10-17
c16f172d-a687-413f-b416-3d61a6be4e51,S105825,Failed,Verified,Verified,Approved,2023-04-15
50e3f712-2d1b-4afa-a9b4-d5936a486f9f,S105826,Verified,Verified,Failed,Approved,2022-06-16
94ce24f5-afc3-4e3c-88d9-0de2a0658316,S105827,Failed,Verified,Failed,Approved,2025-11-09
12c4fb12-4cd2-4528-9d0e-66cb62213813,S105828,Failed,Verified,Failed,Approved,2025-04-23
2b095746-51b0-49f1-b6d9-92a423e2441b,S105829,Failed,Failed,Verified,Approved,2023-05-27
9d4cbbd6-8bda-47b5-8758-c1288c0fd1c9,S105830,Verified,Failed,Verified,Approved,2023-09-01
d2ac7c26-cb29-4b21-acd4-24dd951a682f,S105831,Verified,Failed,Verified,Approved,2026-01-22
f17871ba-f759-4f20-ad67-86f6006d8707,S105832,Verified,Verified,Verified,Approved,2023-02-09
c27b6b3e-83b1-4677-a3bb-bbeb8c65c13d,S105833,Failed,Failed,Failed,Approved,2025-12-11
623393ab-ef9c-483e-84dc-a558c36e91d9,S105834,Failed,Verified,Failed,Approved,2022-07-09
118f1885-8679-41d4-87f3-0993c334f2bc,S105835,Failed,Verified,Failed,Approved,2023-10-16
00ed9a73-e557-4574-a267-c372177db90b,S105836,Failed,Failed,Verified,Approved,2025-11-12
9888ec01-4847-4163-9976-5b7375dc1b20,S105837,Verified,Verified,Failed,Approved,2023-01-10
f576b4e0-ea01-492d-aca6-c723be9af730,S105838,Failed,Verified,Verified,Approved,2025-06-22
06921ebf-6677-4bc0-b438-b799344f77bc,S105839,Verified,Failed,Verified,Approved,2026-01-24
69fba3fa-f923-4b28-87ab-407a3e96afa9,S105840,Verified,Failed,Failed,Approved,2022-01-26
a6707895-81f1-4440-8783-2ed682e718a7,S105841,Failed,Failed,Verified,Approved,2024-11-19
a98f70a1-8ef0-4827-bb47-7a4c556cf7a2,S105842,Verified,Verified,Failed,Approved,2025-11-10
c8349dcb-42d5-4c9d-8944-ac0f816e433b,S105843,Failed,Failed,Failed,Pending,2026-05-08
cd5e2dcb-359c-4f92-85a1-78fac516631b,S105844,Failed,Failed,Verified,Approved,2025-05-27
c791fef3-2263-4040-bceb-e09dd528f013,S105845,Verified,Verified,Failed,Approved,2024-08-12
2c7d3caf-32ca-4b58-9725-50661ce8f1ba,S105846,Failed,Verified,Failed,Approved,2025-11-10
b6c5e1f8-ca4f-4f19-9bdf-c40b6e78fc26,S105847,Failed,Failed,Verified,Approved,2022-10-29
7eeb9aa4-fe5b-49af-be8d-c8d4b5f9b098,S105848,Failed,Failed,Verified,Pending,2022-12-01
dd2e8027-3660-4194-aaab-670fda8aa86b,S105849,Verified,Failed,Verified,Approved,2023-08-18
39414a94-f3e9-4432-8805-cc948f1f1e66,S105850,Verified,Verified,Failed,Approved,2022-04-06
b7110232-1299-4020-b157-8cadc6994e48,S105851,Failed,Verified,Failed,Rejected,2026-01-11
ec17970b-af17-44a2-936f-b0f0965be5e3,S105852,Verified,Failed,Verified,Pending,2026-03-05
4def1a69-cd10-4cd1-8e08-caa08119f67c,S105853,Failed,Verified,Failed,Pending,2024-11-06
4c0abe17-e454-4aa3-8331-aee53ba1a169,S105854,Failed,Verified,Verified,Pending,2022-02-15
c5695eb6-0bf1-48fc-bd9d-e9bbb2cc35e5,S105855,Failed,Failed,Failed,Pending,2023-02-25
91eb2bce-780e-4c10-bbbe-6006975da8f9,S105856,Verified,Failed,Verified,Approved,2024-10-20
f563cc71-5456-47b7-bcfb-777df7f3cf58,S105857,Verified,Failed,Failed,Approved,2024-10-01
b749d03f-833a-46a4-a034-7370c577c9e7,S105858,Verified,Verified,Verified,Approved,2022-05-22
1e03c243-2d34-4e87-82ec-8accc97f9769,S105859,Failed,Failed,Verified,Approved,2023-08-27
c25db35d-8e5f-46da-9f1c-8b2e8e29b642,S105860,Failed,Verified,Failed,Approved,2023-11-02
cf8c5554-10d2-479d-886f-398cf5f49802,S105861,Verified,Failed,Verified,Approved,2025-04-13
78f756d1-bf33-4bdf-9925-80e1868e565c,S105862,Failed,Verified,Failed,Pending,2023-05-12
992fdb73-2a87-4ac0-b670-6b08477e781c,S105863,Verified,Verified,Failed,Rejected,2022-01-22
b147f7a5-f423-431f-b6a1-6e80176c496e,S105864,Verified,Failed,Verified,Approved,2022-03-23
1f7fb884-1ad3-4860-ba78-4698e4061e17,S105865,Verified,Failed,Verified,Approved,2025-06-23
5b579381-62ee-4814-b6eb-09b228d44729,S105866,Failed,Failed,Failed,Rejected,2025-02-12
4f25baff-70d5-4c1f-b116-b9899e7e7a56,S105867,Failed,Failed,Failed,Approved,2022-01-13
0ea8b662-379a-45e0-81e3-01f6633cef9c,S105868,Verified,Verified,Failed,Approved,2024-01-15
1b5d0620-3667-4667-afa0-375b2192bc54,S105869,Failed,Verified,Failed,Rejected,2026-02-19
871f804a-7d44-48c4-9279-7f2c2207c621,S105870,Verified,Verified,Verified,Approved,2023-09-05
c04e5dfa-c95b-4b5e-b2a1-0fd91d02fa19,S105871,Failed,Verified,Verified,Rejected,2024-03-01
b4083c27-2d7f-45d0-8ef4-9da104579506,S105872,Verified,Failed,Verified,Approved,2025-04-29
7e723265-23fb-4ddb-9e60-af013e97699b,S105873,Failed,Failed,Failed,Approved,2026-04-25
8b60aaa4-86a0-4192-9091-1fc8db23d7a9,S105874,Failed,Verified,Verified,Approved,2022-07-16
14509f6c-df75-43b7-9786-43cc8d28f82e,S105875,Failed,Failed,Failed,Approved,2022-04-17
cfd95323-9c6c-4d7a-9145-68728876c689,S105876,Verified,Failed,Failed,Approved,2025-01-29
37f92014-6a1d-407e-8630-64ad2ab09b9d,S105877,Verified,Verified,Verified,Approved,2025-02-09
1dc904f9-42ff-47a7-9b66-aca50638ebfe,S105878,Verified,Verified,Verified,Rejected,2026-02-08
dd90ed3e-215a-41fa-9814-f3d9618cd01a,S105879,Failed,Verified,Verified,Approved,2022-02-14
65702f33-e077-466a-aade-f426741a658b,S105880,Failed,Verified,Verified,Approved,2024-05-10
910175f8-e360-4926-8da0-ca9716e4f05a,S105881,Failed,Verified,Verified,Approved,2024-05-03
58188aa9-9325-422f-827a-a6b01a591f6e,S105882,Verified,Failed,Verified,Rejected,2023-01-07
0ae2bc3f-ef26-41f8-98cc-11fe39a9c4c6,S105883,Verified,Verified,Failed,Approved,2026-01-18
d35a0e53-e61c-4c8d-b93c-10be04c325ec,S105884,Verified,Verified,Verified,Approved,2023-10-02
a8a7dccb-9a1a-469c-b5ad-d3f911c7177f,S105885,Verified,Verified,Failed,Approved,2022-06-02
52e819a5-c1fb-4603-ae4d-a5c8d6c2eafa,S105886,Verified,Failed,Failed,Approved,2023-10-08
de10a04c-659e-4f7e-b9ba-880a107ed9af,S105887,Verified,Failed,Failed,Approved,2022-12-24
31e97228-27f6-4d41-ab7e-604fa321b54a,S105888,Verified,Failed,Verified,Approved,2024-12-23
133dca47-049b-4703-a6ff-f0148b106032,S105889,Failed,Verified,Verified,Approved,2022-09-19
f47a3726-72e3-4b8f-a999-e3e4371fce97,S105890,Verified,Verified,Verified,Approved,2023-11-02
d9bf112f-07a7-4913-ad37-6d4508306cbe,S105891,Verified,Verified,Verified,Approved,2025-07-24
8f5dd125-e328-42d4-a715-a0fd90d0bea1,S105892,Verified,Verified,Verified,Approved,2022-02-03
d5201065-1749-48f7-98e5-ac5de33d7876,S105893,Failed,Verified,Failed,Approved,2022-12-07
1322c4b9-0140-47e5-8fcd-efd498c4e0a1,S105894,Verified,Verified,Verified,Pending,2023-12-19
46f9c580-c16c-4c97-aa77-0ba7dd968c25,S105895,Failed,Failed,Verified,Approved,2022-03-06
1515e388-6334-4aac-9dba-bdd3635eeb7f,S105896,Verified,Verified,Verified,Approved,2022-04-07
d0e2d0d7-3c78-425e-b45b-3974dd84b3ed,S105897,Failed,Verified,Failed,Approved,2022-05-17
77260dec-ef88-45ad-892d-c6996729ef02,S105898,Failed,Verified,Verified,Approved,2024-10-30
7dad6b7e-e4fc-49e8-a490-38dd7ece0563,S105899,Failed,Verified,Failed,Approved,2025-11-21
be34aeb2-a1fd-4fb0-894c-b544281ec471,S105900,Verified,Failed,Verified,Approved,2022-08-08
b23424a3-0c6e-4afb-9d4d-586048475033,S105901,Verified,Failed,Failed,Approved,2022-06-05
8d2902b2-f4b7-463a-9247-da54b6876ad4,S105902,Verified,Failed,Failed,Pending,2022-05-03
d7ad3336-bc5e-45bb-af14-655501d7e6b2,S105903,Verified,Failed,Verified,Approved,2026-07-01
af691240-b09c-461d-b467-0a64e5634aed,S105904,Verified,Failed,Verified,Approved,2025-02-16
3a8b7319-59d0-4be6-a290-3f2de32deab5,S105905,Verified,Verified,Verified,Pending,2024-10-06
5cc78b9d-34f1-43db-b5e9-4bfc3db0b3ce,S105906,Failed,Verified,Failed,Approved,2023-07-19
66f9d912-f468-49b6-9cae-532706f80c33,S105907,Verified,Failed,Failed,Approved,2024-02-21
21cdd1cb-6bd4-4c7d-afff-9465b5d366c6,S105908,Verified,Failed,Verified,Approved,2026-03-20
09217e89-1177-48ac-b960-d5965351413a,S105909,Verified,Failed,Verified,Pending,2026-06-14
93814ed2-d562-44c3-97d4-48b04ff37eb3,S105910,Failed,Verified,Failed,Approved,2026-07-31
1e98acdf-f038-4322-a0bb-d4ab45a8bb64,S105911,Failed,Verified,Failed,Approved,2026-03-06
e0e474ca-0916-4c0f-be87-66a77c3fde52,S105912,Verified,Failed,Failed,Approved,2023-01-11
131a2e37-aa60-4c9e-9cf9-c35ce4f518df,S105913,Verified,Failed,Verified,Approved,2023-11-23
568258c4-f296-4dbc-baae-55b2cf6511f8,S105914,Verified,Failed,Failed,Approved,2023-12-31
a853a7aa-38a9-4ad5-b4fa-08a019ba06ee,S105915,Failed,Failed,Verified,Pending,2022-03-13
65538a5b-9778-4a01-8781-66382025b4ce,S105916,Failed,Failed,Failed,Approved,2022-07-25
dd6d5410-0e1b-4387-b3f8-c1c77170f949,S105917,Verified,Failed,Failed,Approved,2022-06-23
d5bc5ae0-9624-44b7-af29-8ae3dd637ce9,S105918,Failed,Verified,Failed,Approved,2024-01-10
265b3d31-cafa-44f2-93b8-242befd6fccc,S105919,Failed,Verified,Verified,Approved,2022-05-27
7a4e676e-0007-461e-b9b8-03104b1d56ef,S105920,Verified,Verified,Verified,Approved,2023-08-07
d7ac98d0-a341-4712-97e6-aa464f34cd00,S105921,Failed,Verified,Failed,Approved,2024-08-26
a1bb6e1b-912b-4d3b-9685-0d993397e28a,S105922,Verified,Failed,Failed,Approved,2024-12-19
566212a3-6a35-411f-ab6b-617bae267be0,S105923,Failed,Failed,Verified,Approved,2025-01-03
0cc57136-903f-4da2-bc8b-59d93d25e7ef,S105924,Verified,Failed,Verified,Approved,2024-05-28
39ac75d5-6246-430a-8b9c-84e638e86af2,S105925,Failed,Failed,Verified,Approved,2023-06-18
f4b85a03-8479-4103-baf5-013da9331074,S105926,Verified,Failed,Failed,Approved,2026-03-09
4727c213-7b03-4b07-9ca5-b5d3f3e321ff,S105927,Failed,Failed,Failed,Approved,2023-09-19
19e6e0fa-9ae2-4f3a-b8a6-22d3335b59c5,S105928,Failed,Failed,Verified,Approved,2026-03-07
811e6b6f-dfa3-4787-91f1-0ff3968a0bef,S105929,Failed,Verified,Verified,Approved,2024-04-28
07150540-02fc-4823-b3db-ae4604f98de5,S105930,Verified,Verified,Failed,Rejected,2026-01-03
1a1ad0ba-4c66-4a55-8d78-8bd0cb9fd9ae,S105931,Failed,Verified,Failed,Rejected,2025-12-05
608fc6f2-ae81-42f7-a440-beb764502bae,S105932,Verified,Failed,Failed,Pending,2023-11-22
17af9323-0b36-41bb-9c4e-f4c67cf6e9b7,S105933,Failed,Verified,Verified,Pending,2024-08-22
84fef0f5-6e36-4c96-8f61-68f4b69f4ca6,S105934,Failed,Verified,Failed,Approved,2024-01-27
449afe5d-1f0c-433b-a5fc-982f3dbd3319,S105935,Verified,Verified,Verified,Approved,2022-02-17
f7100708-0164-4644-9cdb-6990642e1d04,S105936,Failed,Failed,Verified,Rejected,2023-05-12
39a35cc3-048d-4cb3-8815-4974d492e338,S105937,Failed,Failed,Verified,Pending,2026-06-29
a2147b42-c4be-49ab-8173-dfef93da0301,S105938,Verified,Verified,Failed,Rejected,2025-03-16
de03ef7b-5ec3-4a8e-bc42-a8dae76dfe6b,S105939,Failed,Failed,Verified,Approved,2024-08-24
b773bf1a-82c8-4535-9c5a-65c7d79645a8,S105940,Verified,Failed,Verified,Approved,2026-07-29
f35a5589-b7f3-4fff-b9ee-bed3aceed0c5,S105941,Failed,Failed,Failed,Approved,2025-07-21
be2e03ce-dc3f-43de-a375-65d54a5b2cec,S105942,Failed,Verified,Failed,Approved,2025-09-27
0f03f8db-294d-4b0e-a490-b1f6499e788a,S105943,Verified,Failed,Failed,Approved,2024-11-24
c3455b10-1b05-4160-8083-5e351901972c,S105944,Failed,Verified,Failed,Approved,2026-02-12
05711197-9909-48a2-aa34-1769a5465c97,S105945,Verified,Failed,Verified,Approved,2025-07-31
008f90ae-2b4f-4899-b6af-127a23f42dd3,S105946,Verified,Verified,Failed,Rejected,2023-06-23
591a4561-fa3f-4a1e-a013-cf28184cd43f,S105947,Verified,Failed,Failed,Approved,2022-09-05
8c2c0f08-85b5-422c-999c-ac541aebce34,S105948,Failed,Failed,Verified,Approved,2022-10-07
67ed805d-01c8-42cc-9a9f-af64ee6add3b,S105949,Verified,Failed,Verified,Approved,2022-03-07
98059077-d7d3-479e-840c-fc63be7f4494,S105950,Verified,Verified,Verified,Rejected,2026-07-17
c400c924-7c92-435e-9a05-52191cb201f1,S105951,Failed,Failed,Failed,Approved,2023-11-07
f812b99d-74d9-45c6-8847-ae0f595bf91a,S105952,Failed,Failed,Verified,Approved,2022-02-10
fbae117f-eb4c-47ed-9eb7-4ad057f29c3f,S105953,Verified,Failed,Failed,Approved,2022-12-16
295924c9-eccc-4831-9410-02e7be33c4bd,S105954,Failed,Verified,Failed,Approved,2025-12-23
76235881-e752-42b9-9093-c97e63cf5ddc,S105955,Verified,Failed,Verified,Approved,2024-02-14
cd6af85b-5ab4-4e82-a24d-ab8679210a17,S105956,Verified,Verified,Failed,Pending,2023-10-25
1819ce5a-66b7-4655-87d3-06240559993e,S105957,Verified,Verified,Failed,Approved,2023-06-10
28d454e7-a5c2-41e0-a436-3a2ce2a962ce,S105958,Verified,Verified,Verified,Approved,2025-01-06
a32ae62f-ac73-4192-a536-c7eaa970beba,S105959,,Failed,Verified,Approved,2022-03-12
f22767e3-a096-4039-83e4-4f53e85067f1,S105960,Verified,Verified,Failed,Pending,2024-04-08
bbbe0abb-323f-48d3-bdd9-c36f48a56cb7,S105961,Failed,Failed,Failed,Pending,2025-09-12
5884d1f0-6e68-4a5b-ac82-a1979aa60211,S105962,Failed,Failed,Verified,Rejected,2025-12-29
be54356b-e138-4195-89b5-dd1c6ccb397c,S105963,Failed,Failed,Verified,Approved,2026-02-04
d4e5594d-8edf-4ab9-a2ee-ef7cded22a09,S105964,Verified,Failed,Failed,Approved,2024-01-23
c8da7e18-7fc0-4455-a394-7c0ac2361364,S105965,Failed,Failed,Verified,Approved,2023-05-17
24661802-0299-4709-aa27-a96cf4f1c64d,S105966,Failed,Verified,Verified,Approved,2025-09-11
d866a959-41d0-4e15-80e5-13c8e3653272,S105967,Verified,Failed,Verified,Rejected,2022-01-17
faa4f593-8e42-4e34-b219-6fe0f8471ee8,S105968,Failed,Failed,Verified,Pending,2022-06-10
07a5f9b0-e3c7-4ab7-9490-b0327c75c14a,S105969,Verified,Failed,Failed,Approved,2025-06-21
c8725879-622a-431d-ba34-d202d4125757,S105970,Failed,Failed,Verified,Approved,2026-01-12
48c83c03-3a3c-4a0d-96e0-4335ac72c205,S105971,Verified,Failed,Failed,Approved,2024-12-12
4b9c55b7-c088-49dd-a068-82a17ce61fa1,S105972,Failed,Verified,Verified,Approved,2022-02-14
c9028948-4a9d-4999-80a5-3e3416a08d89,S105973,Verified,Failed,Failed,Approved,2023-12-29
b5f016ae-f6bd-4327-b8fb-26d724851df8,S105974,Verified,Verified,Failed,Approved,2025-01-12
1d707bc6-7811-43dc-bf07-ac86dc492177,S105975,Failed,Failed,Verified,Approved,2025-01-01
ef83eaa6-9500-4aca-a829-397cafaca390,S105976,Verified,Failed,Failed,Approved,2026-05-25
564d3811-4ba1-43df-b00a-9fba70163c56,S105977,Verified,Verified,Failed,Approved,2023-09-21
4bed8691-dd16-4057-907e-416737c72bec,S105978,Failed,Verified,Verified,Pending,2025-11-09
5ae9d2b3-5e42-4bd6-9499-8ecc5d030f8b,S105979,Verified,Failed,Failed,Approved,2024-11-12
f6004e10-8f57-4122-b50a-82e803ec608b,S105980,Verified,Failed,Failed,Approved,2024-06-13
a0cd173d-2528-403f-8cbb-cb4c0d094c8b,S105981,Verified,Verified,Failed,Approved,2025-04-06
fae5658f-04ba-46cc-a5d1-da789e019bfe,S105982,Verified,Verified,Verified,Approved,2026-04-07
599f9fed-952e-4305-b809-c5f96d31036f,S105983,Verified,Failed,Failed,Pending,2024-08-15
f95055f6-321f-484c-b870-c89c4e1524f2,S105984,Verified,Verified,Verified,Approved,2023-08-17
eada0857-e949-4313-acba-cc6b50acb3d8,S105985,Verified,Failed,Verified,Pending,2022-09-28
72f6ce92-cfbb-47c4-a29e-82a941184636,S105986,Failed,Failed,Verified,Approved,2022-10-01
4113a8ca-97ef-4131-a395-6105b01c040a,S105987,Verified,Failed,Failed,Approved,2025-06-04
17c41a10-a112-44c3-a9af-4fdc34003a99,S105988,Failed,Verified,Verified,Approved,2024-08-29
9c3614cf-c887-4c69-b435-13d709bbc042,S105989,Failed,Verified,Failed,Approved,2023-03-31
f0bed51f-854d-4bc8-90c4-22eb065999b4,S105990,Verified,Failed,Failed,Approved,2024-01-15
0e8301f5-52ca-428b-82d5-8a4228d419a7,S105991,Verified,Failed,Failed,Approved,2022-08-06
439d2203-1dce-452c-8582-1e81a51d3d22,S105992,Failed,Verified,Verified,Approved,2022-10-03
4c108cd3-aa3e-4d92-ae3c-35e2b5b334dd,S105993,Failed,Failed,Failed,Approved,2024-04-04
d606a6e1-269f-4292-8a8c-67a57123d4f5,S105994,Failed,Failed,Verified,Rejected,2024-01-02
708f8a95-018b-48e8-ab18-7e2c32b75edc,S105995,Verified,Verified,Verified,Approved,2023-08-04
0f2aea08-7df2-4f0c-9cc2-b0be4bac8ca0,S105996,Failed,Verified,Failed,Approved,2024-06-25
2adb493d-0343-4ad2-ad8a-54b2c8cb4fb1,S105997,Failed,Verified,Verified,Approved,2023-09-06
55eb97f9-2b77-4e63-9ced-ec352c67e9f6,S105998,Failed,Failed,Failed,Approved,2022-06-11
33c05ab2-ea6f-40bd-a877-08d852b0230b,S105999,Verified,Failed,Failed,Rejected,2025-08-03
302e5ec2-148c-413f-a88e-2744a92662d2,S106000,Verified,Verified,Verified,Rejected,2024-08-29
733a3248-17e2-4c72-be35-6d09412dd84d,S106001,Verified,Verified,Failed,Approved,2022-05-14
2fcc3101-fe73-488f-afbc-d67a6bd7cc06,S106002,Verified,Verified,Verified,Pending,2024-12-12
937494cb-e850-49b4-8735-d08b8bc5f95e,S106003,Failed,Verified,Verified,Approved,2025-03-27
11bb468d-ed15-4a24-8c96-50e858af8235,S106004,Verified,Verified,Verified,Approved,2026-05-05
add0ce0c-4412-4fb1-9eb6-c3ea7de5b791,S106005,Verified,Verified,Failed,Approved,2024-01-20
3f50a2a8-636c-421f-98a1-85bb0815a485,S106006,Failed,Failed,Verified,Approved,2024-04-25
9d32fceb-72fa-40b3-ba51-9a74fa3b2792,S106007,Failed,Failed,Failed,Approved,2024-10-09
8ca32bf9-c577-4bb7-99da-d47f0942941d,S106008,Verified,Verified,Failed,Approved,2023-07-26
8dbfe865-2a2b-4d1a-8df1-944f44a6446f,S106009,Failed,Failed,Failed,Approved,2023-11-11
9d12955e-301c-4059-b213-95e11d15a56c,S106010,Failed,Failed,Failed,Approved,2025-03-04
d90afc7a-c151-4574-b616-e387344439d5,S106011,Failed,Verified,Failed,Pending,2022-11-19
9e51e399-67f6-4367-be2e-5c669c69383d,S106012,Verified,Verified,Failed,Pending,2022-05-22
06bb9c52-1a73-4d49-a75f-c829a16dfae6,S106013,Verified,Failed,Failed,Approved,2024-10-20
c36420ef-f5a6-4283-aaca-beffc2c66f9f,S106014,Verified,Failed,Verified,Approved,2023-07-11
29e3f133-8b0d-4e30-b3b7-7b51e3a8be79,S106015,Verified,Verified,Failed,Approved,2022-12-22
a6d75b2f-6c5c-4497-95c5-5c19cd257693,S106016,Failed,Failed,Failed,Approved,2022-12-10
6f1f0366-5a9c-4356-b9c0-fab1a9349dec,S106017,Verified,Verified,Verified,Pending,2024-08-19
cfeb7363-22f9-44d5-9bed-3927f3c4e6f5,S106018,Verified,Failed,Verified,Approved,2024-06-22
f14a3506-d73a-45ca-880c-86fb0f979718,S106019,Verified,Failed,Verified,Approved,2025-01-04
471c5a71-62ef-47f6-88ee-a92b61fd0e9a,S106020,Failed,Failed,Failed,Approved,2023-05-18
f1437c37-d633-47dc-a8a6-ac04b889cc66,S106021,Failed,Verified,Verified,Approved,2025-11-21
427c954a-6043-46dd-bac1-21cbfffe245d,S106022,Verified,Verified,Failed,Approved,2025-07-01
5b08c649-d10c-490a-8e14-b9f676aa50e0,S106023,Verified,Failed,Failed,Pending,2025-12-07
e6224f69-54b5-45c0-ab69-247161e5eacf,S106024,Failed,Verified,Failed,Approved,2022-08-28
ebf42bfa-42f0-4374-8e19-c3140c3887b8,S106025,Verified,Verified,Verified,Rejected,2024-05-04
ae354332-bea3-4677-8ed7-0a305a5da791,S106026,Failed,Failed,Verified,Approved,2023-04-21
ffad383b-ddef-43aa-a615-de9613e7f8c7,S106027,Verified,Failed,Verified,Approved,2025-12-09
3f70b1db-4e42-493a-b150-8651e2bd2c2c,S106028,Failed,Verified,Verified,Approved,2025-01-10
f706e859-d403-48ec-bbf4-84d0cb56e062,S106029,Failed,Verified,Failed,Approved,2022-03-02
27bdfccd-9095-4613-9491-c28792d6f65e,S106030,Failed,Verified,Verified,Pending,2022-01-10
03ff41d0-e1fe-4291-b7f0-14885b2ec13d,S106031,Verified,Verified,Failed,Approved,2025-02-25
e257417f-9436-49f4-9482-f0c1e170f883,S106032,Failed,Verified,Failed,Approved,2022-05-13
1eab9b88-6e92-41de-83bf-8b102bae8604,S106033,Failed,Verified,Verified,Approved,2023-08-01
58276868-855e-4899-a4ed-dac9021ef301,S106034,Verified,Failed,Verified,Approved,2024-09-01
d52ac5ce-c3c4-487f-95bf-12e2a0eebfe4,S106035,Verified,Failed,Failed,Pending,2025-12-01
8759b6de-3d08-49bc-8039-f3fa1b68d638,S106036,Verified,Failed,Failed,Approved,2024-01-12
52847edd-2733-4bc9-9bba-f966ad1a689a,S106037,Verified,Verified,Failed,Approved,2025-01-27
02de709f-2415-44d5-9564-6396aef86c02,S106038,Failed,Verified,Verified,Approved,2024-09-21
eced8476-f057-49a0-af87-455b3f016323,S106039,Verified,Verified,Verified,Approved,2024-12-02
8aa00891-b999-4bee-9e78-5bd5ac2e1e81,S106040,Verified,Verified,Verified,Approved,2025-05-01
d537ad9b-565c-488d-a8ce-d275c2e025f1,S106041,Failed,Failed,Verified,Pending,2026-02-11
c336b12c-8966-46be-9e29-80b5907dc5fe,S106042,Failed,Verified,Verified,Approved,2022-04-24
d6d6b3f9-dc71-4b9e-9f47-81fef6eaed86,S106043,Failed,Verified,Verified,Approved,2024-03-02
8772dff7-dab9-4589-8aa9-f13e901389e5,S106044,Failed,Verified,Verified,Approved,2023-04-04
2f887c66-5950-4ef1-8769-6a46090af3e0,S106045,Verified,Failed,Failed,Approved,2023-10-17
cf2fb030-3485-47ff-9b33-2edf87b38b77,S106046,Failed,Verified,Verified,Approved,2022-10-26
e1bb63f6-ffe9-456a-8578-8b389acf936d,S106047,Failed,Failed,Verified,Pending,2022-11-19
56bfadd6-dc61-40b4-99a6-c5960aeec599,S106048,Verified,Verified,Failed,Rejected,2024-10-24
6edd454e-f883-425b-83de-703331dbe7a5,S106049,Failed,Verified,Verified,Approved,2026-03-10
03d510a1-e3ba-4e08-b824-f2c77d2e33bc,S106050,Failed,Failed,Failed,Approved,2023-01-05
39984dc3-8a90-4312-abb5-e3f7bbe44aab,S106051,Failed,Verified,Failed,Approved,2022-07-25
8fe00bbc-3a1c-4a17-8d96-c7d6cfd5c248,S106052,Verified,Failed,Verified,Approved,2025-10-28
04c0629e-4a1d-45bb-86fc-bf6fe6b8c9d8,S106053,Verified,Verified,Verified,Approved,2022-02-21
a3292604-6e46-4c01-bcd4-cbd01ac74ac1,S106054,Verified,Failed,Verified,Approved,2023-08-15
66df81e2-caaf-4a2b-b6c3-59ec7989a1d0,S106055,Failed,Verified,Failed,Rejected,2026-07-22
b04a1851-b230-42d8-a46f-1c5397ac2965,S106056,Failed,Verified,Verified,Approved,2026-07-19
dd74f4e8-94e8-4f2d-90ae-c98edef924c9,S106057,Verified,Verified,Verified,Approved,2024-11-16
0472e005-bc05-4832-9f7e-2e1ea58d85c5,S106058,Failed,Failed,Verified,Approved,2026-04-08
7d56e529-d837-4ad1-8340-6edc5410d3d9,S106059,Verified,Verified,Failed,Rejected,2022-02-24
754c7df2-9421-481a-99ff-290be19317dc,S106060,Failed,Verified,Failed,Approved,2024-06-25
fa6fe0a2-5a9f-4310-9a14-98e408f60274,S106061,Failed,Failed,Failed,Approved,2023-12-17
e94adb54-f8b7-494a-8b11-9ac27c2b518e,S106062,Failed,Verified,Failed,Approved,2026-02-10
efab3ee6-592d-4261-8e79-1a0cc26f980e,S106063,Verified,Verified,Verified,Approved,2022-10-28
d983735a-0645-4fa3-8700-2e89b4e7f7dd,S106064,Failed,Verified,Verified,Pending,2023-02-23
fd037828-f196-4fdd-9752-2d066fbe08c8,S106065,Failed,Failed,Verified,Approved,2024-09-20
4f35302a-e3be-4f35-9dc9-91a6fe8f123b,S106066,,Verified,Verified,Approved,2024-10-05
cc694779-7460-46fe-8284-87203f4ab4fc,S106067,Failed,Failed,Verified,Approved,2022-06-06
8d63d40e-350e-4dc2-b887-f1ed6f19d58e,S106068,Failed,Failed,Failed,Approved,2022-08-22
1dcf6c9e-3ee5-47c5-8e20-d6d8a4bd7d3a,S106069,Failed,Failed,Failed,Approved,2024-02-20
a23c82a8-ecfe-4c38-b11b-9e16c58e9951,S106070,Failed,Verified,Failed,Approved,2024-06-26
5f668ba0-cd0d-4d63-bebf-8ffa5142f752,S106071,Verified,Verified,Verified,Approved,2022-07-11
9bb874fe-6cb3-4820-bece-896f69c44f68,S106072,Verified,Failed,Failed,Pending,2026-06-05
763b43b7-ea29-4975-9976-74d45080b2dd,S106073,Failed,Failed,Verified,Approved,2022-12-08
608bcdfa-902d-4fe4-a9db-12989ffb86a2,S106074,Failed,Verified,Verified,Approved,2022-09-08
3a013069-68b0-4c6f-bca2-fc2c2e182d78,S106075,Failed,Verified,Verified,Approved,2025-12-18
37ebb070-79d2-469e-b74b-8e502a00280e,S106076,Verified,Verified,Verified,Approved,2023-04-23
f2a1101b-43b4-4106-b69a-28c32adaabb9,S106077,Failed,Verified,Verified,Approved,2022-09-28
0afadc21-c18c-4b37-bd30-e5e43a75ede5,S106078,Verified,Failed,Failed,Approved,2022-09-16
a27bb807-dc99-4dae-ad27-dccd30cec6d8,S106079,Failed,Failed,Verified,Pending,2025-07-13
aab1da7e-922b-4cc2-942f-489d9da50aa7,S106080,Verified,Failed,Failed,Approved,2022-01-02
68b8dacd-5393-425a-8a50-7374fd00bfe2,S106081,Failed,Verified,Failed,Pending,2025-01-18
aee8a0b6-5236-4a15-83c9-3e7467ced3e8,S106082,Verified,Verified,Failed,Pending,2023-10-03
ec860956-1bf5-4666-b9c3-8c8cce4602a0,S106083,Verified,Verified,Verified,Approved,2025-03-21
af6b193f-1019-451e-83fb-b527efb8e600,S106084,Failed,Verified,Verified,Approved,2022-09-21
05640143-30f2-4ae6-8ee5-9dad3bcb78f0,S106085,Verified,Verified,Failed,Approved,2023-10-18
84b37623-65ad-4ff1-b2c5-d55ae48d6e56,S106086,Failed,Failed,Failed,Approved,2024-01-26
267aebb5-3b0d-4dff-9b1d-e157a6e16e95,S106087,Verified,Verified,Verified,Rejected,2023-01-27
81cbbb68-c7b9-4ea0-93c9-e777f306f2ef,S106088,Verified,Failed,Failed,Approved,2023-05-12
b1f6a51b-cf87-4426-a278-705c71a7386b,S106089,Verified,Verified,Failed,Approved,2026-05-18
a2108df0-a414-4d42-95fa-3d008c1c7c6e,S106090,Verified,Failed,Failed,Approved,2025-06-01
eebf5afe-088c-473f-ae73-c967bfa025fb,S106091,Verified,Verified,Failed,Rejected,2023-09-26
a09496c9-b891-42c6-8f73-151c5aae52bc,S106092,Failed,Failed,Failed,Pending,2022-07-10
7885c68f-1a70-4001-9540-596616352781,S106093,Verified,Verified,Failed,Approved,2024-04-25
ae42e3f4-28ff-4860-81e7-2f3ecadd5626,S106094,Failed,Verified,Failed,Approved,2026-05-11
3cdcbffb-dd9e-42bb-afa3-4d27449d5c8d,S106095,Verified,Verified,Failed,Approved,2025-04-12
7101fcfc-3d85-48cf-bfd5-940a6d81adbb,S106096,Verified,Verified,Failed,Approved,2024-07-21
370b9b36-a95d-4448-ba98-4aef40171c1a,S106097,Failed,Verified,Verified,Approved,2022-03-24
0b961a7b-88bb-4d9a-bfd7-9cc776662b5b,S106098,Failed,Failed,Verified,Approved,2023-02-17
1343455a-f851-46b8-b7c5-54f8113ffb99,S106099,Verified,Failed,Verified,Rejected,2022-08-30
3159ead4-4346-433d-becb-f8a086893dc7,S106100,Verified,Verified,Verified,Approved,2025-02-25
582e69f7-303d-4fc8-9337-d89a4988be04,S106101,Failed,Failed,Verified,Approved,2025-06-30
b73b320a-7b46-4053-ac88-f76bdc07627c,S106102,Verified,Verified,Failed,Rejected,2024-10-26
bfe68aa9-6ffc-4d1e-8e06-e7571e8bbd27,S106103,Verified,Verified,Failed,Approved,2022-09-13
1fd46e8e-69ff-4726-a494-5f1c8fc0f04f,S106104,Verified,Verified,Verified,Approved,2022-10-31
ffb1d433-bd8d-4700-9bd0-ad8710bcb6b8,S106105,,Verified,Verified,Rejected,2022-09-16
ecda01ef-61ba-402c-b615-8d0249759160,S106106,Verified,Failed,Verified,Approved,2024-01-12
71fade8a-0671-4193-abaa-d3f8e59586ae,S106107,Failed,Failed,Verified,Approved,2026-03-08
89e6c7e5-7615-49ac-815d-dcd03479178b,S106108,Verified,Verified,Failed,Pending,2023-07-31
c00759af-ca88-482c-a2c5-7f3e7b42019d,S106109,Failed,Failed,Failed,Rejected,2025-10-10
4fe194df-5803-4721-bba4-f59d3a9cdb46,S106110,Verified,Verified,Verified,Rejected,2025-10-05
f6d3e8a0-d327-4d8a-87d3-77db1efc9c3e,S106111,Failed,Verified,Verified,Pending,2025-05-20
cb22ea72-5957-4e89-ae86-86f652d8f420,S106112,Failed,Verified,Verified,Approved,2025-05-07
4e296186-deee-479f-aae5-2711ef32d16c,S106113,Verified,Verified,Failed,Approved,2023-03-16
fd64e00c-efef-46ee-a718-36d073ba7dd2,S106114,Failed,Verified,Failed,Approved,2022-06-12
1903b72f-a6e3-43da-9070-22a131a99e71,S106115,Failed,Verified,Verified,Approved,2022-01-27
88a6975e-8308-4ac2-a57c-41c4c747d5c1,S106116,Failed,Failed,Verified,Rejected,2023-04-13
678ef2bf-2d16-4cce-97ab-07d653aa349b,S106117,Failed,Failed,Verified,Approved,2025-04-06
a31833ac-7931-47dd-bb3c-a69167053a72,S106118,Failed,Verified,Failed,Approved,2022-06-20
8ba1c9e3-0388-4452-84d2-4b37b9e52587,S106119,Verified,Failed,Verified,Approved,2022-01-19
e354ab85-85ce-4f45-a5a9-d847de40d968,S106120,Failed,Failed,Verified,Approved,2024-06-12
8c7f6489-393d-44e2-84be-ab8f9abb2a50,S106121,Failed,Verified,Failed,Approved,2026-02-16
4c57b318-1fe4-4cdc-8b9b-e34931c08c10,S106122,Failed,Failed,Failed,Approved,2022-11-30
7952fc0f-5dac-4b2c-aafb-375d8c08b527,S106123,Verified,Failed,Verified,Approved,2025-01-21
e3dbf91c-fed2-4783-bc5d-666a81d177c6,S106124,Verified,Verified,Verified,Approved,2025-05-13
e6e7bd0c-5f9f-48dd-a793-ec8f1aa2f66f,S106125,Verified,Verified,Verified,Approved,2026-06-02
878e4c54-84e2-43ee-8280-859e6efe6421,S106126,Failed,Verified,Verified,Approved,2025-03-11
ad85ec2f-e3d9-4cc0-8c17-e38af7cd70ec,S106127,Verified,Failed,Failed,Approved,2025-10-09
e5a60020-43bc-4b3e-b1a9-ee3ccacdd37b,S106128,Verified,Verified,Verified,Approved,2022-10-07
9eee1f6a-af0c-411e-821d-06dd118b20f0,S106129,Verified,Verified,Failed,Pending,2023-08-21
abc639df-f32a-4ed3-8045-2caa09a9ccd7,S106130,Verified,Failed,Failed,Approved,2023-09-11
f2b062af-48ca-486e-8803-6303213e758b,S106131,Verified,Failed,Failed,Approved,2026-06-27
2f40d8fe-b731-4a06-8e72-229a66f31683,S106132,Failed,Failed,Failed,Approved,2024-03-10
2ba41da8-c820-4c8a-86e0-31408e456886,S106133,Failed,Verified,Verified,Approved,2022-01-26
3489a7b6-77a0-46a7-90cb-4ad06ea6a539,S106134,Failed,Failed,Verified,Pending,2024-01-02
08b331b6-60a6-44f2-b146-78a643264714,S106135,Verified,Failed,Verified,Approved,2023-09-11
8b8c2dc0-cfc0-4be8-b078-ef64ed70fb8d,S106136,Verified,Verified,Verified,Approved,2025-06-17
cef0a5e8-c39c-4e32-b7b0-0c5e751f7929,S106137,Failed,Failed,Failed,Approved,2025-12-14
14046bcb-339d-4c1f-95a1-b5ee6f160fea,S106138,Verified,Verified,Failed,Pending,2024-06-03
b0862e22-31f5-4334-9060-a027430c6231,S106139,Failed,Failed,Failed,Rejected,2025-09-23
30a2deff-15db-4f19-842a-e33417fbfc42,S106140,Verified,Failed,Failed,Approved,2022-08-16
c35b71ec-2239-4e12-a930-aafd73907696,S106141,Failed,Verified,Verified,Pending,2025-09-20
33906ed7-bcf6-4ff0-96e7-a9f626d6166f,S106142,,Failed,Failed,Approved,2023-07-29
01c518d0-fee1-4570-be92-b3db85252452,S106143,Failed,Verified,Failed,Approved,2024-02-14
a6620fa0-01ba-45f5-96e0-7c4e4e372306,S106144,Verified,Verified,Verified,Approved,2024-01-23
e5e9d9e9-c6b7-469f-80d7-4d163aad6ec3,S106145,Failed,Failed,Failed,Rejected,2024-08-26
bd0a1d62-c980-46d7-864f-efd9a4667636,S106146,Failed,Verified,Failed,Pending,2025-06-12
1ca86b02-9153-4003-86f5-8aa63ad7e670,S106147,Failed,Failed,Failed,Approved,2026-01-02
49464397-66df-4ddd-94b6-5cdea78f69e1,S106148,Failed,Verified,Verified,Approved,2023-05-14
94a43b72-414c-41dd-a994-4d007d7617eb,S106149,Failed,Failed,Verified,Approved,2022-04-08
32952805-7a2e-4795-b9b0-d82b2f5704e0,S106150,Verified,Verified,Verified,Pending,2024-01-12
68392841-f94f-45a5-b0c0-82aa8f94d31e,S106151,Failed,Verified,Verified,Approved,2024-09-20
341645df-1883-428d-8f54-f7788e135f0c,S106152,Failed,Verified,Failed,Approved,2023-08-13
ba621f79-ed03-4fb0-bbde-a4d8e0b6d03a,S106153,Failed,Verified,Failed,Approved,2022-11-21
e3575c04-21a9-4a56-a623-4048799dc629,S106154,Failed,Verified,Failed,Rejected,2026-07-17
7cc51523-a2b9-4ed8-a94f-3974b2dae2ef,S106155,Verified,Verified,Verified,Approved,2026-06-17
8ef30f13-c7ec-4955-b212-3326cf5115ae,S106156,Verified,Verified,Verified,Approved,2022-10-25
5d2099de-133f-448e-8eea-815a1a6f9482,S106157,Verified,Failed,Failed,Approved,2023-07-04
a8bedb45-3521-4604-a5e8-1df45869348e,S106158,Verified,Verified,Verified,Rejected,2025-03-02
b0395904-5d73-405a-af76-948f94634072,S106159,Verified,Verified,Verified,Rejected,2022-07-02
08bfe8ad-3fc3-4311-88f1-196480fc844f,S106160,Verified,Failed,Failed,Approved,2024-10-26
33399850-169f-4729-acc6-a93beeb9e33d,S106161,Failed,Verified,Failed,Approved,2023-11-25
687885e4-103e-446e-bc97-366d65c4370b,S106162,Verified,Failed,Verified,Approved,2022-09-09
3e8dca0e-3d0f-44c0-a6d3-6bf90d2579be,S106163,Failed,Failed,Failed,Approved,2022-05-26
e9f35bca-129a-4333-8f97-b35680efb86d,S106164,Failed,Failed,Failed,Approved,2026-03-08
85671209-c25c-4547-b93b-48e6b9d955a8,S106165,Failed,Verified,Verified,Approved,2026-02-04
278ff760-036a-44f9-a756-8dbd747fe762,S106166,Failed,Failed,Verified,Rejected,2025-09-24
990c8ed8-4f4d-48a1-be3c-e97782ca590e,S106167,Verified,Failed,Failed,Approved,2024-03-28
28ecdbfa-78da-4864-83ad-d52cfe7d3906,S106168,Verified,Failed,Verified,Pending,2023-05-28
af8aa755-b0e0-477c-a9d1-8a0269e42251,S106169,Verified,Failed,Verified,Approved,2023-07-13
122a223f-8241-424e-87df-7ea640395ec0,S106170,Failed,Failed,Failed,Approved,2024-01-15
07c090cf-b1e0-4b01-96a8-274f00f914bf,S106171,Verified,Verified,Failed,Approved,2026-06-22
6added37-168c-4901-9670-e5773f88cdeb,S106172,Verified,Failed,Verified,Pending,2023-07-10
2c73476f-1314-40eb-897a-96e67b13e136,S106173,Failed,Failed,Verified,Approved,2026-07-09
3e4bfb1f-ab50-40cd-82bf-1c9887f53c66,S106174,Verified,Verified,Verified,Approved,2025-09-30
38ad42ae-a23a-424e-9c0d-9f9071b90705,S106175,Verified,Verified,Failed,Rejected,2023-10-26
54351bd7-8a40-41c0-a5eb-26659a0b7509,S106176,Verified,Verified,Verified,Pending,2022-04-06
3929b2ac-913c-4eec-a25b-1b88e7dc6fc5,S106177,Verified,Verified,Verified,Pending,2024-10-07
0ed020b8-fedb-4ac3-81bf-cce4f117b0d1,S106178,Failed,Verified,Failed,Approved,2025-07-14
27bf4b11-e48b-41aa-8e60-5659c6efa1ed,S106179,Failed,Verified,Verified,Pending,2023-05-02
2f0fe6e3-caf3-43d7-b5c7-a800f72dbfbd,S106180,Failed,Failed,Verified,Approved,2022-07-05
f47a8193-a570-41f5-b2b2-a57fc9827a9d,S106181,Verified,Failed,Failed,Approved,2024-07-08
6cfa973f-461d-49e4-98ae-0d77845311fd,S106182,Verified,Failed,Failed,Approved,2025-08-11
97f3e262-3ffb-40e8-992e-e7fc9279eba0,S106183,Verified,Failed,Verified,Approved,2025-04-26
c6246193-d3d9-4832-bebd-fb0551135dc0,S106184,Verified,Failed,Verified,Approved,2023-07-15
baa7aec7-843e-43c3-970e-31e46bf769b4,S106185,Verified,Failed,Verified,Approved,2024-01-16
f76c3054-f248-4652-be33-69ca260d94c8,S106186,Verified,Failed,Failed,Approved,2024-05-03
704cc131-0af0-48c5-aca1-308fc6ba74af,S106187,Failed,Verified,Failed,Approved,2023-11-14
d070b1dd-4cee-4c04-a1e0-fd512ada4905,S106188,Verified,Verified,Failed,Approved,2026-01-12
dc1cb11a-1960-46ae-aa11-21ba82fd6ccf,S106189,Failed,Verified,Failed,Approved,2024-02-26
6e8b6e54-5735-45fc-95e3-23d4addaaef7,S106190,Verified,Failed,Verified,Approved,2022-01-28
d4da321a-ac0a-4d9d-a3ae-fb2accbdbf4b,S106191,Verified,Verified,Verified,Approved,2024-05-02
28c74b47-c0a0-4d7f-87f8-b693c9c03f34,S106192,Failed,Failed,Verified,Approved,2023-05-24
d14e1ee3-0d4e-4107-be4f-62803b2fda75,S106193,Verified,Verified,Verified,Approved,2024-12-29
8d734c8b-7f90-4ced-a388-94dfb1ecd227,S106194,Failed,Failed,Failed,Approved,2026-02-25
9374f923-adde-4e12-9084-3e0a07840aba,S106195,Verified,Failed,Failed,Approved,2026-07-27
0993813c-7dc0-442f-a2be-486b47894671,S106196,Failed,Verified,Failed,Pending,2025-04-13
b4293a81-46e6-4a85-95ab-c508feb68830,S106197,Failed,Verified,Failed,Approved,2022-11-20
2681a62d-d948-4fd8-93d4-6c93fbced554,S106198,Failed,Failed,Failed,Approved,2025-06-07
00395eec-fecd-4aef-a32b-138f8fb54575,S106199,Failed,Failed,Verified,Approved,2025-08-27
1aedf328-7001-463d-8b7b-8d0c415cddab,S106200,Verified,Failed,Verified,Approved,2024-06-17
dd2d53e7-e310-4177-bc09-ef8bfdec4b0a,S106201,Verified,Verified,Failed,Approved,2025-10-02
8fd4d3b5-fcba-4280-8982-8dbd2890efce,S106202,Failed,Verified,Verified,Rejected,2024-06-19
20cf1eae-6b79-4132-81dd-30c13398861f,S106203,Verified,Verified,Failed,Approved,2025-11-26
4ebcf284-7249-40c6-8c6a-6d9b48f3ad18,S106204,Failed,Verified,Failed,Approved,2025-01-31
2f91dda0-6716-4b3f-9468-f38d80f870af,S106205,Failed,Failed,Failed,Approved,2024-09-01
8b66de0c-72dc-4a8f-90f7-a20936cd1531,S106206,Failed,Verified,Verified,Approved,2025-05-31
6cfc8b13-8e60-4faa-b9a4-1f65a583aa63,S106207,Verified,Verified,Verified,Approved,2026-05-07
ed3a227d-7aca-49df-91fa-3489b3dfecf4,S106208,Failed,Failed,Failed,Approved,2025-10-23
21435a7f-cd17-43c8-8d90-615738ab64a6,S106209,Failed,Verified,Failed,Approved,2023-09-14
f8075516-758d-4a65-b3bc-f7d7cc3a275a,S106210,Verified,Verified,Failed,Approved,2025-11-13
6a7ff301-b418-45f4-867c-47e3684011b7,S106211,Verified,Failed,Failed,Approved,2023-11-30
9c78f51f-3030-4cff-8211-5191f9670293,S106212,Failed,Failed,Verified,Approved,2024-04-23
54f278f6-afc3-4e8c-a670-e4b0e041dd69,S106213,Verified,Failed,Verified,Rejected,2022-10-16
3d7c5be5-b4b5-4777-90f6-e66ca3ffcebf,S106214,Verified,Verified,Failed,Approved,2024-10-24
dc1ca9b1-91aa-453e-8ead-4b89685b089e,S106215,Failed,Verified,Verified,Approved,2022-08-12
5c178311-6d38-431d-8c9a-cb60950670a9,S106216,Failed,Failed,Failed,Approved,2026-07-24
130f5a12-4ab1-4e3b-b979-fda4c5c96d5a,S106217,Failed,Verified,Verified,Approved,2024-02-27
8c7cdc6f-97fa-452a-a9b2-cfd8b2b29e6c,S106218,Verified,Failed,Verified,Pending,2024-05-14
f542469c-3824-4275-a4f8-73ca40420c58,S106219,Failed,Verified,Failed,Approved,2025-08-06
ee7616d1-6798-4256-aa4b-1a88e3411579,S106220,Verified,Verified,Verified,Approved,2025-11-05
3f2086da-acea-4138-be62-0898b5576846,S106221,Verified,Verified,Failed,Approved,2026-06-01
d531db26-d594-4e06-bdc8-488679c2b6b2,S106222,Verified,Verified,Verified,Approved,2022-07-28
15eb5eab-c7f3-4d8e-aa9e-cfbe5f1c902f,S106223,Failed,Failed,Verified,Approved,2023-01-05
45b94df4-81d7-438c-9c52-7466e7fc49e1,S106224,Failed,Verified,Failed,Pending,2025-04-09
7b5aab2e-57b8-4899-b8af-89475a81f5cf,S106225,Verified,Verified,Verified,Rejected,2025-07-14
7ef7b53b-b6e7-4ddd-bb4e-0fd473f061a2,S106226,Failed,Failed,Verified,Approved,2025-11-09
90177e48-5cb8-46ae-864a-e915e3a2579a,S106227,Verified,Failed,Verified,Approved,2024-08-12
46cd9d84-9c00-4b37-b020-43f7235a445d,S106228,Verified,Failed,Verified,Pending,2022-08-11
3bd4a1e0-814e-448f-96d5-bd28f6ec011d,S106229,Verified,Verified,Verified,Approved,2022-10-02
f913d869-8925-459f-92de-b1e769fbce78,S106230,Verified,Verified,Verified,Pending,2023-09-30
8357de30-cdfe-458f-adc7-47c0ae5f3f22,S106231,Failed,Failed,Failed,Rejected,2024-01-13
70977ee9-311d-4bce-b2a6-bfd5e978338c,S106232,Verified,Failed,Verified,Approved,2025-07-14
e04d16d4-8a94-43af-8fe2-d09d4aa8bb0e,S106233,Verified,Verified,Failed,Approved,2022-06-10
30aafd0b-2a8b-4ccb-a76a-b69a90c94278,S106234,Verified,Failed,Failed,Approved,2025-09-15
fd4e4862-e2fe-42f6-9e95-7794c232838c,S106235,Verified,Failed,Failed,Approved,2023-05-16
216a37b4-4834-4953-899b-ab836098aeac,S106236,Verified,Verified,Failed,Approved,2025-08-12
011cdc3e-530b-4153-8458-bbeb44c7c4b0,S106237,Failed,Verified,Verified,Approved,2025-11-26
d8e47208-d525-4d42-99f5-d5982eb2c1f5,S106238,Verified,Failed,Failed,Approved,2022-01-07
0feedbb2-a3f3-454f-bf1c-b66063d2f7d6,S106239,Verified,Failed,Verified,Rejected,2024-04-29
7ab939e2-fc70-4df9-9edb-dc2c27c8aba0,S106240,Verified,Verified,Verified,Rejected,2022-01-10
9e2b5770-2c4d-4acd-845c-7a3ecfe00558,S106241,Failed,Verified,Failed,Approved,2024-12-27
96747200-f5a8-420a-8a1b-8ace5536bd5f,S106242,Verified,Verified,Verified,Rejected,2025-07-28
1255fa4a-e9b9-4e34-8beb-2ca48e2e1f4c,S106243,Verified,Verified,Failed,Approved,2026-07-25
1bc1d7c2-c24f-44bc-a5e0-f06fe9c3741c,S106244,Verified,Verified,Failed,Rejected,2022-12-20
3bf11578-f668-4568-80dc-b52bb9292acb,S106245,Failed,Verified,Verified,Approved,2025-01-12
3554a91d-6939-43e9-b884-487d702b268b,S106246,Failed,Failed,Verified,Approved,2024-11-28
4ab04c4a-96cf-41e4-a96e-e5e4c39936be,S106247,Verified,Verified,Failed,Approved,2024-07-20
cad3aff6-d583-443a-b908-fe2c00a76088,S106248,Failed,Verified,Failed,Pending,2024-05-08
b9ea9985-d1c6-40d0-be2a-999a82079477,S106249,Failed,Verified,Failed,Approved,2024-05-21
36c03db9-4dd4-44f7-87ec-4f40f4f85307,S106250,Verified,Failed,Failed,Approved,2022-02-17
a008ecf4-170c-4372-8165-e9f77da821f0,S106251,Failed,Verified,Failed,Approved,2022-06-19
e455cd49-9c66-42f0-afe2-11832821b01c,S106252,Failed,Failed,Verified,Approved,2024-06-30
02759ce1-f014-4c6e-8c86-37f8d26db372,S106253,Failed,Verified,Verified,Approved,2025-10-22
519e75ab-6015-4641-bb2c-b72d8333b0fe,S106254,Verified,Failed,Verified,Approved,2025-01-10
03e2d112-1ec0-4878-9bcc-1f6651ab6581,S106255,Failed,Verified,Verified,Rejected,2025-08-28
da6c619d-c6d5-4c96-a9c7-b7db8625788c,S106256,Failed,Failed,Verified,Pending,2022-04-16
97f5533b-d355-43b8-9d5e-35491a0742b8,S106257,Failed,Failed,Failed,Pending,2022-11-18
00c9ec93-fb0b-448c-aafe-398476679374,S106258,Failed,Failed,Verified,Approved,2024-04-01
b9b255c3-d914-45e4-befb-a469dddb3209,S106259,Failed,Verified,Verified,Approved,2022-08-27
9fe8c455-34fc-4696-809f-cc6ebf0cfd60,S106260,Verified,Verified,Failed,Rejected,2022-07-11
147ff950-adac-4f26-b4e5-5d9cca6b802b,S106261,Failed,Failed,Failed,Approved,2023-04-18
4dd2519a-9f5a-48be-a0be-633d3c23201c,S106262,Failed,Verified,Failed,Approved,2024-01-06
7890152d-ad1e-4be8-aa9d-a55808436964,S106263,Verified,Verified,Failed,Approved,2023-11-10
4a7a7932-968a-4240-9dfd-0450cb59f459,S106264,Failed,Failed,Verified,Approved,2022-05-22
0af55a81-e6da-4dd2-9be5-2d532e7e0c26,S106265,Failed,Verified,Failed,Approved,2024-08-08
674e0007-f0c2-444c-a329-6dde10e2b3f8,S106266,Verified,Failed,Verified,Approved,2022-11-01
5d694936-5d4c-4687-b2c4-67d65f9c6608,S106267,Failed,Verified,Verified,Pending,2024-03-26
857c40c5-4d20-4a0b-b98b-12b751c07967,S106268,Failed,Verified,Verified,Approved,2022-11-17
26019167-a275-429a-b651-f93c60c65ab9,S106269,Verified,Verified,Verified,Approved,2022-03-04
02c0de74-f8f8-4c57-923c-e7708e2479e7,S106270,Failed,Verified,Verified,Rejected,2026-01-29
7ed32e7d-aa93-4a20-a816-1deeaf7c02d9,S106271,Verified,Verified,Failed,Approved,2025-11-02
00d0aced-c125-4ccd-bf8b-06ffab6d6a74,S106272,Failed,Verified,Verified,Approved,2024-11-30
0f2f82fa-64f0-48cf-9743-fe86c8c26668,S106273,Verified,Failed,Failed,Approved,2025-04-23
fda0a09e-565e-4b3a-a3a0-a1bedf1740d9,S106274,Failed,Failed,Failed,Approved,2025-10-08
85fba303-35ce-4746-ba95-95605086111d,S106275,Failed,Failed,Verified,Approved,2023-04-08
f4e3ab6e-c35b-43fb-a024-2eeeb792338f,S106276,Failed,Verified,Failed,Approved,2023-10-30
0d00cb2a-1da4-4c6e-88aa-50c5d68e40e9,S106277,Verified,Verified,Verified,Approved,2024-02-26
c7602e01-01b2-4838-a79c-2a7e927e9a88,S106278,Verified,Failed,Verified,Rejected,2023-01-26
ed987bd7-6e7c-4018-bf11-fb440757b010,S106279,Failed,Failed,Verified,Approved,2024-08-11
687403a0-1dce-44d7-93fa-f41e6128c1e4,S106280,Verified,Verified,Failed,Approved,2024-11-27
ac8e474a-cdd8-45bf-b949-ebffe0ec2c75,S106281,Verified,Verified,Failed,Rejected,2024-10-10
57c67ea9-a8f5-4197-911c-55dbdc8abf51,S106282,Verified,Failed,Failed,Approved,2024-12-14
70c4f3a7-144c-4db2-bbc1-b4463194ece5,S106283,Failed,Failed,Failed,Approved,2024-03-23
cdf41c76-0556-47fc-a7e7-6c9860e32c14,S106284,Verified,Verified,Verified,Rejected,2023-12-19
4ab8115f-4b14-46da-aa1e-3bd7b162c40a,S106285,Failed,Failed,Failed,Pending,2022-10-06
99cfbd97-6069-4251-9fe0-e321b1910664,S106286,Failed,Verified,Failed,Approved,2023-01-10
17662e7a-9701-4c2c-b3cf-330b7688a5fa,S106287,Verified,Verified,Failed,Approved,2024-12-07
36821170-4b19-497d-95a9-c5b682a0c053,S106288,Verified,Failed,Failed,Approved,2023-12-18
e565ebb5-b0c2-4055-8257-78dd3aeaa9ba,S106289,Failed,Failed,Failed,Approved,2023-02-20
dde72f9d-6316-4648-911f-112ae0fab1e3,S106290,Verified,Failed,Failed,Approved,2024-07-13
54010761-7398-45c3-b9a1-27e59eab4a18,S106291,Failed,Verified,Failed,Approved,2024-05-04
cac62f8c-d8d2-4e54-9518-2703754aad17,S106292,Failed,Failed,Verified,Approved,2026-07-01
c90a115d-64a8-4da7-834a-9cef5ca807df,S106293,Verified,Failed,Verified,Approved,2024-12-20
30c716d8-8e7c-4803-a26e-f43f04469f66,S106294,Verified,Verified,Verified,Rejected,2026-07-24
2e3fa03a-ffe0-4f41-865a-bb3044b0bd16,S106295,Failed,Verified,Failed,Approved,2022-10-07
31c152d2-5f6a-4338-857a-4d536afcdf87,S106296,Failed,Verified,Verified,Pending,2022-08-04
8beaba7e-865f-4f8f-9efe-a65d3c479093,S106297,Verified,Failed,Verified,Approved,2022-04-08
4f6f88cd-a130-4026-9018-51b7284b7395,S106298,Verified,Verified,Failed,Approved,2023-09-25
f3dd98b5-96bc-4622-b455-82589ba5ed5e,S106299,Failed,Failed,Verified,Approved,2022-03-24
608dfe7b-6677-4d17-96a0-6fff6f6b89b6,S106300,Verified,Verified,Failed,Approved,2025-03-07
b446ba8e-8bf6-420f-8cd8-8800b9d6dc7a,S106301,Verified,Verified,Verified,Approved,2025-03-05
b9d3f1d7-eff4-4169-9add-91dec80970bb,S106302,Failed,Verified,Verified,Approved,2025-04-24
838e863a-1d85-4874-af7d-7593d0172e5d,S106303,Verified,Failed,Verified,Approved,2023-08-30
847cbd2c-51fa-43fb-81ff-13d4775c5718,S106304,Failed,Failed,Failed,Approved,2026-06-16
1ba48d8c-49d7-44da-8944-3a4c8e545440,S106305,Failed,Failed,Failed,Approved,2024-04-28
316606dd-0507-49a7-a3b1-580b4a042b3b,S106306,Verified,Failed,Verified,Approved,2024-06-22
f00b9cdc-391a-43e1-bb2b-3c7a6b45f2ee,S106307,Failed,Verified,Verified,Pending,2022-08-30
4295fb7a-71e5-4862-86c4-f4164e495463,S106308,Verified,Failed,Verified,Approved,2025-08-19
cd4f9c54-235b-4973-9af4-d0655569b6bf,S106309,Failed,Failed,Failed,Rejected,2026-01-02
e8672c0e-1ef5-48a0-a3ed-748ebe3dffb6,S106310,Failed,Verified,Failed,Approved,2023-08-19
ddd81c69-3dba-4f2b-a13c-e0b090524da1,S106311,Failed,Verified,Failed,Approved,2024-01-20
ddae8322-0e78-4de3-9cca-8864733f520b,S106312,Failed,Verified,Verified,Rejected,2024-11-16
be0edff0-a7ab-4c27-a87d-8a152a2ace50,S106313,Verified,Failed,Failed,Approved,2022-06-28
e11189d5-3552-4ba7-9b79-d05ce4d318ed,S106314,Failed,Failed,Failed,Approved,2026-01-31
b016b20b-a585-4fc5-99c4-e37505a3197a,S106315,Failed,Failed,Verified,Approved,2023-07-16
f199d305-3727-43a7-8b57-a7444a8d60d8,S106316,Verified,Failed,Failed,Approved,2022-09-03
29cfb37f-afbe-42c6-91f5-b25af08354a5,S106317,Verified,Verified,Verified,Approved,2022-06-09
46514b72-3282-46db-8a84-3bd515b34424,S106318,Verified,Failed,Failed,Approved,2025-09-16
52d3a66b-b685-44d9-9990-9944fe5ec4e3,S106319,Failed,Failed,Failed,Rejected,2022-01-08
9b4dfd7a-7084-4a73-94d6-931054926642,S106320,Verified,Failed,Verified,Approved,2023-09-02
eb712852-07d2-42b9-98b8-9f249c5f6225,S106321,Failed,Failed,Verified,Approved,2026-04-02
57b726ba-2f7f-492b-b9b7-e8d80a79be49,S106322,Verified,Failed,Verified,Pending,2026-05-20
da19152c-c819-4e16-a32a-218f66acde8a,S106323,Verified,Failed,Failed,Pending,2023-10-15
7c30660f-8e98-4023-817a-eb6ada43f6d4,S106324,Failed,Verified,Failed,Approved,2025-11-27
0eb1d7c3-3fe1-40b0-b043-f1f121911443,S106325,Failed,Verified,Failed,Approved,2023-10-21
f0ef391c-35b1-4b91-a400-a7e861afe262,S106326,Verified,Verified,Verified,Rejected,2022-06-19
dd0f8a48-725d-470c-9934-8bd86b49f91f,S106327,Failed,Verified,Verified,Approved,2023-09-15
712adf9c-32b5-46a4-b9a7-203c86e1abaf,S106328,Verified,Verified,Failed,Approved,2022-12-16
ae56b5c0-a5b8-4a07-92de-13a4b2a273e9,S106329,Verified,Verified,Verified,Approved,2025-02-27
c999b00f-f704-42bf-9bf1-db0a5ecb4f3f,S106330,Verified,Failed,Failed,Approved,2023-03-11
3c73e325-195a-4beb-88e9-d9f70d7797cb,S106331,Failed,Failed,Verified,Approved,2022-07-04
7bb7f256-7497-4cb5-bc55-a5c16620a54b,S106332,Failed,Failed,Verified,Approved,2025-03-30
7c928924-ff2c-4e6e-a130-73b9f45332b5,S106333,Failed,Failed,Verified,Approved,2024-02-19
947b93eb-cdf6-4ed8-9c7c-43e29b304fef,S106334,Failed,Verified,Failed,Approved,2026-04-01
33a46197-a4cd-4f5c-b175-904da80ba672,S106335,,Verified,Verified,Approved,2025-09-21
f3c10929-b832-4564-a0ed-3bc9be4e4deb,S106336,Verified,Verified,Verified,Approved,2024-06-30
99fa674d-deca-4109-8574-8eed21f215fc,S106337,Verified,Verified,Failed,Approved,2024-07-14
77c93f9e-37d6-4295-babc-9497620e48c9,S106338,Failed,Verified,Failed,Approved,2022-09-10
78be3b6d-6bf2-47eb-96df-dc16145e6190,S106339,Verified,Verified,Failed,Approved,2026-03-26
7398e12e-c78a-42f9-9414-5f8f50489938,S106340,Failed,Verified,Failed,Approved,2024-08-30
cf1e65f0-1e46-412d-bb57-9d539526a6b2,S106341,Failed,Verified,Failed,Approved,2022-10-23
9ad39b3d-d665-416f-87b5-25db21d69b86,S106342,Verified,Failed,Failed,Rejected,2024-10-21
ab862ae9-4393-4d11-95a0-ab164e44e612,S106343,Verified,Verified,Verified,Approved,2025-01-14
89c078b3-29c9-4638-ac2e-4df1061f1cab,S106344,Failed,Failed,Verified,Approved,2024-04-15
b0105ccd-e226-475e-9fe4-71b9b471e896,S106345,Failed,Failed,Failed,Approved,2024-08-20
34108ea2-4c52-43ca-a6f3-c4c8471fe3d9,S106346,Failed,Verified,Failed,Approved,2024-09-18
87401bc0-bc9c-481c-acfe-f33d8f503719,S106347,Verified,Failed,Verified,Approved,2025-02-10
96878772-d728-4fd9-a087-826f23642ba2,S106348,Verified,Failed,Verified,Approved,2023-03-17
47616b03-9248-45be-a757-b8d6726631dc,S106349,Failed,Verified,Verified,Approved,2024-05-09
acd2c42e-3c4c-4e27-9eff-3fbff4b9da4d,S106350,Verified,Failed,Verified,Approved,2023-10-10
45005273-7ca5-43f6-a30a-b0ac637ec1ae,S106351,Verified,Verified,Verified,Approved,2022-01-15
6d2ac0fc-855a-4f4f-8bc0-2f6fc43b7783,S106352,Failed,Failed,Verified,Approved,2024-09-08
fd7b9ccf-9ab5-430a-8196-dc19d7578169,S106353,Verified,Failed,Failed,Approved,2025-05-27
df220c4a-9a3e-4dc4-a40e-9e1795479900,S106354,Failed,Verified,Verified,Approved,2026-01-05
7a9b1ba6-c419-4de1-84f4-ebb0021681d6,S106355,Failed,Verified,Failed,Approved,2024-05-13
9099b032-3b60-41da-ac83-28f384a9e047,S106356,Failed,Failed,Verified,Approved,2025-09-14
f4411023-fca5-476e-9426-fcd3e9b4983e,S106357,Verified,Verified,Failed,Approved,2022-02-26
b154e299-8a0b-4874-9f48-a0774c095fd3,S106358,Failed,Verified,Failed,Approved,2025-09-10
09c58ebb-9586-4185-92d4-4f9e3d4605e3,S106359,Failed,Verified,Failed,Pending,2022-03-18
9f8b946c-e62f-424e-b98e-b25cbef256f0,S106360,Failed,Failed,Failed,Approved,2022-10-18
afdf25aa-0d8d-4572-9c22-b8394909922b,S106361,Failed,Failed,Verified,Approved,2023-06-16
42aa5d18-4a80-42ef-8a3a-6674480d394d,S106362,Failed,Verified,Verified,Approved,2025-08-05
754235ae-2fae-4530-8761-e3a7776a3cbb,S106363,Failed,Failed,Failed,Approved,2022-06-13
5cbfc498-2340-4857-b3e6-33a80da4d12b,S106364,Verified,Failed,Verified,Approved,2026-05-14
b9f192b3-57f5-4ef5-85cf-4c6e4cd71602,S106365,Verified,Verified,Failed,Approved,2025-06-14
69768677-8f8b-4cae-bafc-fd19268b33af,S106366,Verified,Verified,Failed,Approved,2024-04-21
55840778-9a00-4491-8f97-f40110518316,S106367,Failed,Verified,Verified,Approved,2026-06-18
a633e9b4-d3c4-46ae-b5c6-f18d40a6c855,S106368,Failed,Verified,Verified,Approved,2024-05-28
46fae30d-79aa-490f-8cb3-0fa629c18ab0,S106369,Verified,Verified,Failed,Approved,2025-08-06
514e9cce-74d4-4b9b-8e08-3aabe7a2fc8a,S106370,Failed,Failed,Verified,Pending,2022-12-18
9d17b8ea-df40-449a-9722-4e91faeaa1e0,S106371,Failed,Verified,Verified,Pending,2023-11-18
ee7beff1-1fb8-46ea-9c67-49543ee56a57,S106372,Verified,Verified,Failed,Approved,2023-01-14
01ddd4db-cc3f-420d-a1bf-98c340a728c5,S106373,Failed,Verified,Failed,Approved,2025-02-21
2b1855aa-8bcf-4847-b2e6-c8fa3d3e6bfb,S106374,Verified,Failed,Failed,Approved,2022-04-24
e1d41d95-f0cc-4f7a-8f10-dfc8fb48f295,S106375,Failed,Failed,Failed,Approved,2025-05-03
69f5af52-506b-4163-ba77-9e3d07eeff1f,S106376,Verified,Verified,Verified,Approved,2025-11-29
9bfbd264-992c-48a2-b31b-a71585f01190,S106377,Verified,Verified,Failed,Approved,2024-08-22
e7706bb6-ad0c-4331-9d7a-7162b071dbec,S106378,Verified,Failed,Failed,Approved,2024-02-11
a5900683-a6f4-4342-8f50-f39904c32c00,S106379,Failed,Failed,Failed,Approved,2023-09-18
7af583c7-7eab-46cd-88f1-ded95f4086e5,S106380,Verified,Failed,Failed,Approved,2025-10-11
b8365905-e401-46ff-801b-d0f875845ce3,S106381,Failed,Verified,Failed,Approved,2022-07-23
1b3742b4-0786-4404-9bb4-ddde783dbaad,S106382,Failed,Failed,Failed,Approved,2023-11-11
ac1eee4f-a76f-409a-9362-57ac30fee754,S106383,Verified,Verified,Verified,Approved,2025-03-29
cd7b5bd3-d689-463b-b72a-858a9fc40512,S106384,Verified,Failed,Failed,Approved,2023-09-15
fc315e87-2c60-4f4d-a0bf-8d4899c2e92b,S106385,Verified,Failed,Verified,Rejected,2022-12-07
f2d6366b-f7e9-4cb0-a4c8-d9795282d852,S106386,Failed,Verified,Verified,Approved,2024-03-31
ee2a0a3c-9ca9-4371-9667-f59f73ac7305,S106387,Failed,Verified,Verified,Pending,2025-12-29
7a679f88-fe0e-4695-bff4-01c4ff1fe0b4,S106388,Verified,Verified,Failed,Approved,2025-08-04
c5f04831-4df2-4964-8585-60f4b10d8e65,S106389,Failed,Failed,Failed,Pending,2025-10-27
d0814483-64f8-4aa7-8f56-444dad2f571e,S106390,Failed,Failed,Verified,Approved,2025-05-06
fb801c1c-c358-41fb-978c-b06b3ead0a47,S106391,Failed,Verified,Failed,Approved,2023-09-12
112a19fb-7b7d-409f-8717-cacc7aacfa40,S106392,Verified,Failed,Verified,Approved,2026-06-02
680556ed-2e69-4c3f-a73b-bc2e84ce5aff,S106393,Failed,Failed,Failed,Approved,2025-01-05
bc1d405c-708c-4348-bb2a-94b46808e849,S106394,Verified,Verified,Verified,Approved,2022-07-31
6941ee37-870b-4a83-99d1-1b0dc3e6729b,S106395,Failed,Failed,Failed,Approved,2025-04-08
3b80b09a-e6eb-4e5e-a75c-71bb11eba1df,S106396,Verified,Verified,Verified,Approved,2024-09-07
8fcc25c8-c3fe-4c83-b9f9-780acba7e8fe,S106397,Failed,Failed,Verified,Approved,2026-01-02
88bd6b36-ca86-4f51-b527-390c646fa3f0,S106398,Failed,Failed,Verified,Approved,2025-10-21
f03e77ba-02a6-478f-bde5-f5221e8fb13a,S106399,Failed,Verified,Verified,Approved,2025-01-08
cca3ac04-be85-4ef9-a475-373f32a876d6,S106400,Verified,Verified,Failed,Approved,2025-05-19
af51a617-4d94-402d-a13c-41b568faa603,S106401,Verified,Failed,Failed,Approved,2022-10-15
6bdf7fc5-8405-46a5-9d6e-d0d6d1bb4400,S106402,Failed,Verified,Failed,Approved,2025-07-23
40bbbcf3-9c2b-425f-86f8-468b4d9bd40d,S106403,Verified,Verified,Verified,Approved,2022-03-06
cf252200-5dc3-4341-a581-7a766703b075,S106404,Failed,Failed,Verified,Approved,2025-12-14
7c8bfc72-9128-45ef-86dc-b4fdd336f98b,S106405,Verified,Failed,Verified,Approved,2023-11-18
5013c8aa-c719-4359-87c2-bb9d73d7966b,S106406,Failed,Failed,Verified,Rejected,2022-12-04
44dec505-4c04-46a9-a4e6-d71539997678,S106407,Failed,Failed,Failed,Approved,2025-09-07
3f9a0796-cd88-4a36-b499-0604f6ba7974,S106408,Verified,Verified,Verified,Approved,2026-05-21
902a542f-f73f-4547-81b7-93c8d12f27f8,S106409,Failed,Verified,Verified,Approved,2024-11-20
1a6a5afe-498a-455c-9623-db44a65be099,S106410,Verified,Verified,Verified,Approved,2022-06-07
770f5152-a71b-4231-9be3-4f1e21c7deef,S106411,Failed,Verified,Failed,Approved,2024-01-05
e7b1a394-0c63-4952-ab9e-7d18615ab9c7,S106412,Failed,Verified,Failed,Rejected,2024-01-27
d90c4a26-080a-4cf5-a6f3-44488a76c888,S106413,Verified,Failed,Verified,Approved,2025-11-16
dd3184e2-2d37-486e-b35c-8d7e13859066,S106414,Failed,Verified,Failed,Approved,2022-04-17
e5905247-3fe1-406a-9da1-540e87f20e72,S106415,Failed,Verified,Verified,Approved,2024-04-12
29dc736a-81f7-41e9-aafa-b3ce41318d03,S106416,Failed,Verified,Failed,Approved,2025-12-20
06088628-eac8-4392-8257-c57f885aca72,S106417,Verified,Failed,Failed,Approved,2022-02-26
29b3c998-96d7-431f-ac92-7a81ca3409fc,S106418,Failed,Verified,Verified,Approved,2026-02-11
3f00196f-5af8-4ec8-84ce-b8ebd2a43f25,S106419,Verified,Verified,Verified,Approved,2024-09-22
06a0493f-5243-45f1-a2a4-684adbc624d9,S106420,Failed,Failed,Failed,Approved,2022-12-09
663e3758-5ada-441f-a20b-467e49f11d31,S106421,Verified,Verified,Failed,Approved,2023-04-14
6b3441f7-9e76-47f1-ad23-117e864e9304,S106422,Failed,Failed,Failed,Approved,2024-01-23
ed693a5a-09d1-4868-8a18-0020994254cc,S106423,Failed,Failed,Failed,Pending,2026-07-15
e065e121-2b5e-4c83-99e2-50081462b49f,S106424,Failed,Failed,Verified,Rejected,2022-03-19
c91f5379-16e7-457b-b02a-2fdf37ee3353,S106425,Failed,Verified,Verified,Approved,2024-12-08
ce5fa3f6-220e-411b-90ee-5a2ae7f8394b,S106426,Verified,Verified,Failed,Approved,2025-06-27
45baf2ea-f318-49b6-83bb-924b4ceb6126,S106427,Failed,Verified,Verified,Approved,2022-03-30
ed87b5ea-1f71-4a5f-b3f1-78f4e470838b,S106428,Failed,Verified,Verified,Approved,2025-03-03
53b9d28c-74c7-40cf-a323-c0bc5031da6a,S106429,Verified,Verified,Verified,Approved,2024-02-22
b1f80754-4452-47c3-b083-cb3483976c2b,S106430,Verified,Verified,Verified,Approved,2023-02-21
6c53e0a6-7650-4e86-a538-5ee9cd30a6e4,S106431,Failed,Verified,Verified,Approved,2022-01-19
d879a2df-f9df-4075-aad0-692b846bc7a5,S106432,Failed,Failed,Failed,Approved,2025-11-21
2caf9445-cf90-4f37-a6d2-c88e17dbade1,S106433,Failed,Failed,Verified,Approved,2022-07-10
eacc91a8-d06d-4b2d-b2f5-ee377af9d8e1,S106434,Failed,Failed,Failed,Approved,2025-11-14
92140ce2-d788-4b90-b471-016dba6d47ae,S106435,Verified,Failed,Failed,Rejected,2023-09-25
cde86ca1-3285-42d8-999a-f44bbe25a7b4,S106436,Failed,Verified,Failed,Approved,2024-07-24
d4370c76-3d30-4c42-b9e8-41703dd3854e,S106437,Verified,Failed,Verified,Approved,2022-09-03
d7681471-f04b-4ab6-af96-740654275d70,S106438,Verified,Verified,Failed,Approved,2024-01-04
2799a4d2-e78d-4a98-8f8a-e2179d94d1c4,S106439,Verified,Failed,Verified,Approved,2024-04-11
448b5368-8d29-440e-97fb-5ae20519b0c2,S106440,Failed,Verified,Verified,Approved,2022-04-23
729f93b5-520b-41b7-8be9-03e541a9d482,S106441,Verified,Verified,Verified,Approved,2024-11-08
157f54c8-60d2-4804-b691-615d64cc0731,S106442,Verified,Failed,Failed,Rejected,2022-01-02
b7a02ebb-d387-432e-9e6a-2b266a06fc7f,S106443,Failed,Failed,Failed,Pending,2024-09-18
e25d212d-2cdd-40e9-b1d4-447aab21eae9,S106444,Failed,Verified,Verified,Approved,2026-02-07
e9f789f5-d4d4-4452-975b-06fb9345aecc,S106445,Verified,Verified,Failed,Approved,2024-11-06
0d94a569-5d2f-4e3d-8575-e00ab70442eb,S106446,Failed,Failed,Verified,Approved,2025-09-05
10b968a0-4806-469b-aa17-4ccebb3a4199,S106447,Failed,Failed,Verified,Approved,2022-12-27
88ddd3e6-13eb-4091-b6bb-f8b3038e4840,S106448,Failed,Verified,Verified,Rejected,2023-11-30
a68df5dd-a2e5-440e-9020-814e4e9256ba,S106449,Failed,Verified,Failed,Approved,2023-06-13
7ca162b7-fdc4-46a9-a0cf-8211f01813fd,S106450,Verified,Verified,Verified,Rejected,2026-07-11
2e3bb239-ab1a-484e-bee7-c187e3433b34,S106451,Failed,Failed,Verified,Approved,2025-08-29
d38deb4e-5e5c-4168-a86e-dbaba370d7aa,S106452,Verified,Verified,Failed,Rejected,2023-11-17
a2710f88-4171-462d-b642-617823fb50e3,S106453,Verified,Failed,Failed,Pending,2025-04-28
b37deb66-5e94-4995-ad93-26e4ffc9371e,S106454,Failed,Verified,Failed,Approved,2024-10-01
480ca1e5-5cac-49da-a5c1-fc06e4a97ec0,S106455,Verified,Verified,Failed,Pending,2025-02-17
20a22a93-1044-4888-bf6d-c2386df2f1cc,S106456,Verified,Failed,Verified,Approved,2026-01-17
0fc212d1-ccda-475c-a8ba-1f8fd1760264,S106457,Verified,Failed,Failed,Rejected,2022-05-11
8aa91ea1-c262-4a4a-82c6-a6fa386aec14,S106458,Failed,Failed,Verified,Approved,2023-07-05
694ee99f-fa94-4cbb-bcc8-0a5c47cb5859,S106459,Failed,Verified,Verified,Pending,2024-06-02
6f8309b6-2c6c-4056-ace8-29a474785677,S106460,Verified,Failed,Failed,Approved,2022-02-22
0d42be4b-acc4-460a-8d7e-b8b042a39fb9,S106461,Verified,Failed,Verified,Approved,2024-01-28
f185ba69-9a1c-44dc-9f68-938c137d0026,S106462,Failed,Verified,Verified,Approved,2024-07-23
9e1e7568-8354-4cdd-80f0-c8f9d274f6e1,S106463,Verified,Verified,Failed,Approved,2022-03-17
82983987-fc54-4e41-b492-86412c423366,S106464,Failed,Failed,Verified,Approved,2026-05-06
e4823b86-1d51-4c2e-9a03-730fe5ef5d35,S106465,Verified,Failed,Failed,Approved,2024-01-23
d3cd8466-35cc-439d-adfd-64704cd1cea2,S106466,Failed,Failed,Verified,Approved,2023-05-11
56f35540-3646-44f3-bb69-9dcf557d7f65,S106467,Failed,Verified,Verified,Approved,2026-05-28
431c32f2-a3ff-4b43-90b7-d0ede06173d5,S106468,Verified,Failed,Verified,Approved,2026-04-18
a12cd3bb-57c5-4e39-ae1f-7a6bd35756e6,S106469,Failed,Verified,Failed,Approved,2024-05-09
6e05d2c6-d188-448f-b6c8-c1b5b70f9bf6,S106470,Failed,Failed,Verified,Rejected,2023-01-25
886f5d21-fc46-4771-9453-912c20185f64,S106471,Verified,Failed,Failed,Approved,2023-04-22
ce5cce93-6c3e-4f5d-9d0e-432fab191261,S106472,Failed,Verified,Verified,Approved,2023-02-03
7f1b0706-0098-44bd-a582-4c20bf79547d,S106473,Failed,Failed,Failed,Approved,2023-04-07
15ac1ea0-82dc-46a7-bd5f-a78ab18d657a,S106474,Failed,Verified,Failed,Approved,2026-04-03
c83c59b0-3f80-45f2-8234-5bd2d5efae07,S106475,Failed,Failed,Verified,Approved,2026-01-18
48a23b50-81bc-4354-bfc6-682ef514fecf,S106476,Verified,Failed,Verified,Approved,2022-10-07
cb8af604-7461-4d48-b62b-c40df80587ae,S106477,Verified,Verified,Verified,Approved,2024-06-09
3eaf63a5-12af-435e-98c8-c0e155458db7,S106478,Verified,Failed,Failed,Approved,2022-05-11
c64d6764-41df-4751-83c3-3fddbd2d489f,S106479,Verified,Failed,Failed,Approved,2022-09-29
45f10728-ac33-464d-b694-2f3b0b1a20fa,S106480,Verified,Failed,Failed,Approved,2023-07-19
de93d448-80c3-4fb6-9694-ec559e51ef54,S106481,Failed,Failed,Verified,Approved,2022-07-30
5fd262ae-04b9-4b43-913a-0ab2bc3873af,S106482,Verified,Verified,Failed,Approved,2022-11-14
e27b7f00-8922-4c6c-a07e-f88ab2e4bc6b,S106483,Verified,Verified,Failed,Pending,2022-06-01
42abf5dd-ab7d-4879-a378-68eaf7ff1530,S106484,Verified,Failed,Failed,Approved,2023-09-12
abef499b-5884-4789-821a-31b80d422811,S106485,Failed,Verified,Verified,Approved,2022-12-02
44f9b23b-c4d2-4b6b-90b5-66a5ef0b9584,S106486,Failed,Failed,Verified,Approved,2025-07-29
13fd0abf-59f0-4243-b660-f0d16aec4909,S106487,Verified,Verified,Failed,Approved,2024-12-02
9de80e55-66c9-4dd4-8f38-895d219262e0,S106488,Failed,Verified,Verified,Rejected,2024-06-07
a509dd04-a098-47e7-a970-75cc05e8cf16,S106489,Verified,Failed,Failed,Approved,2026-02-20
9fcdeedd-1880-4a3d-9bd0-75b56e4618dc,S106490,Verified,Verified,Failed,Approved,2022-03-27
59498712-b8d6-4b58-8842-0fd1f261141a,S106491,Failed,Failed,Failed,Approved,2025-11-22
37f13e48-744f-4e91-9784-c36ec573e854,S106492,Verified,Verified,Failed,Approved,2023-06-15
5404a79e-27d1-4a76-b08b-888fa3a11c54,S106493,Verified,Verified,Verified,Approved,2023-06-04
3b66a06a-0045-4415-8a69-96243d07dc1e,S106494,Failed,Failed,Verified,Approved,2022-09-18
45dae9c2-88ff-41b5-90ca-c4941e6bdce9,S106495,Verified,Failed,Failed,Approved,2023-03-30
f7469168-3a57-4d45-8f33-40b360eaec0a,S106496,Failed,Verified,Verified,Approved,2026-05-14
4011149c-c856-43cd-988f-1739c389dfbd,S106497,Verified,Failed,Failed,Approved,2024-10-28
c229c1c0-d57c-44c9-a45c-93d9457ebfdb,S106498,Failed,Verified,Verified,Approved,2024-05-19
b01dd826-0434-409e-8c0b-75c120b1c323,S106499,Verified,Failed,Failed,Rejected,2022-11-06
04514370-ac3a-45fc-8111-a12e5206da89,S106500,Verified,Verified,Failed,Approved,2025-08-15
2a377c1f-fd65-4ec7-959e-f9db0fa9958c,S106501,Failed,Failed,Failed,Approved,2026-04-03
c1129101-bb39-405c-a938-3ec6c795a172,S106502,Verified,Failed,Failed,Approved,2023-05-10
5adc149d-9332-4bc8-9b82-e58235f0b8aa,S106503,Failed,Verified,Failed,Approved,2023-08-10
f4b1c724-0c3e-4a28-acc4-1662ef20646d,S106504,Verified,Failed,Failed,Approved,2022-03-23
3e3114aa-7f1b-47ba-8f69-536e78e05b64,S106505,Failed,Verified,Verified,Approved,2023-12-18
579effad-da1a-49f5-a169-7c3e03dd19b1,S106506,Failed,Failed,Failed,Pending,2023-03-27
06e7a05b-94f2-40b3-b05e-fb29af3e0913,S106507,Failed,Failed,Verified,Approved,2023-07-15
c24e38bb-3d69-46b6-89b6-cee0d960bb69,S106508,Verified,Verified,Verified,Approved,2025-12-13
c37957e2-bb2b-41a6-a24f-0d7f458566a6,S106509,Verified,Verified,Verified,Rejected,2023-04-02
2fa9e226-f212-46d1-b58c-1677a1e84218,S106510,Failed,Verified,Failed,Approved,2023-01-17
e1433305-28b8-4f17-9f6c-e311befa7638,S106511,Verified,Failed,Verified,Approved,2024-05-09
e4c36320-066d-4d77-a466-70e9636c1084,S106512,Verified,Verified,Verified,Approved,2025-10-22
c4db606e-5d43-4afb-ae6d-62e154b0f0a2,S106513,Verified,Failed,Failed,Pending,2023-03-24
58a008b6-b4f4-4f33-9e20-fb19b580d71a,S106514,Verified,Verified,Verified,Approved,2026-07-11
fe211b85-b98e-41c4-adaf-bf82f0793a49,S106515,Failed,Verified,Verified,Approved,2024-06-29
e35b5e82-25cd-47b1-91a7-279c61f05ecd,S106516,Failed,Verified,Failed,Approved,2023-12-31
7f7181a3-9b64-43a8-8d31-4a0081470117,S106517,Verified,Verified,Failed,Approved,2026-05-24
58587a1f-cbf1-45be-a272-a1095f187f9d,S106518,Verified,Failed,Verified,Approved,2024-04-17
8bde992a-714c-46ed-ac92-a79bbbb54e44,S106519,Failed,Verified,Verified,Approved,2025-06-28
fbf4e9d0-d594-4391-b83a-56ccb1026224,S106520,Verified,Failed,Failed,Approved,2023-05-10
3e31d784-9823-408e-babc-5a7fcf6d8639,S106521,Failed,Failed,Failed,Approved,2026-05-04
4a0e995d-c5db-4545-9498-75b39a346b51,S106522,Verified,Verified,Failed,Pending,2024-06-01
940eeb4e-078c-4973-9257-027a352015fc,S106523,Failed,Verified,Failed,Approved,2023-09-08
f899858b-1456-49f5-99e1-ebf5ae9a1684,S106524,Failed,Verified,Failed,Approved,2023-03-11
5a7e4e9d-822a-426f-812c-6c4c8a1c7082,S106525,Verified,Failed,Failed,Approved,2023-01-14
709cb13f-8c04-49ff-b1e6-4566c30935fa,S106526,Verified,Failed,Verified,Approved,2022-12-06
c903ae55-2fd2-41ed-abcf-367287df8c1c,S106527,Verified,Failed,Failed,Pending,2023-03-07
daf9ab6f-f0b3-40e1-8783-6002e174cf4a,S106528,Verified,Failed,Verified,Approved,2022-10-27
90dc9587-d8b3-487e-adc9-4f2103df4884,S106529,Verified,Verified,Verified,Approved,2024-09-24
b9dde5c4-2e1b-40b9-bb77-cf5557112a65,S106530,Failed,Failed,Verified,Approved,2025-01-31
3e0407c6-827e-41a4-9492-e2d0de7b050c,S106531,Verified,Failed,Failed,Approved,2022-09-24
32d5ee49-84b7-49c5-b219-40689a9fada8,S106532,Verified,Failed,Failed,Approved,2025-04-28
12393ad9-da9b-4113-ae9f-52e1031a1b79,S106533,Failed,Verified,Failed,Approved,2024-10-31
6ea259d6-8ffd-43e5-9a3e-1b2f8f942935,S106534,Verified,Failed,Failed,Pending,2022-04-19
a4b86b20-a193-4f10-9c82-786ad0499ba7,S106535,Failed,Verified,Verified,Approved,2025-11-21
ae2f9cbf-c451-45de-9b71-ec8996a8cdb5,S106536,Verified,Failed,Failed,Rejected,2024-09-11
c180d738-677a-440e-8adb-688185cb135a,S106537,Verified,Verified,Failed,Rejected,2024-08-31
bb32aa51-b11b-449f-a291-d490cb20d261,S106538,Failed,Failed,Failed,Rejected,2024-06-26
c0f17c16-736d-4b25-9523-d68c0489ae2d,S106539,Verified,Failed,Failed,Approved,2022-03-09
6b67f432-de7d-4507-976a-be724ad65349,S106540,Verified,Verified,Failed,Approved,2024-12-13
adcd5acb-51c3-4102-ab58-2f1a2849141c,S106541,Verified,Verified,Failed,Approved,2025-06-06
77befdde-a3ec-4e3d-a08f-74e7bf167e1e,S106542,Failed,Verified,Failed,Approved,2022-04-10
e985faaa-358e-4e74-a55d-80ac00e84678,S106543,Failed,Failed,Verified,Approved,2025-10-16
f0758e0a-1972-4cd4-b28f-f4de28133158,S106544,Failed,Failed,Failed,Approved,2023-07-10
81f0657a-a38c-4963-8ea6-d6c388c74528,S106545,Failed,Verified,Verified,Approved,2025-07-21
73b6311f-8539-4599-9b4f-71d7727f1cc3,S106546,Verified,Verified,Verified,Approved,2024-02-16
cb6f70ec-0daf-4372-9405-80cad291a868,S106547,Failed,Failed,Failed,Approved,2022-12-07
082842ad-dee5-4128-8d5a-c91b946b851f,S106548,Verified,Failed,Failed,Approved,2026-01-23
7c52b704-08d8-4ef4-a1d5-142caa1eb3b1,S106549,Failed,Verified,Verified,Pending,2023-12-28
a9bb15c9-fb44-4f23-a2d5-744257661482,S106550,Failed,Failed,Verified,Approved,2025-07-06
4088858a-0baf-4fab-a07a-c9fae800a10b,S106551,Verified,Verified,Verified,Approved,2023-10-20
95de198c-e4eb-477a-8b0b-dbba667fe40f,S106552,Failed,Verified,Failed,Approved,2025-01-19
76743777-e2fc-4bdb-8c07-ebefe9451a5d,S106553,Verified,Failed,Failed,Approved,2024-04-18
94bd54a7-3549-4906-899b-8946fb1a71f7,S106554,Verified,Verified,Verified,Pending,2022-04-25
d36d0aa3-661e-451e-a1fe-5bfa0557b73f,S106555,Verified,Failed,Verified,Approved,2025-08-11
405b7809-8870-45e2-ab6a-87e5427bd1cc,S106556,Verified,Failed,Failed,Approved,2022-03-23
30ad3bfa-7eb3-4be9-bee0-60ee7ae1f7af,S106557,Verified,Failed,Verified,Pending,2024-08-11
2627d722-0a9b-4f64-aaf1-74b99d27143a,S106558,Verified,Verified,Failed,Approved,2023-08-21
4161e95d-cb5f-45f5-a10e-0c724c415942,S106559,Verified,Failed,Failed,Approved,2022-10-09
44d7acfa-c76e-4b55-a567-7805d31f23ae,S106560,Verified,Failed,Failed,Approved,2022-01-14
3c4b7fc8-7a48-4132-ae9b-f3130355faea,S106561,Verified,Failed,Failed,Approved,2022-05-14
7bd96b76-92fb-484f-99ea-fa89a2ace920,S106562,Verified,Verified,Verified,Rejected,2022-05-28
a718c8be-8a9a-4b3c-a8af-5ac514a92f58,S106563,Failed,Failed,Verified,Approved,2026-04-25
001b482e-ac33-479f-bfbe-76839fc7d097,S106564,Failed,Failed,Failed,Approved,2026-05-14
0ed4247c-2e4d-47a0-914c-19fb1eec43a4,S106565,Failed,Failed,Failed,Approved,2026-02-24
65c6bddc-c1df-4079-b223-c5fbc1ddc3fd,S106566,Failed,Verified,Verified,Approved,2022-06-06
9c44bf56-2e07-450c-a8e7-7d1e7d010c6e,S106567,Failed,Verified,Failed,Approved,2024-07-13
126f89c7-a622-46a8-b86b-f686ae5e8962,S106568,Failed,Verified,Verified,Approved,2024-05-19
ce331d81-9e4e-4af1-a510-a25abc27484a,S106569,Verified,Failed,Verified,Approved,2025-05-12
20155171-ed85-4f27-80af-4998a154acf2,S106570,Failed,Verified,Failed,Approved,2023-08-25
fa928794-1522-4687-aefd-8fb1e4a93588,S106571,Verified,Verified,Verified,Rejected,2024-05-02
646e3298-fb5f-465d-86d0-fbd9a37cb48e,S106572,Verified,Verified,Failed,Rejected,2024-12-25
464b512c-6b98-42ae-a98b-a8306a449311,S106573,Verified,Verified,Verified,Approved,2024-10-18
07790d43-fdb2-48a0-90f7-d2997bc1262e,S106574,Failed,Failed,Verified,Approved,2024-07-15
3849bae6-92b9-4a30-b1c2-d2897d1c5b77,S106575,Failed,Verified,Failed,Approved,2026-02-22
57767816-7166-4346-aed5-d9fb58b8aa20,S106576,Failed,Failed,Failed,Approved,2022-06-26
fd180366-229b-4869-9dde-05de6b98c85a,S106577,Verified,Verified,Verified,Approved,2024-01-22
8b30735e-0662-4dc4-b50e-3fbab37525df,S106578,Verified,Verified,Failed,Approved,2023-12-20
af47ff2f-f425-431e-9b3c-d2f23f7aa2d1,S106579,Verified,Verified,Verified,Approved,2024-09-06
c048ef2d-c30a-4e13-a521-92bbe6adcd35,S106580,Verified,Verified,Verified,Approved,2025-09-10
01528a02-a6c3-4f02-82ed-7cba3159b571,S106581,Verified,Failed,Verified,Approved,2022-04-21
147e6960-62e1-40ca-bc8b-f50b13429ed6,S106582,Failed,Verified,Failed,Approved,2025-08-07
38a0fb48-865f-4904-9da4-9b2fa2b2b1a1,S106583,Verified,Verified,Failed,Approved,2026-05-16
2888d6cf-549d-4bfe-9730-31d42db070a0,S106584,Verified,Verified,Verified,Rejected,2025-08-16
0bf7dd69-ef55-4db5-9198-f69dfd3a42df,S106585,Verified,Failed,Verified,Approved,2023-01-24
7e06d7bd-f46a-41bf-96d0-b8040f35d114,S106586,Verified,Failed,Failed,Approved,2023-02-12
bd043605-cead-4c08-91c8-7f0d4b92a17f,S106587,Verified,Verified,Failed,Rejected,2023-05-08
b61a820b-60a7-4f07-a053-deae62186634,S106588,Verified,Failed,Verified,Rejected,2022-02-14
f30bf192-35f6-4cff-848e-062bb21b993c,S106589,Verified,Failed,Verified,Pending,2022-04-13
063207cf-60b6-427e-8cc2-4e9e09a5a2ea,S106590,Failed,Verified,Failed,Approved,2022-11-25
8e646572-25fb-46f3-8bf8-c414cd8779f0,S106591,Verified,Verified,Verified,Approved,2024-09-28
18af27a9-3c32-462f-a9d7-567ddb79c48b,S106592,Failed,Failed,Failed,Approved,2023-05-18
3656a7c1-23ea-4fb3-bda0-d3a565d7a425,S106593,Verified,Verified,Failed,Approved,2022-10-09
4cfa8087-fdc3-4574-99ee-f9f92175c812,S106594,Verified,Failed,Verified,Approved,2025-10-25
408bd3a6-bd4e-451d-9636-f56061c9c1fc,S106595,Failed,Verified,Failed,Approved,2026-06-26
1d9d49a6-7964-43d6-87e0-b4a4fc493658,S106596,Failed,Failed,Failed,Approved,2024-04-30
ca6d2314-0c59-4bbd-a17a-c85509c35497,S106597,Verified,Verified,Failed,Approved,2022-02-14
7447d77c-6e18-427c-8fb1-cfcf64b97b97,S106598,Failed,Verified,Verified,Approved,2022-09-05
7dcf4428-3ca5-4f38-a4d6-55d4f59aa7b5,S106599,Verified,Verified,Failed,Approved,2022-05-12
88192c5d-8742-440f-b400-3b31e86b4b6f,S106600,Failed,Verified,Verified,Approved,2025-08-26
1288c9e7-2a1e-4154-9e59-dc6de2b32007,S106601,Failed,Failed,Failed,Pending,2026-03-12
1e2d45bc-8b1b-45c6-9f4b-b2204171685d,S106602,Verified,Failed,Verified,Approved,2024-10-27
29336f58-7589-4757-8f59-bc850a132b2c,S106603,Failed,Failed,Failed,Approved,2025-11-19
80f7e737-0682-4a76-9baa-e406ce6aecd6,S106604,Failed,Failed,Failed,Approved,2022-09-12
9ee320fa-788e-4872-81d8-c57ca923d326,S106605,Verified,Verified,Verified,Approved,2023-05-22
8876dbb4-d4ea-436c-b1ab-5d0dcf58fa1e,S106606,Failed,Verified,Verified,Approved,2026-03-07
1acfbf83-b9f6-4588-8be6-9706b851887c,S106607,Verified,Failed,Failed,Approved,2025-07-04
0f9aa271-74c2-4b47-9853-f0a2a7c1e4cc,S106608,Failed,Verified,Failed,Rejected,2024-06-19
64055132-c474-4e25-9847-c729bc1f1d42,S106609,Verified,Failed,Verified,Approved,2022-10-28
deb176a1-a341-48ef-b707-00f4457c0771,S106610,Failed,Verified,Verified,Approved,2022-09-07
54bf2f54-bd7d-4bed-adb6-3948ad91da36,S106611,Failed,Verified,Failed,Approved,2022-09-05
745ceb19-5ed0-4451-a13a-36db8a12ff30,S106612,Verified,Verified,Failed,Approved,2025-02-19
97b26935-732a-4405-9d5a-5f54c19fdfc8,S106613,Verified,Failed,Verified,Approved,2022-09-10
ce38ece8-39ab-477e-a2eb-185f057325ef,S106614,Verified,Failed,Verified,Approved,2025-02-12
a0e0ead7-6601-4fcd-b994-4728bb43ceab,S106615,Verified,Verified,Verified,Approved,2022-08-01
51f8a0df-ba6d-4b35-9ee5-2934760f1d7d,S106616,Verified,Failed,Verified,Approved,2024-02-28
ba589fdc-c017-42ce-96cd-5029a21b65ed,S106617,Verified,Failed,Failed,Approved,2022-04-10
7d3c77b3-c4a9-42f4-878d-a6e7ebdd70a0,S106618,Failed,Failed,Verified,Pending,2023-07-02
15472e98-fa27-4bbe-9a6b-8c6fee81aa71,S106619,Verified,Verified,Failed,Approved,2023-02-01
d17eb5d7-054e-44fb-b90a-b73bd55d794b,S106620,Verified,Failed,Verified,Approved,2026-06-25
b75437c8-9e34-423f-82cd-b51d9546973a,S106621,Failed,Verified,Failed,Approved,2024-01-21
a035621a-d6a0-4a22-957f-6ad29e6e293d,S106622,Failed,Verified,Failed,Approved,2024-06-19
f10adbca-d31a-4d15-be06-5bbe37aa7053,S106623,Failed,Failed,Failed,Approved,2024-06-25
8a391da2-4848-4346-877d-2b8c7bab4ee4,S106624,Failed,Failed,Verified,Approved,2024-12-04
50825070-66f7-4519-9a65-1914b75af1f5,S106625,Failed,Failed,Failed,Approved,2022-11-09
0b00f556-c55a-4a38-b79b-39b229883bf6,S106626,Verified,Failed,Failed,Approved,2023-04-22
50d9584e-49fc-4816-8124-383f89bd7089,S106627,Verified,Verified,Failed,Approved,2022-01-04
43ba79ae-318f-4ad1-b6c9-28d4d6e38280,S106628,Verified,Verified,Failed,Approved,2023-02-19
438459ad-0659-4675-b647-d396e08190ed,S106629,Failed,Verified,Failed,Approved,2022-11-19
2c91a344-8b68-4a08-915d-1e5e9ca37c54,S106630,Failed,Verified,Verified,Approved,2022-02-10
d941a66c-7687-4c6a-899b-596a06aa9761,S106631,Verified,Verified,Verified,Approved,2024-07-11
2766f589-0601-4881-808c-8ea90843578f,S106632,Failed,Verified,Verified,Approved,2025-09-11
77f6effb-c4ed-424a-b3f5-42836484ab25,S106633,Failed,Failed,Verified,Approved,2025-11-23
72590637-430b-4e2c-9669-c3ef5979be17,S106634,Failed,Failed,Failed,Approved,2023-12-02
b57a9c4f-cffc-419f-b3cb-47f458e33f5e,S106635,Verified,Verified,Failed,Approved,2023-04-25
ce10c633-6f25-4454-9db6-679ac69c0c1c,S106636,Verified,Verified,Failed,Approved,2025-03-11
16e04fc6-b61f-4f07-8a37-07564a65b192,S106637,Failed,Verified,Failed,Rejected,2025-08-12
876cc734-35f8-4c4c-aca4-a1edf2cf72cc,S106638,Failed,Verified,Verified,Approved,2023-05-11
1aa61a03-14a6-4f19-976c-76f223b66287,S106639,Failed,Failed,Verified,Approved,2025-03-16
241cc262-d18f-4b31-9a90-e6e4789a5a33,S106640,Failed,Failed,Failed,Approved,2023-07-20
33cb6289-a278-488a-bc78-1c5ad1f84d79,S106641,Failed,Verified,Verified,Approved,2025-11-03
cf27a449-d7ba-4ab8-b144-ff970d7d9da9,S106642,Failed,Verified,Verified,Approved,2023-11-07
16f8a267-29f2-4560-81c7-f30b59555048,S106643,Verified,Failed,Failed,Approved,2025-09-16
2cdf0bb3-f534-4c17-8d2f-9a127985f1de,S106644,Verified,Verified,Verified,Approved,2024-09-01
39a1cb34-f4e7-4917-a366-f51efb5a46ed,S106645,Verified,Failed,Verified,Approved,2026-01-15
0778c0d5-dd96-4722-bf89-cd2eaf667531,S106646,Failed,Verified,Failed,Approved,2025-02-08
0d8ce576-e829-41a0-8444-98b48b4901dc,S106647,Verified,Verified,Verified,Approved,2026-01-03
eb03aa82-bfa9-4ddb-b22c-aa47c8639675,S106648,Failed,Failed,Failed,Approved,2022-07-29
f92eca3d-eee8-46b7-8daa-f308421baf98,S106649,Failed,Failed,Verified,Approved,2025-11-26
fd31bb33-a323-4905-904e-0511d7c906e0,S106650,Verified,Verified,Verified,Approved,2022-05-23
e397423a-8907-45eb-8354-bb94a342a681,S106651,Verified,Failed,Verified,Approved,2025-12-09
6de2905d-b6a6-4431-83f9-4f58b0fdede4,S106652,Verified,Failed,Verified,Approved,2024-02-29
1b78f332-143e-48cb-b1d3-ed17e16b410b,S106653,Failed,Failed,Verified,Approved,2024-10-14
808ac6dc-5e09-4e28-8592-e4842a906b01,S106654,Failed,Failed,Failed,Approved,2025-03-06
b3bc0471-4df6-4e09-8d76-36ae054c76d1,S106655,Verified,Failed,Verified,Approved,2024-01-17
65d6bab3-0f61-45f8-bb4e-6d3be136c499,S106656,Failed,Verified,Failed,Approved,2023-04-22
d434e02d-ae71-4f47-918d-1cf3fb485bbd,S106657,Failed,Failed,Failed,Approved,2025-10-16
7bd4499f-ec2f-42e5-b6e4-95a3c7623d2e,S106658,Failed,Verified,Verified,Pending,2023-11-25
222f92f8-1994-488e-97be-d924207a94dd,S106659,Verified,Verified,Failed,Rejected,2022-11-30
6798644d-b3ce-41aa-9b65-81bf71fa140d,S106660,Failed,Failed,Verified,Rejected,2024-05-08
908e006e-0033-465c-9b0f-5962843b76b8,S106661,Failed,Verified,Failed,Approved,2022-04-10
f6ed0554-1841-41be-a665-54b187e29a89,S106662,Verified,Verified,Failed,Approved,2026-06-23
df406e29-a8d5-4bed-99dd-566ffbeebcca,S106663,Failed,Verified,Failed,Rejected,2022-11-20
e67a1e81-6a62-4fbc-bfce-34b974313abc,S106664,Verified,Verified,Failed,Pending,2025-08-31
e9b12598-3ba4-44a9-b963-9bd06dcd0633,S106665,Verified,Failed,Verified,Approved,2025-06-22
55759b79-15d2-48a1-a0f2-2f6e5e115b7f,S106666,Failed,Verified,Verified,Approved,2023-02-04
7be70b0d-6b10-4e6a-ae9e-d00d26f9466e,S106667,Verified,Verified,Failed,Approved,2025-11-10
739c075d-a748-4aa1-93ff-e27233b4bb79,S106668,Verified,Failed,Verified,Approved,2022-05-09
73b647b6-0332-4f27-929b-e9561d52e1fc,S106669,Verified,Failed,Verified,Rejected,2025-11-12
651a8b1e-ef9d-4df1-81ae-956ac3cbdfb1,S106670,Failed,Failed,Verified,Approved,2025-01-18
a510336e-86a6-48c0-a910-000a88bcd8fe,S106671,Failed,Verified,Verified,Approved,2023-07-22
fdfa2bea-6b4f-4b5f-862a-ed6f6ee2864f,S106672,Verified,Failed,Verified,Approved,2025-02-18
19d14bf2-4ea0-40bf-94db-1660bcf9195c,S106673,Failed,Verified,Failed,Approved,2024-01-24
3c37fd4e-e2e9-4afd-b900-32e34a737e8c,S106674,Verified,Verified,Verified,Approved,2025-06-10
d7044f6b-9b5c-4685-9ff7-41b5599437b7,S106675,Verified,Verified,Verified,Approved,2025-01-25
91bbca03-8c9c-4a38-ad7f-cd5b4f94a5f1,S106676,Verified,Failed,Verified,Approved,2026-02-24
7773fc59-a2c3-4075-b101-966255ef5723,S106677,Verified,Verified,Verified,Approved,2025-06-14
57c13a0c-2f8c-4191-ba1d-05ec4ab4ba09,S106678,Failed,Verified,Verified,Approved,2023-09-17
71bae28f-7599-4117-9148-3b902c220b7b,S106679,Verified,Failed,Failed,Pending,2023-05-13
953ba84b-89d2-4423-a13c-9aa5ece5f080,S106680,Verified,Failed,Verified,Approved,2023-02-23
b1da3ec9-a3dc-4b5a-91d4-0d13d5a838fa,S106681,Verified,Failed,Verified,Rejected,2023-10-31
cfad8c4a-7b7d-4d4a-b7aa-c1b17dc6acfa,S106682,Verified,Failed,Failed,Pending,2023-08-03
d46279b5-ae36-4751-b89a-094dc0de8263,S106683,Failed,Failed,Failed,Approved,2022-05-17
6355e25d-16a3-4378-9fb9-afe8929211ea,S106684,Verified,Failed,Verified,Approved,2024-04-06
08b4a839-62c0-4528-a687-e1f3a0618b97,S106685,Verified,Failed,Failed,Approved,2022-04-18
f962d8ed-293c-4a1a-b9a3-09d4397c589c,S106686,Failed,Verified,Failed,Approved,2024-08-06
a8161889-3fc8-4271-a69b-b529ab06c37b,S106687,Verified,Failed,Verified,Approved,2022-10-15
07b6c124-d426-494b-bd56-5aea7afce244,S106688,Failed,Failed,Failed,Approved,2025-05-21
b978ad32-ad25-4df2-83d9-8f6d198fb083,S106689,Failed,Failed,Verified,Approved,2024-05-14
5a5a2445-9d72-49e5-a1c0-9ac5045809b8,S106690,Failed,Failed,Verified,Approved,2024-11-11
0fd07b5d-f75c-47f1-a57f-d10bb6654980,S106691,Verified,Verified,Failed,Approved,2022-08-21
a56650bf-cbc8-4579-b09c-fca2adcb6d57,S106692,Failed,Verified,Verified,Rejected,2024-05-30
a4e5f226-59e4-4462-93a1-0cd4cf8b3687,S106693,Failed,Verified,Failed,Approved,2026-02-19
9ef8df86-18fc-4b4f-8483-a6c5fedf2c3f,S106694,Failed,Verified,Verified,Approved,2024-07-21
ba78190a-6146-402b-b22b-d3c79c23c867,S106695,Verified,Failed,Verified,Approved,2022-02-11
38f5c4af-bcc7-4c2e-a194-5f19aadca103,S106696,Verified,Verified,Failed,Pending,2023-04-13
a6872c8b-0ed6-4c0c-b93d-a26d240daaa5,S106697,Failed,Verified,Verified,Approved,2024-01-23
7dc6676f-e92f-4d21-bcd7-8dc24e94b783,S106698,Verified,Verified,Verified,Approved,2023-05-26
974c7e29-b7bd-4aca-9637-cbd926a47a52,S106699,Failed,Verified,Failed,Rejected,2023-03-28
176a3da9-b3b7-47ff-9346-fbc06b2700cd,S106700,Failed,Verified,Failed,Rejected,2024-06-06
a4771141-f6e9-4b74-a37d-740c5c84944d,S106701,Failed,Failed,Verified,Approved,2022-06-13
5835b783-b484-4204-ba06-cd049bcfecff,S106702,Failed,Failed,Failed,Approved,2026-04-23
dbc5e4bd-a102-4590-af4a-2290afcb731b,S106703,Verified,Failed,Verified,Approved,2023-12-19
c71c41f8-cde9-4cfc-bae8-17513add363d,S106704,Failed,Verified,Failed,Approved,2025-07-05
1774ceae-4a8c-42e9-8608-301b814fd9ba,S106705,Failed,Failed,Failed,Approved,2022-01-20
c1bb2e39-ec8f-4c0f-a02e-317f64bf72f6,S106706,Verified,Verified,Verified,Approved,2025-03-13
9464e4c9-d0fa-47dc-aef1-e998fcf217cc,S106707,Verified,Failed,Failed,Approved,2026-04-24
e6c9bc26-e89e-4245-b8e8-8eb0aef8ed0a,S106708,Verified,Verified,Failed,Approved,2024-04-11
2f683953-6f35-4854-846e-5578c63993df,S106709,Failed,Failed,Failed,Approved,2025-09-28
824457c8-c391-4885-bc30-30ab8c2bb2b0,S106710,Failed,Verified,Failed,Approved,2023-05-26
b2123a66-b83a-4bcc-9227-5a66164b7db9,S106711,Verified,Failed,Verified,Approved,2026-01-29
0db6bbbb-65c9-456a-a89b-f92dbaabed4f,S106712,Verified,Failed,Verified,Approved,2025-08-31
e8986f79-caa4-4ec7-940e-0d08a961339b,S106713,Verified,Failed,Verified,Approved,2023-10-12
ee1c86d8-f86a-49e6-86d6-9b0f31694fc1,S106714,Verified,Verified,Failed,Rejected,2024-09-13
59f2ac02-0ed8-4c57-88ff-5d89936047d3,S106715,Failed,Verified,Failed,Pending,2023-02-13
85a02c8d-a38f-4db7-9577-0238f10fc06f,S106716,Verified,Verified,Verified,Approved,2022-08-14
33357b7e-ee59-4ad0-8357-cf153728beff,S106717,Failed,Verified,Verified,Approved,2023-11-26
346fea9a-9142-4add-90d0-105c462c2c93,S106718,Failed,Failed,Verified,Approved,2026-05-13
6f63ee93-525d-40c4-bfea-f019684c2b85,S106719,Verified,Failed,Failed,Approved,2023-01-20
ff0a1fbd-b140-4cf4-8fad-35f38706e126,S106720,Verified,Verified,Failed,Approved,2022-12-31
7163985d-7faf-4e19-85b5-8bd9eecd8364,S106721,Failed,Verified,Failed,Approved,2024-08-27
c1d8bc9a-eb4c-4b78-a105-decf9d941a94,S106722,Verified,Failed,Failed,Approved,2023-06-21
48ccc490-3fb3-4962-abcd-ec69f748d0d3,S106723,Failed,Verified,Verified,Approved,2025-04-11
e6f09800-4b77-4487-a51c-f7307cbbe083,S106724,Failed,Verified,Verified,Approved,2023-11-30
b42e5579-1816-4bf9-82b5-f5efb387372a,S106725,Failed,Failed,Failed,Approved,2022-01-27
24ed48a9-633c-4767-b6b9-49e66ca5c389,S106726,Failed,Failed,Verified,Pending,2023-11-30
7da34a98-896a-45d3-8cfd-250e18268dc6,S106727,Verified,Verified,Failed,Approved,2022-01-20
05456d2f-3dcd-4058-8a4c-8a76bec4bcc0,S106728,Failed,Verified,Verified,Approved,2025-01-05
7ff15538-493a-4b05-a836-22ec9e030ecc,S106729,Verified,Verified,Failed,Approved,2022-11-17
a3e96af2-9a4a-481a-a167-54e14d29f24e,S106730,Failed,Failed,Verified,Approved,2022-11-24
873c8ad3-640e-4c3a-a3da-e87e33774342,S106731,Failed,Failed,Verified,Approved,2023-06-20
85c20673-4d45-4fde-bab7-d9f93c7b54b8,S106732,Failed,Verified,Failed,Approved,2022-06-04
b81fa85e-9aa2-4b9c-8630-b9347ba71cb0,S106733,Verified,Verified,Verified,Approved,2023-11-20
956d6ff1-2c18-4383-a36d-b330f32ab3d4,S106734,Failed,Failed,Verified,Approved,2022-02-15
6bae101e-1aaf-4ea8-95e9-d5c3d9399f32,S106735,Verified,Verified,Failed,Rejected,2022-05-13
b5a586ca-8f66-4a2e-ab35-e0ddac0958b0,S106736,Failed,Failed,Verified,Approved,2025-05-26
4fea52e9-8e75-4e33-8a5f-2b1996d7ec56,S106737,Verified,Verified,Verified,Approved,2022-07-22
ca24acc4-86b5-4da4-83ca-cbe65933fa7e,S106738,Failed,Verified,Failed,Approved,2025-03-01
7025e2bb-23cd-45e2-a0ac-2b3727847750,S106739,Failed,Failed,Verified,Approved,2024-10-06
392694c6-34aa-43f8-a7e1-23417a0e07e4,S106740,Verified,Failed,Failed,Approved,2022-01-27
2fef5558-ecb6-4e26-9c8e-9f8a1a21cb33,S106741,Verified,Verified,Failed,Approved,2025-06-15
21714392-189f-4064-856e-03d1566e3258,S106742,Failed,Verified,Failed,Approved,2024-11-30
d764cfba-f374-4283-84bf-8b22ab9f986d,S106743,Verified,Failed,Failed,Approved,2024-10-26
64b286c3-7707-4c82-a95a-6dc28f76608f,S106744,Failed,Failed,Failed,Approved,2022-05-05
44157764-3912-496c-a705-75c2fb9900dd,S106745,Verified,Verified,Verified,Rejected,2024-07-13
1ab27a43-cc26-46cd-8190-1f3601cc15f6,S106746,Verified,Failed,Failed,Rejected,2024-05-06
ddfc9f0c-f987-424e-b13c-24709f74d69d,S106747,Failed,Verified,Failed,Approved,2023-01-27
eb86f66c-42e0-4d19-8097-5e52be0669d1,S106748,Verified,Verified,Verified,Approved,2025-02-21
5750c156-6ce2-42f4-b7b5-6182fcc07dda,S106749,Verified,Failed,Verified,Approved,2023-03-07
c4e77abf-d98b-4da8-ae9e-6dbeb70bf7f6,S106750,Failed,Failed,Failed,Approved,2025-10-06
d8450d5b-66a3-441b-8da8-6abd2109e691,S106751,Failed,Verified,Failed,Rejected,2023-08-31
cc5bdf58-841b-44fb-a6af-6ed69c611ab2,S106752,Failed,Verified,Verified,Approved,2022-01-23
1d6519e3-c335-4611-b0a9-1ba054c12a89,S106753,Verified,Failed,Verified,Approved,2026-06-24
11082c84-2d90-4771-97bc-622b69877892,S106754,Failed,Verified,Failed,Approved,2025-02-11
761cab86-1278-40a4-9ee6-a1d27a06aa46,S106755,Failed,Failed,Verified,Approved,2022-02-05
b00b67da-5f1e-4fd0-bf5e-92941ab432e8,S106756,Failed,Verified,Failed,Rejected,2022-04-25
8da9e90f-a105-47d0-a4c1-d642a8347421,S106757,Verified,Failed,Failed,Approved,2023-03-28
a4741fc5-42b3-4162-93e4-69b74c0ce9a9,S106758,Failed,Verified,Failed,Approved,2023-04-18
a04d4e5c-b631-4b88-8777-5ea2744b90b7,S106759,Verified,Failed,Verified,Rejected,2024-05-11
a02860fe-01d1-4474-93bc-3154d581b11d,S106760,Failed,Failed,Failed,Approved,2023-05-15
e27600d9-ce3a-45d9-9abd-0b0805e3e7df,S106761,Verified,Failed,Failed,Pending,2023-09-21
552060ec-aed5-4452-8283-5308708b0181,S106762,Failed,Verified,Verified,Approved,2026-07-12
0b2581a7-f47a-43d1-86cb-b624b58fd661,S106763,Failed,Failed,Verified,Approved,2024-01-13
4ff9a861-6b64-4e02-aa7e-27867c150bfa,S106764,Verified,Failed,Failed,Approved,2023-01-22
4c51669b-8485-4c6c-b5aa-369488e0e367,S106765,Failed,Verified,Verified,Approved,2023-05-30
aa9f1734-8bae-44ed-b9d0-f8321d72b0e5,S106766,Verified,Verified,Verified,Rejected,2023-01-16
74c566c0-2dc5-4dd5-9e73-11243fedfd47,S106767,Failed,Verified,Verified,Approved,2026-05-01
89288af1-7ed2-4698-8be4-fac06f8a8a4e,S106768,Verified,Failed,Verified,Approved,2022-11-16
59a3447b-324e-4320-bc20-a3fec5e4f6f3,S106769,Failed,Verified,Verified,Approved,2025-10-20
2d2c842d-8a68-44bf-8941-2afd9b4d42a3,S106770,Verified,Failed,Verified,Approved,2025-07-24
c80539bc-dfaa-474b-aad4-d266a31fe79b,S106771,Failed,Verified,Verified,Approved,2022-03-04
5cc03569-4191-4d43-ab8f-fe5520a6f999,S106772,Failed,Failed,Failed,Rejected,2026-07-16
f416cb92-d37b-4457-8974-beac2075d135,S106773,Verified,Verified,Failed,Approved,2023-11-22
896883ea-8a84-4c6c-81c7-b811cdb0762e,S106774,Failed,Failed,Verified,Approved,2023-01-28
03f59265-df66-45fc-a30b-fc5d1e62ebca,S106775,Verified,Verified,Failed,Approved,2024-04-05
5d55b647-e144-4dde-b062-329fa9d1ed6b,S106776,Failed,Verified,Verified,Approved,2025-01-24
1b9e45aa-4f28-4eb2-bf91-cc50ce92aeeb,S106777,Verified,Failed,Verified,Approved,2024-11-20
d468af3e-b33e-4801-ac85-dd967cb9531c,S106778,Failed,Failed,Verified,Approved,2024-03-22
1b4c4255-684a-4073-8fb8-1f255a54228d,S106779,Verified,Failed,Verified,Approved,2026-02-20
1a6b6aaf-1944-432d-8315-8ea8ceb28196,S106780,Verified,Verified,Failed,Pending,2025-04-05
a7e19ab0-9425-429d-8400-8d41a50d01b2,S106781,Verified,Failed,Failed,Approved,2023-09-06
198d9b79-a774-4aad-8858-abdd1bf56c95,S106782,Verified,Verified,Failed,Approved,2025-07-30
7664d483-c69f-4a09-ac6f-ec8e4afb9204,S106783,Verified,Verified,Verified,Pending,2022-08-16
a410aa1a-9173-4045-b8ee-6322dd473f1a,S106784,Failed,Failed,Verified,Approved,2024-03-02
145a09ad-e303-4451-ae36-22dea913a92b,S106785,Verified,Failed,Failed,Approved,2022-05-21
93b49e4c-d40c-46be-ab5f-163ca11d70ab,S106786,Verified,Verified,Verified,Approved,2025-08-28
3c3c7ad6-a6fb-4be1-91c1-7add81a65d1e,S106787,Failed,Failed,Verified,Approved,2025-11-27
851022e0-5039-453a-8e14-d27cf0cebb7e,S106788,Failed,Failed,Verified,Approved,2026-07-08
fbb60d99-8f5f-491e-881f-8370401a45ed,S106789,Failed,Verified,Verified,Approved,2024-05-17
ac98690b-0219-43cf-b5c4-96b2e5295788,S106790,Verified,Verified,Verified,Approved,2022-05-28
798e304b-756c-4b39-a279-a462195b79be,S106791,Failed,Failed,Verified,Approved,2025-01-15
7143dea7-e2fb-4550-a2ad-af6f12cff9b1,S106792,Failed,Failed,Failed,Approved,2024-02-07
1ae880ef-b282-4fbc-bd66-02a7faca1a8f,S106793,Verified,Failed,Verified,Rejected,2022-02-16
a5ad3da5-629a-464b-925a-4868ea1e7f6b,S106794,Failed,Failed,Verified,Rejected,2024-09-17
31d3a0c6-568d-4d3b-bedf-7fef807ca2df,S106795,Failed,Verified,Verified,Rejected,2026-06-19
01269124-9a00-44c0-9573-fe2dd3dc7fcb,S106796,Verified,Verified,Failed,Approved,2022-10-19
ae5fc19e-189a-421d-9734-6b5cd543ba02,S106797,Verified,Verified,Failed,Approved,2023-05-24
7cc9bebf-457b-4174-8823-0061736dbc11,S106798,Verified,Verified,Failed,Approved,2026-04-05
409dcdfb-f19e-454c-a8f9-46f391e66687,S106799,Failed,Verified,Verified,Approved,2022-12-08
008286e6-86b2-4a8d-a982-581303961a04,S106800,Failed,Verified,Verified,Approved,2024-12-27
cb17cec3-075f-4996-b13a-83d3a8325abb,S106801,Failed,Verified,Failed,Approved,2024-12-03
c1b620a6-e0c1-4e14-b887-4da3cd575a79,S106802,Failed,Failed,Failed,Approved,2024-03-09
28f4100b-bbce-411f-9858-8e8789b130ac,S106803,Verified,Failed,Verified,Approved,2023-01-16
0b730bca-a29d-4875-90f0-d8022aa49db9,S106804,Verified,Failed,Verified,Rejected,2025-04-23
d3ff7e55-42ec-4b8d-a700-ceeedcba09e8,S106805,Verified,Failed,Verified,Approved,2024-03-01
c38b4cf7-9e22-49bc-9ae2-b6d218cdf714,S106806,Verified,Verified,Failed,Approved,2023-09-21
bfb4a05a-8e4c-45f3-9367-290f63998656,S106807,Failed,Failed,Failed,Pending,2022-08-17
b1cd0c78-2790-4b35-886e-87644ba06025,S106808,Failed,Verified,Verified,Rejected,2025-09-04
6bb85cc5-76ee-4203-bebf-35b090a6cb25,S106809,Failed,Failed,Verified,Approved,2025-05-04
d2490d20-2072-4d10-926b-76134077f02e,S106810,Failed,Failed,Failed,Approved,2025-02-02
8e1adc2b-51a9-4d63-a3d4-1f5a6a7cc62b,S106811,Verified,Failed,Verified,Approved,2024-04-07
86515ea6-2126-4e2b-b757-0fb673e1e367,S106812,Failed,Verified,Verified,Approved,2023-09-27
3cedbfa5-2b29-4382-adc5-b08203a63de2,S106813,Verified,Failed,Failed,Approved,2024-08-08
51fbb075-6284-44b8-a0e9-f2dc8cd5bcca,S106814,Verified,Failed,Failed,Rejected,2023-10-25
69ff7a6a-fd9d-4846-adac-e8596b76cc7f,S106815,Verified,Verified,Failed,Approved,2024-09-02
8deeb414-036c-45c8-bccf-ee920b3312c9,S106816,Verified,Verified,Verified,Approved,2024-04-24
8b3330da-9461-4bc3-9d74-4c75021617e7,S106817,Failed,Failed,Failed,Pending,2022-01-27
1ec0774b-de6b-4a69-ab4b-eed20695e296,S106818,Failed,Failed,Failed,Approved,2025-03-20
8d3cf2dc-c4b6-4435-8693-02afdcee15d6,S106819,Verified,Failed,Verified,Approved,2024-12-05
b2f1e6e3-01c5-4550-8375-48c982eee208,S106820,Failed,Failed,Failed,Approved,2026-04-18
5509bbe9-001e-4962-8003-54b23f578008,S106821,Verified,Verified,Failed,Approved,2026-02-25
89bf9377-74c0-46ad-b1f3-329bed8082fe,S106822,Failed,Failed,Verified,Approved,2025-12-17
65b50052-f8d9-445f-8bd0-ca6c275de2c4,S106823,Failed,Verified,Verified,Approved,2024-07-03
7aa3d450-bc75-45b1-861d-c25add821e97,S106824,Failed,Failed,Failed,Rejected,2022-01-11
b97cbbfd-c935-439b-a906-5111a12f5a8a,S106825,Failed,Verified,Failed,Approved,2026-05-04
2792d1f5-a08a-471d-98d5-df0da7d87a89,S106826,Verified,Failed,Verified,Approved,2025-06-22
ffa1e38f-c179-4fe4-a889-a8f30d15f206,S106827,Verified,Verified,Failed,Rejected,2023-12-16
120da3cb-744d-49e4-8294-a9c230cd569b,S106828,Failed,Verified,Verified,Approved,2025-09-14
8ada4996-dbd4-46a6-bc2b-fb2f0fb8d63a,S106829,Verified,Verified,Failed,Approved,2024-07-21
6c91ef46-c37a-4ae1-a64e-61f910016329,S106830,Verified,Failed,Failed,Approved,2022-10-22
f0858e79-2b88-4e87-bce9-a0179233d281,S106831,Verified,Verified,Verified,Approved,2024-09-12
b5258a33-df83-4b0e-b47f-5e752a92d170,S106832,Verified,Verified,Failed,Approved,2025-04-09
f1dbdc6b-60e2-4de1-b7a6-0544971f0b98,S106833,Verified,Failed,Verified,Approved,2025-02-21
1ce3a2ba-2ad6-464f-a43f-1887a5c50fb0,S106834,Failed,Verified,Verified,Rejected,2025-10-16
59308bc8-11b0-4c31-84e4-a78f5dc463ee,S106835,Verified,Verified,Failed,Approved,2023-10-12
1158d4a4-b262-4fdc-ba56-121fd9e9960d,S106836,Failed,Verified,Failed,Pending,2024-12-08
8fb1c751-fdfc-429c-9414-65a6f9bced31,S106837,Verified,Verified,Verified,Approved,2022-05-26
d6a0c6a3-00aa-41bb-b201-dad70f3bfd62,S106838,Failed,Verified,Failed,Approved,2024-02-28
207bc383-e50f-4b4f-add0-a36ac7523623,S106839,Verified,Failed,Failed,Approved,2025-01-20
9ea16aad-2253-4983-bbdd-df78744fd24c,S106840,Verified,Failed,Failed,Approved,2024-08-08
d24a5915-d4f2-4361-aaaa-7136a9c46a88,S106841,Failed,Verified,Failed,Approved,2024-12-24
d95076e5-4ee9-4452-9827-7abbb1cd0eb7,S106842,Verified,Verified,Verified,Approved,2022-01-20
a98635ab-2799-4e48-aea2-6614d24e32b6,S106843,Verified,Verified,Failed,Rejected,2024-01-01
5506a435-3777-4820-a8ad-a39c8f00cf3b,S106844,Failed,Failed,Failed,Approved,2022-02-12
3cdaa243-da1a-48dd-84d7-579c89b64899,S106845,Verified,Failed,Failed,Approved,2024-09-13
b417d58b-2ae0-412c-9570-c4894e6d0bbf,S106846,Verified,Verified,Failed,Approved,2023-08-17
8f37d677-3342-4ae9-a3f4-0f27e1cc6a9a,S106847,Verified,Failed,Failed,Approved,2023-04-10
a304fb78-e549-4740-8577-c1739526f8b7,S106848,Verified,Verified,Verified,Approved,2024-06-15
a515e4bc-7cc1-40c1-8a65-52bad1edcfe8,S106849,Verified,Failed,Verified,Approved,2024-08-19
52e4df22-9da2-4121-84f2-d898a7aea6a7,S106850,Failed,Verified,Failed,Approved,2023-04-28
0d927c37-16a4-4fad-9be7-e0a959e4cc61,S106851,Failed,Failed,Failed,Approved,2023-09-25
c61c17a1-c570-496e-a40b-2dd59c0001e6,S106852,Verified,Verified,Failed,Rejected,2026-07-30
3d60db99-f0ad-4753-bacd-af6fbf18ef6f,S106853,Verified,Failed,Verified,Approved,2026-03-24
8643e467-d963-45de-9cfd-78315c055862,S106854,Verified,Failed,Failed,Approved,2024-01-17
d8612dad-749e-489e-9933-39fd81101d4e,S106855,Failed,Failed,Verified,Approved,2023-11-29
83f522aa-e469-4176-a604-aceaf7638f94,S106856,Failed,Failed,Verified,Approved,2022-01-22
66668d28-4336-4f25-b897-bfe3a642f14a,S106857,Verified,Failed,Verified,Pending,2022-07-23
8400fc18-a5cb-417a-b72e-1b58a7a09ef7,S106858,Verified,Failed,Verified,Approved,2023-01-28
e3324380-18f2-4b98-9be6-1235d0e81399,S106859,Verified,Verified,Verified,Approved,2025-01-08
999115c0-a9a0-40c8-94e6-a9df6f46e775,S106860,Verified,Failed,Verified,Approved,2024-12-21
f5c43752-5238-41a8-99a3-161f06d8b904,S106861,Verified,Failed,Verified,Approved,2023-12-04
5d9d1b71-7cfd-4f7e-8e1a-3a26e907799c,S106862,Failed,Failed,Verified,Rejected,2022-04-03
a2e0f852-b2bd-4452-84bf-be6a353ca07e,S106863,Verified,Failed,Verified,Approved,2024-11-08
16174769-68cd-424e-9646-e209264b4c81,S106864,Verified,Failed,Verified,Pending,2025-05-16
99f8b866-95ce-4935-b836-1150459986e8,S106865,Failed,Failed,Failed,Approved,2026-07-17
fb0f9f6c-0e9e-4a60-820c-1b4bab538391,S106866,Failed,Failed,Verified,Approved,2024-03-07
dbb852e8-ad2f-4441-a010-2a20ca1c3bf0,S106867,Verified,Verified,Failed,Approved,2023-05-25
4c3330b2-9c16-4143-af5b-90d3d2e6471a,S106868,Failed,Verified,Verified,Approved,2024-09-11
90f92971-77cf-48e7-adb8-77f210820a86,S106869,Verified,Failed,Verified,Approved,2023-01-24
2825c4b3-a89c-41d6-a091-4f9253e72b9e,S106870,Failed,Failed,Verified,Approved,2025-05-30
76d5e948-2fe5-4f4d-8aca-391ba6eee44f,S106871,Verified,Failed,Failed,Approved,2022-07-23
820dd115-ea9b-4048-87df-297c98863fe1,S106872,Failed,Failed,Failed,Approved,2025-06-21
b091b483-bb08-4eb4-aea6-92d09d79bc56,S106873,Failed,Failed,Verified,Rejected,2026-01-19
d9cea80b-540b-41dd-865b-d14b188b8277,S106874,Failed,Failed,Verified,Approved,2024-08-10
14b45e73-8a99-4838-ac11-381e4364f3e8,S106875,Failed,Failed,Failed,Pending,2026-02-05
f3cf37eb-8ffb-4adb-922f-38c1cf418fd7,S106876,Failed,Verified,Failed,Approved,2023-12-16
79240665-1ef9-4ea3-b559-b9479db09722,S106877,Failed,Failed,Verified,Approved,2024-12-12
47916bf3-8369-444e-a967-9660a0577329,S106878,Verified,Verified,Failed,Approved,2022-09-13
4d049b8d-841e-46c7-887f-ee0c5651e4be,S106879,Failed,Failed,Verified,Pending,2026-06-27
453c30d4-7bd0-4a15-bd19-e7cb8939882d,S106880,Verified,Verified,Failed,Approved,2026-02-26
d777834c-0afd-4db7-81e9-2128963f6473,S106881,Failed,Failed,Verified,Approved,2024-12-30
2c9f9936-de66-4672-9389-82e00b4ae3a6,S106882,Failed,Verified,Failed,Approved,2025-11-25
e94bfee9-8d78-48fe-af10-ba366bbf548f,S106883,Failed,Verified,Verified,Approved,2022-12-21
65d85331-f85c-49cf-844a-64b4c7a4f60a,S106884,Verified,Failed,Failed,Approved,2024-06-23
d71d5191-8a41-44f3-bc2a-379858ba6e30,S106885,Failed,Verified,Verified,Approved,2022-03-15
7e459ab7-e2a1-47c5-bae4-9ce705a9925a,S106886,Verified,Failed,Verified,Approved,2025-10-04
057ae649-fcbf-4e8a-af76-5277a8232226,S106887,Verified,Failed,Failed,Approved,2022-07-12
a3429321-8eb4-42b4-8e49-3870d4071486,S106888,Failed,Verified,Verified,Approved,2025-12-10
74f2e425-5b01-439f-85c2-d34da9790968,S106889,Verified,Failed,Failed,Approved,2023-05-17
91e15e4e-1490-4da5-854a-2cc0cd5abece,S106890,Failed,Failed,Failed,Pending,2025-11-20
dd3343c3-4904-4ab0-bf6b-bfe1e748010f,S106891,Verified,Verified,Failed,Pending,2026-01-17
a8583650-c33f-4513-b6e4-5cdf35d79f82,S106892,Verified,Verified,Verified,Approved,2023-03-15
7244e01f-5261-4023-be8c-8ef9aa152601,S106893,Failed,Verified,Verified,Approved,2026-02-08
a85832eb-2598-43bd-af84-5046524e7cba,S106894,Verified,Failed,Failed,Approved,2022-08-21
548667a5-20fc-48ed-9ded-a96be85aa0cf,S106895,Verified,Verified,Verified,Approved,2025-10-01
e79689ee-d1bc-463c-be94-ce4058061f03,S106896,Verified,Failed,Verified,Approved,2025-09-14
df8ce172-5fa4-4d7d-8267-1682b28f5471,S106897,Failed,Verified,Failed,Approved,2025-05-26
06450fd9-800e-4caa-abf2-7209a2e562e0,S106898,Verified,Verified,Verified,Approved,2023-08-19
44beb76a-8c17-430c-b004-a946b3c38c04,S106899,Failed,Verified,Failed,Approved,2024-02-25
ba9a7180-998b-4ad6-9165-3edf6ca2085e,S106900,Failed,Failed,Verified,Approved,2022-11-08
56e6e186-1a9b-49eb-805e-1e7e03652faf,S106901,Failed,Failed,Verified,Approved,2025-04-25
1c78e2d3-8fe7-4c72-a73f-713fb1ceccba,S106902,Verified,Verified,Verified,Approved,2025-09-17
61537d95-3608-48bc-87c8-1db120b1d826,S106903,Verified,Verified,Verified,Approved,2022-12-24
b426e902-45f0-4689-a700-1969db70bbfd,S106904,Verified,Failed,Verified,Approved,2023-04-01
a540e790-9ee4-4ec1-8b1c-147a2fee7c22,S106905,Verified,Verified,Failed,Rejected,2025-07-02
c8e38b94-4912-4eb7-aefe-412bfb318cea,S106906,Verified,Verified,Failed,Approved,2022-05-16
0131f948-0984-44df-adaa-92737bc66b37,S106907,Verified,Verified,Verified,Approved,2022-08-19
584ee369-e944-42a5-b91c-a3fd22aadd4d,S106908,Failed,Failed,Failed,Approved,2025-01-27
0a2f6f9b-b14f-4ce1-9278-978b1db805b5,S106909,Failed,Verified,Verified,Rejected,2023-12-21
72cf1873-a69f-4885-a572-416e64a53f5e,S106910,Failed,Failed,Verified,Approved,2026-05-02
b1c4ef50-4eea-4844-a394-38b7e7763526,S106911,Failed,Failed,Verified,Approved,2023-12-14
0cf5422e-6cca-416b-87f6-458f44f1d5a5,S106912,Verified,Failed,Verified,Approved,2023-04-06
cf0ebecc-5c0a-4927-b052-12b99f1a3194,S106913,Verified,Verified,Verified,Approved,2025-04-01
7c0e278e-b068-47c7-b919-0580f636e36c,S106914,Failed,Failed,Verified,Pending,2023-09-25
498a1ff6-d66f-4a64-a8ca-3838e5c528d4,S106915,Verified,Failed,Verified,Approved,2025-05-21
49f1c102-7c01-4d36-baad-2446885c48c6,S106916,Failed,Verified,Verified,Approved,2023-03-30
f3e09712-3e29-410c-a2e7-19bb7544a3ed,S106917,Failed,Failed,Verified,Approved,2025-11-18
f1a517fc-0dea-4fc2-b501-5e55e5dd259d,S106918,Verified,Verified,Failed,Approved,2025-06-10
55532fda-366e-49ba-880b-84e4afaa9c01,S106919,Verified,Failed,Failed,Approved,2025-08-28
895e722b-ab5b-4233-a1cc-cb6a70810ce0,S106920,Verified,Verified,Verified,Approved,2023-11-15
9e3372d7-f1d9-40d4-8794-de7e9a6c897c,S106921,Failed,Verified,Verified,Approved,2026-04-16
aca05633-c8ce-436b-9bd0-c831183086bb,S106922,Verified,Failed,Verified,Approved,2023-08-05
b0d7d1dd-b753-4dc3-8975-c9c80e898f36,S106923,Verified,Verified,Verified,Approved,2024-02-26
445c61f1-3ff5-462f-aae5-d025d45ba227,S106924,Failed,Failed,Verified,Pending,2025-10-09
a0a75dfe-4eb1-4892-b5cf-e82ca414e9fb,S106925,Verified,Failed,Verified,Approved,2024-04-25
814078d0-149b-4313-acc2-ac76c533c8c6,S106926,Failed,Failed,Verified,Approved,2024-06-08
e3ae348e-439f-438a-91e9-af9b03ad07f4,S106927,Failed,Verified,Failed,Approved,2024-09-12
ad8e9637-0ba9-437b-a276-1b7ac65f10ac,S106928,Failed,Verified,Failed,Approved,2024-03-08
03f1e9d5-31db-436b-a829-dda9276b5b69,S106929,Failed,Verified,Verified,Rejected,2023-03-03
904cc2ef-de31-43f3-87ee-aae250e77170,S106930,Verified,Verified,Verified,Pending,2025-01-05
74e97844-5820-453c-a029-74877a0b29d0,S106931,Verified,Verified,Failed,Pending,2024-03-24
c6f3b2dc-fbed-44e5-b6fd-096f3fcb126b,S106932,Failed,Verified,Failed,Pending,2025-03-26
8e25ec17-fe1e-4130-aec6-d561d37d5106,S106933,Verified,Failed,Failed,Approved,2022-10-01
2fee9b82-c03b-4c30-a708-e671c64e5b19,S106934,Failed,Verified,Failed,Approved,2024-04-11
7aecba0c-d956-4f81-8051-ecb9ee466444,S106935,Failed,Failed,Failed,Rejected,2026-07-21
7306ebd3-f521-4b97-981e-f33060ce3256,S106936,Verified,Verified,Failed,Approved,2024-03-06
58d7fafd-5b73-4baa-ba48-71f05c23b1e5,S106937,Verified,Verified,Failed,Approved,2023-05-13
69e317d1-8248-4947-94f4-fac423873d96,S106938,Verified,Failed,Failed,Approved,2022-08-31
6259375a-f0d3-4e28-92e2-d1048eb4f66c,S106939,Failed,Verified,Verified,Pending,2025-07-19
0643ab4d-5c2e-47bf-8a65-2f75e0760e6a,S106940,Failed,Verified,Verified,Approved,2022-02-17
c31fddaf-6d1b-4b9c-b4dc-7daeb9871bae,S106941,Failed,Verified,Failed,Rejected,2025-07-02
f7bdeda4-fc5a-4b19-8472-93e1626f96bc,S106942,Verified,Failed,Verified,Rejected,2023-07-10
2af53075-866f-4a11-ba19-9d04803f2c47,S106943,Failed,Verified,Verified,Pending,2024-05-05
dff2644e-4f54-4959-a69e-8598a8685f0c,S106944,Failed,Failed,Verified,Approved,2024-01-10
1c8fa3f4-7914-410e-8299-349bf9246599,S106945,Verified,Verified,Failed,Rejected,2024-01-27
0dc29c55-0d20-474e-8b82-a3123962d144,S106946,Failed,Failed,Verified,Approved,2023-06-17
42dd966b-5a33-46e7-97e9-5b832cfe189a,S106947,Verified,Failed,Failed,Approved,2025-08-24
572fb862-43d8-4d8b-a41d-73c867bbce7e,S106948,Failed,Verified,Failed,Approved,2026-03-25
49249072-3d19-456a-bfd3-d6a6d937f11d,S106949,Failed,Failed,Verified,Approved,2024-05-17
59600f11-827c-42bf-9f28-000e71d96b9a,S106950,Failed,Verified,Verified,Approved,2026-03-04
a2abdaed-43f8-4793-95c0-47e722e0127a,S106951,Failed,Failed,Failed,Approved,2023-01-14
4941887b-823b-46b5-b9cc-7f81a06deaba,S106952,Failed,Verified,Failed,Approved,2022-08-04
49618a6f-018c-4065-b482-d4e749af15cf,S106953,Failed,Verified,Verified,Approved,2026-04-16
b2fb7a18-b07e-4e41-9e46-a0d9d1797678,S106954,Verified,Verified,Verified,Approved,2024-10-25
54357580-0904-47e7-9f33-5f304fb5d43e,S106955,Verified,Verified,Failed,Approved,2023-10-02
36462b7c-62b9-4941-bec4-ba68aa967752,S106956,Verified,Verified,Failed,Approved,2022-11-02
0a55d075-7b7d-4b33-b221-a115c3e0edb9,S106957,Verified,Failed,Verified,Approved,2022-11-28
55b9998e-e8d5-46af-9a75-a68b6d6a093b,S106958,Failed,Failed,Verified,Approved,2023-10-10
10cfdbb1-da4d-43c5-9b1c-8af3a615217d,S106959,Failed,Failed,Verified,Approved,2025-04-16
64d6baf7-972d-4101-9abd-1a3185c77ead,S106960,Failed,Verified,Verified,Approved,2026-03-25
88e9c4b0-32a4-403e-9ee1-5856a5f91bc0,S106961,Verified,Failed,Verified,Approved,2022-08-30
dfeb6684-db02-434a-b0dd-221ca51aaa07,S106962,Failed,Failed,Failed,Approved,2024-06-08
59274ba9-9de9-4184-a7ab-23605d2d43fd,S106963,Failed,Verified,Verified,Approved,2025-06-06
29dd3c5f-4787-4820-9058-5780536092be,S106964,Verified,Failed,Failed,Rejected,2023-04-30
f06fe219-8645-4a77-932a-72ab2d9c2e12,S106965,Verified,Failed,Failed,Approved,2023-10-01
3f03bfa4-30e2-4438-aa48-acef1a6ad1c2,S106966,Failed,Failed,Verified,Approved,2023-09-11
26d9bf42-a5ce-4e6c-ae59-2670e26ec7f7,S106967,Verified,Failed,Verified,Pending,2025-10-25
aaf09060-9db2-4754-9399-3ca949ef83d8,S106968,Failed,Failed,Verified,Approved,2023-08-27
f637b9e0-d8de-4aeb-b5d3-e6c09d52ca1f,S106969,Failed,Verified,Failed,Pending,2024-01-15
164d98a3-b803-41ca-b646-d1f8e3f21feb,S106970,Verified,Verified,Verified,Rejected,2023-11-17
dc5a5ab8-017c-4d98-8511-c40014bb23f1,S106971,Verified,Failed,Failed,Approved,2022-11-06
609f21c7-b18c-4380-b6bd-74191ba2413b,S106972,Verified,Failed,Failed,Approved,2026-07-13
75f5ebd1-c8a5-4ddc-b277-850671054338,S106973,Verified,Failed,Verified,Approved,2022-08-11
3194cdf0-d163-4e46-b0da-80894b652492,S106974,Failed,Failed,Verified,Approved,2024-06-03
43961fde-d46f-4287-8d35-c97961075f58,S106975,Failed,Verified,Failed,Rejected,2024-05-12
00a58247-f8db-411e-9fac-211a8ba62505,S106976,Verified,Failed,Failed,Approved,2023-08-13
54f38394-850f-4be3-97d7-30e2ddb6a7e4,S106977,Verified,Verified,Failed,Approved,2023-08-26
196fc2ec-7040-45c7-a7be-7dc39a867f89,S106978,Failed,Verified,Verified,Pending,2026-05-20
af383b28-392d-420f-821f-89e2fea9446a,S106979,Failed,Failed,Failed,Rejected,2022-08-14
45742f4c-c508-45d6-92cd-15bb6a6675a2,S106980,Verified,Verified,Failed,Approved,2022-11-29
9abdb22e-ffb2-4d5b-80bd-a1df78677864,S106981,Failed,Failed,Failed,Approved,2026-06-19
4e46b733-a2c8-452d-b823-2f69349b40e5,S106982,Verified,Verified,Failed,Approved,2025-06-27
b27e7b9d-63f3-478f-bade-ce96c68a6bcc,S106983,Verified,Verified,Failed,Approved,2023-12-22
9511cedc-8880-4de1-844b-a88df2d08a26,S106984,Verified,Verified,Verified,Approved,2024-01-22
6afc4691-8171-4098-b71f-d0bf36550069,S106985,Failed,Failed,Failed,Approved,2024-10-25
bcc04576-a1c1-43e8-a416-1b8e14dce621,S106986,Failed,Failed,Verified,Approved,2026-03-07
86c50e09-ec2a-40da-b35b-3e921736e54b,S106987,Verified,Failed,Failed,Approved,2026-03-17
759ba210-ce1f-49c4-bb02-fa03aa514265,S106988,Failed,Verified,Failed,Approved,2024-04-12
ba281d3a-f7b3-4bc2-8e9f-ea5c6212cc0b,S106989,Failed,Failed,Verified,Approved,2024-08-18
0e4683dd-ac84-46fe-8604-788250feef62,S106990,Failed,Failed,Verified,Approved,2023-01-24
14cfb71d-3065-43a2-8afc-6fef8a279be1,S106991,Failed,Verified,Verified,Approved,2024-05-16
a26d3ed1-6a0c-4acd-9e49-abadca171da4,S106992,Verified,Failed,Verified,Approved,2023-03-21
113d74f4-b9c3-467c-a99d-ca89516cd9fd,S106993,Failed,Failed,Failed,Approved,2025-06-15
d6548b90-7270-4c58-b1ba-6d90e7ba652e,S106994,Failed,Verified,Failed,Pending,2025-07-09
a3e3ba1f-0949-4f75-bc6e-1ec8907b8a68,S106995,Failed,Failed,Failed,Approved,2023-12-28
523fcb8d-dc0a-4f0c-8717-3692c9c29b82,S106996,Failed,Verified,Verified,Approved,2023-10-03
22589d3b-1095-49fb-a9ca-dca831975947,S106997,Verified,Failed,Verified,Approved,2026-01-09
5ed9b3c3-0514-457c-ab7f-f1f1fe29fdca,S106998,Failed,Failed,Verified,Approved,2022-05-18
7d76ace1-d88c-490d-b268-df8b518cd540,S106999,Failed,Failed,Verified,Pending,2024-01-17
e81c476b-23d3-4786-8fe6-e2844c97d4f5,S107000,Failed,Failed,Failed,Approved,2025-03-24
8811fcc6-ccbf-4e2e-beb7-36cca0d2da56,S107001,Verified,Failed,Verified,Approved,2025-11-27
ed2b002b-4d4f-4a43-adf4-01b5c0a3d4f6,S107002,Failed,Failed,Failed,Rejected,2025-06-10
89aa22b0-5e0a-4bb3-9f05-149b5604cb1e,S107003,Failed,Verified,Verified,Pending,2022-06-22
711b72df-f143-4f10-b7f1-561ec3345a6a,S107004,Verified,Failed,Verified,Approved,2024-02-19
5fd4134a-522c-46d7-92be-ea6a6c67d107,S107005,Verified,Verified,Verified,Approved,2024-01-12
181518e5-d708-46f4-9ef7-c3bc90b625e4,S107006,Failed,Verified,Verified,Approved,2024-08-05
840ec47b-6a6f-48bb-abaa-7981a3f02d59,S107007,Verified,Verified,Failed,Approved,2023-10-29
7ef9b50b-08e4-4aed-ba26-697d1728e0f6,S107008,Verified,Verified,Failed,Approved,2023-07-26
dde7efac-7376-499f-bde4-bdb784b7c531,S107009,Verified,Failed,Failed,Rejected,2022-07-08
852ce821-c802-4045-9bf4-3eb835af32ab,S107010,Failed,Failed,Verified,Approved,2025-03-18
593accf2-3de4-4945-b095-e0e7b1e685e0,S107011,Verified,Verified,Failed,Approved,2022-12-07
1beed6a8-4e9a-47c0-ab33-225c94de92f7,S107012,Failed,Verified,Verified,Approved,2023-10-06
c3d206b3-3c66-4aa5-bc90-513f2bc9e301,S107013,Failed,Verified,Verified,Rejected,2025-12-20
53e988c3-42fc-4d9a-bd32-86a4be5a8d82,S107014,Failed,Verified,Verified,Approved,2025-07-04
33aa8609-2c24-4e06-b780-63e1953f8e3f,S107015,Failed,Verified,Verified,Approved,2026-07-30
b16ad616-5ea9-4db3-8f97-93e32d2b3dc4,S107016,Verified,Failed,Failed,Rejected,2024-03-11
bfc7e9e1-f6f1-46e6-8e48-8c4b842e5527,S107017,Verified,Failed,Verified,Approved,2022-10-28
51baadf7-58f7-4675-89fa-46892e5e30a9,S107018,Verified,Failed,Verified,Approved,2025-09-14
eac4a84e-13db-457d-bffc-3602d631a545,S107019,Failed,Failed,Verified,Approved,2022-09-09
fe6ac6f2-621a-4859-840f-2bca1a040bc7,S107020,Failed,Verified,Failed,Pending,2024-02-05
77194818-b30f-41e7-8f9b-1d842ddc120f,S107021,Failed,Verified,Failed,Approved,2024-10-06
553bbb6d-3529-4a5f-857e-9ad3451e22c2,S107022,Verified,Failed,Verified,Approved,2024-11-05
48724928-c886-41c6-a910-08081a4980fd,S107023,Verified,Verified,Failed,Rejected,2022-12-01
d2558be5-83aa-4f08-a024-b5b598d05a59,S107024,Failed,Failed,Failed,Approved,2024-09-20
7eedc1ca-2240-4062-b37f-562469623159,S107025,Verified,Failed,Failed,Rejected,2025-10-22
349de483-2763-4668-8e01-7badb369dc7c,S107026,Failed,Verified,Failed,Approved,2023-01-23
a24a72ad-41a5-4f2e-b6f4-bd2d19819f9d,S107027,Verified,Failed,Verified,Approved,2022-10-11
2134c21a-0886-478d-b4f2-5c0ce71c5006,S107028,Verified,Failed,Verified,Approved,2025-11-21
0b627f82-1303-4dfa-be5d-3dcf865058de,S107029,Failed,Verified,Verified,Pending,2026-01-16
c7fb1a6d-00bc-45bf-a15d-e80df658b46a,S107030,Failed,Verified,Failed,Rejected,2024-05-25
634b7541-7c0e-43f0-9a68-b44ba19e51d5,S107031,Failed,Failed,Failed,Rejected,2025-06-05
46175fce-4bf7-4c4a-9496-1a223b7f9f07,S107032,Verified,Failed,Verified,Approved,2023-01-27
ae025b97-47a3-43d9-b527-16e63534edf4,S107033,Failed,Failed,Failed,Approved,2023-01-04
a64915e6-2e74-45fe-8086-fdcb6a453893,S107034,Verified,Verified,Verified,Approved,2025-01-17
bf4fb9e2-e2f6-496c-b768-52a4fff05450,S107035,Failed,Verified,Verified,Approved,2024-12-10
35436adc-f5ca-4999-b872-7d216017b12f,S107036,Verified,Failed,Verified,Approved,2025-01-28
65e887f4-5ddc-4327-b97c-d54f3ee227d0,S107037,Failed,Failed,Failed,Approved,2023-03-16
67493e68-b5d9-41f6-92e6-f372471973b7,S107038,Verified,Verified,Failed,Approved,2025-07-30
ce0052df-97a8-4a9c-ade1-e67ea368c88b,S107039,Verified,Failed,Failed,Approved,2024-06-25
7ecd45e7-f14e-4afb-a9f9-eae18c1ab874,S107040,Verified,Failed,Failed,Approved,2023-11-30
54ad9d4f-2bca-46c1-8fc0-77c009a8a33c,S107041,Verified,Verified,Verified,Rejected,2025-07-21
b89995ee-5c28-457e-983a-303c2697653b,S107042,Verified,Verified,Failed,Approved,2026-03-18
44dc20b2-1690-49a9-a037-e207b8d8bda1,S107043,Failed,Failed,Failed,Approved,2026-07-16
ba3f4f2c-f4e2-4338-a3cb-d2a7ad920918,S107044,Verified,Verified,Failed,Approved,2023-10-08
dabe15a5-59db-4485-b275-b4f83a4eae0e,S107045,Verified,Verified,Verified,Approved,2024-02-13
2175fa2e-798f-4d48-9866-d97edf5b692d,S107046,Failed,Failed,Failed,Approved,2024-07-03
619ea0fd-ab26-4102-b2af-8c05a64d8c4d,S107047,Verified,Failed,Verified,Approved,2024-07-22
0b268aaa-5da8-4ae7-81e0-d564ec48fa38,S107048,Failed,Verified,Failed,Approved,2025-03-31
cb56366e-be93-4360-baef-cd21436390ca,S107049,Verified,Verified,Failed,Approved,2024-06-15
5d1912aa-8936-43c8-8fde-971fa8bb4b9a,S107050,,Failed,Failed,Approved,2025-01-09
a22d17b5-0d21-4046-a372-1cf12b62882e,S107051,Verified,Verified,Verified,Approved,2026-05-26
d26b1581-2447-467a-804c-5594e23528ec,S107052,Failed,Failed,Failed,Rejected,2022-06-29
5574045a-3eed-4fb1-bddf-8733b8f0aea6,S107053,Failed,Verified,Verified,Approved,2022-05-26
275d26ed-7878-4c97-a7b7-1f6e498ccd83,S107054,Failed,Failed,Verified,Approved,2025-08-03
0918975e-41a8-4334-ab20-03fce0933520,S107055,Failed,Verified,Failed,Approved,2022-08-01
b96a23b1-ed77-4bbb-91ce-7807e43ebb94,S107056,Verified,Failed,Failed,Approved,2026-07-27
d0327303-cd82-49d3-9c35-ae99eecc38f3,S107057,Failed,Verified,Verified,Approved,2025-10-23
c38b3cb9-0ba3-4ac5-bcb6-4d29e586a078,S107058,Verified,Verified,Failed,Approved,2022-01-13
f6111882-13ad-4863-a516-2f4a67d5d095,S107059,Verified,Verified,Verified,Approved,2025-07-16
9ce0f77a-39c6-4927-be50-48561dad3425,S107060,Verified,Verified,Failed,Pending,2025-03-12
5d960de8-442e-4dbb-8117-b3b9045a64ea,S107061,Verified,Failed,Verified,Approved,2025-06-06
9ab46c07-e9a9-4e4a-87e4-4455a7f1223a,S107062,Failed,Verified,Verified,Approved,2023-10-27
d87c0089-5d21-4163-b928-46ea229cc46a,S107063,Verified,Failed,Failed,Approved,2026-05-01
4498e1b7-3242-4a9c-aa45-fc82a27279aa,S107064,Verified,Verified,Verified,Approved,2024-08-22
09279de7-7de7-420d-81af-4c660d2f5875,S107065,Failed,Failed,Failed,Approved,2024-05-02
8ffa0683-6b38-407b-9fc1-92a3c083b277,S107066,Failed,Failed,Failed,Approved,2023-02-02
fe1da55b-faee-4e01-a70f-56b0cb720630,S107067,Failed,Verified,Failed,Approved,2026-03-03
559fbd0e-380c-40f6-b9b8-1c77aa2515bb,S107068,Failed,Verified,Failed,Approved,2022-01-02
66df523d-5b92-41f0-b334-aef95db111ea,S107069,Failed,Verified,Verified,Approved,2023-06-19
970e930c-5ee1-49b0-8255-9d873d678d21,S107070,Verified,Failed,Verified,Approved,2024-07-11
c527bb11-869b-4e55-9034-db178e0856a6,S107071,Verified,Failed,Failed,Approved,2022-11-02
e209a91b-42b8-4b3b-8e79-aa0a276216a6,S107072,Failed,Failed,Failed,Approved,2024-09-11
c7252659-9057-4665-9cce-63e935bbb820,S107073,Verified,Verified,Failed,Approved,2022-06-02
ca4b0a99-87a5-423a-8c0d-f74c7052924e,S107074,Failed,Failed,Failed,Approved,2023-09-02
0ad6ff55-8f7f-43c8-9470-f70463b973a3,S107075,Failed,Verified,Verified,Rejected,2024-07-02
b7712ea9-5861-4490-9fcd-8b4a0b362efc,S107076,Failed,Failed,Failed,Approved,2022-07-23
f5816983-b620-4fc4-bd03-44075c0cf38e,S107077,Failed,Verified,Failed,Approved,2024-02-29
d745e51e-dd0f-48d0-935b-801735604d18,S107078,Failed,Verified,Verified,Approved,2025-03-17
00d82181-864d-4c0d-a84d-f8cd33d307f2,S107079,Verified,Failed,Failed,Pending,2023-07-15
bc00dbdb-f93d-4488-9fad-f12c75fa3a35,S107080,Verified,Verified,Failed,Approved,2024-02-23
a1319f08-67f3-49a7-a032-b2b8f82e0cd8,S107081,Failed,Failed,Verified,Approved,2024-02-21
ac7de8bf-93f8-4386-803f-83ee6368854b,S107082,Verified,Failed,Verified,Approved,2024-12-26
407a75be-4dd1-45a2-8292-0aab49f7ffe0,S107083,Failed,Failed,Verified,Approved,2024-07-23
5eca0ea3-e8b5-4ef1-a26d-3b5474b938c4,S107084,Failed,Verified,Verified,Approved,2024-02-17
ceab8804-7479-4ed4-9a43-54bb06b6c38c,S107085,Verified,Failed,Failed,Approved,2026-01-30
69915cb1-5549-4676-83f9-1372508bfaff,S107086,Verified,Verified,Verified,Approved,2023-11-20
58d5a50b-6445-48f4-96b9-e4a4adeda96e,S107087,Failed,Failed,Failed,Approved,2024-07-22
98628425-840d-4069-92bf-f0d3c82206b1,S107088,Verified,Verified,Verified,Rejected,2024-06-28
f7661dec-a242-4494-9ca8-764fc3ec99dd,S107089,Failed,Verified,Failed,Approved,2025-12-18
65d141dc-a541-4d3b-89f6-269abf62ca27,S107090,Failed,Verified,Failed,Pending,2024-10-25
659b8bf1-eeed-4d1d-88ef-b0fb52b50651,S107091,Failed,Verified,Verified,Pending,2023-05-10
dd87547d-7f30-46f4-973b-62b0de1592e9,S107092,Failed,Failed,Failed,Approved,2023-05-03
b66b37c0-b635-492c-bfac-883bca04068d,S107093,Failed,Verified,Failed,Approved,2022-11-29
2b535205-33b3-4cf6-a9ef-1f812210d828,S107094,Failed,Failed,Failed,Approved,2025-10-12
4086d68b-0ac9-46a7-ae82-ae674a1aea93,S107095,Verified,Verified,Verified,Rejected,2023-01-14
663849db-0fae-429a-84a5-064c3d7fc8e6,S107096,Failed,Verified,Failed,Rejected,2024-03-15
92fbbe72-1067-45b0-b0b0-fb203d343e97,S107097,Failed,Failed,Failed,Approved,2024-04-13
d39d1b14-0984-47a9-9e0e-28771ae3cbff,S107098,Failed,Failed,Verified,Rejected,2022-06-29
782627dc-904e-47f6-9a42-74e86df95944,S107099,Failed,Verified,Failed,Approved,2024-11-28
bd2e54df-19c9-42ae-9886-9323d68f8c76,S107100,Verified,Verified,Verified,Approved,2025-09-17
c240ba83-61bd-4e67-bf0a-2ea7d905be03,S107101,Verified,Verified,Verified,Rejected,2024-05-29
141ace26-977b-454f-9702-74b03dff7e2a,S107102,Failed,Verified,Verified,Approved,2026-02-18
cd8bcc3d-cc06-471c-abf1-9c6bc303a192,S107103,Failed,Verified,Verified,Approved,2023-03-12
fb67485b-4d1c-4000-985a-8b6a1745ec91,S107104,Verified,Failed,Failed,Approved,2025-03-02
0ca641cd-d557-45a2-a5a0-cdbab7ff60ca,S107105,Failed,Failed,Verified,Approved,2024-09-15
8c2eaa17-276b-44cc-961a-3d1bf9d56a44,S107106,Failed,Verified,Verified,Rejected,2024-06-27
d0d38a9b-2232-40ca-9bdb-058565dc7c5d,S107107,Verified,Failed,Failed,Rejected,2025-07-02
8dc40c8b-2860-45ba-b75f-4c4d24f8516a,S107108,Verified,Failed,Verified,Pending,2025-06-25
ea8ac7e2-db33-4345-ade8-4d9269419fbd,S107109,Failed,Failed,Verified,Approved,2025-01-20
45027989-1ee0-446c-82a0-0944f8cb509b,S107110,Verified,Verified,Verified,Rejected,2023-12-04
21b0a31a-c57e-4f63-b73c-d95c0081afdd,S107111,Verified,Verified,Failed,Approved,2024-02-09
54735c2e-ee0d-41e4-899d-d80ea2d1ea65,S107112,Failed,Verified,Failed,Pending,2024-05-29
42e12288-2548-45c9-a2e8-cbaa4c4639a2,S107113,Verified,Failed,Verified,Approved,2022-06-05
2bba2b8b-27fc-4080-9839-0b39bcfd8669,S107114,Verified,Failed,Verified,Approved,2023-05-09
260ecf44-05b9-473d-bd67-55164988ce35,S107115,Failed,Verified,Failed,Approved,2023-04-30
c624b618-21aa-4c0d-b0fc-171b3b3fb30f,S107116,Failed,Failed,Failed,Approved,2023-07-03
06f880eb-03dc-4370-8e44-0a05b3d45809,S107117,Verified,Failed,Verified,Pending,2026-05-10
729545f1-2121-42b3-b0d0-7f8818b4d74d,S107118,Verified,Failed,Failed,Approved,2025-01-02
2bda49c1-9a85-4afb-b030-d6d386c3e1d9,S107119,Failed,Verified,Failed,Approved,2024-11-04
293ee1ca-ac0d-4bc8-a8c7-7df38b692631,S107120,Failed,Failed,Verified,Approved,2024-06-21
5539a495-3c5d-4007-a98c-055543c720db,S107121,Verified,Verified,Verified,Approved,2022-12-16
d60f9162-9607-4b1d-a404-80750fb6119e,S107122,Failed,Failed,Failed,Approved,2023-06-07
b6d24c00-188b-4525-9132-58b67d01b829,S107123,Failed,Verified,Verified,Rejected,2024-09-18
3af1e2a2-55ed-4280-bbbb-da48ee98f932,S107124,Verified,Verified,Failed,Approved,2024-08-29
529d646a-9aaa-40fc-a96b-aa88c2496718,S107125,Verified,Failed,Verified,Rejected,2022-08-31
a2df2c60-1dd7-4e67-a171-202df9222741,S107126,Verified,Failed,Verified,Approved,2024-05-02
692d1846-ff57-4304-bc14-e62ef0e42289,S107127,Failed,Failed,Verified,Rejected,2023-02-22
e4eef5b9-47da-4f5e-96a0-48232f0d1582,S107128,Failed,Verified,Verified,Approved,2023-03-21
46590f3d-84fa-42f1-b242-e0f6bc8c36ba,S107129,Failed,Failed,Verified,Approved,2024-05-26
ccc2afef-7cfa-4d24-bc39-85f1686c0d5e,S107130,Failed,Failed,Failed,Approved,2026-07-03
e64cfd61-0e56-40c3-892f-37566037c111,S107131,Failed,Verified,Failed,Approved,2023-09-02
f76d59ee-c0ed-456c-8990-25e7c482fc00,S107132,Failed,Failed,Verified,Approved,2023-07-12
de4262c0-9898-4607-9c44-c0c9e5f36a8e,S107133,Failed,Verified,Verified,Approved,2026-06-10
ef16b665-947c-4b2e-b557-de32744d7542,S107134,Verified,Verified,Verified,Approved,2022-07-03
11b1817e-603f-4c7a-b72d-08335ce7160a,S107135,Verified,Failed,Failed,Approved,2024-09-16
8d448a64-00e3-4f8e-866b-0e07e7b4f6fe,S107136,Failed,Verified,Failed,Approved,2024-12-29
77060c7a-a456-47ce-8011-7e583070ab6a,S107137,Verified,Failed,Failed,Approved,2024-05-04
64616577-0dc2-4ee5-98f0-2d680a2c9d86,S107138,Failed,Failed,Verified,Approved,2023-11-21
3ccb9d66-ee0d-466b-a568-50123ef8cc0f,S107139,Verified,Verified,Failed,Approved,2022-06-17
7c331451-20fc-4c53-8e04-17be6070931c,S107140,Verified,Verified,Verified,Approved,2024-01-16
1f3a24ad-e8ef-44bd-b00c-59bdf2cb4888,S107141,Verified,Failed,Failed,Approved,2024-05-01
6c4e7144-5598-4a6b-b838-8941b8a87d84,S107142,Failed,Failed,Verified,Pending,2025-11-01
29f32051-b95a-4616-96ea-6776784a40f5,S107143,Failed,Verified,Verified,Approved,2025-08-02
bef27082-7d68-4b16-91a0-d06c6be0a953,S107144,Verified,Verified,Verified,Approved,2025-01-05
32a37829-c7dd-435b-aa05-b97ceeb9aaa6,S107145,Verified,Verified,Failed,Approved,2026-02-10
2544bd53-9673-41c6-afe0-799a6de8065e,S107146,Verified,Failed,Verified,Approved,2024-12-20
9924cb65-cfc8-4e84-923d-83f94a9e5ce8,S107147,Failed,Failed,Verified,Approved,2022-01-28
787f6169-927a-48e5-8b92-fde5ab23869e,S107148,Failed,Verified,Verified,Approved,2022-05-13
74733770-dd6d-40da-b352-30eab52b668a,S107149,Verified,Failed,Failed,Approved,2025-11-10
bdc23567-b9ed-4f2a-8b3c-770c320b2364,S107150,Verified,Verified,Failed,Approved,2022-07-07
31ba094b-4cfc-4e14-b0f3-163c2eab8730,S107151,Failed,Verified,Failed,Approved,2024-09-13
106421b1-27fc-451d-80a0-94f3f243a275,S107152,Verified,Verified,Verified,Rejected,2024-08-24
9810e6fe-2a8a-4c28-aea3-21b647845969,S107153,Verified,Failed,Verified,Approved,2023-11-08
fdda2f29-2fa2-4e5e-aa6e-d82728f46126,S107154,Failed,Failed,Failed,Approved,2023-01-17
daa93631-87b3-4ac1-b236-721b291e087b,S107155,Verified,Failed,Verified,Approved,2022-01-30
b881230d-85a4-4a43-b261-0c44391c41c1,S107156,Verified,Failed,Verified,Approved,2022-04-27
8006bae5-3264-48ec-952c-c757c94f6ba1,S107157,Failed,Failed,Verified,Approved,2023-04-06
2d35c5de-534f-4b30-ad84-65e1f055e55d,S107158,Verified,Verified,Verified,Approved,2025-08-16
567d6d17-37ac-476f-a9d0-98bdb8cc826e,S107159,Verified,Failed,Verified,Approved,2025-08-13
6281116f-0727-48d3-be90-6f5099f488d2,S107160,Failed,Verified,Verified,Approved,2026-06-17
07041c50-ae7f-47cb-bc3f-986625011757,S107161,Failed,Verified,Verified,Approved,2025-11-18
b493e7ce-dc9e-42b3-94b6-09c1c57b2fcc,S107162,Failed,Failed,Verified,Approved,2022-10-04
d1756ee9-fc9d-4887-ab5b-e3994a908e05,S107163,Failed,Failed,Failed,Rejected,2023-06-07
b816815f-e0a0-4e9d-8ad8-8ed3d9faaebe,S107164,Verified,Verified,Verified,Pending,2024-10-13
47247bc4-ffa8-493a-988c-96e9affc0282,S107165,Failed,Verified,Failed,Rejected,2022-09-05
4fbe6dca-2bf9-4ec2-930c-8c614c9e8de4,S107166,Failed,Failed,Failed,Rejected,2024-05-08
2f7e8fc2-2910-42d3-aca8-3ba956a0faa5,S107167,Verified,Failed,Verified,Pending,2023-02-27
406b7af2-27a3-4e77-bcc2-d2bf971b791d,S107168,Failed,Failed,Verified,Approved,2026-02-02
7159b7a6-634b-4b03-9ea3-6a11cf9be242,S107169,Verified,Verified,Verified,Approved,2024-07-22
aa53df33-85bc-444a-86ba-77aeace3ccdc,S107170,Failed,Verified,Verified,Approved,2023-02-12
3873bdc5-913a-4dd3-a520-3e39d2fb1ec9,S107171,Failed,Verified,Failed,Approved,2024-03-13
e7b1b73a-3a08-4463-b4cb-a22d9345af1d,S107172,Verified,Verified,Failed,Approved,2022-02-14
593432ae-a4e4-4ce9-b284-d1ebdfde1f7f,S107173,Verified,Failed,Verified,Rejected,2022-07-19
e8ac336f-6a3c-461f-8790-0f0e08dbe950,S107174,Failed,Failed,Failed,Pending,2026-06-26
9d156546-f725-456b-b1b3-03db28013002,S107175,Verified,Failed,Verified,Pending,2025-10-25
a4897d75-3255-4b16-b06d-8deeb10a8ef0,S107176,Verified,Verified,Verified,Rejected,2023-12-21
1ce96f92-4740-4073-b586-4f71f457302f,S107177,Verified,Failed,Verified,Approved,2023-07-02
dbebde7e-325e-429d-ac53-37875a37d834,S107178,Verified,Verified,Verified,Approved,2022-12-12
cffd46a9-d1a9-4011-8d85-65ce578db4b1,S107179,Verified,Failed,Verified,Rejected,2024-04-02
dd245554-edde-497b-a284-ccd7ba3761a9,S107180,Verified,Verified,Verified,Approved,2025-07-27
85b4a734-b736-47e2-b50c-8f083bfa6be5,S107181,Verified,Verified,Failed,Approved,2025-05-22
f17a61a0-a4d8-4429-822a-b84d7260291c,S107182,Verified,Verified,Verified,Approved,2023-11-08
9fc788a8-c9aa-432b-9d7e-782e951f697e,S107183,Failed,Verified,Failed,Approved,2025-03-10
ce7f41fb-e7d8-4b10-bb3a-bc80146655e3,S107184,Failed,Failed,Failed,Approved,2023-12-22
5720e0e6-0589-47cd-9c02-44fced1d1ea9,S107185,Verified,Failed,Verified,Approved,2026-02-25
944d620f-0842-4db2-832f-90853e07fa03,S107186,Verified,Verified,Verified,Rejected,2023-03-08
571c7037-4499-4ff0-be9c-e24da396027b,S107187,Failed,Failed,Verified,Approved,2025-04-29
920495bd-5c85-4436-bb72-a7118fb770b3,S107188,Verified,Failed,Verified,Approved,2026-01-14
b3063bfb-823e-4c38-8f27-768f587700c0,S107189,Verified,Verified,Verified,Approved,2023-03-22
cf01d20e-5869-4070-af67-0140fdc5cedc,S107190,Failed,Verified,Failed,Approved,2022-05-06
39994609-210d-42bb-ba1c-a957e8bc9377,S107191,Verified,Verified,Verified,Approved,2024-02-08
ae4fe8b4-b2b9-4b7a-bdb5-f4e42e914282,S107192,Failed,Failed,Verified,Approved,2025-10-29
7b67e19e-0174-42e6-8396-143230eb2a2f,S107193,Failed,Failed,Verified,Approved,2022-02-24
dfbcec8a-6bde-4411-8f3f-3e1d01258079,S107194,Verified,Failed,Failed,Approved,2022-04-13
6f8c1c22-8ebb-4fe7-91ee-0e9ce373848b,S107195,Verified,Failed,Verified,Approved,2024-03-15
80c1ae1b-4db2-4912-903a-2ab29a5e7f19,S107196,Verified,Verified,Failed,Approved,2024-06-10
ae67cc6c-64d1-4a12-8c48-38eed367dbb7,S107197,Failed,Failed,Verified,Approved,2023-05-11
b816a4e9-7764-435e-88fe-308374d55f12,S107198,Verified,Failed,Verified,Rejected,2024-10-07
2b0e581a-599e-40fb-80d3-b07fa14ea7d0,S107199,Verified,Failed,Failed,Approved,2023-12-23
44d522d9-1914-4479-9ea9-58eabe3f6060,S107200,Failed,Failed,Verified,Approved,2023-04-29
5de235cd-bd6d-4160-bfe6-9b458c36df32,S107201,Failed,Verified,Failed,Approved,2026-05-02
de938def-617d-4927-a575-57edf4427dd7,S107202,Failed,Failed,Failed,Approved,2025-09-07
a3559bc6-8e55-4f5a-8a95-3e935cf159c0,S107203,Verified,Verified,Verified,Approved,2026-04-27
22e9b52c-9245-454c-a188-87dbc5674ce8,S107204,Verified,Verified,Failed,Approved,2023-07-16
75445e02-23af-4c49-96a0-16b1aa2160c4,S107205,Failed,Verified,Failed,Approved,2024-01-13
ef6768c4-dd51-4387-b04f-9a10d82d6041,S107206,Failed,Verified,Verified,Approved,2023-05-24
2c36e2ae-bf0c-4282-802c-495da91c54d2,S107207,Failed,Failed,Verified,Approved,2023-04-26
ad6fd173-2153-493c-919a-5b71553b8904,S107208,Verified,Failed,Verified,Approved,2025-06-07
cd406c28-cd87-4f8a-9e75-a6b3aee45240,S107209,Failed,Verified,Failed,Pending,2024-11-19
43a16938-b4f0-46db-ab01-7807a2988939,S107210,Failed,Failed,Verified,Approved,2022-01-25
cbc57540-1a72-484f-a03b-0197e46e7774,S107211,Failed,Verified,Verified,Approved,2024-10-24
0fe5c896-aafe-4411-bef9-8d601c4e62bf,S107212,Verified,Failed,Verified,Approved,2022-11-08
5e3266b2-dfce-4dd0-801c-77fde464800f,S107213,Failed,Verified,Failed,Approved,2024-04-07
2d8d6e9b-6915-424c-bd26-366a5ae6f4a7,S107214,Failed,Failed,Failed,Approved,2023-12-22
125b60ec-fa7c-430f-8da3-dacfa74188de,S107215,Verified,Verified,Failed,Approved,2022-03-06
687cfb4e-a8e2-4f58-ac3d-fae92490d08c,S107216,Failed,Verified,Failed,Approved,2022-01-31
a5151678-e576-49dd-abbe-d9ad72193dc5,S107217,Failed,Failed,Verified,Approved,2022-12-04
a5b99593-c934-4209-86b3-17e881e4fcc6,S107218,Verified,Failed,Verified,Approved,2022-10-04
43eb3c09-d3d0-40d5-91d1-977cef00137c,S107219,Verified,Failed,Failed,Approved,2024-05-21
5025b99f-bd2d-49f7-8ca2-7bc7f31d3a41,S107220,,Verified,Verified,Approved,2023-02-22
7bdf1628-4d5e-4a5a-a6fc-e4b091843f42,S107221,Failed,Verified,Failed,Approved,2023-07-08
6c9ea692-334c-4920-bf94-3466091024e7,S107222,Verified,Failed,Failed,Approved,2023-11-15
d763dc85-2ba7-4ca2-8442-49f1d24d7748,S107223,Verified,Failed,Failed,Approved,2025-09-07
532d3f9a-c403-4969-97a6-da0d49ffeaf9,S107224,Verified,Failed,Failed,Pending,2022-06-22
b713f415-fa79-447a-b2d7-c5a0c27d990a,S107225,Failed,Verified,Failed,Approved,2025-11-11
51f6800b-6e1f-4ad0-8601-9d5527e7ee49,S107226,Failed,Failed,Failed,Rejected,2022-03-29
bb8556a9-b9f9-4fbc-99b0-453945499916,S107227,Failed,Verified,Failed,Approved,2022-07-21
68711af7-fa73-41c9-a3e6-44a739946d97,S107228,Failed,Failed,Failed,Approved,2022-04-25
fd114461-4b80-46b7-9130-e6dca248b160,S107229,Failed,Failed,Failed,Approved,2026-02-11
0f042c41-de54-4afa-8c62-13e1387ce5fb,S107230,Verified,Verified,Failed,Approved,2022-01-10
e50c3919-e7da-430b-aa6e-abc0b20b8a2d,S107231,Failed,Verified,Verified,Approved,2022-03-03
d515e4f1-feb0-4155-8435-70ebd753c87f,S107232,Failed,Verified,Verified,Pending,2026-01-26
5860fe4b-1239-4268-ba7c-113a352f50dd,S107233,Failed,Verified,Verified,Approved,2022-02-22
b615273f-d785-41a7-a3be-cf0c263c44f6,S107234,Failed,Failed,Verified,Approved,2026-05-10
1ea8c59d-cb7d-4209-b0a8-0c264438c972,S107235,Verified,Failed,Failed,Approved,2022-05-07
55cc57fe-10a1-4fd3-9bd3-8b650b02becc,S107236,Failed,Failed,Failed,Approved,2025-01-13
694875c1-ef95-435a-97e3-4b19ad02af6c,S107237,Verified,Verified,Failed,Approved,2023-06-21
e90cbc49-a68a-462b-bf59-6f0c889339df,S107238,Verified,Failed,Verified,Approved,2026-01-07
e4ac4a2e-e9e7-4d57-9e7d-146b07b8bdee,S107239,Verified,Verified,Verified,Approved,2024-05-19
ba02e263-3da3-4db0-9d7a-e438bcb64532,S107240,Failed,Verified,Failed,Approved,2026-05-25
bf583d5f-13f9-42cd-b2bc-df2cf7d32e6f,S107241,Failed,Failed,Failed,Approved,2022-10-23
fdcc2ebb-29dd-4973-afb3-a898fccfb409,S107242,Verified,Failed,Failed,Rejected,2024-11-25
dc230b8a-bcd5-497f-a9d6-c12c5d0b1f09,S107243,Failed,Failed,Failed,Approved,2023-10-24
96226bc5-4690-480a-a6df-bf54c5761389,S107244,Failed,Verified,Failed,Approved,2025-04-12
8c8ccf88-7022-406e-881f-261271b82118,S107245,Failed,Failed,Failed,Approved,2025-02-14
70358c97-6f53-4df3-8fce-15b176aab616,S107246,Verified,Failed,Verified,Rejected,2022-08-14
619f3a89-ab01-4785-a046-0ca8a688da5b,S107247,Verified,Failed,Verified,Approved,2023-08-02
819a7246-29cf-4692-8824-b5244a5c5b78,S107248,Failed,Failed,Failed,Approved,2024-06-06
de7d8595-efbc-4165-a093-cde069e03350,S107249,Failed,Failed,Verified,Approved,2024-06-29
fb8fe799-7778-4ab1-8979-bc683b95ec4f,S107250,Verified,Verified,Failed,Rejected,2022-12-03
75cfdbf1-07a8-4413-bcaf-6e87a8b734dc,S107251,Verified,Failed,Failed,Approved,2022-05-15
0a2fe221-bc0a-40e0-944f-10eb863204d0,S107252,Failed,Verified,Verified,Approved,2022-04-08
0962af1c-bbb0-49e8-91b6-23cebb531aee,S107253,Verified,Verified,Verified,Pending,2025-12-02
ffe2050b-4b58-4b53-a29c-ec2c1bf05ffa,S107254,Failed,Failed,Verified,Approved,2024-09-13
8611f2e4-4a3d-4480-b84d-5d6fd6dcff7e,S107255,Verified,Verified,Verified,Rejected,2026-02-26
64485715-5f36-4dde-825f-6965c578a314,S107256,Verified,Verified,Verified,Approved,2023-07-27
f1440d84-4c1c-446b-a3e2-29c09b22e533,S107257,Failed,Verified,Failed,Rejected,2025-10-19
bd27f3a7-1cca-4d5e-9ad3-31ce20fbf03a,S107258,Failed,Verified,Failed,Approved,2022-12-13
b769c786-4eb1-4388-bb7c-5da0825f55e5,S107259,Failed,Verified,Failed,Pending,2023-06-07
06886280-050e-4991-a725-382c961f1a0f,S107260,Verified,Failed,Verified,Approved,2023-03-25
11cfc867-958c-45ce-8194-d14a478b0dfb,S107261,Failed,Verified,Verified,Approved,2022-04-26
f80cc715-a86b-4d8e-8dfd-34d6d39dc3b9,S107262,Verified,Failed,Verified,Approved,2023-12-16
70775ba2-0fcd-4679-b91c-e27ec77e6aa5,S107263,Verified,Verified,Failed,Approved,2024-01-07
b00dfeb6-313d-4bd8-b2d9-8bef2b6787c2,S107264,Verified,Failed,Verified,Approved,2025-04-02
ce3bf563-d707-4400-bb62-1534124660f2,S107265,Verified,Failed,Failed,Approved,2024-06-25
2c48f57a-91ec-4a6e-aae2-4ab94b1ec61f,S107266,Verified,Failed,Failed,Approved,2025-08-18
91854a6f-4881-4682-87e0-5801ffcb13bc,S107267,Verified,Failed,Verified,Approved,2024-03-22
b6835195-042a-4ea2-b53f-8f6f99d7d298,S107268,Verified,Verified,Verified,Rejected,2024-10-06
0e7d3ba2-4a06-49bf-aa0c-2ea0f5266f56,S107269,Verified,Failed,Verified,Approved,2023-10-02
214db1a6-15e9-48ff-83d0-7ee1e35f8476,S107270,Failed,Verified,Verified,Pending,2024-07-30
0a440d7f-755b-4a0d-8f1a-616f12c9543f,S107271,Verified,Verified,Failed,Approved,2025-10-15
af5ff501-4645-4263-98ef-c511abd6b7c0,S107272,Failed,Verified,Verified,Approved,2022-11-30
077b102d-1335-4076-b4fa-4d14f7bf688a,S107273,Failed,Verified,Failed,Approved,2022-07-13
c92d3680-5ed7-446b-9917-9231ccfba4a2,S107274,Failed,Verified,Verified,Rejected,2022-12-15
5d4b7012-1691-4502-b78f-12430263a33a,S107275,Failed,Verified,Verified,Approved,2024-06-29
74a95e70-8378-4de6-85ae-7defba5a46ff,S107276,Verified,Failed,Verified,Approved,2023-12-21
6314e356-09f5-43c6-9105-f9758cb4d490,S107277,Failed,Verified,Failed,Pending,2024-08-25
6e3f4391-c550-43bb-83f2-83bf6a4e3b6f,S107278,Verified,Failed,Failed,Pending,2025-08-29
5b93c43c-cf52-43bb-b777-6d2471e32506,S107279,Failed,Failed,Failed,Approved,2023-05-09
1db334af-446c-4bc9-9da2-9b57a5c1670b,S107280,Verified,Failed,Failed,Approved,2025-07-25
5876d34c-3a5a-4ce1-85bb-1fac43cf1bfe,S107281,Verified,Failed,Verified,Approved,2024-02-09
6734086c-5506-4e72-926c-de76efee87df,S107282,Failed,Failed,Failed,Approved,2024-11-26
1ed53091-59e6-4700-911a-4f39056189d8,S107283,Verified,Failed,Verified,Approved,2025-05-23
ee6bc5ad-21af-43ab-b829-15d5440dc11a,S107284,Verified,Failed,Verified,Approved,2026-07-18
af6fc8cb-0d3f-4431-b960-846375342ea0,S107285,Verified,Verified,Verified,Approved,2023-12-20
c747a6f2-57bf-4565-90a6-78ba27f4f69b,S107286,Verified,Verified,Failed,Pending,2023-05-14
1d675a2f-6366-49a0-8a35-c6803af72cc3,S107287,Failed,Failed,Failed,Approved,2026-03-07
1f462f03-55bf-4a6f-b6f1-002a1acec4e9,S107288,Verified,Verified,Failed,Rejected,2024-09-10
b59825d1-e83f-405a-944b-36f21e13498e,S107289,Verified,Verified,Verified,Approved,2025-03-31
b9938f44-dd71-41df-ac96-23d26f368c1b,S107290,Verified,Failed,Verified,Approved,2022-03-23
418ccb56-18a1-4a9b-9898-0053788bc274,S107291,Failed,Verified,Verified,Approved,2024-04-08
9dc8400c-5eaa-490e-805c-0fd33532c7ce,S107292,Failed,Verified,Failed,Approved,2025-06-15
0927a8a3-1ca3-41b8-8364-008f315bdea0,S107293,Verified,Verified,Verified,Approved,2023-06-12
db64d5f3-a5ac-4446-9ae3-cd8d6494376e,S107294,Failed,Failed,Failed,Approved,2025-12-08
02aab92a-535b-4bbf-b6a6-f4d46bff1e81,S107295,Failed,Verified,Failed,Approved,2026-01-05
b290256f-f42a-4ee1-8137-a11ca1bde90d,S107296,Failed,Verified,Verified,Approved,2025-04-14
f271ba19-2fd0-4b2f-bfb8-66bcdf8e5693,S107297,Failed,Verified,Failed,Approved,2023-12-06
1f19ba4f-3727-4ae2-9906-feb4514e08fe,S107298,Failed,Verified,Failed,Approved,2024-09-27
7f2cd3dc-0939-4a99-b2e2-4b9cd96f8d49,S107299,Failed,Verified,Verified,Approved,2023-09-22
130aae92-e58d-47fe-bfcf-afd63337ac96,S107300,Verified,Failed,Verified,Approved,2026-04-10
704f66f7-01c3-443d-a547-b8a92fd831ab,S107301,Failed,Failed,Verified,Approved,2026-01-12
0826bf52-bbd1-4d97-9268-8b182520c9a5,S107302,Verified,Verified,Verified,Approved,2024-03-14
4e61f683-fd0b-4507-a5e0-1c648bb5a294,S107303,Failed,Failed,Verified,Approved,2024-02-25
bf63b3d7-b97f-4e8a-904d-9ee252253ff0,S107304,Verified,Verified,Verified,Rejected,2023-08-02
051ec61c-ed28-455c-8cf6-d1152d42b7e2,S107305,Verified,Verified,Failed,Approved,2022-01-22
b81e2e60-6fdc-447f-847e-d77d8c7dbcfa,S107306,Failed,Verified,Failed,Approved,2025-05-05
9c15efc6-bd5c-48b6-88d3-d647ca8a1194,S107307,Failed,Verified,Failed,Approved,2026-05-21
20da292e-97cd-49a5-ac9b-dd676db3146d,S107308,Failed,Verified,Failed,Approved,2024-11-19
3af0be82-f1fc-4561-8408-486c514e4c6d,S107309,Verified,Verified,Verified,Approved,2025-05-05
09fa5766-6852-4abf-bc1b-2a10d00457fc,S107310,Verified,Verified,Verified,Approved,2026-06-27
ec39b784-03d2-4e8a-ac12-36571960e018,S107311,Failed,Verified,Verified,Approved,2025-06-26
a7a6be93-bc42-43a6-9512-eb17ee40ed82,S107312,Failed,Verified,Failed,Approved,2025-11-06
c83a4d51-3cd0-4541-9339-41a79cf42ac1,S107313,Verified,Failed,Failed,Approved,2024-08-05
973d6bec-df17-40d0-9549-5d0f130a0aba,S107314,Failed,Verified,Verified,Approved,2024-03-11
c5e61a9c-f1a4-498a-992f-e865fbac85fc,S107315,Verified,Verified,Verified,Approved,2025-06-09
c5c8a431-44d5-4b07-965b-58f6b486ae6d,S107316,Verified,Verified,Verified,Approved,2026-05-04
9857448c-cfb3-4f0f-8696-ea5d0f157c9d,S107317,Failed,Failed,Failed,Approved,2023-05-06
1d406357-814c-41b2-aed9-91989c74c944,S107318,Verified,Failed,Verified,Approved,2025-10-22
dc86c572-b806-4204-95aa-cc672a2c750c,S107319,Failed,Verified,Verified,Approved,2023-11-14
b5111ce8-f105-4d9a-b3a0-a7789fd441f7,S107320,Failed,Verified,Verified,Rejected,2025-01-18
9654cb1e-ca94-4456-be72-e22a1c500de1,S107321,Failed,Failed,Failed,Approved,2024-04-18
d865f407-b367-4c66-a969-79cc22be5f92,S107322,Failed,Failed,Verified,Approved,2024-04-11
842f62a1-2f4a-42f4-a494-43f2cade4237,S107323,Failed,Verified,Failed,Rejected,2023-01-24
e60c99f5-db8d-40d0-b28d-060e85524faa,S107324,Verified,Failed,Failed,Approved,2022-09-26
55decd9a-13ae-446f-bba4-b1a04e4fb666,S107325,Failed,Failed,Failed,Approved,2023-03-12
e762f8cb-dd12-4923-9756-1070b5c12253,S107326,Verified,Failed,Failed,Approved,2023-12-26
ccef0219-2667-4889-9f64-2e9b41c3dcd4,S107327,Failed,Verified,Failed,Approved,2026-07-25
3114707d-a2cb-45b7-83c2-9fd25b1f0368,S107328,Verified,Verified,Failed,Approved,2024-01-04
d221cdde-54ad-414c-b52b-60504c401b56,S107329,Verified,Verified,Verified,Approved,2025-08-20
6d26c41d-67b9-48f6-a60d-df700b40750f,S107330,Verified,Failed,Verified,Rejected,2023-12-26
7aad1599-2c78-4b5d-a50f-fe4c42b69b8b,S107331,Verified,Failed,Verified,Approved,2022-01-22
b5b78f19-efd5-4617-8854-f4fb3e2b58d9,S107332,Failed,Failed,Verified,Approved,2023-09-12
daaeff43-9860-4c5f-a017-08656ef96a32,S107333,Verified,Failed,Verified,Approved,2023-11-08
e4ec9cee-6ff5-4065-9700-33fe64ca768f,S107334,Failed,Verified,Failed,Approved,2026-02-13
e0f43a98-1003-467c-8c77-ea4647493806,S107335,Verified,Verified,Failed,Approved,2024-03-09
11f01c4a-5593-46bb-899b-474615403212,S107336,Verified,Failed,Failed,Approved,2024-09-05
90c654fe-2bca-4b14-8414-7700f3c30463,S107337,Verified,Failed,Verified,Approved,2025-11-26
b2e71ac1-22bb-4bc9-bac6-6ac0a3fa9ed6,S107338,Failed,Verified,Failed,Approved,2023-06-19
d1b6a810-25fe-4e7b-b7e4-4b63e0c27c6c,S107339,Verified,Failed,Verified,Approved,2022-04-16
bc65c13e-04ec-4364-b063-fd9245662281,S107340,Verified,Verified,Verified,Approved,2023-06-13
7f68633f-7882-4300-be22-2edf6d12b92c,S107341,Verified,Failed,Verified,Approved,2025-03-20
a9c8e5db-3bcb-4e25-8443-7c769e167c19,S107342,Failed,Failed,Failed,Approved,2026-01-04
81f1fe2d-7572-41ce-b49c-bf4662aa7a4c,S107343,Verified,Failed,Verified,Approved,2025-12-28
00c7890c-7e40-4778-82f6-68c6110fede8,S107344,Verified,Verified,Verified,Approved,2023-10-08
227f224a-e409-46cd-b0f0-3dee82bbf61b,S107345,Failed,Verified,Verified,Approved,2025-02-14
80d96205-0dc6-4fe8-b5ec-61d2405ea2fb,S107346,Verified,Verified,Verified,Approved,2026-02-20
a20fcc8f-391c-4290-8ad9-7d499c13f552,S107347,Failed,Failed,Verified,Approved,2024-06-10
b1d250bc-b742-4eb6-954f-82435bc75849,S107348,Verified,Failed,Verified,Approved,2022-07-21
30e512d7-380f-4257-a2eb-c6cadc7a1771,S107349,Verified,Verified,Verified,Approved,2023-11-20
fe4d2f7a-18da-482e-8310-adeebe0dc5bc,S107350,Failed,Failed,Verified,Rejected,2026-02-09
2dac971b-938a-4468-b453-e65d5affc139,S107351,Failed,Verified,Failed,Approved,2025-08-16
abfd45aa-2e27-4895-8fda-71690e04e8a2,S107352,Failed,Verified,Verified,Approved,2024-11-09
62a5f10a-6ea9-4992-8a9c-ac163fbb0308,S107353,Failed,Failed,Failed,Rejected,2023-01-11
632b0366-b5e1-478b-9421-0350157a4052,S107354,Verified,Failed,Failed,Approved,2024-06-27
15149529-0422-41ad-a9fa-4e52a4973135,S107355,Failed,Verified,Failed,Approved,2022-12-11
eac3c934-f97f-42be-9386-2828723b4143,S107356,Failed,Verified,Failed,Approved,2023-12-28
f797e352-cfc1-40f3-96f2-05b526a9ded1,S107357,Verified,Failed,Verified,Rejected,2026-06-11
ade0a4a2-1dfc-407e-bbc6-8b49534ce33a,S107358,Failed,Failed,Failed,Approved,2026-05-03
d7b8470f-a4f8-492c-a1a0-8cac23f2d1ac,S107359,Failed,Verified,Verified,Rejected,2025-05-18
e1b1727a-0ed5-48ac-a6b3-2b0edfb5d424,S107360,Failed,Failed,Verified,Approved,2024-08-23
dd0c3054-ea8d-43c5-8fef-ccb6ae9621d1,S107361,Verified,Verified,Verified,Approved,2024-08-29
6c5b6bb0-9620-4e1d-b37b-a1286b212b21,S107362,Verified,Failed,Failed,Rejected,2023-12-08
16622d42-fa40-47af-9c40-3678c6a063a8,S107363,Verified,Verified,Failed,Approved,2023-02-16
8dff4cc2-0518-4c91-b6da-2faad9d1b04c,S107364,Verified,Failed,Verified,Approved,2023-07-18
3d474260-ac64-49bd-806b-d7b04557a34a,S107365,Failed,Failed,Verified,Approved,2025-03-22
91678c1a-be06-4757-86e7-3c949ff1e631,S107366,Verified,Failed,Failed,Approved,2025-03-11
abee976d-a7bb-4627-a885-a1232e372b5e,S107367,Verified,Failed,Failed,Approved,2024-11-22
641dd61e-7a3f-4b3b-bfd9-5216f233c530,S107368,Verified,Verified,Verified,Pending,2023-02-12
c1e59c43-3762-4fbd-bbc0-92dee5ef7d1c,S107369,Verified,Verified,Failed,Rejected,2022-11-17
87546be3-c647-457b-8548-8f6369781b66,S107370,Failed,Failed,Verified,Rejected,2026-04-05
cde68cba-e353-4d03-ba80-b6346adc0ab0,S107371,Verified,Verified,Failed,Approved,2026-05-20
954d9337-d0f4-4b30-b7f2-7fe634efbf2f,S107372,Verified,Failed,Failed,Approved,2026-05-12
58b00aeb-f85d-498a-a5ee-8b0998747a5c,S107373,Failed,Failed,Verified,Rejected,2026-06-18
b3c3fbf7-641b-4de8-a420-fcc90b46730b,S107374,Verified,Verified,Verified,Approved,2025-12-25
7e44179c-ff53-416a-a48c-6a926786ef02,S107375,Failed,Failed,Failed,Approved,2024-10-19
b74c2e80-cac3-43a8-8232-c79e6d9f1294,S107376,Verified,Failed,Failed,Approved,2022-05-26
86b030c8-0511-4147-9aae-37ff57226456,S107377,Verified,Verified,Verified,Approved,2023-10-23
09737505-a60b-41da-86c9-4c31a5457caf,S107378,Verified,Failed,Verified,Approved,2026-07-17
0c757b17-ebe4-4c40-94db-c32556fa7218,S107379,Failed,Verified,Verified,Approved,2023-12-24
8c63dc6c-0da7-412b-9bc1-33a2adc44f54,S107380,Failed,Failed,Failed,Rejected,2025-05-13
a0301221-6a84-4736-8b05-65c937d643db,S107381,Failed,Failed,Verified,Approved,2025-03-01
0c46d910-5c57-4d0a-afd3-5b529f34b6e7,S107382,Failed,Verified,Verified,Rejected,2022-01-24
c2fa642a-972d-4db5-b5ae-fb6db11c8041,S107383,Verified,Verified,Failed,Rejected,2023-10-23
59fae6e1-0920-4e96-9456-eba681481abf,S107384,Verified,Failed,Failed,Approved,2026-07-26
5eeac647-f69f-454d-b9e1-79dffbc931d1,S107385,Verified,Verified,Verified,Approved,2026-07-03
4b84bfa9-ed99-45f0-ae5b-45cfe421bd67,S107386,Verified,Failed,Verified,Approved,2025-02-26
95c51842-13ec-4f02-8ccb-d2144fc6f16f,S107387,Failed,Failed,Verified,Approved,2025-12-05
c65bad8e-49b5-49cc-bfb1-e9da92ebff8f,S107388,Verified,Failed,Failed,Pending,2024-08-08
42e13bc8-2076-4fc9-981f-045f11499c2e,S107389,Failed,Failed,Failed,Approved,2022-04-15
6476d2d7-10da-4403-aaf3-a35836100ed5,S107390,Verified,Verified,Verified,Approved,2022-09-20
b2fc8f24-034a-4c95-9f2e-69b80c55042d,S107391,Failed,Verified,Verified,Approved,2022-11-23
c0684c4e-a2bc-4f45-98a2-40202e185055,S107392,Failed,Verified,Verified,Approved,2026-07-30
f7fb0119-9c2a-4c35-9599-1a6ff3d8dee6,S107393,Failed,Failed,Failed,Pending,2024-06-03
179b3887-6620-4ac2-b0b2-1f070ad4c05d,S107394,Failed,Verified,Verified,Approved,2023-12-06
a15e7cc4-c327-4b3a-9e1e-5bbe94cd85b8,S107395,Failed,Verified,Failed,Approved,2024-09-27
e5f412e1-bdf2-48f9-9c0c-0822813783ad,S107396,Failed,Verified,Verified,Approved,2025-05-25
e09b1353-9c7e-4575-8f7c-9e59e66df910,S107397,Verified,Failed,Failed,Approved,2023-10-13
7e49f0eb-69be-4e6e-b5e2-f593895e9fba,S107398,Verified,Verified,Failed,Approved,2023-05-11
03ac4667-9c23-4660-8376-86e68599b8a5,S107399,Failed,Verified,Failed,Approved,2023-12-23
f20b435b-d66b-4dad-a249-61573cacb3b2,S107400,Failed,Verified,Failed,Approved,2022-10-03
4771ffb7-7144-4eb0-b32d-ded917fb0786,S107401,Failed,Verified,Failed,Approved,2025-06-10
b20ebbd3-f4a6-4e78-9561-d0449040fb2a,S107402,Verified,Verified,Verified,Approved,2022-11-18
c44e9e72-1e70-4811-b95d-852c17f49201,S107403,Verified,Verified,Failed,Pending,2026-06-03
55350761-705a-490a-af79-e1397a6dbefb,S107404,Verified,Verified,Failed,Approved,2026-04-27
b16f00a8-f813-4e00-85f6-5fde5f10c67f,S107405,Failed,Failed,Verified,Approved,2023-03-16
0a67aed7-ca4b-4908-aafa-4c9dff301327,S107406,Failed,Failed,Failed,Approved,2025-02-12
7e638fb0-d362-47f0-b032-cca847719069,S107407,Verified,Verified,Verified,Pending,2024-07-04
32f6a44a-deec-4657-a445-86ea56c81807,S107408,Verified,Verified,Verified,Approved,2024-02-12
551874a3-1aef-4e4c-9fde-a669bce126b6,S107409,Failed,Verified,Verified,Approved,2022-08-20
a5061969-5aba-4eb4-b21e-533dd18ad856,S107410,Verified,Verified,Failed,Approved,2026-04-15
21dc9c8b-dc13-4d18-aa31-aff1f08d338c,S107411,Verified,Verified,Verified,Rejected,2026-06-13
527e746f-9eec-445d-ad67-aa35e4a46035,S107412,Failed,Verified,Failed,Approved,2025-02-28
3f6f25a2-89d3-4913-b758-1b810d6c8647,S107413,Failed,Failed,Failed,Approved,2023-01-04
0928c6d3-64c7-4071-8f17-34f0d2c006cd,S107414,Failed,Verified,Verified,Approved,2026-04-13
954f03c7-f263-436c-b2a5-0abae83dc3c8,S107415,Verified,Verified,Failed,Approved,2023-08-21
7ee6563c-6cac-40db-b681-2d5b0f1346b2,S107416,Failed,Failed,Verified,Approved,2024-01-06
712db810-6de9-4266-8e22-99874a87fc1d,S107417,Verified,Failed,Failed,Approved,2022-08-14
65485986-e1ea-432f-9c2d-70a7d9aedffb,S107418,Failed,Verified,Verified,Rejected,2023-12-29
da7a139a-5e02-4c70-b396-953578d3c99e,S107419,Verified,Failed,Failed,Approved,2023-05-29
53329805-cb71-4e1c-85a3-365c34109b80,S107420,Failed,Verified,Verified,Approved,2023-09-09
50c32d0a-e37b-4d55-9333-e9bbf1479ff2,S107421,Failed,Failed,Failed,Approved,2023-09-08
b2df6add-a951-4051-823a-e5293f92c00e,S107422,Verified,Failed,Verified,Pending,2022-06-01
48d20498-7e69-4417-ba89-69ecfb217359,S107423,Verified,Verified,Failed,Approved,2022-01-28
22fa2884-ef20-4504-9934-765033b24efe,S107424,Verified,Verified,Verified,Approved,2022-07-07
1aca94c5-84a3-4a26-8044-18f37f1895be,S107425,Failed,Failed,Failed,Approved,2022-08-24
8bb25f9b-754c-40d3-8e85-46462bb841c3,S107426,Verified,Failed,Verified,Approved,2026-06-27
b717cb51-d392-45ec-8336-ab4a0b75b5f8,S107427,Verified,Failed,Failed,Approved,2024-01-23
8a2e9624-7e19-4fe7-b51d-f5e90698dd6e,S107428,Failed,Verified,Failed,Pending,2023-09-09
1d9cf5e8-008b-4736-9b32-ff5c16c88a74,S107429,Failed,Failed,Verified,Pending,2024-06-08
24afc1a0-a24e-46f1-bfc3-940200c87d7a,S107430,Failed,Verified,Failed,Approved,2026-06-22
80b60ff3-0169-41b4-9d8d-4717cd5d3146,S107431,Verified,Failed,Verified,Pending,2024-10-02
41d02f19-3d44-4271-98d9-f21426f8454d,S107432,Verified,Failed,Failed,Pending,2023-10-16
c4b82d4e-d00f-4b10-98ca-4e7ee81893c7,S107433,Verified,Verified,Verified,Approved,2022-10-25
af73bf1d-98e7-4b9b-8277-0d6067af09de,S107434,Verified,Failed,Verified,Approved,2026-05-18
76cb34a0-93a9-4b96-864b-603d9d510ba2,S107435,Failed,Verified,Verified,Approved,2022-01-23
852f74e1-b44c-4c38-bd33-655558f583f1,S107436,Verified,Failed,Verified,Approved,2022-12-29
5a820f9c-cbfc-4b63-8e7f-ed2688e6988a,S107437,Failed,Verified,Failed,Pending,2025-07-29
6609b9a1-668a-431f-a2f9-d4701d201476,S107438,Failed,Verified,Failed,Approved,2025-04-19
7fa9aae9-04ba-4cf4-9000-72e315991dbf,S107439,Failed,Verified,Failed,Approved,2023-01-29
4ffb69a5-42bf-43a9-a570-24c2e14af332,S107440,Verified,Verified,Failed,Approved,2024-04-20
0c482a02-9966-4607-a552-dbb5440f7b24,S107441,Verified,Verified,Verified,Approved,2022-08-14
9708f85b-c8b9-4082-b92f-c32d47dbb991,S107442,Verified,Verified,Failed,Pending,2023-04-22
b4c26f4a-abe0-448b-beae-e5c149f74a2b,S107443,Failed,Failed,Verified,Approved,2026-02-23
b7af8412-660f-4110-a30e-a9f3e453f630,S107444,Failed,Verified,Verified,Approved,2026-02-06
a5985a38-f567-4d93-af25-c802132c230d,S107445,Failed,Failed,Failed,Approved,2022-05-26
2b3d277c-b080-4fc0-a009-091e242ce7a1,S107446,Verified,Failed,Failed,Approved,2025-11-01
d70e773a-b097-4735-b75b-6233fc3575da,S107447,Verified,Verified,Verified,Approved,2024-12-25
6e7894b6-21da-409b-b1a4-1e7ce1acfdb3,S107448,Verified,Verified,Verified,Approved,2025-12-20
44c0d4c5-5729-446b-84c6-84da1acaa858,S107449,Verified,Failed,Failed,Pending,2022-03-12
db71bec2-caa6-4212-a5ef-3592c7d0536e,S107450,Failed,Verified,Failed,Approved,2022-11-19
b96336e2-2b5c-4b76-89a0-5b9ff24e2646,S107451,Failed,Failed,Verified,Approved,2023-08-27
d96cf903-bee3-4a47-84f2-a3fa61ae3df3,S107452,Failed,Verified,Verified,Rejected,2023-11-13
4d61d4c5-a652-4543-85f1-ef1d2e19b9c7,S107453,Verified,Verified,Verified,Approved,2023-01-19
5b0f3227-698a-4ada-8b92-5e92d9f70788,S107454,Verified,Verified,Verified,Rejected,2024-11-04
2461a17f-95b0-49de-94c2-6dd3b8957915,S107455,Verified,Verified,Verified,Approved,2024-08-17
87c8604c-b510-4fa9-974d-0bfce7205ea1,S107456,Verified,Failed,Failed,Approved,2024-09-25
8a7a59d0-6210-4666-912b-171b9676e8a4,S107457,Failed,Failed,Failed,Approved,2024-04-08
e739cfc1-6694-4da3-8eec-d82b81d4186f,S107458,Verified,Failed,Failed,Approved,2024-06-13
9ff059fc-fa5a-4f8b-9fa0-a8db400b7fd9,S107459,Failed,Failed,Failed,Approved,2026-01-03
d98d3193-379b-4809-a5cd-269d937d569c,S107460,Failed,Failed,Failed,Approved,2022-08-10
73255bc0-95c1-4578-ab2e-501531254af3,S107461,Failed,Failed,Verified,Approved,2023-08-09
30b07cdc-5a2e-46c2-8640-f319faaed6f0,S107462,Verified,Verified,Verified,Pending,2023-08-24
103a627b-f6a0-400e-9b42-e3b3e07788c7,S107463,Verified,Verified,Verified,Approved,2025-01-08
3bb822c4-2d1d-4aaa-8aeb-1a398840fc9d,S107464,Failed,Failed,Failed,Approved,2023-01-06
70de7907-8e74-4bbc-8b45-f2328a853d24,S107465,Failed,Verified,Failed,Approved,2025-09-29
a39572b8-c8ee-481b-9591-f84f691e5cd2,S107466,Verified,Failed,Verified,Approved,2022-12-07
394ebb3c-4148-46bf-8dbc-b9ca4dc126a3,S107467,,Verified,Verified,Approved,2025-11-30
397ef9f4-d8e3-45f9-b752-615abb5ef843,S107468,Failed,Failed,Verified,Approved,2022-08-09
70f05755-c4ac-4bb4-ad04-9d94ab6c940a,S107469,Failed,Failed,Failed,Approved,2024-10-17
c5693b6c-60b3-4d84-bb5a-5632e76c5bab,S107470,Verified,Verified,Verified,Approved,2023-05-30
9ed7ced4-0978-4a75-a55d-3226a4e415d2,S107471,Verified,Failed,Failed,Approved,2025-03-23
83185b55-0fdb-4f03-987f-a072f81ad6a5,S107472,Failed,Failed,Verified,Approved,2022-07-23
390476d8-56e6-4c79-b038-2406544c3c14,S107473,Failed,Verified,Verified,Approved,2025-03-19
9a54644f-77c4-4a69-bcf8-03dbc7255f51,S107474,Verified,Failed,Verified,Approved,2024-07-09
c0f6015f-6470-4168-b15a-80414e5369fe,S107475,Verified,Verified,Verified,Approved,2022-05-23
b71fa379-8754-404e-9acc-d16e37509dcc,S107476,Failed,Verified,Failed,Approved,2022-11-16
2e023bb4-4142-4b1c-a767-9aa037c2dcd6,S107477,Verified,Failed,Verified,Approved,2025-02-06
0355d77f-041b-49fa-928a-81ffb5e20c44,S107478,Failed,Failed,Verified,Pending,2022-06-28
97f8b7d9-eeb7-41db-8917-3d5328900a61,S107479,Failed,Verified,Verified,Approved,2022-11-19
89873a80-7cb9-4439-a46c-80062a7b0c8f,S107480,Verified,Failed,Failed,Approved,2025-12-01
2835ba6d-5786-40ed-8bd1-e833efd4540c,S107481,Failed,Verified,Failed,Approved,2024-10-02
664548a7-4b9f-44d9-b3e1-b105d8d1a80d,S107482,Verified,Failed,Failed,Approved,2022-08-29
14137136-a892-420b-b354-7094b9753f9b,S107483,Failed,Verified,Failed,Approved,2023-09-24
f9fbf715-ca1c-4346-91c3-aff3513d80d9,S107484,Verified,Failed,Verified,Approved,2025-08-29
1c823380-28de-42fa-b5b9-8bb5e5c1f69a,S107485,Failed,Verified,Failed,Approved,2022-08-26
7defbb69-6d2f-4627-9073-0f84c1680e73,S107486,Failed,Failed,Failed,Approved,2024-06-03
d2133cb5-0128-4491-bc32-b98f673add32,S107487,Failed,Verified,Failed,Approved,2022-09-12
68ad8f1e-9bc8-4516-ae6e-e14d85e603fa,S107488,Failed,Failed,Verified,Pending,2025-11-14
60cacb6d-050d-42da-96b0-19260b524ec6,S107489,Failed,Verified,Verified,Approved,2024-07-11
dfab137c-6d5c-45d4-a464-9a8ff2077a52,S107490,Verified,Failed,Verified,Approved,2025-08-11
9f269557-e2b7-4137-8173-e1c0513d5c96,S107491,Verified,Verified,Verified,Approved,2022-03-26
28fa077b-ad7c-43d6-8085-8372721e97b8,S107492,Failed,Verified,Failed,Approved,2022-07-27
bc2c13e5-2122-410c-8f78-9386b4a7803b,S107493,Failed,Verified,Failed,Rejected,2025-12-27
5c4be64b-6bea-41b3-98f7-d29b5e98d767,S107494,Failed,Verified,Verified,Approved,2023-09-05
939e51d2-c165-4304-a17b-d5288d67c05a,S107495,Verified,Verified,Verified,Approved,2026-01-25
5463974c-d167-4ac0-8e89-ea9737f1c35a,S107496,Failed,Verified,Verified,Pending,2024-10-20
eaa31841-a37c-45b6-b3d3-842b402395b4,S107497,Verified,Failed,Verified,Approved,2024-05-02
4cf066e1-a8b6-4ca9-a0c1-908c0aa0177a,S107498,Verified,Verified,Failed,Approved,2025-03-31
56352487-a041-4ba8-8b69-97f6b8ce5f6c,S107499,Failed,Failed,Failed,Approved,2024-09-07
e19b1158-3b89-400f-b07d-bb51048c16fd,S107500,Failed,Verified,Failed,Rejected,2024-09-30
31924bd4-663f-405c-8cef-d8c69302c999,S107501,Verified,Failed,Failed,Pending,2024-02-27
32d01eb5-e7b8-4769-a232-524a86e9d465,S107502,Failed,Failed,Failed,Approved,2025-01-27
fae72a7b-6083-4695-80f6-7d3fbf1ad4e5,S107503,Failed,Verified,Failed,Approved,2025-09-25
9a48cabd-63da-4122-bd78-5134f2cf1197,S107504,Failed,Failed,Failed,Approved,2026-02-10
1eab719f-85ee-4ded-85cd-47fdc167d174,S107505,Failed,Failed,Verified,Approved,2023-03-31
9b6ece02-4b51-425c-81ea-dad7ffbb6959,S107506,Verified,Failed,Failed,Approved,2022-12-19
0b26054d-ff16-40aa-a42c-643c87f365b8,S107507,Failed,Verified,Verified,Pending,2024-05-13
67888389-b60d-429a-9ae2-a397232fa8fa,S107508,Failed,Failed,Verified,Approved,2023-12-04
39a20ae6-fcfb-493e-94ab-75c9cb2d065c,S107509,Verified,Verified,Verified,Approved,2025-11-24
b5ad41df-8e4f-40d8-aff4-f6932eed4af6,S107510,Verified,Failed,Failed,Approved,2022-06-11
13a47936-dda4-42bb-b912-27eee469ab33,S107511,Failed,Verified,Failed,Rejected,2022-02-18
338f29be-ef81-4b45-a9ad-08e95834a583,S107512,Failed,Failed,Failed,Pending,2023-10-30
775f2613-0443-477c-bab8-1d0205ac3f00,S107513,Failed,Failed,Failed,Approved,2024-09-19
fd933fd6-cc43-4e7a-99d6-2357e45c049a,S107514,Verified,Failed,Verified,Pending,2024-10-30
cbc1fc8f-0add-4588-9e33-324a1aba4315,S107515,Failed,Verified,Verified,Approved,2023-09-12
b22e93bb-86e0-4a7a-b499-58be4a9ee90c,S107516,Failed,Verified,Verified,Approved,2024-01-07
f19dba69-6cc1-4fc2-8431-dc997f065380,S107517,Verified,Verified,Failed,Approved,2023-11-11
0fe6c2a2-5be1-4022-9361-411305db1d9a,S107518,Verified,Failed,Failed,Approved,2023-01-08
a3248246-c3e0-45ac-b5f6-212283ff578b,S107519,Verified,Verified,Failed,Approved,2022-08-29
f61e1fc5-e97a-46b5-b9d4-1db1cd3d2f6b,S107520,Failed,Failed,Failed,Approved,2022-01-22
46f36ad6-ff0a-4c79-ae0e-2a3c3d1e9491,S107521,Failed,Failed,Failed,Approved,2022-11-14
2de9c946-1208-401a-9198-35accf32f1b0,S107522,Verified,Failed,Verified,Rejected,2022-08-28
9a578298-2622-4dd7-871e-c90a9b2e8ba8,S107523,Verified,Verified,Verified,Approved,2024-08-25
40605d7f-be6e-4938-a545-a52ffde58e65,S107524,Verified,Verified,Verified,Approved,2022-03-09
16432294-c0ea-4d0c-85fb-dacd58d9152f,S107525,Failed,Verified,Failed,Approved,2024-06-09
c75b7a65-3305-4f33-b56f-ad3182092846,S107526,Verified,Verified,Verified,Approved,2026-05-13
1ba93342-8558-4441-8f60-9c127f053e6f,S107527,Failed,Verified,Verified,Approved,2023-04-19
c0b513a7-7dcf-4169-a68e-02074de7e0cc,S107528,Failed,Failed,Failed,Rejected,2023-10-16
250b6c28-4ebc-42d6-b55f-1265e7fb3763,S107529,Verified,Failed,Failed,Rejected,2023-04-28
75361064-060c-4359-999d-6919e2302224,S107530,Verified,Failed,Verified,Approved,2022-05-08
38ed7921-4efa-416b-aa35-8283cd82721d,S107531,Failed,Verified,Verified,Approved,2023-10-11
0bbb1af0-2204-4c8a-981a-dfb786bf9ab1,S107532,Verified,Failed,Failed,Approved,2026-06-10
5b051098-9846-491d-b333-28dfd21ea6f0,S107533,Verified,Verified,Failed,Approved,2025-08-16
a67e52f0-0f3f-4c17-ac5e-853ed37961a6,S107534,Verified,Failed,Failed,Approved,2023-01-14
717b0749-0e35-48a2-8d72-a9f5b6035714,S107535,Verified,Verified,Verified,Approved,2024-03-16
724b3414-727e-4c02-ad84-80b6822404ff,S107536,Failed,Verified,Failed,Approved,2026-06-11
00266fe5-5584-49d6-953b-b81bddfe6de6,S107537,Failed,Verified,Failed,Approved,2024-06-05
30ab10d9-5223-4ce1-86fd-393508d95922,S107538,Failed,Verified,Failed,Approved,2025-04-23
7bf20b0c-5195-4a19-bff9-ad36f8c7e94f,S107539,Verified,Failed,Failed,Approved,2026-02-26
a314864b-d9ac-4a9f-a865-49d9cba11d30,S107540,Verified,Failed,Failed,Approved,2022-11-12
623ff9db-d184-4dfd-a489-d416a1ddbcae,S107541,Failed,Verified,Verified,Pending,2026-03-06
384e64f5-a6fd-4ef2-8f45-29d7b685d55f,S107542,Failed,Failed,Verified,Approved,2025-11-01
357f9c30-73cc-4ff1-9bcf-122364784edc,S107543,Verified,Failed,Verified,Approved,2024-12-16
1165f7e4-6398-4adb-bf57-dbd7379f75ff,S107544,Failed,Failed,Failed,Approved,2024-06-03
40d1fc87-f8db-42bb-ae46-869f44e546c3,S107545,Failed,Verified,Verified,Approved,2022-11-01
febe63a9-15a4-461a-87e5-2f3a78c57200,S107546,Verified,Verified,Verified,Approved,2024-03-10
17d8e14f-d406-41d3-83b5-04c45b35b6a2,S107547,Verified,Verified,Failed,Approved,2022-08-16
3951252a-bc0d-46b7-af3e-8469d4bac7b6,S107548,Failed,Verified,Verified,Approved,2023-06-01
6fcdef95-50e4-4ecf-9da6-57bf265b5501,S107549,Verified,Verified,Verified,Pending,2026-02-07
a429ec07-107b-4e00-b572-cd3d6a6e26df,S107550,Failed,Failed,Verified,Approved,2026-07-10
c4f3ae86-e187-42f8-8220-3fb14676f767,S107551,Verified,Failed,Failed,Approved,2023-01-21
2800f16a-b0c4-4c83-8ba2-6e7ecb6f807d,S107552,Failed,Verified,Verified,Approved,2022-10-30
a70fabc9-43b1-4a42-b30f-46a6f5f30643,S107553,Failed,Verified,Failed,Approved,2024-08-14
8bb17e56-4d3e-4f13-aaa4-b0c93df8c314,S107554,Failed,Verified,Verified,Pending,2023-04-14
8709dfd8-7190-4eb6-933f-e2ff578eca82,S107555,Failed,Verified,Failed,Approved,2025-05-12
ae627433-7319-4329-b204-e3ab29766ad3,S107556,Verified,Failed,Verified,Approved,2026-02-13
795cd013-7ed6-4c37-be9c-cd335c9765e2,S107557,Verified,Failed,Verified,Approved,2024-04-15
6306dbe0-c331-48d4-8f67-82ab33f595c7,S107558,Failed,Verified,Verified,Approved,2023-12-08
e993dc3e-ded2-4f0c-82ab-b0ab117d1aad,S107559,Verified,Failed,Failed,Approved,2025-04-21
7e1b16bf-147c-41cb-878c-2d91641990b7,S107560,Failed,Failed,Verified,Approved,2022-09-12
16023f51-c411-4792-8142-3086ab716327,S107561,Failed,Verified,Verified,Approved,2023-08-28
06910fc0-4e7b-420c-a0ba-f8bc98707b43,S107562,Failed,Verified,Failed,Approved,2026-07-19
0fb80c30-0f68-4e5e-b9c7-5a24e5ed6fcd,S107563,Verified,Failed,Failed,Approved,2023-07-26
27b399d3-9692-4b9b-ba79-1007d340c2da,S107564,Failed,Failed,Failed,Approved,2025-12-15
82c0ba74-ad35-4894-a98d-bcc153d0bc94,S107565,Failed,Verified,Failed,Approved,2026-04-03
d9576c46-e7a9-4d70-b3c7-0f35ca42192e,S107566,Verified,Verified,Failed,Approved,2026-06-15
99bb0880-ed5e-409d-947e-3313ad469c88,S107567,Failed,Failed,Failed,Rejected,2024-12-26
d4385447-6d37-4aea-abbb-174fa79f5cb2,S107568,Verified,Verified,Verified,Approved,2024-04-12
3fd915e3-8531-4824-b234-3512205c047e,S107569,Failed,Failed,Failed,Approved,2022-01-31
8e8e6644-f6d7-407d-8ea2-9164a0391831,S107570,Verified,Failed,Failed,Approved,2024-03-09
61e6a2f9-7a81-4858-ba42-9c49794f69f1,S107571,Failed,Failed,Verified,Rejected,2025-11-09
22522961-0009-4bff-82bd-be6854178c7e,S107572,Failed,Failed,Verified,Approved,2025-11-06
ff57635c-f05b-4082-8c33-894039730703,S107573,Verified,Verified,Verified,Approved,2023-03-19
487a8da7-1f14-44a1-830c-51927899ec2c,S107574,Verified,Failed,Verified,Rejected,2023-08-12
3179c421-e2cd-4f23-9d4e-88715834732e,S107575,Verified,Failed,Failed,Approved,2023-05-09
e0c9684e-a8a0-43ca-85c5-970c73a2de2d,S107576,Failed,Verified,Verified,Approved,2024-11-15
881da6a4-20b1-4a73-8790-f24301aa98d5,S107577,Verified,Verified,Failed,Approved,2024-02-23
6b0bef7f-29d3-4fe2-8826-60b9a5c20bdc,S107578,Verified,Verified,Verified,Approved,2024-02-17
d023bce2-cc31-4366-9b27-e6d7d185ef8c,S107579,Verified,Failed,Verified,Approved,2024-09-18
f6d000dd-6e79-4647-8581-a359a516198f,S107580,Verified,Verified,Failed,Approved,2025-06-29
3906418e-91f0-4de0-ae4b-7c7f57827826,S107581,Verified,Failed,Verified,Approved,2022-11-07
7a8aa4b4-605d-4c68-aae9-a405e9c00af0,S107582,Failed,Failed,Verified,Rejected,2022-12-24
744b62d8-2dc2-43c0-a374-4bab5ca86e0a,S107583,Verified,Failed,Failed,Approved,2023-12-17
574f054c-4077-4622-82fb-00905ead7db6,S107584,Failed,Verified,Verified,Approved,2025-07-22
038d60da-422a-4b87-932f-545bac99004a,S107585,Failed,Failed,Failed,Approved,2025-07-05
958a9a82-4e11-4722-8771-df143bff55fd,S107586,Failed,Verified,Verified,Approved,2022-12-19
c1884ba6-829a-4fe0-b7f9-4653a246f2d5,S107587,Failed,Verified,Verified,Approved,2025-06-03
3f2e653c-9289-4007-b86a-ba5ffcbeb8f9,S107588,Failed,Verified,Failed,Approved,2025-12-15
9ec3c5d4-5c7a-4c79-b2ed-cbf99ae4fa2e,S107589,Failed,Verified,Failed,Pending,2026-04-23
66393244-3ca3-4618-9448-c1065ba7e944,S107590,Verified,Verified,Verified,Approved,2024-07-17
f068fd68-a0dd-4351-8c63-db37a81da870,S107591,Verified,Verified,Failed,Approved,2024-07-22
0c9176cb-af93-47ef-ae63-50e22b65093c,S107592,Failed,Failed,Failed,Approved,2025-02-19
7023028e-4312-4c95-9410-d11edb254e02,S107593,Verified,Verified,Verified,Pending,2025-12-17
e2ac2eda-41cd-4207-94e9-dcda089bbddd,S107594,Verified,Failed,Verified,Approved,2023-01-17
65d0f3ba-dd98-449d-beb0-2da8428d2b98,S107595,Verified,Verified,Failed,Approved,2022-07-22
b56d9e50-e056-4141-811b-96395ba93a24,S107596,Failed,Failed,Verified,Approved,2025-06-08
a95c8634-9c3e-4909-b36d-58c9b2c3e309,S107597,Failed,Failed,Failed,Approved,2022-05-13
daa977ff-b53a-43df-8466-5d9afa7ab9d0,S107598,Failed,Verified,Failed,Approved,2022-01-20
f1e2c528-116c-4649-82dc-214af77fbf25,S107599,Verified,Failed,Verified,Approved,2023-05-15
77efd2c9-a7b1-4576-ba82-98628fec03b3,S107600,Failed,Verified,Failed,Approved,2022-08-28
dfb13fc3-b0f4-43af-85c3-63a862954582,S107601,Failed,Verified,Failed,Rejected,2022-04-13
723f155c-d5b6-468e-aa14-a2b19b4f6e53,S107602,Verified,Verified,Verified,Approved,2022-03-23
3d706c96-db8d-47d9-85c6-76c30ffbdb8f,S107603,Verified,Verified,Failed,Approved,2022-04-05
e79a71c2-54c6-4e1c-8a48-d37682ede591,S107604,Verified,Verified,Verified,Approved,2023-02-26
dedf7eed-ddbb-46e3-a591-1040b9027e9a,S107605,Failed,Failed,Verified,Rejected,2023-03-28
d9ee1215-1012-41ed-b363-f2b384fbc7dc,S107606,Failed,Verified,Failed,Pending,2024-05-07
b08a695d-c4f1-41a5-9a6a-515de0427c03,S107607,Verified,Failed,Failed,Approved,2026-05-06
a6c4a73e-457b-4d48-bbbc-660084885ef8,S107608,Verified,Verified,Failed,Approved,2022-09-22
443a3ac2-c73a-4963-a60a-f29bf8ef6894,S107609,Verified,Verified,Failed,Rejected,2026-07-25
d2ae1f59-21a6-4458-864f-a22839869af6,S107610,Verified,Verified,Failed,Approved,2024-04-10
a9896bbe-b06d-481b-9eb0-2129953fab9e,S107611,Failed,Failed,Failed,Pending,2026-07-15
3d74b046-b780-4ea5-a609-eb667755807b,S107612,Failed,Verified,Failed,Pending,2024-12-15
45337b06-4f8c-406f-9163-34468c92ccaf,S107613,Failed,Verified,Verified,Approved,2022-06-25
cd999c38-2d3e-4a85-98e5-6638df7311c9,S107614,Failed,Failed,Failed,Approved,2024-08-14
9d83b073-27e4-45d8-8f89-3e3447c1b3db,S107615,Verified,Failed,Failed,Pending,2025-01-15
4270c3b9-c4f6-4dd6-bed6-443ae5a1ba57,S107616,Failed,Failed,Verified,Approved,2022-07-25
c3c039e6-891e-4df3-a33b-9157d1f410e0,S107617,Verified,Failed,Verified,Approved,2025-06-15
6c9faa95-b2e9-475a-8d31-f0f701e584e2,S107618,Failed,Failed,Verified,Approved,2025-03-15
b3de1447-629e-4df0-8670-bf5d83fbda1d,S107619,Verified,Failed,Verified,Approved,2022-03-03
9ebeca6e-a0b9-4c2c-a3cf-14c1b958d682,S107620,Verified,Verified,Failed,Approved,2022-09-06
a2e2a6d2-8ed7-485b-b52d-9a6db6142ee4,S107621,Verified,Verified,Verified,Approved,2024-05-04
b6511d4a-8a0d-4029-8bf8-94379f2f173c,S107622,Failed,Verified,Failed,Approved,2023-05-15
e36cc148-3309-45a6-a68b-aa47738d967c,S107623,Failed,Verified,Failed,Approved,2025-03-23
f0270274-4143-48e2-9738-6aede5abcde8,S107624,Verified,Verified,Failed,Approved,2025-05-28
2a61fe80-7cd5-46c1-ac91-bf45a83c4984,S107625,Verified,Failed,Verified,Approved,2022-07-23
77212b42-ce22-4106-b06f-2aee4eadfa0f,S107626,Verified,Verified,Failed,Approved,2022-01-14
7207c2fb-59d8-4a28-9c86-e3751a8580dc,S107627,Failed,Verified,Verified,Rejected,2023-07-16
7afd27ce-318b-4aa2-b4c3-38f28cc4539e,S107628,Failed,Verified,Verified,Approved,2025-06-10
15c79f62-8979-4eee-b15f-2603c8345587,S107629,Verified,Failed,Verified,Approved,2022-08-15
1f625067-6819-4362-a3a5-8bb1576480a7,S107630,Verified,Verified,Failed,Approved,2023-07-21
2827f66f-6756-4314-a21b-dad8d6c1ea63,S107631,Verified,Verified,Verified,Approved,2025-08-17
362d3b14-7d21-4de8-bd94-f9b110a260ed,S107632,Failed,Failed,Verified,Approved,2022-01-01
d8412678-7945-4b37-aeb2-3ee860ca3bb3,S107633,Verified,Verified,Failed,Approved,2024-12-17
870ce744-bdf7-488b-bc0b-442315f7347d,S107634,Failed,Verified,Failed,Approved,2026-05-17
102478ac-328e-49cd-bec8-6fd6b8f57bcf,S107635,Failed,Failed,Failed,Approved,2022-02-07
a3ca7384-b2dd-4524-8522-29694ab10635,S107636,Verified,Verified,Verified,Approved,2024-03-01
134b5f01-e7e2-44a1-b72b-0b95fb3a5054,S107637,Failed,Verified,Verified,Approved,2023-06-02
1e0bce61-d7ee-4a66-b0da-d33591b4d03e,S107638,Verified,Failed,Verified,Approved,2025-05-16
ddfc74dd-6a57-461a-acd7-6a9d65d654e3,S107639,Verified,Verified,Verified,Approved,2025-05-23
6c983b07-1ecb-4144-b7e4-35e9c657f7e2,S107640,Failed,Verified,Failed,Approved,2024-01-22
aca0e259-bf29-484c-8f8b-00fb2b6bf559,S107641,Verified,Failed,Verified,Approved,2025-12-27
b970ff69-9e09-447b-a5a9-4098a9376658,S107642,Failed,Verified,Verified,Approved,2026-02-04
93c23a7c-b915-49fd-85d1-0b7f8ba887a3,S107643,Failed,Verified,Failed,Approved,2025-03-16
7ac1bbef-6e7c-42c8-bb77-4969a49edf28,S107644,Failed,Verified,Verified,Rejected,2025-10-12
2c1b6038-64ae-4fb3-ac2b-2a23e14092d0,S107645,Verified,Failed,Verified,Approved,2025-01-19
8090baec-1374-443b-bc8e-93c5ef8ad8eb,S107646,Verified,Verified,Verified,Approved,2023-04-24
76e5b791-4fe0-41b4-ae1e-c2fa237c5905,S107647,Failed,Verified,Failed,Pending,2025-09-23
a1476cf4-a111-4b9d-b941-813291ca9c7d,S107648,Failed,Failed,Failed,Approved,2025-12-23
7e791775-41f4-4265-a03e-d4ef2e6cd184,S107649,Failed,Verified,Failed,Pending,2024-01-20
e3c81648-f9a2-4c02-a6fa-154267a23621,S107650,Failed,Verified,Verified,Approved,2026-03-03
70a13c89-6c71-4ffe-8d52-fdceedab41b1,S107651,Verified,Verified,Failed,Approved,2025-03-29
74b24b75-afdb-405b-bca5-97de0adbb968,S107652,Failed,Failed,Failed,Approved,2023-10-27
717078c5-d794-4fda-a475-d3f41a3d715f,S107653,Verified,Verified,Verified,Approved,2022-08-11
84d0eb15-4486-47a5-a34b-21df178d75e6,S107654,Failed,Verified,Verified,Approved,2022-05-29
75d334a8-5bfb-4fae-921e-bfcaaa6418c5,S107655,Verified,Verified,Verified,Approved,2025-02-21
74c33f94-557f-4059-a414-d8689c144996,S107656,Verified,Failed,Verified,Approved,2025-04-11
2c2b2c4b-b11d-49e4-9edf-ce4d896a3426,S107657,Failed,Failed,Failed,Approved,2024-03-01
ff206219-50c1-455f-b4e4-096131395a75,S107658,Verified,Failed,Failed,Approved,2024-05-19
0e1f0464-80b4-431f-98ff-f28f26bdd79a,S107659,Verified,Failed,Failed,Approved,2025-03-15
c8ff6ec3-06a0-48fc-bf60-b241fb2876cd,S107660,Failed,Failed,Failed,Pending,2022-02-08
c22ac6cb-4ad5-4982-b069-61b59ec75492,S107661,Verified,Failed,Failed,Rejected,2024-04-15
71049cc8-c6fe-48c9-b903-2f8911f7714f,S107662,Verified,Verified,Verified,Approved,2022-07-12
44f67c3f-5753-4631-804a-5b8c3d3ab27e,S107663,Verified,Failed,Verified,Pending,2022-01-26
7a73fecd-4934-42c7-bee1-6ced20ea64aa,S107664,Failed,Failed,Failed,Approved,2025-01-03
c190b72d-d17b-4c5f-9f39-9d91d511f51a,S107665,Verified,Failed,Failed,Pending,2026-03-27
588a63e1-10c3-44a6-b6cd-547b188bea0c,S107666,Verified,Verified,Verified,Rejected,2025-08-13
fdeb5ca5-8494-44b1-908f-7332e034e7e3,S107667,Failed,Failed,Verified,Approved,2025-12-28
f2d986ed-2e44-48ea-9b84-c3f32f8969ef,S107668,Verified,Failed,Failed,Approved,2022-04-18
d39f84ea-1cff-418f-8eaf-e79110f36b47,S107669,Failed,Failed,Verified,Pending,2024-12-22
71d2547c-1591-46be-954f-b0ea90d79b73,S107670,Failed,Failed,Failed,Pending,2023-04-05
f7cb7f85-9a89-464a-883d-759a17927bcf,S107671,Verified,Verified,Failed,Approved,2023-09-15
06a894f5-d2a5-456b-b371-40d5007e364c,S107672,Verified,Failed,Failed,Approved,2025-04-07
a7356f6f-78df-4f95-b4ca-37206f4e0e9f,S107673,Verified,Failed,Failed,Rejected,2025-04-09
9b1091ac-aadf-47cc-b9a2-fe316d6c95ae,S107674,Verified,Failed,Failed,Approved,2025-06-23
1df1afc4-ded9-47ca-93a3-1deb328a09bf,S107675,Verified,Verified,Failed,Approved,2022-09-14
d908f6fd-cb19-4bd7-98e1-85da35a3eb4b,S107676,Failed,Verified,Failed,Approved,2022-09-17
4c386c51-dd15-4fb1-a6d8-a8a964257024,S107677,Failed,Verified,Failed,Pending,2025-11-10
324a1214-8db4-4450-be68-ef71500e0609,S107678,Verified,Verified,Verified,Approved,2024-07-25
4bc5d0a9-e3c3-4b68-a676-a19131732afa,S107679,Failed,Failed,Failed,Approved,2022-06-08
fcdb2e78-5288-470b-9949-a9ee294e6209,S107680,Failed,Failed,Failed,Approved,2024-01-07
f603eb69-3910-47f2-9af1-a5150213f6be,S107681,Failed,Verified,Verified,Approved,2023-04-27
b1c1e9ca-3e3a-428f-beac-fe6f5c59be8b,S107682,Verified,Verified,Failed,Rejected,2022-10-28
b974c9f3-bf52-4ec3-bcdb-daf3eb12f61d,S107683,Failed,Failed,Verified,Approved,2025-08-10
bb96dc44-d0ba-4e58-acc1-ece3f772a55a,S107684,Verified,Verified,Verified,Approved,2024-09-07
2916489b-19a8-452e-8876-e56816aaf371,S107685,Verified,Failed,Failed,Approved,2024-02-04
b2b73164-4cc6-47f6-b2ac-68bf565938b4,S107686,Verified,Verified,Verified,Approved,2024-07-15
c4eea3ae-53d7-490e-b37e-ccd8674ba244,S107687,Failed,Verified,Verified,Approved,2023-05-12
4acfd7c4-11aa-44ca-9883-fb6ddb17394a,S107688,Failed,Verified,Failed,Pending,2024-07-17
9af526c9-ab24-4e73-96b9-2988944e9047,S107689,Verified,Verified,Verified,Pending,2025-06-30
c351999e-9222-45de-995c-f8dd5bb0b9b5,S107690,Verified,Verified,Failed,Approved,2025-06-11
78a24461-72f1-4739-81ae-ebcada3838bb,S107691,Verified,Verified,Failed,Approved,2022-11-02
b3f01169-1865-4a36-bb83-53c90ad2bfb2,S107692,Failed,Failed,Failed,Approved,2022-06-11
5c419100-007a-459e-bae7-19f8ce00b84b,S107693,Verified,Failed,Failed,Approved,2025-11-25
b9bdb94a-a86f-4638-8869-73376db86cbd,S107694,Verified,Verified,Failed,Approved,2024-09-09
3238a2f4-8d46-4c4a-9ea4-0f43203e0668,S107695,Failed,Verified,Failed,Approved,2025-02-15
e622f49a-1125-412c-8a86-5d542fc5b3b9,S107696,Verified,Verified,Verified,Approved,2024-03-17
376633a5-ec3a-4e85-8d36-7475440867c1,S107697,Failed,Verified,Verified,Approved,2022-09-08
636b0fae-5ef3-4777-8e7e-66ff546a9280,S107698,Verified,Failed,Failed,Approved,2024-12-05
3166c455-dd3e-470d-aa18-8d37cdfacce4,S107699,Verified,Verified,Failed,Pending,2022-01-23
78883f50-dff2-48a7-a563-97f7c91d3f84,S107700,Failed,Failed,Verified,Approved,2025-04-23
afbbce7f-83ff-4f39-82a2-86f99db747de,S107701,Verified,Failed,Failed,Approved,2023-06-18
3afed108-f908-4fb6-bbb7-e845cdb3ade4,S107702,Failed,Verified,Failed,Approved,2025-08-27
3c3ad6d1-6eff-4a22-8024-334f6fdbc00d,S107703,Failed,Failed,Failed,Approved,2022-05-05
d51826c2-da0a-4495-a1f9-0be86b5af5f8,S107704,Verified,Failed,Verified,Approved,2025-05-30
4fd8c6cb-ab47-488e-bba3-f0834ce074f8,S107705,Failed,Verified,Failed,Approved,2024-01-18
945d4523-e5d3-4710-8f36-a95ab827ba99,S107706,Verified,Failed,Failed,Approved,2022-07-01
07c58bf9-1df8-4fd0-a058-fe3981fc7f5f,S107707,Verified,Verified,Verified,Approved,2022-01-17
f462a3d0-ee4c-4b4e-a75f-c9eca964ff08,S107708,Verified,Failed,Failed,Pending,2022-10-21
c8b33b49-21dd-4fab-8068-476031a928ef,S107709,Failed,Verified,Failed,Approved,2023-11-07
c2e8574f-72ce-4af7-9c03-f358699a48f6,S107710,Failed,Failed,Verified,Approved,2023-01-06
a23e0b14-23bd-4c0a-9085-82053160fa4d,S107711,Failed,Verified,Verified,Approved,2022-01-07
b5aeeb5b-d218-4a4f-a083-8a0e06f160ad,S107712,Verified,Failed,Failed,Approved,2025-05-26
23fe9e9e-4656-4513-85e4-8d3ec8c8625c,S107713,Failed,Failed,Verified,Approved,2026-07-15
4b662252-949f-4eff-be04-1767de17a70f,S107714,Verified,Verified,Failed,Rejected,2024-07-01
dd20b4ac-9c1d-4d7b-9db1-8b1625961834,S107715,Verified,Verified,Verified,Rejected,2025-12-17
16eeb581-138c-4bdc-819f-fc3f23e003b8,S107716,Verified,Verified,Verified,Rejected,2025-07-16
442fec0e-2cc7-4bac-945a-9fc09d3c8f3d,S107717,Verified,Verified,Failed,Pending,2023-03-09
3664fe70-f4fe-4005-833c-a7b17267f0b6,S107718,Verified,Failed,Failed,Approved,2025-12-24
a1753ba1-caa7-404f-82de-d34aa46d87b8,S107719,Failed,Failed,Failed,Approved,2023-10-15
9a200628-6e4d-4607-8cd5-9a0f5758c544,S107720,Failed,Failed,Failed,Approved,2022-03-19
e65054dc-8a9f-4bdd-bbba-83c8a9e857b7,S107721,Verified,Failed,Verified,Rejected,2022-07-24
943b13c5-936a-4f13-8f4c-00562b635065,S107722,Failed,Failed,Verified,Approved,2024-11-06
7ae9dbf7-80ac-4b1f-b501-15fabce481be,S107723,Verified,Failed,Verified,Pending,2022-12-10
182a8f3a-1e60-41ea-9ff6-537a22676451,S107724,Failed,Verified,Failed,Approved,2023-07-25
372d0226-04bd-4677-ae59-6910236e798f,S107725,Verified,Failed,Verified,Approved,2026-01-21
979049f3-b929-4574-a6a9-84b782f851ab,S107726,Verified,Verified,Verified,Approved,2026-06-18
9667ebcf-3124-4c48-815a-01b99d7d0283,S107727,Failed,Verified,Failed,Pending,2023-12-18
98873454-f8d0-44b0-9215-c99ac1b76412,S107728,Verified,Verified,Failed,Approved,2022-05-23
0a7aee57-eab1-41f7-9588-52a3e15c6d31,S107729,Failed,Verified,Failed,Rejected,2026-04-01
00a901c7-e386-4ddf-9e7c-168f1ad7bd06,S107730,Failed,Verified,Failed,Approved,2025-03-23
c7c244cf-f35c-4709-aa9d-f014c7effeb3,S107731,Verified,Verified,Verified,Pending,2025-08-10
9f26553c-5e17-4f4a-b9fb-6273ad74fc20,S107732,Failed,Verified,Failed,Approved,2025-02-17
7d754e26-4c4e-493d-b0b3-1c9b5970bdad,S107733,Failed,Verified,Verified,Approved,2022-11-05
6f406825-1420-4dc9-ad01-fcfffbf87ff0,S107734,Verified,Verified,Verified,Pending,2023-10-16
0f97d8ef-c081-4253-bcd4-60bd8f0e3ea7,S107735,Failed,Failed,Verified,Rejected,2026-01-29
636437e0-fa20-4f6d-a0c9-0906b91da65e,S107736,Failed,Verified,Verified,Approved,2025-07-05
3ccbc148-f334-4eed-88d0-dd1a834aa891,S107737,Failed,Failed,Verified,Approved,2023-07-04
f78835a6-ba36-45a6-8f73-a59509c25b46,S107738,Failed,Verified,Failed,Pending,2024-12-07
dd4b6bc5-0191-4ff2-87e2-c1e8dadc6601,S107739,Verified,Failed,Failed,Approved,2024-11-08
fba2bf91-aea1-44c0-93a4-9b21f8f08f27,S107740,Verified,Verified,Verified,Approved,2025-03-13
6b87013b-dec3-4c04-8524-a7f9b26d8a49,S107741,Failed,Failed,Verified,Approved,2023-10-18
cdc96272-1449-403c-8456-84cb8553d40c,S107742,Failed,Failed,Verified,Approved,2026-02-23
1e565f21-3358-4dfd-84cf-769eb3638c5a,S107743,Verified,Verified,Verified,Approved,2026-02-28
46327588-e719-46a1-9e82-a149d1f29719,S107744,Verified,Failed,Failed,Approved,2023-11-22
6a91cc2f-3d80-476c-aaeb-5b203612bea1,S107745,Verified,Failed,Verified,Pending,2026-06-08
7e5c997c-5b93-43f5-aa6c-73f0003fb66a,S107746,Failed,Verified,Verified,Approved,2024-06-17
1a340543-2f8e-4bd9-b22f-01ee4311c6d0,S107747,Verified,Failed,Failed,Approved,2023-05-05
1ea5c343-1b93-4f9a-a1e2-6538bc41058c,S107748,Verified,Failed,Verified,Approved,2022-02-09
441cccb8-5812-4552-bc5a-4951e8f71999,S107749,Verified,Verified,Verified,Approved,2022-06-01
a1a0aee6-9e94-4384-9516-69b693066a39,S107750,Failed,Verified,Verified,Rejected,2023-07-18
9f918e64-a589-4fe9-a7d7-50ebbd386661,S107751,Verified,Failed,Failed,Pending,2023-10-02
c2322358-14fe-4200-93f2-ea4d214b230e,S107752,Failed,Verified,Verified,Approved,2022-01-09
bc439ebd-9861-40b2-b956-80faaef30f89,S107753,Verified,Failed,Failed,Approved,2024-10-20
61016227-98a8-48f5-9b96-5d2ff7ff4c46,S107754,Verified,Failed,Verified,Approved,2022-02-15
e29b1251-fe2c-4057-bdbe-bf64d7aad87d,S107755,Failed,Failed,Failed,Approved,2022-03-30
0c14c995-a86f-490e-8ca0-91a79f1e2ede,S107756,Failed,Verified,Failed,Approved,2024-10-07
3c253eb3-1103-48e5-9d41-b60b9a2e3548,S107757,Failed,Verified,Verified,Approved,2025-12-02
7d7784e4-10d5-44c4-8af4-644a61183244,S107758,Verified,Verified,Failed,Approved,2025-12-09
f44a99b5-5126-4a9b-aa92-774da4b8a0df,S107759,Failed,Verified,Failed,Approved,2025-05-22
04a027a2-20fb-49ba-91a8-dc68b3093e76,S107760,Verified,Failed,Verified,Rejected,2023-05-30
5e5dbba6-d3a1-4741-9746-f640e8a50964,S107761,Failed,Verified,Verified,Pending,2025-08-16
8ac2b0e9-4d79-489d-92ee-1450fa6fea4c,S107762,Failed,Verified,Failed,Approved,2022-10-28
65de0d3a-c942-4852-b438-5a2fa26d3566,S107763,Verified,Verified,Failed,Rejected,2025-06-25
fd759dd2-91ec-48f4-a6aa-b28f066a3f4b,S107764,Failed,Verified,Failed,Approved,2022-01-18
fcaf5425-e0cc-421d-a3cd-707106fcd848,S107765,Verified,Failed,Verified,Approved,2023-08-27
851475b4-d312-44d8-aba8-df6e13143beb,S107766,Verified,Verified,Failed,Approved,2024-04-13
1506814a-c19e-4735-9b7f-87d2037ac684,S107767,Failed,Failed,Failed,Approved,2025-08-17
d2fdb7e2-fb6d-4344-a4d3-207a571fb6d8,S107768,Verified,Verified,Verified,Approved,2022-02-22
bdecc95f-fd72-4980-b778-ee98a960f8b0,S107769,Failed,Verified,Verified,Approved,2022-10-06
628f71fc-9fc2-46f7-849e-908d6a961ea2,S107770,Verified,Verified,Failed,Pending,2025-04-15
4ca47b6e-9bc4-4c7a-b5d0-75b54abfd122,S107771,Verified,Failed,Failed,Approved,2026-06-27
fba8f7ed-d839-4538-a1b4-eca45d29c737,S107772,Failed,Failed,Verified,Pending,2023-03-13
e51582f3-4449-4023-a7bc-a40a32138519,S107773,Failed,Failed,Verified,Approved,2022-10-12
2048018c-3523-415d-be2e-c7af9b96312e,S107774,Verified,Failed,Verified,Approved,2022-08-19
955917d6-d9aa-4092-80c3-77280f0eeb9d,S107775,Failed,Failed,Verified,Rejected,2026-06-30
1dd57b5e-f227-4c9c-888b-124569ff631b,S107776,Failed,Verified,Failed,Approved,2026-05-28
3392f492-55b3-4a79-b24a-60385f2214e1,S107777,Verified,Verified,Failed,Approved,2022-02-17
f97d7124-fc05-4fa6-a176-1dbbcdd9203d,S107778,Failed,Failed,Failed,Approved,2025-06-26
386eaf14-5bdb-4834-876a-eae8ca80b197,S107779,Failed,Verified,Failed,Approved,2023-05-07
58090bcf-c565-466a-8b5c-f4732dd7549e,S107780,Verified,Verified,Verified,Pending,2025-09-02
2c3be788-beb9-4ddb-ae9a-b167f7196e78,S107781,Verified,Verified,Failed,Approved,2025-08-13
fd186564-ad5a-4a37-8eea-696ced543aa0,S107782,Failed,Failed,Verified,Approved,2022-02-09
bdf9ee7c-8bfa-481d-8f82-f371ff5fd5e0,S107783,Verified,Verified,Failed,Approved,2023-03-23
f75aefa5-a598-4281-8fc6-add9dbc3f57e,S107784,Verified,Verified,Failed,Approved,2023-06-29
8a1cb597-f80d-40f6-91f5-f1e8b03d493a,S107785,Failed,Failed,Failed,Approved,2025-01-18
4ce913a0-cca9-4cb5-9d39-24ee0476eb70,S107786,Failed,Failed,Failed,Approved,2026-03-24
0b0feea9-7ed6-4ca2-988f-763dfe8cda1c,S107787,Failed,Verified,Failed,Approved,2026-06-10
8d2670fd-46b9-4a1e-a96b-cd9d43c54161,S107788,Failed,Failed,Verified,Pending,2026-03-14
529cb29f-5499-42ae-b373-ca69e22b3725,S107789,Verified,Verified,Verified,Approved,2022-10-29
18e6914e-fda2-4c90-bb48-ca875b34fbaa,S107790,Failed,Verified,Failed,Approved,2024-12-16
bb72bdb4-91f6-45d3-a78e-c215aee3387c,S107791,Failed,Verified,Failed,Approved,2023-04-09
486689cd-b7ad-46da-a9b9-481435d76ead,S107792,Failed,Failed,Verified,Approved,2023-11-21
e46b2af9-553f-435f-97e8-9bba08164097,S107793,Verified,Failed,Verified,Approved,2023-11-16
7351d3e0-e483-4e22-a37c-e071c3c825d4,S107794,Failed,Verified,Failed,Approved,2023-03-28
f412b349-ac16-4a10-8af6-ee11c1b856f3,S107795,Failed,Verified,Verified,Approved,2023-10-08
149f0b3d-1988-47ec-8a09-6befc81efa1f,S107796,Verified,Verified,Failed,Approved,2025-07-30
34712884-90d4-4db4-a3e3-d89ae9628d15,S107797,Failed,Verified,Verified,Approved,2026-05-01
192004bd-911a-4a46-b2f3-5ab45e9e716e,S107798,Verified,Verified,Verified,Approved,2025-07-26
835a0fda-3c04-450e-8060-57a3a073cd4e,S107799,Failed,Failed,Verified,Approved,2023-12-07
12d707d9-9443-4acb-86ae-c4a2a4d9b041,S107800,Failed,Failed,Failed,Approved,2025-10-01
c4e84692-d077-4d4f-a57d-bc3db1908f10,S107801,Verified,Verified,Verified,Approved,2024-10-29
afedc1f3-70cb-47dd-bf63-9e27667f1ff6,S107802,Verified,Failed,Failed,Approved,2025-07-20
ad9855fc-de0c-4c7c-9fdd-478906cc5126,S107803,Verified,Failed,Verified,Approved,2022-07-26
128fb3b9-27b9-447b-9c3a-b298fbe5b4ad,S107804,Failed,Failed,Failed,Approved,2023-08-21
d51b840f-e9f3-4223-81e2-6143fb7735ed,S107805,Verified,Failed,Failed,Rejected,2024-02-01
d9ba0472-8119-436d-ad2b-e9a9550f9533,S107806,Failed,Failed,Failed,Approved,2024-05-05
e0150c0c-87d8-4f68-a0f4-8eedf9e6dc0e,S107807,Verified,Verified,Failed,Approved,2025-04-21
b1ee1d86-42db-4313-8af7-b8a0b7554839,S107808,Verified,Failed,Verified,Approved,2022-03-30
42ab7894-9b29-465b-b06b-2bfafeda0c33,S107809,Failed,Failed,Failed,Pending,2022-02-15
085faac9-0396-4951-9704-ac6024f7a71d,S107810,Failed,Failed,Verified,Approved,2024-09-01
ad492005-83c8-4e32-8afb-94c9ff2258e4,S107811,Verified,Failed,Failed,Approved,2025-04-11
fcb1f542-9643-4735-87f5-706ba90a6ef6,S107812,Failed,Failed,Failed,Approved,2023-05-23
e9617b0f-c60e-4dba-9399-95e22496ee9e,S107813,Failed,Verified,Verified,Approved,2025-09-20
a269c0c2-d414-4b5e-8a32-475ec9a86854,S107814,Verified,Failed,Failed,Approved,2025-10-24
ca6fbea9-8390-406c-bbeb-eb12530fa46c,S107815,Verified,Failed,Verified,Rejected,2024-06-29
d1a2f78d-b70d-4f53-9bd6-4cc4332c63ae,S107816,Failed,Verified,Verified,Approved,2026-07-15
31151c58-0b8a-4a41-8b59-3e40f5e73a6c,S107817,Failed,Verified,Verified,Rejected,2025-05-27
73c30ff6-36df-4182-8611-ab167a6f1dae,S107818,Verified,Failed,Failed,Approved,2025-01-03
1521dfb4-c063-4440-b4c6-430978b3bbc1,S107819,Failed,Verified,Failed,Approved,2025-05-26
f797f69b-5e43-47b5-8d3f-04c12745821a,S107820,Verified,Verified,Failed,Pending,2023-12-27
68d5e91c-8e12-47a6-8a44-b7178d41489a,S107821,Verified,Verified,Failed,Approved,2024-12-01
4e4d3aca-b012-4d2b-a478-2efb911e7d68,S107822,Failed,Failed,Failed,Pending,2022-05-29
b120af1d-348b-48b5-9ad2-8c2b84f4e638,S107823,Failed,Verified,Failed,Approved,2025-10-03
853f9c64-4083-488f-b4f8-3f110fc1bcf4,S107824,Failed,Verified,Verified,Approved,2025-04-13
13e05833-8d1c-4c15-b286-1e667570ea8f,S107825,Verified,Verified,Failed,Approved,2023-07-15
f99d2db5-419f-4247-b059-92eecdc49be2,S107826,Verified,Failed,Verified,Rejected,2023-09-06
595cfa33-97af-404f-b909-d27805bd764f,S107827,Failed,Verified,Verified,Approved,2024-02-08
ec9865b4-1e1a-45e7-a761-6e7bb0fd0ff3,S107828,Failed,Failed,Failed,Pending,2024-03-24
0eaad00d-51c5-43ee-83a6-638e4617c4c5,S107829,Failed,Verified,Verified,Approved,2022-01-12
19d9a33a-8db5-4b6f-9267-d29cbe5e2357,S107830,Verified,Failed,Verified,Approved,2024-09-01
b5a0cbae-d831-4287-b5dd-e1153e2523ec,S107831,Verified,Failed,Failed,Approved,2023-10-24
e0ee9c89-7e88-40bd-9330-eafc62e3d6d1,S107832,Verified,Verified,Verified,Rejected,2024-11-07
f7e53755-0986-4425-809a-594908923f0c,S107833,Verified,Failed,Verified,Approved,2024-09-09
5b99bf7e-d1db-478a-83c3-bc7246b1c0fa,S107834,,Failed,Failed,Approved,2024-01-11
1bf1a566-a83c-4511-ba68-6bf14dee7b9b,S107835,Failed,Verified,Verified,Approved,2022-11-07
f72a95bc-c55d-4c36-99af-493db946a2f4,S107836,Failed,Verified,Failed,Approved,2025-06-23
313ace7e-ae98-455f-a29a-1ecebdb3bd15,S107837,Failed,Verified,Failed,Approved,2025-11-13
ecdc9da7-819f-42bc-8036-dcb8aa5a5cfc,S107838,Failed,Failed,Failed,Approved,2024-12-13
b9a27cd5-dfeb-478f-8226-0ca31a81029d,S107839,Failed,Verified,Failed,Approved,2022-09-01
534ab8f1-adaa-4b78-88cf-ed22952987bb,S107840,Verified,Failed,Failed,Approved,2022-01-30
e25383b0-53ab-473f-917d-d71a2a588a44,S107841,Verified,Failed,Verified,Approved,2023-02-22
629b9fc9-927a-4863-b320-bcd73fbee570,S107842,Failed,Verified,Failed,Approved,2022-01-04
5c73e1ed-d784-4c38-92bc-a90d2567533a,S107843,Verified,Failed,Failed,Approved,2025-07-08
44d89a45-4585-4270-940c-9b0d6e6dd463,S107844,Failed,Verified,Failed,Approved,2023-03-31
a9c50632-27c6-4236-afd0-03d019e38b65,S107845,Failed,Failed,Verified,Approved,2022-06-29
b13feb72-c35e-42ca-b76d-0f78f60049b9,S107846,Verified,Verified,Verified,Approved,2026-02-25
906128df-fa3d-449c-bbc9-a188c7923568,S107847,Failed,Verified,Verified,Pending,2023-02-16
100aa7b6-0fad-4b09-b208-ffb28ac53f93,S107848,Verified,Failed,Failed,Approved,2022-09-03
9cb60a96-0efd-4a2a-9720-f439e9528bce,S107849,Failed,Verified,Verified,Approved,2026-04-28
1f042c14-2113-4c3c-a94d-8fdb30d563a3,S107850,Verified,Verified,Failed,Approved,2026-01-25
4178bae7-96bc-446f-a549-40545554e90e,S107851,Failed,Failed,Failed,Rejected,2025-07-19
6e6af823-ce6a-4a97-bf0a-686c1b9d7db8,S107852,Failed,Verified,Failed,Approved,2025-11-01
e283a8a0-18a3-4a0c-9c55-b49e1c0e11f2,S107853,Failed,Verified,Failed,Approved,2022-09-25
f83296c1-83de-469c-8ed2-c7d9d9db71ed,S107854,Verified,Verified,Verified,Approved,2025-01-02
c008d638-4020-47fb-a855-34b43bf34f6c,S107855,Failed,Verified,Failed,Approved,2026-03-17
67fe3c11-9952-4561-89ac-3640b412b428,S107856,Verified,Verified,Verified,Approved,2023-12-14
c1d37c44-ed96-4e81-97c0-e101bfdc68df,S107857,Failed,Verified,Verified,Approved,2023-10-05
694cad07-ad40-4ee3-ae71-927d22b1bbd3,S107858,Failed,Verified,Failed,Approved,2022-01-17
1f9a6964-21b8-4e00-938e-a7cbd038edd2,S107859,Failed,Verified,Failed,Approved,2024-08-12
69b5d3d9-c9b2-417d-915b-ae2b63548ce0,S107860,Failed,Verified,Verified,Approved,2026-01-03
4c6f232a-9046-44d5-b6df-dccdff0945a1,S107861,Failed,Failed,Verified,Approved,2025-05-08
b3e3cb18-eab7-43b7-9689-ebcf8429edf3,S107862,Verified,Failed,Verified,Approved,2025-01-24
0078fc81-0f72-44c4-a319-cb73d866be2d,S107863,Verified,Failed,Verified,Approved,2026-03-26
b5a8db84-2a29-44ae-9074-b2e413b756e0,S107864,Failed,Failed,Failed,Approved,2023-06-17
b22cc70f-fa24-4286-b820-d34335000529,S107865,Failed,Failed,Failed,Approved,2024-03-29
746aed70-6b75-4910-9f60-402205ded0bb,S107866,Failed,Failed,Verified,Approved,2026-04-28
5656a671-61ac-45b8-9359-f650946776aa,S107867,Verified,Failed,Failed,Approved,2022-01-04
fca89f60-a02a-4c45-9e61-bb35fb535834,S107868,Verified,Verified,Verified,Approved,2024-09-19
e7dae3c1-76f6-44a3-a689-b0c463e3ebc4,S107869,Failed,Verified,Failed,Approved,2025-12-18
8c60d087-38ad-42b0-afcf-7e263ee8a34d,S107870,Failed,Failed,Verified,Approved,2023-06-16
fbfddbf0-cc7f-46fc-a5aa-a246ba1b54a0,S107871,Verified,Failed,Failed,Approved,2024-09-11
8143d2c5-6363-453e-b131-569bfc05ed8c,S107872,Failed,Verified,Verified,Approved,2022-09-03
3da802e1-4b1e-4ee0-9974-f48a4eb3cc3f,S107873,Verified,Verified,Verified,Approved,2025-01-16
e413e5a0-64a0-4dc8-8813-b8ba4eaa0903,S107874,Failed,Verified,Verified,Approved,2022-08-12
815bc972-cd4c-44ab-acda-f2b92b7c59ba,S107875,Verified,Verified,Failed,Approved,2022-01-27
438af48f-7c96-48c0-bffd-d52405cacf57,S107876,Failed,Verified,Failed,Approved,2026-01-12
0e47c845-a4a5-44f3-9a4d-dbc2a996ffb1,S107877,Verified,Failed,Verified,Rejected,2022-01-01
832f2f67-3320-4444-bb3d-474950540458,S107878,Verified,Failed,Verified,Approved,2024-07-15
bafaba96-dc10-4dbb-beec-cb47ac868c19,S107879,Failed,Verified,Verified,Rejected,2026-07-20
037c0738-a404-4785-8758-e6b1924758c4,S107880,Failed,Verified,Verified,Approved,2023-06-17
5e01bd99-9d1d-4193-bae9-21b957bdbf03,S107881,Failed,Failed,Verified,Approved,2022-12-18
e74f76ae-c367-4fd9-9d60-f55c01e58170,S107882,Failed,Failed,Verified,Approved,2025-06-10
453424db-f859-4f6f-baba-6987eb8a3864,S107883,Failed,Verified,Verified,Approved,2022-11-01
119581d3-a41d-4450-8653-4d3b296c6d2e,S107884,Verified,Verified,Failed,Rejected,2023-09-26
65b25d35-3b3f-4679-8b1c-49cb6f9d3fe4,S107885,Verified,Verified,Verified,Approved,2023-10-20
7213a7e0-f3df-46e6-94d3-edb42703fb66,S107886,Verified,Verified,Verified,Approved,2022-12-12
06ba3b35-15f5-476e-addb-4e527de8fdaf,S107887,Verified,Verified,Failed,Approved,2025-01-29
2f5dcc06-7d8e-4d9f-807e-247ab33cbaa2,S107888,Verified,Failed,Failed,Pending,2024-08-12
eca0b24e-f418-4dc9-8964-41d177846e4a,S107889,Failed,Verified,Failed,Approved,2022-07-25
d52a66e7-0ce7-4866-b413-aa291f4fe0a3,S107890,Failed,Failed,Verified,Approved,2022-07-21
145e8dbb-953f-449b-9f68-0c96f01c3a08,S107891,Verified,Verified,Failed,Approved,2025-04-16
598e3b6e-e9ca-477d-b51d-33ebea96771d,S107892,Verified,Verified,Failed,Pending,2023-11-26
de85c4c3-e7b9-4a25-b5e7-e108bdbc762e,S107893,Failed,Verified,Failed,Rejected,2023-08-23
d6594627-bf6a-4d81-8249-8b3e9293d9a8,S107894,Failed,Failed,Verified,Approved,2024-11-19
5f852f91-1586-487a-a010-d094bfe4520d,S107895,Failed,Verified,Verified,Approved,2023-08-07
8d436648-1750-4edc-960e-070b56ee2e75,S107896,Verified,Failed,Failed,Approved,2024-08-24
b7dad6c1-5b77-4393-97cb-f0734fde4ef7,S107897,Failed,Failed,Verified,Approved,2024-01-22
2adf10e9-5e38-4163-8a41-0f1bf983ca4a,S107898,Failed,Failed,Failed,Approved,2022-04-16
3f2f7d5a-4188-431e-ac96-c78d9f69881a,S107899,Verified,Failed,Failed,Approved,2026-05-18
234222b3-23fb-4d0d-9143-43faa07dc689,S107900,Verified,Verified,Verified,Rejected,2022-08-14
20d2b212-32c0-4c46-bbe1-c5a618954c66,S107901,Failed,Verified,Verified,Approved,2023-10-13
43b58ade-243c-4bb0-8e34-4bcb8d3b9256,S107902,Verified,Failed,Failed,Approved,2024-06-25
ed1a5acd-7ac3-4ca3-8645-2f11c6e1ece9,S107903,Verified,Verified,Verified,Approved,2025-12-05
9107c1b1-2bec-4980-ab84-f484a4a2d8f2,S107904,Verified,Failed,Failed,Approved,2022-05-01
297fa0b9-a9c4-4f93-8f49-d71b88e4cbea,S107905,Failed,Verified,Verified,Rejected,2025-01-14
9e020541-27a8-43df-a420-7f8405c23771,S107906,Verified,Verified,Failed,Approved,2024-11-19
757e21aa-edde-4462-a4bf-ced213795859,S107907,Failed,Verified,Verified,Pending,2024-06-07
5079d01b-624b-4b88-ac1e-3c98fd2e1d55,S107908,Failed,Failed,Failed,Rejected,2024-12-24
a5da1e52-a75d-4eb1-9b3a-ec16c66200a1,S107909,Failed,Verified,Failed,Approved,2022-11-02
2546a888-4340-4423-b80f-fdc13e74e173,S107910,Verified,Verified,Failed,Approved,2022-09-01
55ea3426-a007-4d3e-8ff7-5f78086263f9,S107911,Verified,Failed,Verified,Approved,2022-02-14
c0e5f034-8404-4673-bd9a-ac5fd74c5bf5,S107912,Verified,Failed,Failed,Approved,2026-02-06
3e858841-fd0f-4bb9-bccf-465d1c788758,S107913,Verified,Failed,Verified,Pending,2022-05-21
f57443d3-5ce6-4a95-8a7f-9e0a1b5001d7,S107914,Failed,Verified,Verified,Approved,2025-11-04
231ea008-6137-41c3-9d05-191bc31522d9,S107915,Failed,Verified,Verified,Pending,2023-09-09
0f80aa7a-3a25-4687-9f74-e071b8bf24cf,S107916,Verified,Failed,Failed,Approved,2024-11-02
2374585c-e23a-4e2b-8f7a-795b37fb6742,S107917,Failed,Failed,Verified,Approved,2025-10-08
38381149-10ba-4973-9990-538147d73573,S107918,Failed,Verified,Failed,Approved,2022-10-06
1cf58421-1d95-4be3-83e4-ac62040279f4,S107919,Verified,Verified,Verified,Approved,2023-06-18
6c9e7811-481c-4b56-90df-94a835ffc218,S107920,Verified,Failed,Verified,Approved,2026-02-22
2f5680e2-4eb3-440c-9534-dffe4d67f428,S107921,Failed,Failed,Verified,Approved,2022-01-28
77086eea-3f92-4258-8830-eb0d156a0e9a,S107922,Verified,Failed,Failed,Approved,2024-06-23
ad8a19d7-808e-47c5-ba66-aa7da466cf25,S107923,Failed,Verified,Failed,Approved,2023-11-01
f6eb0a2e-071d-46cd-ad4d-758fdffb285f,S107924,Verified,Verified,Failed,Rejected,2023-08-29
a9ee2fcd-55f8-4a6f-9f0e-1de2d9336f8b,S107925,Failed,Failed,Failed,Approved,2022-12-31
bd2e233a-235a-438e-9dfe-9f22e8895658,S107926,Verified,Verified,Verified,Approved,2024-06-24
f73d47de-7a79-48e2-a43d-901122155170,S107927,Failed,Verified,Verified,Approved,2022-09-13
a91cac0d-f142-4c1c-8606-88797968e752,S107928,Verified,Failed,Verified,Approved,2024-06-20
bd90abd2-0d96-41ab-ad6b-8264207b9832,S107929,Failed,Failed,Verified,Approved,2023-12-06
6645b7de-7764-4454-9038-93634e47511d,S107930,Verified,Failed,Verified,Approved,2022-01-11
7918a891-a687-4c45-af5e-3d029f79a7a5,S107931,Verified,Failed,Failed,Approved,2022-04-29
f7544f6d-bc6c-45a3-956d-c2a09cd1ba01,S107932,Verified,Verified,Failed,Approved,2023-03-07
b2220039-732b-4c55-afc0-d6df84a5106e,S107933,Verified,Verified,Failed,Approved,2023-09-27
abfec3a0-6720-4c28-99fe-52362f0f95e1,S107934,Verified,Verified,Failed,Pending,2024-01-12
c79f61ea-a5e1-4793-afa0-01cc97766542,S107935,Failed,Verified,Verified,Approved,2026-02-15
363160cf-104a-4ad5-93ee-611d4e43ad3e,S107936,Failed,Failed,Verified,Rejected,2024-03-03
72a53eb6-daa2-468c-83f2-674b5900514e,S107937,Verified,Failed,Verified,Approved,2024-06-25
4a3a9e15-c948-4893-af38-e5eab0e4fe98,S107938,Verified,Failed,Verified,Pending,2025-06-19
73a29e29-615c-4262-9f60-55699e3d9983,S107939,Verified,Failed,Verified,Rejected,2024-10-05
b4e040de-727d-4cf0-b359-3cd52afb0283,S107940,Failed,Verified,Failed,Approved,2023-03-22
90929918-37bf-47d1-b0a3-de0c672307a4,S107941,Verified,Failed,Verified,Approved,2022-04-13
f210f13d-06ba-413a-818b-2792692f45de,S107942,Verified,Verified,Verified,Rejected,2022-07-11
e9261454-1cf9-47a6-b161-6a020a41579f,S107943,Verified,Verified,Verified,Approved,2025-11-19
485d9f24-dd13-4c4c-9daf-4ca01b202c86,S107944,Failed,Verified,Failed,Approved,2023-06-16
a87d56c7-0c37-4bc0-906d-f86a7fc530c7,S107945,Verified,Verified,Verified,Pending,2023-08-02
a28f3731-5b2e-49d6-87ea-f180f2e5205b,S107946,Failed,Failed,Verified,Approved,2022-11-12
185bc5f5-0ba4-45b9-a0cd-923b2f1b8c90,S107947,Failed,Failed,Verified,Pending,2022-10-16
d7e6a8c1-e265-4d96-a4df-613b10e8a2cb,S107948,Verified,Verified,Failed,Approved,2026-02-23
d086fb3a-7bcc-4786-94e9-d73dc9cb7bfe,S107949,Verified,Verified,Failed,Pending,2024-11-19
bb72e5de-021a-497e-b918-fe8ccf8d570c,S107950,Failed,Verified,Verified,Rejected,2026-01-22
f4caf583-20eb-4ded-a473-9bc4482e2bb8,S107951,Failed,Verified,Verified,Approved,2024-04-10
91e63551-ee93-4510-9e8c-f6b6b31f01a1,S107952,Failed,Verified,Failed,Pending,2026-04-17
a62157ac-3c47-4cc5-b930-b9c4b9980916,S107953,Verified,Failed,Verified,Approved,2022-07-24
35d18a3e-2367-4fd4-a8e7-b53eb7bd8623,S107954,Failed,Verified,Failed,Approved,2024-11-16
cee5f84b-15f1-49a4-8d49-d178c392bf3b,S107955,Failed,Failed,Failed,Approved,2025-07-11
1c98e50a-3652-42fa-bb77-f68c4df60058,S107956,Verified,Failed,Failed,Approved,2022-05-27
f332cdfb-fa16-4732-a51e-0c9d680212d2,S107957,Failed,Failed,Failed,Approved,2022-07-15
67f750a6-fc1e-4025-ae6e-f75a130a97ea,S107958,Verified,Verified,Failed,Approved,2023-02-05
e1343536-9f17-463b-9cd2-30fdbd180ff6,S107959,Verified,Verified,Verified,Approved,2022-07-19
ad9f1325-4eb1-4d2a-b8bf-52ffaa1ac604,S107960,Failed,Verified,Failed,Approved,2022-01-11
69cf2f98-e0ad-4076-a945-758c4eb18194,S107961,Verified,Verified,Failed,Pending,2026-06-26
7cdc65cd-0a27-4461-bc8f-6edd950c083b,S107962,Verified,Failed,Verified,Approved,2026-07-02
fefaa8cf-9a87-4b6d-9cac-62981d4e3eb7,S107963,Failed,Failed,Failed,Approved,2025-01-17
947d8aca-b7b3-41ee-8e9d-816986eceb41,S107964,Failed,Verified,Verified,Approved,2024-06-25
cab3dc85-1164-4c8a-a5c3-c662549bc949,S107965,Failed,Verified,Failed,Approved,2024-08-15
7e7c8be7-5ebd-442d-9e21-d9341c253408,S107966,Failed,Failed,Failed,Approved,2025-02-27
20ddb3c5-7422-49f3-a711-ef1e8b8f1fda,S107967,Verified,Verified,Verified,Approved,2023-12-15
e9db6b4d-0f5e-4b75-9538-c52a3d688e94,S107968,Verified,Verified,Verified,Approved,2025-11-18
526c610b-1e10-42e2-bea5-ea87327f3e24,S107969,Verified,Verified,Verified,Approved,2023-04-12
ec1eed93-ef8f-4c2f-9e73-688ba5adc325,S107970,Verified,Failed,Verified,Approved,2026-03-24
2e88574c-02ad-44bc-a691-0105840a2f63,S107971,Failed,Verified,Verified,Approved,2023-07-28
35d1e15e-2156-4828-8d2a-2ac566fffbf4,S107972,Verified,Failed,Verified,Rejected,2022-06-21
b951a832-2d80-4afd-9ebd-3e79673890e0,S107973,Verified,Failed,Verified,Approved,2022-07-31
cc079c31-56c3-487b-8d65-fbefd72cbe87,S107974,Failed,Verified,Failed,Approved,2024-03-05
faead36b-b8a7-4110-89a8-5c52826d6e62,S107975,Failed,Verified,Verified,Rejected,2024-03-21
bda2f023-6056-467f-b615-3051491d89d2,S107976,Failed,Failed,Verified,Approved,2025-01-28
722bbeac-34dc-4fd5-99c5-e5b194ac96f7,S107977,Failed,Verified,Failed,Rejected,2025-08-08
7631148e-47f9-4f6c-8ffc-584111b66125,S107978,Verified,Failed,Failed,Approved,2025-01-02
58ad6e95-7f32-4d47-8d2a-09fda59e98e9,S107979,Verified,Failed,Failed,Approved,2023-06-21
ab88cf23-84e7-45d9-869b-469edd43bb63,S107980,Failed,Verified,Verified,Approved,2025-05-14
b197252b-a569-406b-9b62-c7b205e75f06,S107981,Failed,Failed,Failed,Approved,2023-08-31
11479bbb-10c3-49a6-a087-ce2075a3317c,S107982,Failed,Verified,Verified,Approved,2023-04-15
d8528f07-d1b3-472f-b993-63a7e393a76d,S107983,Failed,Verified,Failed,Approved,2024-07-08
a1d36bdc-4217-415d-8753-7b917f6a889c,S107984,Failed,Verified,Verified,Approved,2023-10-30
0f7970db-0c90-457d-8772-aad64e8b0760,S107985,Failed,Verified,Failed,Approved,2023-12-15
d346d92f-7cc2-4d69-bbb9-65e827f95a82,S107986,Failed,Failed,Verified,Approved,2023-05-17
9a35accb-824b-4977-861c-1a8f42ac5977,S107987,Failed,Failed,Failed,Pending,2025-07-23
4e8d0d4b-46b3-49a2-ab84-254a4167b8dd,S107988,Failed,Failed,Failed,Approved,2023-04-01
9b80aa8c-710a-47e5-bb26-ae53efeb8976,S107989,Failed,Verified,Failed,Approved,2024-08-10
63c55fea-67f0-4581-b473-a17dd364e27e,S107990,Failed,Verified,Verified,Rejected,2023-05-15
495e1dda-0d5a-4f44-b4f6-5f9b6d82055c,S107991,Failed,Verified,Verified,Approved,2023-10-15
65b187f7-c17a-4ca1-89ea-67284f3f3689,S107992,Failed,Verified,Failed,Pending,2022-09-18
7562acaa-bc10-4f5f-bf8f-1f51c92b4498,S107993,Failed,Verified,Verified,Approved,2022-10-20
8626893f-89df-4720-9e99-722f1de1de9c,S107994,Failed,Verified,Failed,Approved,2023-11-27
86ad529f-115e-4cd2-a838-ddb513762125,S107995,Verified,Verified,Verified,Approved,2025-11-22
b7835134-7d62-4601-bd65-49e52b3636fd,S107996,Failed,Failed,Failed,Approved,2025-03-26
4bbca945-3862-476c-a505-958470c69cd0,S107997,Verified,Failed,Failed,Approved,2024-03-18
49c90d5f-76b1-4fae-b205-c581d2d95e14,S107998,Failed,Failed,Verified,Approved,2025-05-11
f8ee2581-702a-43c2-aae9-37cb968f1402,S107999,Failed,Failed,Verified,Approved,2026-07-12
5ff94b37-4aab-4087-bda8-a7738493ccb0,S108000,Verified,Verified,Verified,Approved,2023-03-30
e55ed574-767a-4305-a01b-ff2db3445208,S108001,Failed,Failed,Verified,Approved,2025-08-18
3e0ae56f-fcd8-4879-b10d-80c03c2cafa2,S108002,Verified,Failed,Failed,Pending,2022-12-25
1a3347cb-a3dc-40c6-a24e-7647a468725d,S108003,Verified,Verified,Verified,Approved,2025-08-13
cd9da9db-d45c-4f67-8438-6aafa3fd8f6f,S108004,Failed,Failed,Verified,Approved,2025-06-03
51515ada-1ac4-44dd-851c-c5c2e7536d60,S108005,Verified,Verified,Verified,Approved,2023-10-11
dadecdfc-53bc-4e17-bed9-98ff6a574a56,S108006,Failed,Failed,Verified,Pending,2024-11-15
36affc77-d1c8-466c-9ef3-d3ed48ef37f2,S108007,Failed,Failed,Failed,Approved,2026-07-09
a0bc1271-46fc-41db-95ca-982aca882764,S108008,Failed,Verified,Failed,Approved,2022-04-09
5a1603b1-a207-41a9-9fde-0318c4799c47,S108009,Verified,Failed,Verified,Pending,2024-11-07
98e0493c-702c-4240-a970-b27d57f0f102,S108010,Verified,Failed,Verified,Approved,2025-11-02
07a75ee9-cea1-4b7f-a303-a0f474ef052c,S108011,Failed,Failed,Failed,Approved,2022-12-19
c89f9fdf-99e3-46fd-b5d5-0d77b9503be2,S108012,Failed,Failed,Failed,Approved,2026-03-26
e4b840ca-79e7-464d-8f9f-8a32b81c6527,S108013,Failed,Verified,Verified,Rejected,2026-03-09
d519bf80-0e26-495d-a455-e3f27124a523,S108014,Verified,Failed,Verified,Approved,2024-12-09
5f8f5009-a3d0-466e-a183-7df54f09e697,S108015,Verified,Failed,Failed,Approved,2024-04-16
06dc68c4-35e1-49d9-b7fd-6c80565f3769,S108016,Verified,Failed,Failed,Approved,2024-09-06
7c24a244-123c-4895-850b-96a6fdb302c8,S108017,Failed,Verified,Failed,Approved,2022-10-28
ed985f04-c6b6-4fb6-9a97-e3bc32228d23,S108018,Failed,Verified,Failed,Approved,2024-10-23
78837acb-26bf-48da-9ab5-5a80431edda3,S108019,Failed,Verified,Failed,Approved,2022-12-12
9676d313-59f8-46b1-b627-631e2c0dfcc5,S108020,Failed,Failed,Verified,Approved,2026-07-06
2ef5ce34-a368-43cd-9bc2-ed352ce7a792,S108021,Failed,Failed,Verified,Approved,2025-11-21
5b7d158e-8de1-48ad-a058-ed2a931f84a8,S108022,Verified,Failed,Failed,Approved,2025-07-04
208ebe6a-b0ce-48b9-b2a2-e04a61c4060e,S108023,Failed,Failed,Verified,Approved,2022-12-15
5db3f775-5de1-4c2f-8d61-510d42221944,S108024,Verified,Failed,Failed,Approved,2026-07-11
ea444391-a54e-4dfa-89c2-23dd5788b5fc,S108025,Failed,Failed,Failed,Approved,2024-05-26
d9ecbdef-5396-4833-a99f-08c5a060e7d5,S108026,Failed,Verified,Verified,Approved,2022-05-16
7819f861-7f81-4a33-9ac7-6e05d692936c,S108027,Verified,Failed,Verified,Approved,2023-07-05
5aef8ab0-8823-47a5-a278-b6b349e96739,S108028,Verified,Verified,Failed,Approved,2022-11-21
ec506267-27f0-469a-921a-83286e5a9bfb,S108029,Failed,Failed,Failed,Approved,2025-11-06
e99be1d8-4edb-4282-a74f-5777a66bd893,S108030,Verified,Verified,Failed,Approved,2023-06-23
bfb4fa0f-e111-4ae6-8261-72af27dbdc47,S108031,Verified,Failed,Failed,Approved,2024-10-19
4ecc4285-7011-4fea-b74d-8058450886d7,S108032,Verified,Failed,Failed,Approved,2022-12-22
229f821d-be91-454c-815a-6c51278a4b97,S108033,Failed,Failed,Failed,Approved,2026-03-07
2f517100-060f-4d73-a767-e67dc8383c8d,S108034,Failed,Failed,Verified,Rejected,2022-07-27
12a5eb04-4673-4fc3-8d21-380c208f24e3,S108035,Verified,Failed,Failed,Rejected,2023-09-07
e78e59a6-4ae5-457d-ab1b-860f00e738fd,S108036,Verified,Verified,Failed,Approved,2024-11-24
7525e3f2-0abe-4622-a7e3-a63b922251b8,S108037,Failed,Verified,Verified,Approved,2024-08-21
2808d39c-5728-4333-a040-f6a12974667c,S108038,Verified,Failed,Verified,Approved,2023-09-01
d420e47b-f437-48e5-8fcb-a298b6cd552f,S108039,Failed,Verified,Verified,Approved,2022-01-20
b963de96-1b5a-45d7-afc2-fbd8e049da46,S108040,Failed,Verified,Failed,Pending,2022-01-17
6b5c0b8f-7619-4d0b-8377-e0de4751ea5e,S108041,Failed,Verified,Failed,Rejected,2023-04-22
738ffefc-6944-48af-9f76-f5850c0eb100,S108042,Failed,Verified,Failed,Approved,2026-01-15
2b94e406-706a-4d20-bb5c-0147f35a490b,S108043,Failed,Failed,Verified,Pending,2022-03-05
92d5fd24-0e10-4b23-8896-b2f75fba0794,S108044,Verified,Verified,Failed,Approved,2025-01-16
f967f624-2929-4cd8-bdc6-ded83d16692a,S108045,Failed,Verified,Verified,Approved,2022-02-03
57ac34c2-92ac-4851-bc19-59871e01d085,S108046,Verified,Verified,Failed,Approved,2025-09-10
fd6f6bbb-d6e6-4abd-b87d-fac163c4e836,S108047,Verified,Failed,Verified,Approved,2022-05-16
2deb72dc-ca0a-4ac9-b1f3-e2609f43eb20,S108048,Failed,Verified,Verified,Approved,2024-06-02
00461c0c-bb83-414a-9fde-222d0f2851a9,S108049,Failed,Failed,Failed,Approved,2024-08-28
0aab4dfd-58ed-4718-ba71-1b2a6c275224,S108050,Failed,Failed,Failed,Approved,2024-10-20
6365840f-917d-4998-a4c2-0e2a659f3ca6,S108051,Verified,Verified,Verified,Approved,2022-12-12
ac4b79a2-1d0f-47b2-a0dc-9d36e91001f2,S108052,Verified,Verified,Failed,Pending,2022-01-19
55f76709-fb1e-4701-849f-3610b8873754,S108053,Verified,Verified,Verified,Approved,2022-01-09
40e00833-8514-4240-8a7f-81ddea4f5853,S108054,Verified,Failed,Failed,Approved,2022-09-07
20693e39-59ea-445f-ab60-8c6445c48e25,S108055,Verified,Verified,Failed,Approved,2022-01-10
94935d51-4002-4302-a59c-8ddf37a8e3ce,S108056,Failed,Failed,Verified,Approved,2022-12-01
1a7de4ca-127b-4cc4-83ae-df3de82f0a3d,S108057,Failed,Failed,Failed,Approved,2025-12-12
cce5dc31-06fa-4c44-be21-8d8ce7cd2632,S108058,Failed,Verified,Failed,Approved,2022-03-15
ad6aa939-e37f-4237-8b75-805b0882dcaa,S108059,Verified,Failed,Verified,Approved,2025-04-27
91d9a3cf-89ab-489c-887e-f7532baf024d,S108060,Verified,Verified,Failed,Approved,2022-09-15
bf2a403e-6766-4adf-bdde-677660137cc8,S108061,Failed,Failed,Failed,Approved,2026-05-24
f298c3e6-0ef8-4c10-8c27-613f08ba31a4,S108062,Failed,Verified,Verified,Rejected,2025-10-26
3eb53eeb-24ce-4142-a973-bf27ca1b1b71,S108063,Verified,Verified,Failed,Approved,2024-01-19
d6255493-18ba-44b0-afbe-89b5f211b6da,S108064,Failed,Failed,Failed,Approved,2022-03-23
f6970b42-b24f-4116-9eac-78b55cd1db00,S108065,Failed,Failed,Verified,Approved,2023-09-19
1fe65efe-50a6-40f8-b75c-070fd48e4de4,S108066,Failed,Failed,Failed,Approved,2022-08-28
971a0342-7907-41a2-a055-b4489a3019af,S108067,Failed,Verified,Failed,Approved,2024-09-09
939ab5ba-e3fc-46b9-adc7-fc9fcaed5a1a,S108068,Failed,Failed,Verified,Approved,2026-02-01
85e40918-565a-46d7-8707-caf06861ef2d,S108069,Failed,Verified,Failed,Rejected,2025-10-08
14a3304c-3bfe-4c95-9a88-84096e2f5154,S108070,Failed,Failed,Verified,Approved,2025-10-02
cbec7ade-adc2-4158-8546-c6c2f306a0c2,S108071,Failed,Failed,Verified,Approved,2022-06-26
2d9a648f-e619-4e21-853e-5f1b36384acd,S108072,Verified,Verified,Failed,Approved,2022-01-25
d3a9ba8d-7ec9-4b88-8865-fcaa2df36601,S108073,Failed,Failed,Verified,Approved,2023-01-24
378c8d32-496b-4174-a6ee-e64f0bf2feaa,S108074,Failed,Verified,Verified,Approved,2022-07-31
0b9584bb-af50-4e71-8a3f-43571423b29c,S108075,Verified,Failed,Failed,Approved,2022-09-03
2b1a72f8-7519-45b6-b497-14b8ee887f49,S108076,Failed,Verified,Verified,Approved,2024-07-05
777f11dd-8fb5-4871-a4b6-5f7b2a7cf8d8,S108077,Failed,Failed,Verified,Approved,2024-05-24
f30637f9-ee61-4f85-9e2e-9f4240f8e73b,S108078,Failed,Verified,Failed,Approved,2023-12-13
e99be389-551d-420c-9ed0-e35b98f28072,S108079,Failed,Verified,Verified,Approved,2023-05-01
bbdf0f51-3146-44d2-9100-53cf81b493a8,S108080,Failed,Failed,Failed,Approved,2025-12-20
4b05cd2b-eeb1-44ee-bc94-52f366746698,S108081,Verified,Failed,Verified,Approved,2022-01-08
65c2f24e-ba45-4de9-8a6d-bf9e2a15a70f,S108082,Verified,Verified,Failed,Approved,2025-09-02
c614abc9-7c74-4dc1-9500-aae1087144f8,S108083,Failed,Verified,Verified,Approved,2026-06-21
b0e24d24-e2ff-4d7d-bc06-cebd6452495c,S108084,Failed,Failed,Verified,Approved,2024-10-30
ddd0375f-aaed-4c22-b89e-ae24a422363a,S108085,Verified,Verified,Verified,Rejected,2025-09-07
36a3005c-f496-47f8-b341-7e3087a041f9,S108086,Failed,Verified,Failed,Pending,2025-02-22
e0139b26-c352-45c1-80ae-7fa4e7d2b433,S108087,Verified,Verified,Failed,Pending,2025-04-15
1a94ad1a-1e3a-4730-8eae-bd1c84141946,S108088,Failed,Failed,Verified,Approved,2023-04-06
087852b3-34e4-435e-8e79-edff10514381,S108089,Failed,Verified,Failed,Approved,2024-01-24
afe1d5bd-2c10-4598-999e-4336a72577aa,S108090,Failed,Failed,Verified,Rejected,2023-11-26
f1ea3324-2680-4f7b-949d-ee62ef2b0535,S108091,Verified,Verified,Verified,Approved,2024-12-28
5d364d8e-38f7-47f1-8795-e11935377d7a,S108092,Verified,Verified,Failed,Approved,2025-08-18
25dfc81e-2a16-4b46-b70d-ab15ec800cbb,S108093,Failed,Failed,Failed,Approved,2022-03-10
55de7219-7e69-46e5-b728-346735db11ee,S108094,Verified,Failed,Failed,Pending,2023-03-12
cbb03667-4959-4ae8-850e-f2a90b530c34,S108095,Verified,Failed,Failed,Approved,2024-12-19
65c4b85a-07ac-4aa2-8d48-8f4d86372826,S108096,Failed,Failed,Verified,Pending,2025-04-03
2fe6cfb0-a112-4e5d-bdfd-d1a8a72a19f0,S108097,Verified,Verified,Failed,Approved,2024-08-11
ae6752dd-8cdd-4dba-8756-115b4391fa56,S108098,Verified,Failed,Failed,Approved,2022-09-07
4016b436-8c83-4371-a62c-df399c058fbd,S108099,Verified,Verified,Failed,Rejected,2025-04-07
d81ffc66-475b-4025-88de-63c068e625c5,S108100,Failed,Failed,Failed,Approved,2026-03-01
b6812877-ef5a-4d62-ad1f-db8f1c11a8e7,S108101,Verified,Failed,Verified,Approved,2022-12-14
65615876-1ad6-4581-ab09-f69e2b58428b,S108102,Failed,Verified,Verified,Approved,2024-12-11
532b7e7c-5dce-4a22-be5a-dcc4b95595d0,S108103,Failed,Failed,Failed,Approved,2025-08-03
7792c19b-213a-4e32-8f9d-3fa4a18949ba,S108104,Verified,Failed,Verified,Approved,2024-12-17
a89fd3f3-3246-467a-bf64-cb2195e61ba6,S108105,Failed,Failed,Failed,Approved,2024-01-22
0e41cfed-7805-471d-9220-4bde968595d7,S108106,Verified,Failed,Failed,Approved,2022-07-17
e244072a-e350-4f9b-9eea-94fb21dcc0ad,S108107,Failed,Verified,Verified,Approved,2026-07-29
13d070fa-6181-416b-ab9b-4d7b4c3ee496,S108108,Verified,Verified,Verified,Approved,2025-08-31
d44a8881-9cd7-46de-a2b1-f4b7bdc374fc,S108109,Verified,Failed,Failed,Approved,2023-05-18
4fd6b653-08e8-4622-8204-1b81be885b9f,S108110,Verified,Failed,Verified,Approved,2022-07-20
12a6fb2f-614b-4c69-ab5d-4ef7793c99d1,S108111,Failed,Failed,Verified,Approved,2022-09-21
9c57f9d8-f714-43f0-a618-cd940ceab8a7,S108112,Verified,Verified,Verified,Pending,2024-05-18
c2020122-a978-4239-ad61-5c08db781942,S108113,Failed,Failed,Verified,Approved,2025-05-29
5de2e1a8-fcd7-4844-a631-9b8ea6038076,S108114,Failed,Failed,Verified,Approved,2026-07-10
9645adda-1521-403d-8b33-770043773434,S108115,Verified,Failed,Verified,Rejected,2024-08-11
cbd3ff4e-c1f0-4bf7-8b64-46f2bf8c0f0d,S108116,Verified,Verified,Failed,Approved,2022-06-20
7704e6f8-7d41-4f95-b2ca-ef2a43e3171a,S108117,Verified,Failed,Verified,Pending,2026-05-18
9e31a4bd-2abd-41ef-887a-9725ddeb5f4d,S108118,Failed,Verified,Failed,Approved,2025-11-04
ecb49e6e-7559-45ee-aa18-82cea905266e,S108119,Failed,Failed,Failed,Approved,2025-05-28
02b75d04-5484-46cd-886a-f9a3e0f3a0e9,S108120,Verified,Verified,Failed,Approved,2025-04-14
c74cd16e-69de-4439-9246-66a634a1347b,S108121,Verified,Verified,Verified,Approved,2023-02-01
3cd7852e-2b1a-4f54-94fe-bcb2d3b389ac,S108122,Failed,Verified,Failed,Rejected,2024-04-15
2fd505b1-d149-4965-b37b-86b2f3072cbd,S108123,Failed,Verified,Failed,Rejected,2022-11-25
65a1311d-4633-4355-80c5-364afaf8fbd1,S108124,Failed,Verified,Verified,Approved,2024-11-10
5353d00f-c588-4ef6-84bd-dc5aaae46e40,S108125,Failed,Verified,Failed,Pending,2024-10-26
65b06cc3-cef9-40dc-bda3-eb86fb6efae8,S108126,Verified,Failed,Verified,Rejected,2022-10-08
c2916d42-898c-40f0-8b4a-8a3a0275c36f,S108127,Verified,Failed,Verified,Approved,2022-11-30
df50a8c9-5b76-406d-a3dc-57a1e5af66b6,S108128,Failed,Failed,Verified,Approved,2025-02-19
97d98964-95cc-4560-95c4-5f58161fbab8,S108129,Failed,Verified,Failed,Rejected,2023-02-06
51fa5314-6793-4952-a952-584b0807f020,S108130,Failed,Verified,Failed,Approved,2022-01-26
3c3de558-bb67-4ca0-a496-51d7c0b3098d,S108131,Verified,Failed,Verified,Pending,2025-11-29
ac5c965b-2fa6-42d2-9c89-6d322d0a8170,S108132,Failed,Failed,Verified,Approved,2024-08-24
123f946c-9aee-4616-bc37-460c677d89a2,S108133,Verified,Verified,Failed,Pending,2024-12-07
d0712f17-13b2-49a6-9d88-227ec2b0ebec,S108134,Verified,Verified,Failed,Approved,2022-03-07
1d329e92-5637-4f6a-8238-dd167dcb6a69,S108135,Verified,Verified,Verified,Approved,2026-03-17
b61fd9f4-9a4f-4ddc-98fe-fb042e0130f3,S108136,Failed,Failed,Failed,Pending,2022-11-14
2db5322b-7440-4cd8-ae7b-5e8c2bde9804,S108137,Verified,Verified,Failed,Approved,2023-11-04
13c1f3b7-94eb-48ec-b7b0-94accbe87925,S108138,Verified,Failed,Failed,Approved,2024-05-11
f1b2b5e2-4a8a-449c-98cb-716267c9af9f,S108139,Failed,Failed,Failed,Approved,2024-05-29
217837be-2555-4acd-8344-3ba823bdee65,S108140,Verified,Verified,Failed,Approved,2023-08-15
245c37d2-9b5f-4f09-991c-31a0e15dd4ee,S108141,Verified,Verified,Failed,Approved,2022-03-18
8bd91309-3f2b-41d7-9920-6dbdec8eba6a,S108142,Verified,Verified,Verified,Approved,2025-10-13
716db197-8d4d-4f4d-9218-abe941daf25b,S108143,Failed,Verified,Verified,Approved,2022-06-30
7a78de9b-dc6f-434d-8a67-97425491c0f7,S108144,Verified,Failed,Failed,Approved,2024-11-06
162df5c4-63e8-493a-adcb-6296f77622ee,S108145,Verified,Verified,Verified,Approved,2022-09-18
adfca24b-5fd6-4015-a7bc-21bf7d6dfa03,S108146,Failed,Failed,Failed,Pending,2024-02-12
ab7dd703-28ed-42f8-a96b-7e4f7c0c5281,S108147,Failed,Failed,Failed,Pending,2024-11-16
edd911e1-e9eb-4be0-9ce2-6a5c422378ad,S108148,Failed,Failed,Failed,Approved,2025-12-15
e5ec4e5b-8553-4fee-9734-fda55d31be20,S108149,Failed,Verified,Failed,Approved,2022-02-19
dcd44551-fa13-4636-853c-ffe7d179580c,S108150,Failed,Failed,Verified,Approved,2023-04-21
6ed1d205-6f9d-4813-bc4d-336ee0683eaa,S108151,Verified,Failed,Verified,Approved,2025-07-22
8f43a702-95d6-4a94-bfe9-22e103997d52,S108152,Failed,Failed,Failed,Approved,2022-06-12
a9b352ce-ff40-4bae-bc22-65fb375eaba3,S108153,Failed,Failed,Failed,Rejected,2026-03-09
337636ff-8386-4737-8c32-dc94485ab508,S108154,Verified,Failed,Failed,Approved,2023-03-18
31cb3704-cd79-4e0e-904a-d57bbbab11d5,S108155,Verified,Verified,Verified,Approved,2025-09-01
64720dcc-37d8-47e1-82e0-edf678ceb8cd,S108156,Verified,Verified,Failed,Approved,2025-12-16
5a07e176-1cc5-46c8-a2b0-c2d2d9ac1180,S108157,Failed,Verified,Failed,Approved,2025-08-18
2eb8cad9-9388-484a-a26f-cc48d54cd653,S108158,Failed,Verified,Verified,Approved,2024-07-23
85bf2d22-6a26-4f8d-a399-86c3da1615fa,S108159,Verified,Verified,Failed,Approved,2026-04-03
8485c7a3-a4fa-43d6-a1ee-5c1267e35273,S108160,Verified,Verified,Failed,Rejected,2024-03-19
05aa525d-f1ce-4382-8ac6-b1b2060a5ec3,S108161,Verified,Verified,Failed,Pending,2024-06-05
6ac5bd2a-5e85-4659-96be-4e387b3869d2,S108162,Failed,Verified,Failed,Rejected,2024-05-19
0676676d-0d04-479b-bd13-af9e55fda441,S108163,Verified,Failed,Failed,Approved,2025-12-10
24a38914-cfc2-41ad-afb8-f0da0ca982c7,S108164,Failed,Verified,Verified,Rejected,2025-06-21
037614ae-5d56-44c1-bfaf-473d7c0aae61,S108165,Verified,Verified,Failed,Approved,2023-06-28
68bf1290-b121-4759-b3a3-7ae69dac7a69,S108166,Failed,Verified,Verified,Approved,2023-12-08
47e9f13f-0408-4e6d-9070-3ce6a8b51d7e,S108167,Verified,Failed,Failed,Approved,2026-05-11
9e6924de-0177-4527-9fac-679b786827f2,S108168,Verified,Verified,Failed,Approved,2024-05-16
3c1ff1e7-0920-4977-8f70-c4f327c78900,S108169,Verified,Verified,Failed,Approved,2025-01-16
cd3dc01a-73dd-49b6-b8dc-963ae51082a7,S108170,Failed,Failed,Failed,Pending,2026-04-29
aea5a3bf-245a-41fa-83ce-290616455819,S108171,Verified,Verified,Failed,Approved,2022-01-29
78e6c905-cdf2-4607-b746-87fd1c88b791,S108172,Failed,Verified,Verified,Pending,2024-06-10
2d3204bb-d2f2-46e0-b317-508a49e731e9,S108173,Verified,Failed,Failed,Approved,2026-02-18
3a488c5e-9198-45ee-93ec-dff37fb2bff1,S108174,Verified,Verified,Verified,Approved,2023-11-30
24d55a30-a180-41e4-ace8-98c9942b3767,S108175,Verified,Failed,Failed,Approved,2022-10-31
b94a6812-fd46-40d5-a85b-1640af6bcc50,S108176,Failed,Failed,Failed,Approved,2024-04-11
4740143d-9f42-4db4-80d8-7ed8b410f21f,S108177,Failed,Verified,Verified,Approved,2024-06-02
42914a52-53e6-41ac-9211-6260dfc0bf10,S108178,Verified,Failed,Verified,Approved,2022-08-22
6aa57f33-d2bf-4099-bfad-d0bc2865c565,S108179,Verified,Failed,Verified,Approved,2024-07-22
9c59b7f6-203f-474e-a041-4805bdce2975,S108180,Verified,Verified,Failed,Pending,2025-10-11
c2c742ee-ba99-4a53-ba9b-73223f129d60,S108181,Verified,Verified,Verified,Approved,2023-10-26
bb205cd6-652d-4813-b09c-88583f1dbe2a,S108182,Verified,Failed,Verified,Approved,2026-02-12
82c12923-f74a-47c7-9f45-729a92f8bc43,S108183,Failed,Verified,Failed,Approved,2023-11-30
4f333567-c083-464a-a42c-d80e36da2641,S108184,Verified,Failed,Failed,Approved,2024-09-04
2c822cdb-78a9-4407-add5-fbf6079f99af,S108185,Verified,Failed,Verified,Approved,2023-08-15
15e18488-83db-4c3b-aaa3-6268cc573227,S108186,Verified,Failed,Failed,Approved,2023-10-19
d43a0225-9df7-472f-bdfc-8b51c82fdccf,S108187,Failed,Verified,Verified,Approved,2023-07-06
1ad545b4-8099-4a23-9c99-9061587ad8e9,S108188,Verified,Failed,Verified,Rejected,2024-10-24
6a9c5812-aac5-4e20-a8f4-5672a170a0c6,S108189,Failed,Verified,Failed,Approved,2023-10-19
804d5d33-aa2f-474b-9347-3e04eb90287e,S108190,Verified,Failed,Failed,Approved,2026-01-17
81942d55-cca7-43fd-96eb-175606843d56,S108191,Verified,Verified,Verified,Approved,2022-02-05
998c6b88-07e3-4c0d-804c-2016d1a0c29d,S108192,Verified,Failed,Failed,Approved,2024-10-15
0ff95a14-b94c-4cf4-8fb1-d3a588c5402b,S108193,Failed,Failed,Verified,Approved,2026-01-05
35360a95-9ffe-47f6-84f8-3fca43451edb,S108194,Verified,Failed,Verified,Approved,2026-02-27
2d4f8c5d-b922-483f-a4df-935c3b2afaf6,S108195,Verified,Failed,Failed,Approved,2026-07-26
44c8bfb4-feca-4fdb-a587-0e9f7005fe0c,S108196,Failed,Failed,Failed,Pending,2023-09-28
d43d753e-544d-4316-8d58-81c8c717fa7d,S108197,Verified,Verified,Failed,Approved,2024-09-14
5c012cae-7be1-41bb-af88-9ec32084a7a3,S108198,Verified,Failed,Failed,Approved,2022-12-19
63c3ee60-22d6-43b2-824d-47da9a2febff,S108199,Verified,Failed,Verified,Approved,2024-12-28
224402fc-cc19-4642-bb89-aa267d10098b,S108200,Failed,Failed,Verified,Approved,2025-03-14
b4c06d88-b5fb-414c-b428-23dcb0836426,S108201,Failed,Failed,Verified,Approved,2025-12-28
e54960e0-2f74-460f-adf0-60417bfffc1b,S108202,Failed,Verified,Verified,Approved,2023-08-04
50bc569c-cceb-487e-9a16-afe725cfeecc,S108203,Verified,Verified,Failed,Approved,2023-01-02
2560a5c5-3cf4-42fb-992a-a26cff25b9d2,S108204,Verified,Failed,Verified,Approved,2025-07-23
18a96290-c6f2-452c-8cd8-e5f951f12775,S108205,Failed,Verified,Failed,Approved,2024-09-27
94168bf7-dd76-4216-9e55-f97e6471262f,S108206,Failed,Failed,Failed,Approved,2026-05-28
2f977d0e-dfae-4b2d-86fe-262e300658ed,S108207,Failed,Verified,Failed,Approved,2025-10-23
714d901d-e858-46ff-aeae-1467911322f9,S108208,Failed,Verified,Failed,Approved,2025-12-08
15d92262-18ba-438f-9c8a-b5a040ec1632,S108209,Verified,Failed,Verified,Rejected,2024-11-05
5697a811-6506-486f-aa44-1b64b4621383,S108210,Failed,Verified,Failed,Approved,2023-06-30
c7dba592-fd1a-46b5-b3ca-a376d09795e3,S108211,Verified,Verified,Failed,Approved,2024-12-11
01143320-6c0d-410f-9188-f833c807607d,S108212,Verified,Failed,Failed,Approved,2022-02-10
c660c9d3-2c69-4ba0-a623-93328bf0fdd9,S108213,Verified,Verified,Verified,Approved,2022-09-16
97c78934-d54f-4520-8bd1-fc39f589071e,S108214,Verified,Verified,Failed,Pending,2025-07-19
1b328860-e0f5-40bb-9332-8859c8842e31,S108215,Failed,Verified,Verified,Approved,2023-03-24
6cdc0693-94c0-43a8-b304-f93e39886ea8,S108216,Verified,Failed,Failed,Approved,2023-10-12
0130f301-b8b7-4255-9037-7baf6d149625,S108217,Verified,Failed,Failed,Approved,2022-11-20
574d7ebd-f34b-450c-bc46-3bfef3081b5a,S108218,Failed,Failed,Verified,Rejected,2022-06-04
d80582d9-52de-4a0f-b6db-a97fd3f3f116,S108219,Failed,Failed,Verified,Approved,2026-01-21
67f6730a-9330-4631-a433-54502620fcff,S108220,Failed,Failed,Verified,Approved,2026-06-14
e8217381-4e09-410d-be6e-524465264d3b,S108221,Failed,Verified,Failed,Approved,2023-03-28
f9e6142a-10d1-484d-ba99-5b1af5a8a999,S108222,Verified,Verified,Failed,Approved,2025-01-02
15f18e3f-8314-4f71-97ef-bc92ae216ba1,S108223,Failed,Failed,Verified,Approved,2025-04-09
2275a6af-e581-440b-a99d-fbab36528719,S108224,Verified,Verified,Verified,Approved,2024-09-01
27b0ecfb-7416-4778-80fa-44a4a889f38a,S108225,Failed,Failed,Failed,Approved,2025-11-18
1e61d2ba-92c7-49e3-bca0-20eb317caae5,S108226,Failed,Failed,Failed,Approved,2023-05-31
898ef9c3-1657-4edb-b5b6-ed38953c4702,S108227,Failed,Failed,Verified,Approved,2024-12-03
5461bb1c-664d-4b78-b92f-34b44359ce40,S108228,Verified,Verified,Verified,Approved,2025-11-01
0de14b43-dc41-4edf-9d6d-11f4ed2a42ff,S108229,Verified,Failed,Failed,Approved,2026-03-08
37a1c676-eff0-4023-a929-8548c678ba62,S108230,Verified,Verified,Verified,Rejected,2023-05-06
aa17025d-b1ef-4818-948e-72706ec0e91d,S108231,Verified,Failed,Verified,Approved,2025-12-08
ff3490a4-5718-4215-8232-b970db93b1d0,S108232,Failed,Failed,Verified,Approved,2022-10-18
f84dfbca-1037-44cc-89ab-2d20e7dd0b0a,S108233,Verified,Verified,Verified,Pending,2022-06-28
bcc7303f-e1da-414e-b547-c87b60d2dfb7,S108234,Verified,Failed,Verified,Approved,2023-08-27
dfbef031-a618-430e-aba7-2190debfd7b5,S108235,Failed,Verified,Failed,Approved,2022-05-11
9e60aa15-9ebb-4b67-9aee-060c5c54a245,S108236,Verified,Verified,Failed,Approved,2024-09-06
13422031-9499-42b3-8092-7d0df0641f67,S108237,Failed,Failed,Verified,Approved,2025-01-18
610c33dc-98d1-4c74-b538-414ef1091b4d,S108238,Verified,Failed,Verified,Approved,2025-03-11
95d650e5-6996-4114-9322-39feff894144,S108239,Failed,Failed,Verified,Approved,2025-12-12
bd9a92c1-0fba-4aba-a7ed-d98f715c998b,S108240,Failed,Verified,Failed,Approved,2026-06-09
60d4417c-3283-42de-a34e-2cfc2f0c774e,S108241,Verified,Verified,Verified,Approved,2024-06-08
9275328c-4e6c-4f9a-bbc2-d1ba46554866,S108242,Verified,Verified,Verified,Pending,2024-07-24
cc77f138-cb00-4a21-92c7-27b6b590ceea,S108243,Verified,Failed,Failed,Approved,2026-01-14
d8f8cb0a-1aa8-4cd7-afb0-332858f325c0,S108244,Failed,Verified,Failed,Rejected,2025-09-29
aaa835c1-7347-4b8f-bc07-f6be4a10a7fa,S108245,Verified,Verified,Verified,Approved,2022-04-05
327549f1-44d8-48a8-bcea-71e50128e7a4,S108246,Verified,Verified,Verified,Approved,2026-01-05
f94d4236-407f-4f10-ae0b-e1efe32a96fd,S108247,Verified,Failed,Failed,Approved,2025-04-29
1a84af59-9b6a-4302-8bf8-528527b33337,S108248,Verified,Failed,Verified,Pending,2024-11-10
6e09069d-27c3-4cef-ab08-0716da000d27,S108249,Verified,Failed,Failed,Pending,2025-01-25
77c979c1-7f58-4942-9ea0-c93932917432,S108250,Failed,Verified,Verified,Approved,2024-08-15
b54cc033-4586-443c-8392-3c7b7828fcc2,S108251,Failed,Verified,Failed,Approved,2022-08-12
2e5cfd07-25dd-462c-85fe-72ece6931d49,S108252,Failed,Verified,Verified,Pending,2026-02-27
2f991987-db9b-4a04-9948-ac3e2526f41c,S108253,Failed,Verified,Verified,Approved,2022-04-12
f7916b38-2195-45f6-8d30-534fae0298d9,S108254,Verified,Failed,Failed,Approved,2025-09-06
b774571e-cf61-43e6-9b93-3086a54d26e2,S108255,Failed,Verified,Verified,Approved,2025-09-18
7ac55206-d766-4e39-9720-efbfcb40ddeb,S108256,Failed,Failed,Verified,Pending,2022-02-09
17b789cc-8361-4d9e-b929-55543119bdaf,S108257,Verified,Failed,Verified,Pending,2024-04-19
cd5e4d31-dfb6-4b0b-bb8a-6b03ab0c1272,S108258,Verified,Failed,Verified,Approved,2026-04-24
eab0ccb6-073b-40a7-938a-fe91aeb6b8f0,S108259,Verified,Verified,Verified,Pending,2025-08-14
343981ba-719a-4d2a-81e3-3d023b8a0161,S108260,Failed,Failed,Verified,Pending,2022-05-24
19d6f0c7-53a0-419f-b425-c57a1a9cecfd,S108261,Failed,Failed,Failed,Approved,2024-01-14
97469f46-2d39-41c3-a960-f20f080053ad,S108262,Verified,Failed,Verified,Approved,2026-03-28
3c856441-8a5a-4f79-9d87-d04ded98dc6d,S108263,Failed,Failed,Failed,Approved,2025-11-02
03c61fc3-53b1-4cc9-8f3c-9b4cba8ecfbc,S108264,Failed,Failed,Failed,Approved,2025-06-27
3c32cb12-34ae-4b6c-bc4c-76868190dd65,S108265,Verified,Verified,Failed,Approved,2026-06-24
063ecc12-19e3-4a3f-b955-20b12b15288e,S108266,Verified,Verified,Failed,Approved,2022-02-09
bc6d9653-350f-4eb4-9067-13ea4c654db5,S108267,Failed,Failed,Verified,Approved,2025-11-17
f71bc83d-166b-4fd8-9297-970cf4bad423,S108268,Verified,Verified,Verified,Rejected,2025-07-02
6d2e6d15-a672-4fe1-915d-1ee137b3d35c,S108269,Failed,Failed,Failed,Rejected,2024-07-19
ac0d4e02-fc15-4826-b3a6-53abbb5b7ded,S108270,Verified,Failed,Verified,Approved,2025-05-30
39a4eec7-ff08-42ab-8b75-301db57ed53d,S108271,Verified,Verified,Failed,Rejected,2022-09-28
f689a619-7082-4d98-b25f-b91410c09270,S108272,Failed,Failed,Verified,Approved,2026-01-18
f6b1fc5e-ac78-4766-9afe-7c4c13ede4c8,S108273,Verified,Verified,Failed,Pending,2025-08-21
e4d1b17b-1083-4ffc-b75c-c946a1fe4180,S108274,Failed,Verified,Verified,Approved,2022-05-23
ee052741-3af0-42fa-a176-ac96ffffa27d,S108275,Verified,Failed,Failed,Approved,2024-06-12
59260b57-c27b-479b-b212-9783ce70b6c9,S108276,Failed,Verified,Failed,Pending,2025-08-14
15ca0ae9-a0d2-4a94-b23c-c0d542dd7930,S108277,Verified,Failed,Verified,Approved,2024-12-31
42ae1166-df23-4ac5-9bc7-ff7eb39a54bf,S108278,Verified,Failed,Verified,Rejected,2024-04-22
3e3c54d1-360f-41f2-bdb5-9d06dd87a6eb,S108279,Failed,Failed,Failed,Approved,2022-04-23
81834198-a23e-4ab6-a391-227cefd13d60,S108280,Failed,Verified,Failed,Approved,2026-04-15
52da83c7-2a97-4773-a642-c631f1ec664d,S108281,Verified,Failed,Failed,Approved,2026-07-19
cd020883-7c19-4906-9b95-a8e04d7d517b,S108282,Verified,Failed,Verified,Approved,2023-01-01
f6c3701a-924a-46c3-8b65-0a026900b4be,S108283,Failed,Failed,Failed,Approved,2023-01-29
25a965a3-ac8e-4f04-b078-70082407ab7f,S108284,Failed,Verified,Failed,Pending,2025-02-14
8a165f29-ec4c-4297-a5e7-3f5b0858d8f4,S108285,Verified,Failed,Verified,Approved,2023-03-30
a51ca362-f253-4ad3-91d2-152922091ae2,S108286,Verified,Failed,Verified,Approved,2024-08-02
41347e30-b9d0-4501-a6ff-8f1c9784a21a,S108287,Failed,Verified,Verified,Rejected,2022-05-02
b0105e4e-8d12-443a-85c2-454e574b3ec0,S108288,Failed,Verified,Verified,Approved,2025-02-16
8320fadc-ede3-44a0-ac79-30920aa35794,S108289,Verified,Verified,Failed,Approved,2026-03-20
75fb04b0-58b8-4bfb-8dbb-58c3ee62735c,S108290,Verified,Verified,Verified,Approved,2023-08-20
6ae91bd9-8e81-45c1-ac9d-b3e51e55c873,S108291,Verified,Verified,Verified,Approved,2022-12-24
fae80b1a-afca-4f9c-b443-5eb692a9d0c7,S108292,Verified,Verified,Verified,Approved,2024-04-22
a9ef792a-906e-41fc-81ab-cc4719983d91,S108293,Failed,Verified,Failed,Approved,2024-07-28
15d4c00c-f8cb-40b0-83a4-595ea4f7b5fd,S108294,Verified,Verified,Verified,Approved,2023-05-17
5e806f8a-2d0e-459b-be59-6b496d5e4db6,S108295,Verified,Verified,Failed,Approved,2022-01-25
9ae45979-98cf-411a-8b18-247bf1019dc3,S108296,Failed,Verified,Verified,Approved,2022-11-30
4d6c8a7b-eb97-4960-9b55-d3a7320a96c5,S108297,Verified,Failed,Verified,Rejected,2024-03-08
6b111b61-baca-478d-bfb1-cbdc527e8543,S108298,Failed,Verified,Verified,Pending,2024-09-16
378c5044-3347-486f-998d-59ed56b5d490,S108299,Verified,Failed,Failed,Approved,2024-04-01
6f019e2c-f762-4ebf-846d-7318ebaf6a88,S108300,Verified,Verified,Verified,Approved,2025-11-15
6a0ddc18-3918-4fdc-8964-a8c41c691f65,S108301,Failed,Verified,Failed,Approved,2026-02-14
d94497fe-4a71-446d-b13c-a8e17748390c,S108302,Verified,Verified,Verified,Approved,2023-10-08
19b8350b-6e5b-405d-94ec-900462d2d921,S108303,Failed,Verified,Failed,Pending,2026-05-04
51977641-02c6-4c5f-9376-f79f6de9a6a5,S108304,Failed,Verified,Failed,Approved,2025-02-02
73e285f6-39fd-415e-bdb2-ac2045cff875,S108305,Verified,Failed,Failed,Approved,2023-03-14
c09967e8-7bed-469f-8514-2483ae947125,S108306,Failed,Verified,Verified,Approved,2023-10-10
d4cb0420-b1bf-40c4-8b14-b5e2ab0e9265,S108307,Failed,Verified,Failed,Approved,2026-03-10
1406ba9f-7839-4587-a1ef-02963ca72cb2,S108308,Verified,Verified,Failed,Approved,2024-05-02
42792e8d-b367-4e98-bf87-224c20869742,S108309,Verified,Verified,Verified,Pending,2026-06-06
9b0067c6-6ae8-4d4a-810a-27827bdfbf57,S108310,Verified,Failed,Verified,Approved,2023-06-24
5ff776b3-dabb-4049-aa17-25bec0bd78d8,S108311,Failed,Failed,Failed,Approved,2024-03-10
13fea0f1-cdf9-47d5-bd45-62edf6983ce3,S108312,Failed,Failed,Verified,Approved,2024-07-13
ca1867a6-7413-4788-9ba7-04fc2c907ca5,S108313,Verified,Verified,Failed,Rejected,2023-03-21
9845a796-c411-4517-90b7-9f3f8755792b,S108314,Verified,Failed,Verified,Pending,2024-02-20
a9bd5c37-001a-4906-9b34-29a94d75b0ee,S108315,Verified,Verified,Failed,Approved,2024-01-24
c5056122-9f2d-4759-a34b-7186affdebf8,S108316,Verified,Failed,Failed,Approved,2023-03-22
9815b2d1-fcbe-4289-a3f3-0208737818e5,S108317,Verified,Failed,Failed,Approved,2023-11-14
240c18f8-fc67-4bef-b241-00526d1a6677,S108318,Verified,Verified,Failed,Approved,2026-05-12
16cd7b0e-45d9-4499-8d78-c277daa2df5b,S108319,Failed,Verified,Verified,Approved,2022-12-07
9ce4331e-2b71-4ca2-ae16-a2048dfb0181,S108320,Failed,Verified,Verified,Approved,2025-08-13
c1837629-9da9-4ea1-90af-e0c432043de9,S108321,Failed,Failed,Verified,Approved,2022-09-04
6084004a-a515-418d-9b10-114bfa4cdd81,S108322,Failed,Failed,Verified,Approved,2025-09-13
ecf4d42c-8d4c-4aa5-b19c-3657e38cebb3,S108323,Verified,Verified,Verified,Rejected,2022-02-19
5042f46c-73c7-4052-a1ff-a8fce2a50b62,S108324,Failed,Failed,Failed,Approved,2025-12-18
8ee62d71-ef9e-496c-b084-663cbe4eb66d,S108325,Verified,Failed,Verified,Approved,2025-04-13
7dcc57c5-4202-4f7d-b0b4-28b06297aa1c,S108326,Verified,Failed,Verified,Approved,2023-10-05
e37e9424-03a7-412a-822c-3797f6ee2343,S108327,Verified,Verified,Verified,Approved,2025-07-20
9b874569-1df5-4404-a22d-c39fc7755f0b,S108328,Verified,Verified,Verified,Approved,2022-04-22
5d165771-a360-4c11-a4d1-69ebd21736e1,S108329,Verified,Verified,Verified,Approved,2022-07-02
1ee50b79-e084-49b5-bf2b-de3f5832797b,S108330,Verified,Verified,Verified,Rejected,2025-02-19
53821a27-55ba-45e3-b978-c04073fb281f,S108331,Failed,Verified,Failed,Rejected,2025-01-18
641e971f-42af-4a02-804f-57decc9c1447,S108332,Verified,Failed,Verified,Rejected,2022-08-23
1cb8c790-6f38-482f-9a51-8da3d6826d19,S108333,Verified,Verified,Failed,Approved,2024-05-21
8a9fe040-3be5-4199-b4bc-90654b828181,S108334,Verified,Failed,Failed,Approved,2022-12-27
ee367dcd-e70f-4b0a-bbb1-c47ad87e4dfb,S108335,Failed,Verified,Failed,Pending,2024-01-25
9a5e9518-3a08-45ac-8c82-48b145982e47,S108336,Failed,Verified,Verified,Approved,2025-04-05
d86bed9a-202d-451c-b74f-88d0df7ff285,S108337,Verified,Failed,Verified,Approved,2025-12-24
4806011b-5617-4e7b-ba0d-5ff960ee552c,S108338,Verified,Failed,Verified,Approved,2022-10-11
d18ad2a7-6b0c-4109-b0a4-4f2a587f6a7f,S108339,Failed,Failed,Failed,Approved,2025-11-27
94f58e2e-0eb2-4593-a1db-819296c5d1e1,S108340,Failed,Verified,Verified,Approved,2023-06-06
2128cbf8-420c-4377-96c9-85c34b55730b,S108341,Failed,Failed,Failed,Rejected,2023-06-28
c09de425-a8fa-4b6a-af0a-35605b14ac87,S108342,Verified,Failed,Failed,Approved,2022-04-29
646ee45b-5a46-4aa8-9dd3-c0d30fd2b477,S108343,Verified,Verified,Verified,Approved,2022-11-11
bb32b05a-ad5e-44ea-a89f-9d103255c51c,S108344,Verified,Verified,Verified,Approved,2022-08-07
5480b898-826b-4eca-b7d3-51cb0e64a509,S108345,Verified,Failed,Verified,Approved,2022-05-19
81d0be42-2914-46c1-9276-fda5a5759afb,S108346,Verified,Failed,Verified,Approved,2026-02-19
3098a5fa-2fa0-4df7-85d9-8480c177db86,S108347,Verified,Verified,Failed,Approved,2022-01-23
26089d2b-35ca-476d-b0c7-e1ea1daab6ea,S108348,Verified,Failed,Failed,Approved,2022-03-06
6d70a72e-fde1-4be4-9ea2-461c9e245902,S108349,Failed,Failed,Failed,Approved,2022-12-25
e4dfd2e9-3757-4c21-8301-8d637c771403,S108350,Verified,Verified,Failed,Approved,2022-06-03
33e25f16-4f05-41f6-9c10-6a34d2ae65a0,S108351,Verified,Failed,Verified,Approved,2022-12-29
b304049e-8928-49ea-9be3-0054eef85457,S108352,Verified,Verified,Failed,Approved,2025-09-09
9e1a8a80-5d61-4189-abd0-179faee171ca,S108353,Verified,Failed,Failed,Approved,2023-04-03
9b41d9ff-df17-4ab2-9baa-8f47943607e6,S108354,Failed,Failed,Failed,Approved,2024-10-09
7754c64f-c674-4f70-a1cd-804676970271,S108355,Verified,Failed,Verified,Rejected,2025-08-20
5caa3783-8322-4450-bf4a-b8ce68c77394,S108356,Failed,Verified,Verified,Approved,2026-01-22
b41ffd0a-644d-40a3-ae61-526683064029,S108357,Verified,Failed,Verified,Approved,2024-03-17
25e546f1-9358-475d-a853-44aecd04244b,S108358,Verified,Failed,Verified,Approved,2025-03-24
a5abda7b-b66e-41ad-9587-df32244a54c4,S108359,Failed,Failed,Verified,Approved,2022-11-08
3a014a9b-450f-4128-bcfd-fedeb298ea0a,S108360,Failed,Failed,Verified,Approved,2023-11-18
3236c39b-6830-43bc-b13b-8ee87cdc6b9b,S108361,Verified,Failed,Verified,Approved,2025-11-05
80a9bc95-2d37-49ba-a7be-34ab6bc24e09,S108362,Failed,Verified,Failed,Rejected,2022-01-21
76222b30-13aa-4091-98d1-f1b37f50a0d3,S108363,Verified,Verified,Failed,Rejected,2025-02-07
cec1336f-f70e-4b76-9da9-f5f5cff8d23f,S108364,Failed,Verified,Failed,Rejected,2023-09-01
3651897a-dc78-4b43-9ef4-3ea46feda59e,S108365,Failed,Verified,Failed,Approved,2024-10-06
98d2f3be-57ad-4822-a30d-4395f717909b,S108366,Verified,Verified,Verified,Pending,2024-10-17
fa2bc243-58db-414b-9534-dfcdc1e3e433,S108367,Failed,Verified,Failed,Approved,2026-01-02
ecdce9e9-44f3-45c9-9b01-b96831fd592c,S108368,Verified,Failed,Failed,Approved,2026-04-03
6ccc39c5-0c33-4eae-8e89-b3d45e8a93c3,S108369,Verified,Failed,Failed,Approved,2025-11-17
9d86a0de-8578-435c-9170-5229aa5ccea4,S108370,Verified,Verified,Failed,Approved,2025-02-14
a8465c0e-c747-4e00-80a7-4cb0563e20de,S108371,Failed,Verified,Verified,Approved,2023-03-29
89c2298e-437f-441c-9b5e-e09b20e33063,S108372,Verified,Failed,Verified,Approved,2026-01-31
cd5795eb-c823-4fc4-bc47-e0f669babc6b,S108373,Failed,Failed,Failed,Approved,2022-05-17
bb23c98c-92e0-4c5b-9b53-4f540fa6cfe3,S108374,Verified,Verified,Verified,Approved,2022-06-05
85401a91-2685-437f-b431-57ef76331e23,S108375,Verified,Failed,Verified,Approved,2025-07-14
a0bc3c69-b1c9-4a74-9344-f5005561ea96,S108376,Failed,Verified,Failed,Approved,2022-08-03
949442f4-7259-497c-9f14-213c46d6c31b,S108377,Verified,Failed,Failed,Approved,2025-08-24
c4cb8f3d-d531-47a5-b368-2a243451f36c,S108378,Verified,Failed,Failed,Approved,2026-02-19
3826995f-e991-4227-8c98-91349dc24142,S108379,Failed,Verified,Verified,Approved,2025-11-22
90e39327-e5a8-4de2-8fee-6c7815cc6bec,S108380,Failed,Failed,Verified,Approved,2026-07-28
28acec08-4368-42a4-9e63-fb45b46eab55,S108381,Failed,Verified,Failed,Approved,2023-12-28
409f77b1-5b31-4f5c-923b-fc2ce921f23d,S108382,Failed,Failed,Verified,Pending,2022-03-27
fa923fde-df89-4a84-b8e2-c5e24f5d9769,S108383,Verified,Verified,Verified,Approved,2022-07-09
66c0d3b5-946d-4fe2-887e-2720dfcb5d18,S108384,Failed,Failed,Failed,Approved,2024-04-01
25a3e6bb-63ae-46f7-97b6-e3b3766db951,S108385,Failed,Failed,Failed,Approved,2022-07-11
8cdce91f-2481-495b-a8e7-56df4fb0297b,S108386,Failed,Verified,Verified,Approved,2022-05-05
7e9fa5dc-5c58-4bba-b3bb-1f8bf43766d8,S108387,Failed,Verified,Failed,Approved,2026-03-23
05c87765-4f2a-42f9-8872-4db842fedf5f,S108388,Verified,Failed,Failed,Approved,2022-06-07
28aca4da-5ebb-4a53-872c-3b42f2cf6112,S108389,Verified,Failed,Verified,Pending,2024-06-01
7c2178e4-b118-42ff-ab73-b9a1be9dd3cc,S108390,Failed,Verified,Failed,Approved,2022-11-08
fde79f7c-771a-4c07-b0d3-8e10a2f97408,S108391,Failed,Failed,Verified,Approved,2025-04-11
3378aa89-050d-4085-8a4f-3b37edb40129,S108392,Failed,Failed,Verified,Approved,2024-03-18
763dffdb-ebc0-4606-8061-7dbc5e4112d5,S108393,Failed,Verified,Failed,Approved,2023-11-08
d041efd4-ef15-4503-a15f-40606e5665df,S108394,Verified,Verified,Verified,Approved,2025-11-18
0ccc48bd-3b41-4302-907a-9e18ccc4ec19,S108395,Verified,Failed,Verified,Rejected,2024-02-10
f6ef23a4-ca13-461b-b3e9-33d3f6f846ce,S108396,Failed,Failed,Failed,Approved,2025-07-05
9201b567-710a-4efc-a1ab-a1a3a8adb818,S108397,Verified,Failed,Verified,Approved,2026-05-04
520a6bce-7d0e-43b9-9b8f-9e1ecfda94a2,S108398,Verified,Verified,Verified,Approved,2023-03-29
001e537a-a50f-4513-aac7-2a9c13b0ea0d,S108399,Failed,Verified,Verified,Approved,2022-03-02
b438e3b8-652d-4791-8735-6d8a9530ff89,S108400,Verified,Failed,Verified,Approved,2024-12-14
d1264de7-c43c-48ec-9a87-e27aa7d4ca94,S108401,Verified,Verified,Verified,Approved,2025-06-21
9f17eeb8-1934-450a-a8ff-f869f7595b46,S108402,Verified,Failed,Failed,Approved,2023-08-16
7cd7a80a-05ea-4d77-886f-1d91d9d0033a,S108403,Failed,Failed,Verified,Approved,2024-04-15
f75e0d0d-cccc-4213-9399-b4152b69b3d1,S108404,Verified,Verified,Verified,Approved,2025-09-09
ce03d4c0-f35b-4330-87ce-34a33a7ca8ae,S108405,Failed,Verified,Verified,Approved,2024-09-16
b9f4b14e-5cd0-459f-9a40-6446687bcdeb,S108406,Failed,Verified,Failed,Approved,2025-07-05
b64ef7ae-1e4b-42fc-859e-42340ab079c9,S108407,Verified,Verified,Verified,Approved,2026-02-11
0cc46732-7fc0-4356-9002-e813bd8cd213,S108408,Verified,Verified,Verified,Approved,2026-03-26
26cbab65-9047-4877-a727-1498836c7a41,S108409,Failed,Failed,Verified,Rejected,2025-07-01
24bee05c-9668-43bb-8d7a-62cf239fe004,S108410,Verified,Verified,Verified,Approved,2023-12-22
c1cee1b3-1689-472c-9155-69f4d2ab3eb6,S108411,Verified,Failed,Failed,Approved,2022-08-14
0743e8c1-9e41-4791-b5ea-6b2eb332cc02,S108412,Verified,Verified,Failed,Pending,2022-01-28
b03189b5-95cb-4b8b-ade9-00c1011e921d,S108413,Verified,Verified,Failed,Approved,2025-10-13
c875ccb0-1063-42a6-8b75-8c9e5b1c0589,S108414,Failed,Failed,Failed,Approved,2022-01-15
70f2d3a2-4dc9-4377-97fa-9bc8bc70105f,S108415,Verified,Verified,Verified,Pending,2023-04-27
d4374745-aca8-4361-a722-ec5841b81000,S108416,Verified,Verified,Verified,Approved,2024-07-13
9ded3241-2d2e-4889-b21d-c6ded889273a,S108417,Failed,Failed,Failed,Pending,2025-05-09
58f184c9-b552-4ac9-8e08-4b7d927b0a9a,S108418,Failed,Verified,Failed,Approved,2022-01-04
20657718-526e-40dd-9ec1-c270ffccb821,S108419,Failed,Verified,Failed,Approved,2026-01-06
3012f305-8107-45e0-bb49-0ffb3d9a7129,S108420,Verified,Failed,Failed,Approved,2025-02-01
40a0dae1-0725-4699-9e37-6e92b1b8b77b,S108421,Failed,Verified,Verified,Rejected,2024-02-02
7e99e1e7-ea4e-48ba-b5cd-eb849cfa7d1c,S108422,Verified,Verified,Failed,Approved,2026-01-29
c51df0ca-b3c6-45df-bae7-1f4b584d7735,S108423,Failed,Failed,Failed,Approved,2023-10-18
eda2ad63-6072-42e8-9034-f6d14aff51ab,S108424,Verified,Verified,Verified,Approved,2022-06-14
22eb4986-4896-4e54-887f-b0948b4fc0e9,S108425,Failed,Verified,Verified,Pending,2023-01-31
32118c06-3b5d-4ba8-a1d6-43cfd31f1ed9,S108426,Verified,Failed,Verified,Approved,2025-11-23
3ee1b480-f18a-4743-92c6-984735f2da69,S108427,Verified,Failed,Verified,Approved,2024-09-20
a271cc1e-d9d3-443f-a615-07c1c6df0266,S108428,Failed,Failed,Verified,Rejected,2026-02-15
4ebadc94-e441-4bde-8b45-fc2e8edfd442,S108429,Verified,Failed,Verified,Approved,2023-08-19
6a14ad87-ddd3-4164-baf5-139fe2627c3e,S108430,Verified,Verified,Failed,Approved,2025-08-11
eb3e0e8a-921b-4da2-90f3-237c57b7e381,S108431,Failed,Verified,Failed,Approved,2022-10-29
4a7c1852-b683-4827-b509-855e0ac35410,S108432,Verified,Failed,Failed,Rejected,2022-12-21
0d95d9a7-cabf-45e4-b328-139c8fbb6ddb,S108433,Verified,Failed,Failed,Approved,2022-10-19
16d586c1-4b6a-44ad-a34b-f2fe8f24b037,S108434,Verified,Failed,Failed,Approved,2022-10-20
6c17db7d-1e15-44ec-8a88-5233355d3715,S108435,Failed,Verified,Verified,Approved,2024-01-03
a96d645f-67d4-4716-8c8d-9375cb6e1185,S108436,Failed,Failed,Failed,Approved,2022-01-31
a956d140-4132-40ab-8a34-b56ec55d7944,S108437,Verified,Failed,Failed,Approved,2025-05-03
cdf691f7-4350-4e9f-bd44-c62fdb923c7b,S108438,Verified,Verified,Failed,Pending,2025-05-03
5dbb5f6f-338b-4068-8a80-4e5894e75d36,S108439,Failed,Verified,Verified,Pending,2026-05-05
3e3ae5dc-90e3-462f-be88-8c5ea389e8b3,S108440,Verified,Verified,Verified,Approved,2024-08-17
ed610ea2-4a68-4f49-becf-b5c1dfda5c11,S108441,Failed,Verified,Verified,Approved,2022-10-28
7c3e3aa5-f716-4e44-9e66-fb66eec28000,S108442,Failed,Failed,Verified,Approved,2024-05-09
e254b249-bd41-4f06-bbe9-7332aecf418d,S108443,Verified,Verified,Verified,Approved,2022-02-23
34322572-31c7-4faf-bb14-dc56a010e9b7,S108444,Failed,Verified,Verified,Approved,2024-05-14
a6c2b43a-aff0-40a8-b7e2-126e48e27413,S108445,Verified,Verified,Failed,Approved,2025-02-20
b56b9a0b-c03d-46d0-af6f-28c53bd53da3,S108446,Verified,Verified,Verified,Approved,2024-11-02
c2137a0d-f505-42dc-8adf-7237a16747c5,S108447,Failed,Failed,Failed,Rejected,2024-06-14
ea809596-eaa3-487d-9591-925bb41b5771,S108448,Verified,Verified,Failed,Approved,2023-06-14
b83f0063-8c0b-48bd-9c6c-80a77431c3fe,S108449,Verified,Failed,Verified,Approved,2022-12-28
f9dea644-d4fb-4996-a6e0-47c6d15bfda0,S108450,Verified,Failed,Failed,Approved,2025-02-20
88046d28-d9c4-4c69-a024-45a319913cb5,S108451,Verified,Verified,Failed,Approved,2024-07-27
62061f12-cd03-4267-978e-c3e528dbb62e,S108452,Failed,Failed,Verified,Approved,2022-11-17
6f0fb41e-e273-4213-8451-bd09aba866b3,S108453,Verified,Failed,Failed,Approved,2024-09-12
2a3af54d-91a8-4c1f-b037-b2a5aa475d40,S108454,Failed,Verified,Failed,Approved,2026-07-25
87308a95-1128-495c-b840-fd35f62a4b30,S108455,Failed,Verified,Verified,Approved,2023-04-08
fdcc8100-7618-4044-a04f-3c30edb9b282,S108456,Failed,Failed,Verified,Rejected,2025-08-09
1d0dc3cd-8562-4863-aa72-2542a2800ce9,S108457,Failed,Verified,Failed,Approved,2024-03-16
ce3aa5dd-a952-4fa4-95bf-aefdacd76170,S108458,Failed,Failed,Verified,Rejected,2022-01-04
cd6b8d3b-8b45-4e17-86fb-5fdcd2f4d1b4,S108459,Verified,Failed,Verified,Rejected,2024-08-15
277d05d7-0f8d-4cce-add5-6dc6f2bbd74c,S108460,Verified,Verified,Verified,Pending,2023-10-31
eb1c91b6-3c4c-42ce-9ebf-8c16ece9bb6f,S108461,Verified,Failed,Verified,Approved,2025-09-23
e3279aef-3db1-4702-8e9e-b1738aaab1d0,S108462,Failed,Verified,Failed,Approved,2025-09-29
ae0f85eb-93c2-4283-bf4a-26a5662c8447,S108463,Verified,Failed,Failed,Approved,2025-11-16
c535fb4c-019a-4014-a8ea-e7997acad9d7,S108464,Verified,Verified,Verified,Approved,2026-01-15
d713d78e-cc39-498d-a3f3-853aacfdc5f3,S108465,Verified,Failed,Verified,Approved,2022-03-28
732198d9-5b1a-4512-8b07-015fab8d811b,S108466,Verified,Failed,Verified,Approved,2025-07-10
3d61a1ef-5103-495d-a1fc-0ced9bafa427,S108467,Verified,Failed,Verified,Approved,2023-07-12
4f42889e-6c4f-4c1d-9b92-bbb6c8474127,S108468,Failed,Verified,Failed,Rejected,2023-07-23
e74cef3f-1057-4f94-a8cb-8e75453b0619,S108469,Failed,Failed,Failed,Rejected,2025-10-31
ae7d7081-a7cd-4800-9b10-bbbd11cb4b89,S108470,Verified,Failed,Failed,Approved,2023-08-18
e8efc4bb-4abf-432e-9943-1127307301a4,S108471,Failed,Verified,Failed,Approved,2025-12-26
2f502567-b1a7-464f-b38c-2566c7c04e6c,S108472,Verified,Verified,Verified,Approved,2026-05-13
97826620-3fbf-4784-a404-661985fb99dd,S108473,Verified,Failed,Failed,Pending,2026-07-18
6463ca6c-b38f-4de4-90c8-d00bfad08f45,S108474,Verified,Verified,Verified,Approved,2025-10-08
0443df34-cea8-4341-8e60-d27b299c4a4c,S108475,Verified,Failed,Verified,Approved,2025-06-29
80901edf-3b46-4203-a824-b5b9a9df367e,S108476,Failed,Failed,Failed,Approved,2026-02-27
9f7d5c8a-f7c4-44dd-832e-7406b3cfd66d,S108477,Failed,Failed,Failed,Approved,2025-04-22
1200630a-39b8-4052-8ebd-989b24d60a2d,S108478,Verified,Failed,Failed,Approved,2025-10-02
9f7f8fdc-5852-4ed4-a238-8e95799204c2,S108479,Verified,Failed,Verified,Approved,2024-12-10
0290a786-521e-4d7d-82e7-9f06134710eb,S108480,Failed,Verified,Verified,Approved,2025-04-22
a4881e04-99fc-4259-8b5d-41a69b71c44e,S108481,Failed,Verified,Verified,Approved,2023-12-17
9f41ebfb-30f5-4193-a7a7-4a6f0608a407,S108482,Verified,Failed,Verified,Approved,2023-09-26
7ab09e1b-c460-4b27-9d7e-da01acc52605,S108483,Failed,Failed,Failed,Approved,2022-06-24
6055b3f6-e51d-46f2-856c-df862370c9e9,S108484,Failed,Verified,Verified,Approved,2022-08-23
5709a84c-9d67-4ec1-bdd4-e2539d9f69c5,S108485,Failed,Verified,Verified,Approved,2024-03-25
a3a03b37-f365-40ca-9389-8eaf3c4d6456,S108486,Verified,Failed,Failed,Approved,2025-03-30
d4f188e0-e0a9-4cc2-b0b7-9b3bc83e75a2,S108487,Verified,Verified,Failed,Approved,2025-02-17
d9a3959d-6208-4a82-8649-78eb16f20d13,S108488,Verified,Verified,Failed,Approved,2022-11-20
385da49b-39fa-4c25-bb17-aaf2b7c9d8fc,S108489,Failed,Verified,Verified,Approved,2024-11-06
2f2f098e-850b-4333-ab6f-fa20368bc998,S108490,Failed,Verified,Verified,Approved,2023-11-11
fc8372b2-f85e-4e43-a24d-bfc071d43692,S108491,Verified,Failed,Verified,Approved,2025-04-20
f2b27c96-3766-40ef-91ed-ee4c51e8f02a,S108492,Verified,Verified,Failed,Pending,2023-03-14
ab7af4cf-8a4d-441e-8ba5-0f41c2d20aa3,S108493,Verified,Failed,Failed,Approved,2022-10-17
b13780e2-2d91-4d7c-9bee-1e630d6e7885,S108494,Verified,Verified,Failed,Approved,2022-07-01
64265a67-63a2-4840-9394-57cb4cc96644,S108495,Failed,Verified,Verified,Approved,2023-06-13
b44e282d-9328-48cb-9da0-c87485691519,S108496,Failed,Failed,Failed,Approved,2026-06-23
8eadd0a4-f67d-4fdd-bc47-c4b52bd85572,S108497,Verified,Verified,Failed,Approved,2026-06-13
b97c5ba7-5857-496e-8c3f-5e3f5cb8b28d,S108498,Verified,Failed,Failed,Approved,2024-05-18
06f7cf07-2eb3-40a6-bd34-43d954c98697,S108499,Failed,Failed,Failed,Approved,2023-05-31
ec3e8df4-ae1a-4b91-8069-dad212cc1269,S108500,Verified,Verified,Failed,Approved,2026-02-10
b309faba-a26c-4a39-bb64-162f1ca5b32c,S108501,Failed,Verified,Verified,Approved,2026-03-28
ecb8a955-b14d-4342-a749-c5c4f3673bd3,S108502,Verified,Failed,Failed,Approved,2023-09-04
adb5a978-5d38-41f1-ae07-1ed8cfd68f90,S108503,Failed,Failed,Verified,Approved,2023-03-11
4ee48302-c617-4918-8d80-297b4f62d975,S108504,Failed,Failed,Failed,Approved,2024-09-10
7dc5018c-4f5e-4e58-9966-5bc28cf20c90,S108505,Failed,Verified,Failed,Approved,2025-05-04
7253486e-0100-4b0a-a425-f74c9839eaea,S108506,Failed,Failed,Verified,Approved,2023-01-19
1ad753d0-5dce-4f37-8e93-ce9e4561e8f7,S108507,Failed,Failed,Verified,Approved,2023-08-06
b0fd219e-d2d9-4a70-ba52-115ccc6cfce7,S108508,Failed,Verified,Verified,Rejected,2023-12-12
775b583a-f877-4bc4-9b00-b5868ca35612,S108509,Verified,Verified,Verified,Approved,2023-09-12
adb3a657-3053-40d7-b937-efb903906426,S108510,Verified,Verified,Failed,Approved,2022-12-29
b8faa516-1a49-4555-ab89-24a122799225,S108511,Failed,Verified,Verified,Rejected,2023-02-16
540541d0-74cd-4e7e-b3ba-7afda6d71157,S108512,Verified,Verified,Failed,Approved,2024-06-27
224a67de-0dfd-4103-9cbf-677c9d871f74,S108513,Verified,Verified,Failed,Approved,2024-01-07
bf8aeb85-404a-4611-8701-e4b7582a5740,S108514,Verified,Failed,Verified,Approved,2024-02-28
f02e461d-98d4-48e7-a08a-d649e59a431d,S108515,Failed,Verified,Failed,Approved,2025-05-23
92fcdc0b-3db8-428b-8795-009fff0a0c59,S108516,Verified,Failed,Failed,Pending,2024-02-01
fc235c28-f60e-46c9-86ab-765f130e7fea,S108517,Verified,Verified,Failed,Approved,2022-01-09
b0ee544b-0198-4dc1-ad0a-d2243574240f,S108518,Verified,Verified,Verified,Approved,2025-02-26
0d5f6b72-b91d-4e74-9b17-7d1f4638ec10,S108519,Verified,Failed,Verified,Approved,2024-11-04
2198fc38-7c9d-41a9-a3d0-c09d3ac3eb48,S108520,Failed,Verified,Verified,Pending,2023-02-08
0e06bb2b-114c-45a5-830e-6e96821958a0,S108521,Verified,Verified,Failed,Rejected,2023-12-30
c09c413a-e8ba-4221-a672-40f2fcbd878b,S108522,Verified,Failed,Verified,Approved,2025-05-05
2c1d57a2-7431-4270-98f2-3b16e19f4eb9,S108523,Verified,Verified,Failed,Approved,2025-12-14
d525e946-d14a-460a-9770-eab2986eb55d,S108524,Failed,Verified,Verified,Rejected,2024-07-15
5b715f52-fe59-4823-93a4-b5b672b36c45,S108525,Failed,Verified,Failed,Approved,2023-03-02
27dffdad-1d4a-4fa1-b814-294ce2769aa0,S108526,Verified,Verified,Failed,Approved,2023-02-26
0e4b738e-769b-4877-b6f0-5fe76e6ae1a6,S108527,Verified,Verified,Failed,Approved,2025-10-22
c33be859-7e6e-4c2d-8e47-75f8a4c28928,S108528,Verified,Verified,Verified,Approved,2024-08-07
ed4d303c-c526-4125-ad25-26899b74b16b,S108529,Verified,Failed,Failed,Approved,2026-03-30
3628746c-bea2-4eca-a7bd-5535ee904535,S108530,Verified,Verified,Verified,Rejected,2025-11-03
cbf829fb-05e9-4fae-b3b2-cd043535898c,S108531,Failed,Verified,Failed,Approved,2024-11-07
1a7d5a41-5954-43d2-a88a-55032e413b92,S108532,Failed,Verified,Verified,Approved,2023-05-02
6fd90254-6dee-4228-a31a-ae61778aad6e,S108533,Failed,Failed,Verified,Pending,2026-05-25
9c74ced5-9f7c-4704-8854-5a0dd5ef6f49,S108534,Verified,Verified,Failed,Pending,2025-11-05
2a0b22ab-e7f6-405c-9e3a-75532c9dd59a,S108535,Verified,Verified,Failed,Pending,2025-06-08
290e9997-6afb-4cf2-8921-c5857d35c657,S108536,Verified,Verified,Failed,Approved,2022-03-22
36ce365b-3539-44f4-9a70-9690194162c1,S108537,Failed,Verified,Failed,Approved,2022-10-03
e3fb72a4-93bd-40cb-9d4a-bbbc4d8a84c2,S108538,Verified,Verified,Verified,Approved,2025-04-13
2d555edd-8fcc-43e5-98fd-a1ebb78f9a41,S108539,Verified,Failed,Verified,Approved,2024-06-29
5e163455-f26c-4d27-9f60-4cdba3949ae4,S108540,Verified,Failed,Failed,Approved,2025-06-06
59b7950d-efcd-4670-a5da-6984f642bde2,S108541,Failed,Failed,Failed,Approved,2024-01-30
947e63b9-105d-448d-a8dc-ca1b65d3aee8,S108542,Verified,Failed,Verified,Approved,2025-01-31
ef5cb6c3-9911-4466-abcd-0cfff452aae2,S108543,Verified,Failed,Verified,Rejected,2025-02-22
9927c876-d850-4503-937f-c927b9b212e1,S108544,Failed,Verified,Verified,Approved,2024-07-09
bbe51d02-e56c-44df-955d-f9a0086aab2e,S108545,,Verified,Verified,Approved,2023-05-01
4c0781a9-dff3-42cf-8dcf-5f7d911b248f,S108546,Verified,Verified,Verified,Approved,2024-06-28
7f9aec6a-4c6d-401c-802e-42da1338c96e,S108547,Failed,Verified,Verified,Rejected,2024-11-29
c2d12706-3542-4629-ab26-8eb75d4e889b,S108548,Failed,Failed,Verified,Rejected,2025-02-11
322b1938-d891-4234-ad76-c8d97061ccb4,S108549,Failed,Verified,Verified,Pending,2022-01-14
8e3e7fc5-c2c6-470b-b3ac-9485c15a796c,S108550,Failed,Verified,Verified,Approved,2024-08-16
d2ab2064-faa5-4308-b5c0-9c48e8384615,S108551,Verified,Verified,Failed,Approved,2025-11-25
6adc1e64-f619-416e-994e-41742ce5528a,S108552,Failed,Failed,Verified,Rejected,2023-12-25
820face4-c507-454c-8ac7-d726ef689d2b,S108553,Verified,Verified,Failed,Approved,2023-05-26
e8e525e3-6dac-438b-8b1c-1a785a98c975,S108554,Verified,Failed,Verified,Approved,2023-04-03
6fdd2139-7f69-4b95-bec1-afaa4fcdc795,S108555,Verified,Verified,Failed,Approved,2023-08-15
e60e26a9-5bac-428a-9563-fdbf6aedf1cc,S108556,Failed,Verified,Failed,Approved,2022-02-11
7f253c84-ad4e-48ff-92c1-0ddfa9fe1e1a,S108557,Failed,Verified,Failed,Approved,2025-08-18
52518df0-0125-4fcf-b910-d9cc7c711608,S108558,Failed,Failed,Verified,Rejected,2022-06-20
dc8fe24a-6826-4e2d-8f8c-6efd1e1bc99c,S108559,Verified,Failed,Verified,Approved,2024-03-03
0d60b6ad-d4e6-4bc1-b0e9-775c5d87fe81,S108560,Verified,Failed,Verified,Approved,2023-12-19
bacd62ec-995d-454c-b6c6-06166574b0a7,S108561,Verified,Verified,Verified,Approved,2023-09-03
ec62b30e-69de-429a-94c1-0463c62b58fa,S108562,Failed,Failed,Verified,Approved,2026-06-06
110e0a1d-564c-447e-9d43-226447b16789,S108563,Failed,Verified,Verified,Rejected,2025-09-17
a4233a70-95fd-42db-9fc2-252e197499ae,S108564,Verified,Verified,Failed,Approved,2025-03-25
23294408-9dc2-4b33-9021-c57d0157c575,S108565,Failed,Failed,Failed,Approved,2026-06-26
54d524b0-d7e2-486d-bf6b-a153df9e1560,S108566,Failed,Failed,Failed,Approved,2026-05-21
00b60e38-74d4-48ee-80c9-d17f69af3d0f,S108567,Verified,Verified,Failed,Approved,2025-11-17
6cbc7e60-2a6a-4433-9f61-8c5f4f76cefd,S108568,Failed,Failed,Verified,Rejected,2025-11-26
9c404722-f519-470b-a0be-505e4328bfc4,S108569,Verified,Verified,Failed,Approved,2026-06-19
0bdff995-5b6b-4f80-9e09-53217fe07d03,S108570,Failed,Verified,Verified,Approved,2023-09-17
0c0f60cf-8ba3-4189-babf-41eed91ba1aa,S108571,Failed,Verified,Failed,Approved,2025-06-13
b04ad305-4ca5-401b-86d2-d383c90017aa,S108572,Failed,Failed,Verified,Approved,2023-08-04
01b8ed45-d6d9-4e56-a840-5bdd65bde179,S108573,Failed,Verified,Verified,Approved,2022-05-04
63c606ca-a0c9-4a61-b3b5-1c60b14fb750,S108574,Verified,Verified,Verified,Rejected,2026-07-07
c83ec176-b441-4fe9-81d9-0b3b386a4d9c,S108575,Verified,Verified,Verified,Pending,2026-03-04
8128ed78-2efc-4c5a-9426-87aad1a3af66,S108576,Failed,Failed,Verified,Approved,2026-03-29
4bb64f5a-b74d-49e0-881b-0b205f0c3ee5,S108577,Failed,Failed,Verified,Approved,2023-04-30
c355a42b-2468-4ed0-aae3-3a1a1a2a7b2d,S108578,Verified,Verified,Verified,Approved,2026-04-10
dbe271e5-0003-409b-948a-983a76f5a8aa,S108579,Verified,Verified,Failed,Pending,2023-11-20
29aab1f8-a3a3-4ac1-a130-5203cc72bf11,S108580,Failed,Verified,Verified,Pending,2025-09-15
286c3f34-9d52-438c-a3af-98cb0710fa66,S108581,,Verified,Failed,Approved,2024-08-20
1c22abff-2cbe-4729-95aa-4da02e363ec6,S108582,Failed,Verified,Failed,Approved,2026-06-01
d03ed6d2-c681-4466-8415-84262f37a236,S108583,Verified,Failed,Failed,Rejected,2022-09-29
2cafd8c0-0333-4211-8fa2-c7dc39660769,S108584,Verified,Failed,Verified,Approved,2026-06-24
b8acb24e-ac07-4dc2-9127-f71894b2a1fa,S108585,Failed,Failed,Failed,Approved,2022-08-15
d1f2a8db-b32f-4ca5-83f4-d2d0481df9d6,S108586,Verified,Failed,Failed,Approved,2026-03-04
e0fc3fae-fcb9-48e3-baa3-ef1161db7245,S108587,Failed,Verified,Verified,Approved,2023-02-13
7e1ba5de-e5e5-465a-a269-054dd786c04e,S108588,Failed,Verified,Failed,Rejected,2023-04-19
f4d26c8e-52fd-4580-be54-c43e60c6c872,S108589,Failed,Failed,Failed,Approved,2025-10-19
df0be051-e309-4893-988e-798bb80c6cb2,S108590,Failed,Verified,Verified,Approved,2026-07-16
43785f05-76cb-4846-82f1-54da4b2c46db,S108591,Failed,Verified,Failed,Approved,2023-10-10
a14aa4c8-78a6-4002-9a5e-108797118ab2,S108592,Failed,Verified,Failed,Approved,2024-01-18
18f8b769-ab9d-44b0-90ab-5bd51773c920,S108593,Failed,Verified,Failed,Approved,2022-05-21
f2a5e387-98ed-4c16-ac44-d80721ad8158,S108594,Verified,Verified,Verified,Approved,2023-09-18
c0f886bd-5ea4-49b3-869a-bb47542ca399,S108595,Verified,Failed,Verified,Approved,2023-08-16
3d8ad150-9929-4722-8f70-2f01ce337def,S108596,Failed,Verified,Failed,Approved,2024-01-21
502a70e9-8bd2-4759-bc1e-3492bae99c00,S108597,Failed,Failed,Verified,Approved,2023-07-17
fd6b3059-a1cf-440f-a5c6-e572393e1d02,S108598,Failed,Failed,Verified,Approved,2024-06-02
800e9bec-54dc-46b6-ba1f-feffdd9de4e6,S108599,Verified,Failed,Verified,Approved,2022-04-09
920b03da-4b15-4327-a927-6404dd1b44c3,S108600,Failed,Verified,Failed,Pending,2025-05-03
9a5a96c0-d603-40b3-a097-bb989bee5401,S108601,Verified,Failed,Verified,Approved,2024-02-15
c0983768-d7e4-49ea-9d37-cc66aeb8ee1f,S108602,Verified,Verified,Failed,Approved,2023-07-05
58f25b67-9723-472d-aee9-f14e1108d00c,S108603,Verified,Verified,Verified,Approved,2023-03-25
ec187737-5922-4a96-b1a9-3347390c1784,S108604,Verified,Verified,Verified,Approved,2023-04-24
999cbaf9-a5d2-45b9-a527-2766c305aa61,S108605,Verified,Verified,Verified,Approved,2022-04-15
222b1dd1-24a5-490b-96f9-b2b3b659c4ad,S108606,Verified,Failed,Failed,Pending,2024-03-07
a6fb8fa9-7936-4dd3-b72a-a37c8cd4f50e,S108607,Failed,Failed,Failed,Approved,2025-04-27
21374392-1444-46d6-925a-7d2dadf6f8c6,S108608,Failed,Verified,Failed,Pending,2023-02-16
b168b04a-9243-47a4-81cb-b01dfdce4653,S108609,Verified,Verified,Verified,Approved,2025-11-03
16fe18f8-8c57-451a-90d4-81420b4e3010,S108610,Failed,Verified,Failed,Approved,2022-06-17
c10a59d2-4d4b-4d64-aad8-94147f1d37aa,S108611,Failed,Verified,Failed,Pending,2022-03-08
c4222d52-3fda-4388-b51f-8769933e0e04,S108612,Failed,Failed,Failed,Approved,2026-04-04
4981672e-145e-4cb3-9f5c-2ea210327bcd,S108613,Failed,Failed,Failed,Approved,2026-01-23
3d231498-6c5b-42fb-9b73-e388e4c89114,S108614,Verified,Verified,Failed,Approved,2022-10-09
068442ca-d9c1-4d2d-ac73-0e3035bf4d56,S108615,Verified,Failed,Verified,Approved,2024-06-26
b7ce3179-9c33-4461-8af3-e84e90851bef,S108616,Verified,Verified,Failed,Rejected,2025-07-20
0dc5bfb6-ded0-4bb9-ade7-de2f18a7099a,S108617,Verified,Failed,Verified,Rejected,2026-05-06
4826449f-00bf-44e3-ab61-213d5083a6a4,S108618,Failed,Verified,Verified,Pending,2025-07-18
527d7808-c058-427d-becb-a0a6ac2cae6a,S108619,Failed,Failed,Failed,Approved,2023-06-11
a296a479-63b6-43f3-807d-9d4b9aec159e,S108620,Failed,Verified,Verified,Approved,2023-06-20
a787453d-9e52-4549-9a1c-11ebd97f66ab,S108621,Verified,Verified,Failed,Approved,2022-10-16
f64f3a3b-a61a-4645-a65d-e47773c8e481,S108622,Failed,Verified,Failed,Approved,2026-01-31
d8ce3005-072a-4ad4-8fc4-c5aa44e9b17a,S108623,Verified,Failed,Verified,Approved,2025-07-22
7da1e96a-9df4-454f-9cb5-bdb8b4710b31,S108624,Failed,Verified,Failed,Pending,2023-11-12
353b597d-8513-467d-86cb-7a9b5df54f19,S108625,Verified,Failed,Failed,Approved,2023-05-14
fdf86210-ac21-4335-a93c-817243006a4d,S108626,Failed,Verified,Verified,Approved,2022-03-20
bc43377b-99b5-4706-9b8c-67394a759845,S108627,Verified,Verified,Failed,Approved,2023-11-17
0437f076-16c9-4de7-ab04-007a45c5f6fb,S108628,Failed,Failed,Verified,Approved,2022-02-18
044628f6-29b4-41d3-8cb8-54e9b7516126,S108629,Failed,Verified,Verified,Pending,2026-05-06
4b5e5448-e7a3-4530-8248-df78ad083cd3,S108630,Verified,Verified,Verified,Approved,2025-10-17
8380186b-e05c-403e-96fd-6f59d04af9e7,S108631,Verified,Verified,Verified,Approved,2024-09-15
ed1cadcf-a08f-4dae-8b9b-9fbf2fdd1362,S108632,Verified,Verified,Failed,Approved,2025-11-14
457ca8bc-520e-4412-a835-787ef300ad45,S108633,Failed,Failed,Failed,Approved,2022-02-17
771844b2-d549-4ee9-8939-f12a91fd788a,S108634,Verified,Verified,Failed,Approved,2024-08-05
530df200-2c8f-4e55-b164-92ba8c14a123,S108635,Verified,Failed,Verified,Approved,2022-08-22
5f8e4e27-b4c2-413c-88ea-92dc5436120a,S108636,Failed,Verified,Failed,Approved,2024-03-06
fe1dd7a7-55a7-4ce8-9e93-03574f92b453,S108637,Failed,Verified,Failed,Approved,2022-06-07
0c53fdc5-9b31-487f-9eec-917de30a8de8,S108638,Failed,Failed,Verified,Rejected,2024-03-22
5ea2b389-753f-4c23-b47e-ec8f92e24f5d,S108639,Verified,Verified,Failed,Approved,2023-01-15
77439b31-c256-4f79-b29f-3eb2d5bcea62,S108640,Failed,Verified,Verified,Approved,2026-07-09
d608a0ff-fb78-4272-8091-f77cfb3be5e9,S108641,Failed,Failed,Verified,Approved,2024-03-25
c8b3b36b-d411-454e-b15c-1d14dad81181,S108642,Verified,Failed,Verified,Approved,2022-05-04
a8494db6-610a-4a42-becc-78e0944a7134,S108643,Failed,Verified,Verified,Rejected,2024-04-18
db8cad02-fca8-4401-8795-d728e716fdc9,S108644,Failed,Failed,Verified,Pending,2024-10-21
e87f04c1-17b9-4eb9-a6e4-6b77ae8804e7,S108645,Failed,Failed,Failed,Approved,2025-09-18
468d5fa1-9643-4101-ac7b-e210aba0c8b7,S108646,Verified,Failed,Failed,Approved,2025-01-10
5d73f02d-c2ac-4571-b614-c5b71cdcdff6,S108647,Failed,Failed,Verified,Pending,2022-09-09
d13076b8-2bfd-49b9-99bf-5880d0f755c9,S108648,Verified,Failed,Verified,Pending,2022-06-26
dcbc66f5-c9c6-40ea-8336-c1a98abee26b,S108649,Failed,Verified,Failed,Pending,2025-07-31
d90b8d03-613f-43c6-b479-8c458e7d8965,S108650,Failed,Failed,Failed,Approved,2022-10-12
c6c02dc3-fa6f-4982-902b-c33a99d7a574,S108651,Verified,Verified,Failed,Approved,2024-04-22
d46be0f2-9685-4974-9c2a-ef50c8ea7f1c,S108652,Verified,Failed,Verified,Approved,2025-02-16
28fda294-f82a-4d36-89c0-9ff05d4f4215,S108653,Verified,Failed,Failed,Approved,2023-06-20
0fc44567-bcb0-4d33-b688-9e3b7c003344,S108654,Failed,Failed,Verified,Approved,2023-07-09
9e8fcbcf-9541-44c7-a8c3-2600b173e315,S108655,Failed,Verified,Verified,Approved,2023-03-08
22ef5535-e2dd-44e5-a1a3-6b6bd8b6ce78,S108656,Verified,Verified,Failed,Approved,2023-05-04
a8024eb6-d6bb-45ca-995b-56656a75a862,S108657,Failed,Verified,Verified,Approved,2023-12-31
637f6f55-5fe5-471b-9214-7f371c446f27,S108658,Failed,Failed,Verified,Approved,2025-01-08
e4228150-abe0-4cb5-ac3d-f1839037f483,S108659,Failed,Failed,Failed,Approved,2024-10-29
6f59a98e-0753-4d5b-9918-90e44077c324,S108660,Failed,Verified,Verified,Approved,2022-01-29
86126456-d9d5-487a-8556-0a8ce2ec459b,S108661,Verified,Verified,Verified,Approved,2022-02-20
6cba4702-7f51-45b7-ad97-ffc4a51ee90a,S108662,Verified,Verified,Verified,Rejected,2026-06-05
2b721350-02c1-4619-84f9-d43e1fd9dfaf,S108663,Verified,Verified,Failed,Approved,2025-08-23
d07311ba-5aa7-4e2e-b9ae-4e5fb62e1990,S108664,Verified,Failed,Failed,Approved,2024-07-12
06f1af34-2333-48e5-a874-1a3f13b37d74,S108665,Failed,Verified,Verified,Approved,2024-09-22
de34c4d3-c347-469c-9fb8-927bec42cbcc,S108666,Failed,Failed,Failed,Approved,2026-06-20
961b7c53-fe21-4f5b-9d8d-740642423206,S108667,Verified,Failed,Failed,Rejected,2023-04-21
9562b6d9-623c-4f37-8714-a715b55e5175,S108668,Failed,Failed,Verified,Approved,2025-03-07
c7f73e19-f394-4619-9596-806c1c13dc8a,S108669,Failed,Failed,Failed,Approved,2024-07-05
42cbb969-b432-46f8-b49b-4f437826754e,S108670,Failed,Verified,Failed,Approved,2024-09-20
31d61141-e17c-4e4d-82e8-17f799d4a4d4,S108671,Verified,Failed,Failed,Approved,2026-02-05
a28042ba-ed62-4c20-9899-47808ffdfaee,S108672,Failed,Verified,Failed,Approved,2023-08-30
345b428c-334f-49c9-ac51-b015a913060c,S108673,Verified,Verified,Failed,Approved,2024-09-29
ddd89ebd-912c-48b4-9bc8-48a57a061bad,S108674,Failed,Failed,Verified,Approved,2024-11-09
44c11aad-b89d-40aa-b1ea-e126830ce24b,S108675,Verified,Verified,Verified,Approved,2024-04-09
3e245c76-15c4-4649-b155-68f9979e23ce,S108676,Verified,Verified,Verified,Rejected,2024-06-18
793abbe8-bc47-4718-8a65-8cfcbb7d99e1,S108677,Verified,Failed,Verified,Approved,2025-06-13
7f7dbc0a-875b-458d-b4ec-8a21e3fe52a4,S108678,Verified,Verified,Failed,Approved,2026-01-07
8fa84ec0-1ced-42c8-80b2-2818dee6ac4c,S108679,Failed,Verified,Failed,Approved,2025-07-02
c890b43d-a13f-41be-96ac-56d0840fc16f,S108680,Failed,Verified,Verified,Approved,2023-10-14
b47b0924-dae5-40b5-b042-7df1a98d70d0,S108681,Failed,Verified,Verified,Approved,2024-02-26
b88a24b1-1eb7-487a-9660-4218ae46ce15,S108682,Verified,Verified,Failed,Approved,2024-11-21
792715d4-cbdf-47de-bbd0-70613b00a810,S108683,Verified,Failed,Failed,Approved,2022-11-11
ab22eb19-e09e-4c8e-9367-a1e99c2fd5a5,S108684,Failed,Failed,Verified,Approved,2024-11-12
33b8ae5d-355d-4512-a8eb-0359efacdfb0,S108685,Verified,Failed,Verified,Approved,2023-11-10
2a9acf17-3c31-4398-8415-428a1800cb2a,S108686,Failed,Verified,Verified,Approved,2023-10-11
e7bdb9d2-a126-475d-94df-a6cc468633f6,S108687,Failed,Verified,Failed,Approved,2026-07-01
771ea95d-ab4e-4cfe-8330-0eaf7132317a,S108688,Failed,Verified,Failed,Approved,2024-10-27
19293656-c315-4755-8229-9827e0d7d7ff,S108689,Failed,Verified,Verified,Rejected,2024-11-20
7c3374ae-80d3-487a-bd5b-26232501533f,S108690,Failed,Verified,Failed,Approved,2025-05-04
3d6ff039-6a8f-4f83-9a08-89a9c599ee2c,S108691,Failed,Failed,Failed,Approved,2024-03-14
7c3d7b49-8288-4fc2-bee4-d5a03ee53bfc,S108692,Verified,Failed,Verified,Approved,2025-12-12
a5587878-9dc4-4e08-9020-9059c26c2432,S108693,Verified,Verified,Verified,Approved,2024-12-01
b982fd52-833e-4942-9778-4f4d0a7abcd3,S108694,Verified,Verified,Verified,Approved,2024-04-26
f28ffb4f-acd1-4f21-b125-ba38118f3c4f,S108695,Failed,Failed,Failed,Approved,2022-05-10
0cee55c6-bc82-4ba0-ac34-8fbf2c136a9c,S108696,Failed,Failed,Failed,Approved,2025-05-20
24476cf8-f030-435d-81ea-e197d49e13cb,S108697,Failed,Failed,Failed,Rejected,2023-01-09
4e2402c5-0dde-4cd9-a112-98252e594091,S108698,Verified,Verified,Verified,Approved,2025-01-18
a8a7b440-4b32-4001-84e1-10e3482c4407,S108699,Failed,Verified,Failed,Pending,2024-11-14
dc8ceab5-3d3d-4234-b75f-fb9cd06a34fc,S108700,Verified,Failed,Verified,Approved,2026-07-30
7da5a008-9a8d-4d36-9cba-268e516c312d,S108701,Failed,Verified,Failed,Approved,2022-03-17
c73edd40-e073-42df-86bc-1ca183d0f5bd,S108702,Failed,Verified,Verified,Pending,2024-08-02
e1760a31-6a56-4918-991c-aa958fd0f7d2,S108703,Verified,Failed,Verified,Rejected,2023-10-30
79cebed1-5a6f-46b3-960c-8cec41629fd5,S108704,Failed,Verified,Verified,Approved,2022-07-06
08cdaaea-c246-4175-8d99-86281c85510c,S108705,Failed,Verified,Verified,Approved,2025-01-15
2427b93e-f8ee-440d-8a79-2758cd1c6add,S108706,Verified,Failed,Verified,Approved,2022-03-10
fddb5c6e-5738-4021-9ed0-8fe4ab2a6a44,S108707,Failed,Failed,Failed,Approved,2023-08-28
03cdd7a4-045d-4e84-9759-24bb9f45b2b2,S108708,Verified,Verified,Failed,Approved,2025-05-08
a1ca9354-dd97-4d7e-8820-20d2b40ba71a,S108709,Failed,Failed,Verified,Approved,2025-03-02
2a00003e-4b6e-4454-82de-affb2fb672bb,S108710,Failed,Failed,Verified,Approved,2024-08-27
18f59446-c3ce-4fcb-8665-f861221392d9,S108711,Verified,Failed,Verified,Approved,2022-10-22
1fd8dcd1-b4dd-4307-8b30-bc627fa1d66b,S108712,Failed,Verified,Verified,Approved,2026-06-04
a74a5aa7-c7fb-49df-8cfb-d7ba8a0761bc,S108713,Failed,Failed,Failed,Approved,2023-04-25
392050ba-fc09-4e06-b242-2ab7d4448baf,S108714,Failed,Failed,Verified,Approved,2025-09-06
187e5a61-c907-4276-a077-23edda12cb70,S108715,Verified,Verified,Verified,Approved,2023-05-11
ad0c054e-7e00-452b-be92-97dc3d1229fb,S108716,Verified,Failed,Failed,Pending,2025-11-30
08f042ed-41e7-4487-b5a9-2ca84698e317,S108717,Failed,Verified,Verified,Approved,2022-07-23
e850ad62-e3c4-4ca8-bca9-8c133962e1e8,S108718,Verified,Failed,Failed,Rejected,2022-06-28
bd25e429-5765-4e13-96f1-d3200f2ce5b9,S108719,Verified,Failed,Verified,Approved,2025-11-16
2baa4128-92ef-488b-b916-123eaae5d356,S108720,Verified,Verified,Failed,Approved,2023-03-30
a39d41fc-ce8d-40e4-b50b-ae6d550415c6,S108721,Failed,Verified,Failed,Approved,2025-02-01
3914342b-3925-4c0a-bf7d-ec7c1743faf6,S108722,Failed,Failed,Verified,Approved,2022-10-11
85432556-58f0-4728-abf6-c7d43ef533ce,S108723,Verified,Failed,Failed,Rejected,2026-02-27
80369f61-6893-45df-bb8e-71241d7ef839,S108724,Verified,Verified,Verified,Pending,2023-09-22
0c00207a-2989-4033-8293-337a29cd84db,S108725,Failed,Verified,Verified,Approved,2024-11-12
55ad1993-e0ea-42ef-a0cf-cae214ea22a2,S108726,Verified,Failed,Failed,Approved,2023-11-16
f4bb00b3-9cfa-4b4a-a7ec-d6b6db4eb356,S108727,Failed,Verified,Failed,Approved,2022-01-07
9dc3d2a3-7c8b-4d14-b05a-7f1ded6c60cd,S108728,Verified,Verified,Failed,Approved,2022-12-15
ffd16bb4-5e36-43c2-8d93-bca56b1fef8e,S108729,Failed,Failed,Verified,Approved,2022-01-25
14d2405b-2cf9-4230-a76f-792849aa286d,S108730,Failed,Failed,Failed,Approved,2022-07-11
73a1872e-f3fc-4581-a2a7-f42317a86a12,S108731,Failed,Verified,Failed,Pending,2022-11-12
6ac494c2-0db4-47a0-a245-81e702399c43,S108732,Failed,Verified,Verified,Approved,2023-08-29
230c1da7-839f-454a-8b26-87282a045677,S108733,Verified,Failed,Failed,Rejected,2023-07-03
21f9dd6e-d2cd-46ea-9b13-b5a8f1ec2acf,S108734,Failed,Verified,Failed,Approved,2026-02-12
d6fb1c44-7501-485b-8286-0877449061fb,S108735,Verified,Verified,Verified,Approved,2023-01-29
6ec5ee8c-60a3-4c4b-a80b-53ecc6691549,S108736,Verified,Verified,Verified,Approved,2022-08-09
a2d9cd29-a2ff-4df1-b812-a19948d3915f,S108737,Failed,Verified,Failed,Approved,2025-01-16
368cb553-d132-4e84-aaf6-267b567d589b,S108738,Failed,Verified,Verified,Pending,2026-04-18
9335ca85-d400-4bbd-a701-703d638d387b,S108739,Verified,Failed,Failed,Pending,2023-04-22
b2347c81-c1a0-4ac0-9dc3-f67720bc09a0,S108740,Failed,Failed,Failed,Pending,2022-09-08
552b85f0-b947-48f2-a37d-9fd73ec7fa20,S108741,Failed,Verified,Verified,Rejected,2025-08-04
19b487d7-da8a-4382-a20b-61700b3843fb,S108742,Verified,Failed,Verified,Approved,2024-06-17
419c0127-4557-4625-bd64-f16b1ad8f1a5,S108743,Failed,Failed,Failed,Approved,2026-06-09
8ab1577b-6081-4478-9b11-e3c8ec8c4bf3,S108744,Failed,Verified,Verified,Approved,2025-08-07
fbe5fc2b-fa93-4e63-b04d-f761eb4819a4,S108745,Failed,Failed,Verified,Approved,2023-08-19
53836097-9478-4a0b-920a-da33e1c4c708,S108746,Verified,Verified,Verified,Approved,2023-12-17
d1e1b440-21f1-40f3-9703-ba7406ed4e34,S108747,Verified,Failed,Verified,Approved,2025-05-10
d3440ea3-d783-4d06-9526-8fbc903c4965,S108748,Verified,Failed,Verified,Approved,2024-03-22
f0c480c1-823c-49a2-8909-87c986d1f4db,S108749,Verified,Failed,Failed,Approved,2024-07-28
41af04a6-97ee-478b-ae2e-8bed95e0686b,S108750,Failed,Verified,Failed,Approved,2025-09-05
e9549d88-ab29-4730-8585-fe285b20f422,S108751,Failed,Verified,Failed,Pending,2024-07-18
bc3bbb4b-472b-40f6-957d-b9feb8b28b73,S108752,Verified,Verified,Verified,Approved,2023-09-15
5a0f9dc0-240b-454e-b06d-f64498033771,S108753,Verified,Verified,Verified,Rejected,2024-07-01
258febe4-d7b7-420c-b758-89b94b7448b8,S108754,Verified,Verified,Verified,Approved,2023-01-15
0e18ad08-c377-40ef-a637-42eaa8a16e75,S108755,Failed,Failed,Verified,Approved,2026-05-22
c9713747-402e-49ce-bd4f-98a649f1b5c1,S108756,Failed,Failed,Verified,Approved,2025-08-08
202403e7-fddb-4a02-8e7f-9df4d59967b3,S108757,Failed,Verified,Verified,Approved,2023-09-07
d62d9b65-72a0-41ee-9b96-32f0adcb9787,S108758,Verified,Verified,Failed,Pending,2024-10-20
91aa7826-3b1e-456c-a973-f8ad5c58272b,S108759,Failed,Verified,Verified,Approved,2022-11-11
f0fa56e3-007c-482b-9638-8dec41d35270,S108760,Verified,Verified,Failed,Approved,2023-06-22
53580fef-625f-43fa-9035-0303434c176b,S108761,Failed,Failed,Verified,Approved,2024-12-26
4d120d03-4893-41d9-9f7c-9eaa19d401fd,S108762,Verified,Verified,Failed,Pending,2024-09-28
b19a9cbc-6baf-4c17-8e1f-10b742334f91,S108763,Failed,Failed,Verified,Approved,2025-10-21
4f38f23d-7c28-4974-9cf4-6fb8cd0bf30f,S108764,Failed,Failed,Failed,Approved,2026-03-11
4adb4446-cc57-4e4a-9176-ea1d844dc189,S108765,Failed,Failed,Failed,Approved,2024-01-17
512bc06a-28f9-4b32-9175-a481bd3f02ee,S108766,Verified,Verified,Failed,Pending,2022-08-06
82f96a0f-e32b-42bc-b40c-391722772549,S108767,Verified,Verified,Failed,Approved,2022-07-11
aa9559cf-88bd-4fb0-82c4-4436c196c843,S108768,Verified,Failed,Verified,Approved,2026-04-22
610006ee-4c49-4312-a4d6-df9ecc163118,S108769,Verified,Failed,Failed,Approved,2026-04-16
e280df0b-0465-4b84-9d55-c2c25168923d,S108770,Failed,Failed,Failed,Rejected,2026-04-11
e5232adb-3ab5-4c63-9c41-a3b38f6d2323,S108771,Failed,Failed,Failed,Approved,2025-12-05
fb300623-3cfc-48cd-8000-2588065f06d7,S108772,Verified,Failed,Failed,Approved,2022-01-24
8edffc0d-edad-4ac5-b9c4-ced5150bff58,S108773,Failed,Verified,Verified,Approved,2025-08-18
3cd30f3d-1391-4fb7-a7be-d33e4b32efbc,S108774,Failed,Verified,Verified,Approved,2026-02-04
394b98f2-1911-42b9-9890-5388f06b05a9,S108775,Failed,Failed,Failed,Approved,2024-07-31
9bff4a6a-b3f1-44f2-afd6-7579c6e0548e,S108776,,Failed,Verified,Approved,2026-07-08
571980f1-7fce-475f-b2cc-49e49e117949,S108777,Failed,Verified,Failed,Approved,2026-04-23
9d80cd2f-3802-4ccf-86e5-289642b8d038,S108778,Failed,Verified,Failed,Approved,2023-10-19
7bd498d0-7c21-4eb4-bcd8-583336f3a9f2,S108779,Failed,Failed,Failed,Approved,2022-03-24
bf9765b1-21eb-47fd-bfd9-3e32e53cc125,S108780,Failed,Failed,Failed,Approved,2022-06-18
bce148df-70f8-40c2-bf19-d2a8c6f656e7,S108781,Verified,Verified,Verified,Approved,2025-05-06
405913ab-5caf-4366-bfa6-ace61f3a34ce,S108782,Failed,Verified,Failed,Approved,2022-11-18
41e406b9-29c9-4736-a6cf-f65ad5fa4e8b,S108783,Failed,Failed,Verified,Pending,2025-09-18
513d0069-fedb-431f-aa06-ead61d9704fc,S108784,Failed,Failed,Verified,Approved,2022-06-03
cbb7882c-fd03-47a0-8336-b2a4f87f1f37,S108785,Verified,Failed,Verified,Approved,2025-11-27
da103739-341c-4a81-b771-abff00624de5,S108786,Verified,Failed,Failed,Approved,2024-12-09
4669f768-35e7-41da-ad6a-134986ed18f2,S108787,Verified,Verified,Failed,Approved,2023-07-25
49b88721-2fa0-4e23-9912-acbcc1dc7611,S108788,Failed,Verified,Verified,Approved,2026-02-04
3ac5e17d-2e30-41ce-a32f-900e798cefa5,S108789,Failed,Verified,Verified,Approved,2026-01-01
748f4304-db00-4757-9d6d-73ebf9831b33,S108790,Verified,Failed,Verified,Approved,2023-06-07
71cddba6-0b27-4478-a56f-dc39e9ebd6a7,S108791,Failed,Failed,Failed,Rejected,2026-05-12
99651c91-119f-407f-a9fb-f0634c2a6a2f,S108792,Verified,Verified,Failed,Approved,2024-07-25
d2b6a5d3-376e-41bf-9875-23b77ba6f9be,S108793,Failed,Verified,Failed,Approved,2023-11-23
acbf0a99-f166-42ee-8c9e-b8b97a3debf1,S108794,Failed,Verified,Failed,Approved,2025-06-11
3c782140-6dfa-4c97-9b1c-25b90d4d1b5d,S108795,Verified,Verified,Failed,Pending,2026-07-04
eac2bf6c-9883-4611-bc17-fa07294412af,S108796,Failed,Verified,Failed,Approved,2023-02-28
a9fea1b5-8e9a-411d-9aa8-561decb76586,S108797,Verified,Failed,Failed,Rejected,2022-10-13
7d53a8bb-e714-4d55-8e37-658ba083ff49,S108798,Failed,Verified,Failed,Approved,2025-07-02
39e29a6d-35b1-4604-b4bf-890ff0212293,S108799,Failed,Failed,Failed,Approved,2024-03-10
18d31006-28c7-4b88-9f71-6df9f4bf393b,S108800,Failed,Verified,Failed,Pending,2024-04-21
576aa70a-87ee-4b8a-802a-2439fe02f26b,S108801,Failed,Failed,Verified,Approved,2024-08-20
f7b8beb7-306e-4c01-8789-9a64ea835cd5,S108802,Verified,Verified,Verified,Approved,2026-02-15
5b3b94bb-5d9e-4ce8-b5c5-2940a3e17b99,S108803,Failed,Failed,Failed,Approved,2025-06-27
e47dd05e-8bcb-4bf9-adc9-1697aeb0d7e6,S108804,Verified,Verified,Verified,Approved,2024-04-27
f826d7d2-2de1-482e-891b-a264c90c8904,S108805,Failed,Verified,Verified,Approved,2024-01-10
28bbe6fd-39f3-4f6c-b1b6-3d8d6a413b76,S108806,Verified,Verified,Failed,Approved,2024-06-28
9a86ab58-8706-42bc-966d-9027f28f2b5d,S108807,Failed,Verified,Verified,Rejected,2023-05-30
c55bba63-fce1-4a11-8cd3-38ad47f94353,S108808,Verified,Verified,Verified,Approved,2026-03-19
199fc57d-e107-4091-9e9b-6204c410462c,S108809,Failed,Failed,Verified,Approved,2024-09-17
85f839b6-8e88-4e2a-8f99-9e2cba2dc158,S108810,Verified,Failed,Failed,Approved,2026-02-09
905d2920-81e4-4881-83e5-7f5a58bf1058,S108811,Failed,Verified,Verified,Approved,2025-01-14
8411974f-9413-4184-b067-0682b4b15243,S108812,Failed,Verified,Verified,Pending,2023-05-06
17e46eb7-ab02-4549-b5c2-8587f9262d65,S108813,Failed,Verified,Failed,Approved,2023-04-12
1986a61a-e973-4af7-9f59-f253871be6f4,S108814,Verified,Failed,Failed,Pending,2023-09-20
9ecf9252-9a05-450a-b449-fa32cc8bcb71,S108815,Verified,Failed,Verified,Approved,2026-01-17
1ebf333b-8fb5-47c4-ae6c-8fb745305525,S108816,Verified,Verified,Verified,Approved,2022-03-08
b5f5aeea-e388-411f-9162-17e27f35e603,S108817,Verified,Failed,Verified,Approved,2022-08-21
2289020f-4909-4b24-bc32-acd98f6ee6c5,S108818,Failed,Verified,Failed,Pending,2022-10-23
6967aec0-0087-46e9-a47c-94bfc7afe757,S108819,Verified,Verified,Verified,Approved,2025-05-08
a874329c-3352-475d-b090-2a1241553e7f,S108820,Verified,Verified,Verified,Approved,2023-10-04
a7e9840e-bec5-4c4f-9696-56c6eb118799,S108821,Failed,Failed,Verified,Approved,2022-08-04
56e30cd2-51b4-4eb2-bb65-09e0e4a7c8e3,S108822,Verified,Verified,Failed,Approved,2024-03-19
320a17c7-4f06-4b02-8f8d-be463025a16e,S108823,Failed,Verified,Verified,Approved,2022-03-24
ad5c5f36-9057-426d-88a6-9aca3005b234,S108824,Failed,Failed,Failed,Approved,2024-02-05
c4c6774f-194a-4e83-b658-707774288600,S108825,Verified,Failed,Verified,Approved,2022-01-10
a01d3239-20ab-46a9-b1df-2c8d9885adb1,S108826,Verified,Verified,Verified,Rejected,2024-12-27
d4226871-0cec-470a-8538-3113033887bf,S108827,Failed,Failed,Verified,Approved,2022-01-23
accb7f1f-90aa-437d-9f27-0ff2ecf3ab85,S108828,Verified,Verified,Verified,Pending,2023-12-02
4a81a32c-2f6c-4530-b738-c978f1856960,S108829,Verified,Verified,Failed,Approved,2024-01-17
322b65f7-c671-4a03-86eb-76e225f81678,S108830,Failed,Failed,Failed,Approved,2026-03-11
c5abf6c4-f89c-4ea0-a06b-e806d3f4dd82,S108831,Failed,Verified,Failed,Approved,2024-06-25
ddac110b-082c-4094-9960-8a70d61bcb7c,S108832,Verified,Verified,Failed,Approved,2025-12-03
14bf8f46-a52c-4bc4-9ce7-963a06405427,S108833,Verified,Failed,Failed,Approved,2025-08-28
c34ce0ff-f73d-491b-bd8f-2122ae419c83,S108834,Verified,Verified,Failed,Approved,2024-03-08
604d556b-1c91-4637-b997-bfda75a4d815,S108835,Verified,Verified,Failed,Approved,2024-05-31
4b1b9e7c-223f-4caf-b8b7-82603155cb64,S108836,Failed,Failed,Verified,Rejected,2024-10-28
a85c5e8f-00f9-41be-ba37-d645a5df8d4a,S108837,Failed,Failed,Verified,Approved,2023-08-23
aa39abaf-cbdd-41d0-a7c3-f26e84098fac,S108838,Verified,Failed,Verified,Approved,2024-03-17
2bb37487-f5f2-4b06-83d0-966d7f79b6db,S108839,Failed,Failed,Failed,Approved,2023-12-05
80b2b011-7ae9-4cd2-8126-67194e47afa9,S108840,Verified,Failed,Failed,Approved,2023-11-07
bc9af552-92a5-4d16-96c9-51303d36c622,S108841,Verified,Verified,Verified,Approved,2026-05-28
1e6bbbc5-7c66-4b40-ac3c-10a507456bbf,S108842,Failed,Failed,Verified,Approved,2023-06-28
e9248d52-1564-4cf3-a2a7-40ece545e706,S108843,Verified,Verified,Verified,Approved,2025-09-05
7eea0bf0-5da5-4a1f-aac1-9445e7a83e08,S108844,Failed,Failed,Failed,Approved,2024-07-11
f1435d69-8a29-4acb-8fa9-74a09e928503,S108845,Failed,Failed,Verified,Approved,2023-07-25
99a26957-ef3e-4952-ae82-3445968a89d4,S108846,Verified,Verified,Verified,Approved,2026-04-15
25804edf-0cc2-4a26-93ff-0ff8fc1344e1,S108847,Verified,Verified,Failed,Approved,2026-02-22
91a38a10-1c8a-4354-99f6-8a354da44a0e,S108848,Failed,Verified,Failed,Rejected,2025-06-02
d0b76855-d607-4b17-80cc-899efd40466c,S108849,Verified,Failed,Failed,Approved,2025-10-17
c3e685d8-7883-4a47-addd-6fdca8b7260e,S108850,Failed,Failed,Verified,Pending,2024-05-01
4a770b16-47ee-4ff2-bf13-8e3929af83c4,S108851,Verified,Failed,Verified,Approved,2025-01-06
2d2dec8a-5c25-4a20-9f9c-cf07a6c5815f,S108852,Verified,Verified,Verified,Approved,2023-03-02
62475730-70ce-4612-898d-99baffe42604,S108853,Verified,Failed,Failed,Approved,2022-08-14
d08cc94c-a0e5-4a55-9539-64eb920ee90d,S108854,Failed,Failed,Verified,Approved,2024-11-15
d0ed1353-24b2-49b7-9b0c-b27513bc5b8d,S108855,Failed,Failed,Verified,Approved,2022-06-08
15d39b12-35e3-4226-8a59-db83e7f07639,S108856,Verified,Verified,Failed,Approved,2022-01-24
90c2f33f-c633-404e-af19-bfbc170bd27e,S108857,Verified,Verified,Verified,Pending,2025-02-27
9385f44e-81b9-4070-be35-805d76a8bbd7,S108858,Verified,Failed,Failed,Approved,2022-04-22
67db4c11-6d1d-4d61-9b53-63015b59cfb9,S108859,Verified,Verified,Failed,Rejected,2025-09-27
0e6ca8ce-ea04-4025-9abe-907d5bb80fa8,S108860,Verified,Failed,Verified,Approved,2025-03-04
88ecd131-e115-4128-9b49-0e2bee649d5b,S108861,Verified,Failed,Failed,Approved,2023-07-19
46aae4c2-5f57-4e9c-8d79-e0930c5e7856,S108862,Verified,Verified,Verified,Approved,2025-10-03
c05d9598-0555-4d43-b936-1c6a4bf85b36,S108863,Failed,Verified,Verified,Approved,2026-07-15
63cd5e1b-7005-4f93-b77e-45ab24d8657c,S108864,Verified,Failed,Verified,Approved,2025-07-21
dd83fc2a-aa55-45b3-9dfc-839b0f20e0f5,S108865,Verified,Verified,Failed,Approved,2024-11-06
63930f59-18e8-4dff-b8e6-d127205f6b13,S108866,Failed,Verified,Verified,Approved,2023-01-27
78aa6915-d7f6-48c8-96e9-cbae233ac8b1,S108867,Failed,Verified,Failed,Rejected,2024-11-16
fba05810-0645-4dbc-9794-6e055e2e2eff,S108868,Verified,Verified,Verified,Approved,2023-07-11
62ccac09-3731-4f7d-84f3-fca5089bfbff,S108869,Verified,Verified,Failed,Approved,2024-08-10
8995e6ad-c01a-48b1-a937-6c46dc3abd2a,S108870,Verified,Failed,Failed,Rejected,2023-02-10
4feff537-dc66-44dd-b8b2-ae15594bcf66,S108871,Failed,Failed,Failed,Approved,2025-08-19
ee680aeb-c75a-4271-95e8-fe2d3d39451b,S108872,Failed,Verified,Failed,Approved,2025-05-02
a4951e7a-fe64-4a6c-b98b-9db4fc5f8e13,S108873,Verified,Failed,Verified,Approved,2023-12-02
db8c9c44-4527-41ac-8c76-fc8c3c9d4c08,S108874,Verified,Failed,Verified,Approved,2026-03-15
a38e5b68-f8b6-4c79-b376-9d97cc47468a,S108875,Failed,Verified,Verified,Pending,2022-08-16
bebe0006-1750-442c-8b4e-7e03d129b317,S108876,Verified,Verified,Verified,Approved,2025-11-30
cd4b381c-44fc-49f3-8bfa-145db1737774,S108877,Failed,Failed,Verified,Approved,2026-01-14
131482bf-80bf-4c25-9db8-e038e8e72d02,S108878,Failed,Verified,Verified,Approved,2025-10-09
dc69bc4e-3a14-4125-a36e-9ac7dda3c3cc,S108879,Verified,Failed,Failed,Approved,2024-08-30
1b6e82f3-2d25-43f3-ad06-adf60c2635c6,S108880,Verified,Verified,Failed,Approved,2022-11-16
13e9e83c-ce10-4ad8-979d-3af72c8da2e6,S108881,Verified,Failed,Failed,Approved,2025-07-26
68344756-3126-404b-a8b0-12d789344fcd,S108882,Verified,Failed,Failed,Pending,2024-09-20
797e042c-da70-4265-bb79-e3673195f730,S108883,Failed,Verified,Failed,Approved,2026-01-27
d34bfbc6-5488-433b-a254-483ff8dd572f,S108884,Verified,Verified,Verified,Approved,2023-11-28
98834fe2-23ac-43af-97e7-2c001cfb75ec,S108885,Failed,Verified,Failed,Approved,2023-03-04
080256fa-ef29-4131-8573-92b0a9ec973d,S108886,,Failed,Failed,Approved,2024-05-12
f47cde0f-34a0-4836-9ed8-8d16be729e01,S108887,Verified,Verified,Verified,Approved,2022-08-19
0d7eee5e-1620-4c96-b857-85b4c12e796c,S108888,Verified,Verified,Verified,Approved,2025-04-19
3b837d0d-2723-4c1a-a172-4155277baf46,S108889,Failed,Verified,Verified,Approved,2023-12-01
097c98e3-5ce8-4692-864e-1e7070cf2d86,S108890,Verified,Verified,Failed,Pending,2023-03-13
ac63bd84-7450-400c-8846-b5c162332726,S108891,Verified,Verified,Failed,Approved,2025-05-08
eec445f5-b902-44e6-8e97-250e4b796616,S108892,Failed,Verified,Failed,Approved,2025-11-28
28fa4981-59b5-4891-ad2e-61052ca650a3,S108893,Verified,Verified,Verified,Approved,2026-05-23
9364eb72-2704-4d21-bef2-5358dd200d2a,S108894,Verified,Failed,Verified,Approved,2022-04-12
d94ede51-4806-414d-9375-48ad28e3e551,S108895,Failed,Verified,Verified,Approved,2024-11-24
562fc272-64b0-4e41-8d30-5062e3d0072e,S108896,Verified,Verified,Verified,Approved,2022-04-11
b4307cf0-c164-41f0-911d-10f7f4270c94,S108897,Verified,Failed,Verified,Rejected,2022-09-21
60456d36-7e8b-4cc2-8750-62fbac2297f3,S108898,Verified,Verified,Failed,Approved,2025-02-26
6eb81cd8-13ad-4014-8fce-855b38f8560d,S108899,Failed,Verified,Verified,Approved,2023-07-20
5ede8927-4c01-4b30-979d-33289a16cd46,S108900,Verified,Failed,Verified,Approved,2024-04-03
f3c148e2-985c-47b4-a63d-9d5a5a99396a,S108901,Verified,Failed,Verified,Approved,2026-06-09
628752d0-34d0-4ebf-8db5-f4afd7a5dcf2,S108902,Failed,Failed,Failed,Approved,2025-11-23
ffc0ff69-5ae1-40d2-b9ad-b171569c9898,S108903,Verified,Verified,Verified,Approved,2025-05-28
e3adf2fb-da6c-409d-ace8-5fdfbf74a9a9,S108904,Verified,Failed,Verified,Approved,2023-03-19
ee69d5a6-d540-4c19-a897-2385483a2443,S108905,Failed,Verified,Verified,Approved,2023-07-09
fcf8afa1-28c1-4d6e-b0e3-4adf343ae510,S108906,Verified,Failed,Verified,Pending,2024-10-08
6c9460ac-6fde-4d31-8171-7646fa3dddc0,S108907,Verified,Verified,Verified,Approved,2023-03-18
becfa6ec-624c-4f33-9dee-acec73af6b06,S108908,Verified,Failed,Failed,Rejected,2024-09-21
68cac2f4-2ad8-4816-a02c-bf4dd852cb52,S108909,Failed,Failed,Verified,Rejected,2024-12-20
63cc975a-7b59-41f4-b2ad-653ae958d278,S108910,Failed,Verified,Verified,Approved,2022-08-07
a4de3d82-4ddb-48de-be35-f43112e9816c,S108911,Verified,Failed,Failed,Approved,2022-07-21
4709e22d-0309-41e7-9689-cdd270b1f369,S108912,Verified,Verified,Verified,Approved,2022-02-26
c069249c-feba-4dbf-9b0c-a36ece03e029,S108913,Verified,Failed,Verified,Approved,2022-04-28
c191a347-2a87-4359-b08f-7f8b55d87b0f,S108914,Failed,Verified,Verified,Approved,2023-12-27
c1be9c4b-b95c-4497-8b53-aa96248fae82,S108915,Verified,Failed,Failed,Approved,2024-05-24
5c2a6190-0b11-470d-b12c-6b772bb2f6c1,S108916,Verified,Verified,Verified,Approved,2024-02-02
42bed5a9-6d41-4490-881f-811c98ed5aee,S108917,Failed,Verified,Failed,Approved,2024-02-26
5dc0a6ff-25b6-4484-bcd1-8ae7f857ca5f,S108918,Failed,Failed,Verified,Approved,2025-03-08
884b6ff5-732c-4007-9ab2-a4d249fa3c2b,S108919,Failed,Failed,Failed,Approved,2024-11-04
3abab629-4595-48d3-a01c-eaae0d771c78,S108920,Verified,Verified,Verified,Approved,2023-06-05
d78add06-9e0c-4613-9546-78e57b772189,S108921,Verified,Verified,Failed,Pending,2022-06-21
ed4c6ef4-a7ae-40b1-b5b7-be84f15355de,S108922,Verified,Failed,Verified,Approved,2025-05-28
a59549c0-b1d1-42d1-8a3d-8cb865edc96f,S108923,Verified,Failed,Verified,Rejected,2024-11-21
c02ff878-d9b8-4064-8a40-c1e3306534c7,S108924,Verified,Verified,Verified,Approved,2024-07-08
7c5e9c3d-9f53-47fb-82f6-b1d9cdb8e652,S108925,Failed,Verified,Verified,Approved,2026-05-05
11b03234-38dc-4198-b20c-0e3ce99badbd,S108926,Failed,Failed,Verified,Approved,2023-07-26
1f73d801-0be0-4b39-ad9e-6e7e1bc86f21,S108927,Failed,Failed,Verified,Approved,2022-03-08
57dd7366-d88b-4010-a14c-a4ee591509f1,S108928,Verified,Verified,Failed,Approved,2023-11-08
90ef62ce-e256-4ff0-a352-f76d3c0b9507,S108929,Verified,Verified,Failed,Rejected,2023-05-17
ed4ea865-2f64-4cc2-9eda-7b2a9a5d0920,S108930,Verified,Verified,Failed,Approved,2025-12-27
bdfdf0b6-c5b1-489b-988a-c9f917885cec,S108931,Verified,Failed,Verified,Pending,2026-04-22
ae8dc791-f2c6-4c30-bb25-911aa3a16aad,S108932,Verified,Failed,Verified,Approved,2026-01-15
2efdc015-cfd0-4e4f-87ab-680d516517e2,S108933,Failed,Failed,Verified,Approved,2022-02-23
58e817ef-17e8-4a53-813c-9824414c1eee,S108934,Failed,Verified,Failed,Pending,2022-03-21
42d855ee-bdc7-4359-ad35-1fd005ddb4e3,S108935,Failed,Failed,Failed,Approved,2025-05-25
771e996c-a3aa-46dd-9732-c46f36b37e52,S108936,Verified,Verified,Verified,Approved,2022-10-13
0f90f3a1-c9f8-492c-b9c9-68ff9c6ecbd2,S108937,Failed,Verified,Verified,Approved,2023-02-19
d67638a7-6a77-4f8c-8651-56e7b428cf14,S108938,Failed,Verified,Failed,Approved,2022-12-21
cdfa0da7-87fe-47c4-86d9-1a168c4d9c5c,S108939,Failed,Verified,Failed,Approved,2022-01-28
86fd457a-56a1-4c48-bdaf-a58683006ddb,S108940,Failed,Failed,Verified,Approved,2025-10-01
e4753071-5e85-40dc-bf93-ed8db7e0c16f,S108941,Verified,Failed,Verified,Approved,2025-06-09
a517adae-80ae-4477-bc6c-e3555a2fd4a3,S108942,Failed,Verified,Failed,Approved,2023-07-26
6d5a4531-3972-455f-b318-18acf28762cd,S108943,Failed,Verified,Verified,Approved,2023-09-25
a236bd80-434e-4ded-9218-83bd42c7c36d,S108944,Failed,Verified,Verified,Rejected,2024-08-25
c3f9a546-5f80-494e-b2c5-f5478fd4803f,S108945,Verified,Failed,Failed,Approved,2024-10-18
90adf6b0-930f-41fd-b2ee-74629ce8f06b,S108946,Verified,Failed,Verified,Approved,2023-07-18
7bad7493-b618-44d9-82df-5607c59e49fc,S108947,Verified,Verified,Failed,Approved,2023-10-14
bbd0891e-5974-48ec-a20b-5b96428b8275,S108948,Verified,Failed,Failed,Approved,2024-05-05
a1cdd4c6-297a-4125-ac06-96954adde649,S108949,Failed,Failed,Failed,Approved,2026-07-15
0ecdb456-fbc7-455c-a5e1-cd1f94b6572c,S108950,Verified,Verified,Verified,Approved,2023-04-08
4da118b7-d91f-4b43-84c6-a32cbb311617,S108951,Failed,Failed,Verified,Approved,2024-07-30
2ae647bf-87ba-4e02-a274-a2c03686ebd0,S108952,Failed,Verified,Verified,Approved,2023-08-31
67516ef4-539d-4332-ba39-1c7ecc1965b3,S108953,Failed,Verified,Failed,Approved,2024-09-08
fac3dc8f-95cf-43f1-817d-3af783dfa6c4,S108954,Failed,Failed,Failed,Pending,2025-08-30
872afef3-ac01-416d-a2de-3b2a7ea7ae96,S108955,Verified,Failed,Failed,Rejected,2022-02-17
b15a2ce9-ce8a-4604-8fcd-96d953eae349,S108956,Failed,Verified,Failed,Approved,2026-02-02
85c2558f-73ff-4f07-abff-8efee3cbe5ad,S108957,Verified,Failed,Verified,Approved,2024-07-19
6e5d237c-dfbe-4358-a410-6163dca22fbe,S108958,Verified,Failed,Verified,Pending,2025-02-19
ed290d99-7b30-4d8e-8d53-e991e84b7b88,S108959,Verified,Failed,Failed,Approved,2025-12-03
3b89a4f5-5143-4560-8351-77b22e6a7b32,S108960,Verified,Failed,Verified,Pending,2022-09-14
1b63d9e6-82f7-4fc9-8266-2ffd0e85a7d5,S108961,Verified,Verified,Verified,Approved,2023-07-22
8b17e9ed-0175-4981-87aa-216255639141,S108962,Failed,Failed,Failed,Approved,2025-08-11
70678a09-f6a2-42c2-a770-0f35dbc8c7cb,S108963,Failed,Verified,Verified,Approved,2023-03-24
ecbf3f56-c719-47dc-acb6-bf3f85be86f9,S108964,Failed,Failed,Failed,Approved,2026-05-10
5f859cc7-42f4-4cef-9869-81d2e2dca438,S108965,Verified,Failed,Failed,Approved,2025-06-23
f445be8d-d89b-47cd-9b86-72851bba0fcd,S108966,Verified,Verified,Failed,Approved,2023-05-04
38f24d9d-e72a-4871-9a3a-1c99e52d9fcb,S108967,Failed,Failed,Verified,Approved,2025-10-12
28a3a5fb-db39-4cd7-a7d5-9d54ade8514b,S108968,Verified,Verified,Failed,Approved,2024-06-18
7b7a626e-69a8-4da2-888d-21cbcdaf92a0,S108969,Failed,Failed,Failed,Approved,2022-06-02
a47b8f8e-b6c1-4082-a54c-fe9e122edfed,S108970,Failed,Verified,Verified,Approved,2022-04-21
2780617c-97e9-4120-9ded-c786900c1972,S108971,Failed,Failed,Verified,Approved,2024-06-02
37637c92-2bcb-4cd5-9611-705976d33ba9,S108972,Failed,Verified,Failed,Approved,2024-06-05
05308fdf-1b02-4118-a655-b0ab7069267b,S108973,Failed,Failed,Failed,Rejected,2024-10-25
259aee3b-b94e-420a-8229-6730e0838f91,S108974,Verified,Verified,Failed,Approved,2024-04-27
f61a8c46-9f68-4d10-8bfa-c93aba6a78d0,S108975,Failed,Failed,Failed,Rejected,2024-09-18
9cc893f9-de53-4673-9e3f-3ec7cabfae4a,S108976,Failed,Failed,Failed,Approved,2026-01-09
51737624-30c6-4a05-a2ba-0d67a4004f91,S108977,Failed,Verified,Verified,Approved,2023-03-16
8f3ae537-c431-4ddd-8d36-1f3b12e08ed0,S108978,Verified,Verified,Failed,Approved,2026-02-14
73d03eba-59d2-4f31-bc60-8faad8e5ef0b,S108979,Verified,Failed,Verified,Approved,2024-03-24
d08cd4b1-3433-4fd9-9dc1-aba00e3b0441,S108980,Failed,Verified,Verified,Approved,2022-10-01
b7e4590d-900e-4786-8aa3-ac8a2e5eae54,S108981,Verified,Verified,Verified,Approved,2026-07-15
38a47343-1388-421e-a053-42f33ee53a20,S108982,Failed,Failed,Verified,Approved,2023-11-08
10aa7cac-0527-45ed-a196-d992af1ae95e,S108983,Verified,Verified,Failed,Pending,2026-01-17
68481a2f-ce97-4f2e-8fcf-c11049dbd7b2,S108984,Verified,Failed,Failed,Pending,2026-02-21
1bbcd2e9-f713-47da-8a57-0b12460a37ad,S108985,Failed,Verified,Verified,Approved,2025-02-26
285ff996-7b7d-41d4-b531-f2269f2cda97,S108986,Verified,Verified,Failed,Approved,2022-11-27
f84ba4e1-d4cd-491b-907b-d286b5c571aa,S108987,Verified,Failed,Failed,Approved,2026-02-09
a863da0f-122b-4073-89fa-2f06a810b3cb,S108988,Failed,Failed,Verified,Approved,2026-06-13
7e39a37c-6d68-4a1c-b619-8d800eae0439,S108989,Failed,Verified,Failed,Approved,2024-12-07
03a331eb-f3f5-4308-87d4-7e6d53feda78,S108990,Verified,Failed,Failed,Rejected,2025-06-10
b8531458-c7d8-4a9f-917b-7af7633a15ba,S108991,Failed,Verified,Verified,Approved,2023-05-01
bae1a218-b58b-42e7-a758-77ee38ddcdcc,S108992,Verified,Verified,Failed,Approved,2024-04-10
86393390-b91c-44a0-85ee-3f8cc5a31caf,S108993,Failed,Failed,Failed,Rejected,2023-12-01
0a308019-4423-4cd4-9767-2ed8e4783295,S108994,Failed,Failed,Verified,Approved,2026-07-01
74c07063-1765-4f16-b5d5-0a901222f1be,S108995,Failed,Failed,Failed,Approved,2024-04-11
e27868f2-3089-42ec-951d-0f0113de70ff,S108996,Failed,Failed,Verified,Approved,2026-02-12
f3197ce6-3f98-4e50-801b-95b008ab3a06,S108997,Verified,Verified,Failed,Pending,2022-07-25
9e7dea15-0728-4600-bc0a-b613b4f79201,S108998,Failed,Verified,Failed,Approved,2024-12-12
43b4e0b9-876e-4f34-99f1-833c75bc5443,S108999,Failed,Failed,Failed,Pending,2023-03-23
974fae9c-7578-4cd5-9560-8029697fec0f,S109000,Verified,Failed,Verified,Approved,2026-07-30
79e12340-771b-4417-8d48-9a0c0e9c67b9,S109001,Failed,Verified,Failed,Approved,2024-08-09
79cdf8d9-3bef-411c-b2b2-8e0cccb84123,S109002,Verified,Verified,Failed,Approved,2025-05-24
1b072b29-a310-4440-b899-f21337555406,S109003,Verified,Verified,Failed,Rejected,2022-08-19
9234c7c4-cd4d-475e-aa88-cc46f98616f5,S109004,Failed,Verified,Failed,Approved,2026-07-26
58544c3a-728a-4c3d-a4a8-0550cb6e7c59,S109005,Failed,Verified,Verified,Approved,2025-06-18
4f3d3990-7d86-4104-ab5d-57169c0fe54b,S109006,Verified,Failed,Failed,Approved,2024-10-07
15970500-0c1c-48e7-ad2d-92eb69ed7ba2,S109007,Failed,Verified,Verified,Pending,2024-05-21
6653ae5b-f82f-4674-8427-42d90b0adcaf,S109008,Verified,Verified,Failed,Approved,2026-04-19
a6dd7845-e97f-48c9-9bf8-590ba323de70,S109009,Verified,Verified,Failed,Approved,2024-10-11
4ac436fa-787c-4e48-b149-0ef8d09cdf45,S109010,Failed,Verified,Failed,Approved,2023-07-27
b064eb84-982a-4ac8-806a-22150d318376,S109011,Failed,Failed,Failed,Approved,2023-12-20
837d84fb-1020-4d82-8e17-83c77642528e,S109012,Verified,Failed,Failed,Approved,2023-09-27
a1354e25-5ed2-4d4c-a1dc-20f93725465e,S109013,Failed,Verified,Failed,Approved,2023-05-28
65f241d4-c851-477c-b066-526eacf324d5,S109014,Failed,Verified,Failed,Approved,2023-05-05
1243cd60-ddd6-49e4-be61-19bc619b62e2,S109015,Verified,Failed,Failed,Approved,2024-09-02
18001549-60bf-4b5f-8239-379e8b4f4ab6,S109016,Verified,Verified,Verified,Approved,2024-02-29
56b72970-e910-4c1f-86d2-5d7200d3df6e,S109017,Verified,Verified,Failed,Pending,2026-04-02
742a18be-cf8e-4e69-be61-7141c95458de,S109018,Verified,Failed,Failed,Pending,2026-02-07
0ff6d461-7fe7-429f-81a8-3a3d0a7fef8d,S109019,Failed,Verified,Failed,Approved,2022-03-19
01946e64-19a9-4b0e-854b-6638d45012c7,S109020,Failed,Verified,Failed,Approved,2022-03-10
23f5b1b9-c013-4411-a650-899deb51d5b4,S109021,Verified,Verified,Verified,Approved,2025-09-23
2b558b40-1de1-4ac0-b993-269421e585be,S109022,Failed,Failed,Failed,Approved,2024-09-08
d42a0779-8f42-435a-a550-e62cb3c5b29f,S109023,Verified,Verified,Failed,Rejected,2023-01-27
f1a43bbd-fa91-4730-9fbc-944b37da7a11,S109024,Verified,Failed,Verified,Approved,2022-04-06
18863eb1-5191-4d6a-8ab5-ddac9d323961,S109025,Failed,Verified,Failed,Approved,2024-03-08
1f347d31-0927-49d4-bec5-5cabd8494b76,S109026,Failed,Failed,Verified,Approved,2023-11-22
139fa9fc-d50d-41b5-b76b-a80aec364dd5,S109027,Failed,Verified,Failed,Approved,2022-12-22
8bca4824-e4a8-454e-aa1a-2306c2e91d65,S109028,Failed,Verified,Failed,Approved,2026-04-20
60f93f41-bbe3-4494-9173-2088e89e3ed8,S109029,Failed,Verified,Verified,Approved,2024-06-27
44c38dc5-ca2a-45c3-b228-926090f88688,S109030,Verified,Failed,Failed,Rejected,2022-08-01
015435b8-1ca5-4971-9688-9dd1b9ed8cad,S109031,Failed,Verified,Failed,Approved,2022-06-11
769464d4-ea78-4183-a1cc-ae45c86c0efe,S109032,Verified,Verified,Failed,Approved,2026-07-27
e6a7b865-84a6-41c5-9db1-e6a46fb5f47d,S109033,Verified,Failed,Verified,Approved,2023-07-01
0a278efa-1095-49e0-97d4-980d7a132566,S109034,Failed,Failed,Verified,Approved,2025-12-10
4817c190-1c21-415b-bb11-4dc5d6bb889f,S109035,Verified,Verified,Verified,Approved,2023-09-03
14e1521c-1450-4807-8e0e-f21b9d26f160,S109036,Failed,Verified,Failed,Approved,2023-09-12
c6e6c2ba-f0ac-4e13-8da3-cd5aca9e90b6,S109037,Failed,Verified,Failed,Approved,2023-01-28
d60088f3-3ab8-4037-acf0-9371fe0a5454,S109038,Failed,Failed,Verified,Approved,2024-04-21
be621d8c-265a-404c-8f03-36492df1f307,S109039,Failed,Verified,Failed,Approved,2023-11-13
91426c7d-1cb0-4d20-9ce0-919926dcf095,S109040,Verified,Failed,Failed,Approved,2022-08-30
229721a9-c5e3-4524-81dd-d5176192023b,S109041,Failed,Verified,Verified,Approved,2024-09-11
970f1058-eac6-4d03-b84e-08f9e97fa32e,S109042,Verified,Verified,Failed,Approved,2022-02-08
a19139ec-81c2-4330-9450-b510efd85485,S109043,Failed,Verified,Failed,Approved,2024-12-23
7231720f-6ec1-42ca-9f1d-6fa962da73be,S109044,,Failed,Verified,Pending,2023-09-29
e5f33e3d-101b-44a7-9bc9-c92b2556ada0,S109045,Verified,Failed,Verified,Pending,2024-01-30
de1d0e55-050f-48a6-bc14-1e97dfd4e0c2,S109046,Verified,Verified,Verified,Approved,2024-08-10
53a693f9-d00f-4b4e-a7eb-4483c8635a68,S109047,Verified,Failed,Verified,Pending,2022-06-08
c964bce7-4d2a-4724-9a92-891e40d0c508,S109048,Verified,Verified,Verified,Approved,2023-04-20
50eee904-63f6-4d0b-9856-43eed083abf6,S109049,Verified,Verified,Verified,Approved,2025-08-19
28345b3b-f8d9-433d-8939-7f9053abc026,S109050,Failed,Failed,Verified,Approved,2026-04-14
bd23645a-ec6d-4d0f-8681-94dab4c39409,S109051,Failed,Failed,Failed,Approved,2024-12-04
1568acdc-b74b-473d-a6ab-34da281c45f5,S109052,Failed,Failed,Failed,Approved,2022-03-04
f6e39260-a9d2-4aaf-84ac-6238d830675b,S109053,Failed,Verified,Failed,Approved,2022-03-01
535a7e7a-ea7a-49ed-a455-0113caf2c75d,S109054,Failed,Verified,Verified,Approved,2025-10-04
a2f291f8-436c-436a-8cab-eb5fd575ef18,S109055,Failed,Failed,Verified,Approved,2023-01-11
b2003c36-54d2-4b61-8ce7-1887865e2e70,S109056,Failed,Failed,Failed,Approved,2026-03-05
9e20d3db-5864-4696-b291-507777736f87,S109057,Verified,Verified,Verified,Approved,2022-06-13
00815972-5424-4149-b88c-fbbed64dd2e5,S109058,Failed,Verified,Failed,Approved,2026-06-25
4b5dc077-2bae-4d04-a150-814ffb9dd203,S109059,Verified,Verified,Verified,Rejected,2024-08-19
a69dfe1c-4078-49b7-b7e8-76b424433b5e,S109060,Verified,Failed,Verified,Pending,2025-07-18
371be782-6b3f-4398-a368-d57ac4711b28,S109061,Verified,Verified,Failed,Approved,2025-12-10
2def9c1d-5ff2-4515-b700-9e393ebf642f,S109062,Verified,Failed,Failed,Pending,2022-12-06
76839ecf-a8d2-48a6-9d88-cbe43a26318c,S109063,Verified,Verified,Verified,Rejected,2026-06-04
80d0d17a-4998-4625-9202-1cb0a11d89ec,S109064,Verified,Verified,Verified,Approved,2026-04-20
1ffc8cd0-f16a-433f-bf6b-b6f5715055a7,S109065,Failed,Verified,Verified,Approved,2023-11-08
31bd5066-f631-43ea-afb1-1e6bd8077c35,S109066,Failed,Failed,Failed,Pending,2022-05-11
044207c8-2791-4ffc-809c-08ed275483a1,S109067,Failed,Verified,Verified,Approved,2025-09-15
34d3e3be-b0b1-4b86-9710-a59d668f06dd,S109068,Failed,Verified,Failed,Approved,2023-09-26
21589df4-a338-4729-8d4e-bad89d98b4b2,S109069,Verified,Verified,Failed,Rejected,2026-03-01
c734a5b4-1b1a-44b6-bc2f-e50f03ac34f8,S109070,Failed,Failed,Failed,Approved,2022-09-05
6ce136ea-7319-4e35-aa52-77d58625935f,S109071,Verified,Verified,Verified,Approved,2023-02-12
d10ef70c-c92d-413f-bb66-daecd4ea6d80,S109072,Failed,Failed,Failed,Approved,2025-10-23
849fc191-4ea6-43e3-87b2-f83576554281,S109073,Verified,Failed,Verified,Approved,2025-09-07
82a1bd00-2d89-4bf1-aace-a715e2691f3c,S109074,Failed,Failed,Verified,Approved,2024-10-19
02c8de3b-8dfc-49f8-bd3b-f5a2bedd0dd1,S109075,Verified,Verified,Verified,Approved,2022-02-14
9d6cca22-31ff-4329-a97a-1e637fbe54ac,S109076,Verified,Verified,Verified,Approved,2023-01-05
d585db0d-ebd2-4987-8b3c-d62a0fd0e20d,S109077,Failed,Verified,Verified,Rejected,2022-08-29
6eb1ae28-9cb5-4833-8c9d-e256e603203d,S109078,Failed,Verified,Failed,Approved,2023-07-06
941fc7cf-b2ae-442c-8802-99aa3afaec95,S109079,Verified,Verified,Verified,Approved,2025-12-25
64334975-6adb-403c-a2fe-53b0ea1cd086,S109080,Verified,Failed,Failed,Approved,2022-11-30
d633b48c-c1f4-4bf5-b2f9-0cfdddf15023,S109081,Failed,Verified,Failed,Approved,2025-05-13
60db057b-9152-43e8-acb4-dc346fded069,S109082,Failed,Failed,Verified,Approved,2023-09-20
f283a8a2-281a-4a54-a1fd-07420819fa99,S109083,Failed,Verified,Failed,Approved,2022-09-25
d957f7c8-9bd2-49ae-b584-de0ecac2f47e,S109084,Failed,Verified,Verified,Rejected,2022-08-28
4fd7cd11-a697-4800-b20a-7a146f2529d5,S109085,Failed,Failed,Failed,Pending,2024-07-15
11f01e84-9924-4064-9c25-4228d826d4da,S109086,Failed,Failed,Failed,Approved,2024-08-28
0aa3e555-a32f-4b9a-bb12-15ffe82c4285,S109087,Failed,Verified,Verified,Approved,2025-10-18
7e253b38-b6fb-4783-8ac1-19a141cbf661,S109088,Verified,Verified,Verified,Approved,2025-10-13
4c3cf681-6a3f-4be2-bbe6-67f91f7d8193,S109089,Failed,Failed,Verified,Approved,2022-12-30
53e090d0-9869-4735-bf68-30a2d25d81aa,S109090,Failed,Verified,Failed,Approved,2026-06-03
d4989921-fcc8-40a4-81cc-d3a2dd6b05ac,S109091,Failed,Failed,Verified,Approved,2024-06-15
808b902f-a350-41d4-921b-180ef8587d06,S109092,Failed,Failed,Verified,Approved,2024-02-27
4dffc5e1-bb9f-45e8-83c2-a4cad944a886,S109093,Failed,Verified,Failed,Approved,2026-06-13
77c00d08-581b-4f18-a833-76fce8c7037a,S109094,Verified,Failed,Failed,Approved,2024-12-30
1e37bdbb-f253-4acb-b78b-1ca67639a55a,S109095,Failed,Verified,Verified,Rejected,2022-01-22
e673b335-d0b2-4053-b018-012c3ec00346,S109096,Failed,Verified,Verified,Approved,2026-02-21
5835e546-1c7b-4285-b340-856ba21ea21b,S109097,Failed,Failed,Verified,Approved,2024-01-05
7730e7c2-2ad4-490c-8131-d33e3290b663,S109098,Verified,Failed,Verified,Rejected,2022-09-23
363efe12-94fe-431e-bf12-c07e80821c7f,S109099,Failed,Failed,Verified,Approved,2025-04-03
85686b37-2cac-442c-97a2-6db7a2b77abd,S109100,Failed,Failed,Verified,Approved,2025-09-21
c50e8a5e-76d9-45e9-9952-19f9e8af0e77,S109101,Failed,Verified,Failed,Pending,2022-07-11
c87208ef-eff1-4130-a561-aee63708e237,S109102,Verified,Verified,Verified,Approved,2025-05-11
77eba921-ce4a-4635-ac6c-0b91c6dfaf7d,S109103,Failed,Failed,Verified,Approved,2023-02-23
f5fb2fbd-6d1e-4722-a0ab-bc7fc47b90ed,S109104,Verified,Failed,Failed,Approved,2024-03-11
bbcf7d2c-c195-4dc1-81ce-9829520698f1,S109105,Failed,Verified,Verified,Pending,2022-04-22
20ca811a-4a1e-4843-a1ae-e10b88c78c39,S109106,Failed,Failed,Verified,Approved,2025-11-22
c4bb1226-4e1c-47d7-9c7a-78de7fe70e69,S109107,Failed,Failed,Failed,Approved,2022-10-13
4a25fb61-cc8b-4f33-853b-d1ac98131e59,S109108,Failed,Verified,Failed,Approved,2024-11-15
4e2bad04-b047-434e-ada8-0f2ffb145b84,S109109,Failed,Failed,Failed,Approved,2022-07-29
a5cbbc85-466f-429c-a0c5-5b2b57bf3ee1,S109110,Failed,Failed,Verified,Approved,2022-06-26
bac316a5-e469-406a-b069-2b1f0f009a01,S109111,Failed,Failed,Verified,Pending,2024-12-29
27c34831-0725-405b-b857-2bbe07b28ec5,S109112,Failed,Failed,Verified,Rejected,2025-05-09
4cdd48a7-d98b-4422-99a1-cdc1a4a8c8d4,S109113,Verified,Failed,Verified,Approved,2023-07-21
538c37d8-6a6c-4a7d-a27e-bf8b3bd27fd4,S109114,Verified,Verified,Verified,Approved,2022-08-14
f708c172-e479-4fe5-99e4-f318c1be09d0,S109115,Failed,Failed,Failed,Pending,2022-04-29
e62cc4ff-5bee-4490-8b3c-14f1903eb26e,S109116,Failed,Verified,Verified,Approved,2026-02-16
fd74f325-8ddb-46d2-b384-d7f2ea58276a,S109117,Failed,Verified,Verified,Approved,2026-03-16
fa7f41c3-fbb5-4c74-ac15-5ef58d9a0bcb,S109118,Failed,Verified,Verified,Approved,2022-10-26
3fb3d3eb-faef-439c-a2ee-682e370f6847,S109119,Failed,Failed,Failed,Approved,2024-02-09
5538fb62-f4d7-456f-8a1a-37994e3f9180,S109120,Failed,Verified,Verified,Approved,2026-01-07
595f33f5-37e6-45ed-bea4-6943b926859d,S109121,Verified,Failed,Verified,Approved,2023-12-17
cf1e5ffa-83c3-4f11-aacf-e5e3633992d3,S109122,Failed,Failed,Verified,Approved,2025-03-25
c6317fe9-21eb-48aa-bc60-756329730710,S109123,Failed,Failed,Failed,Pending,2024-09-07
f698a2fd-9942-46e8-861b-66d2c2e93729,S109124,Failed,Verified,Verified,Approved,2022-01-09
d0e34696-6a57-430e-83e2-b9ffbbf9ba1a,S109125,Verified,Failed,Failed,Approved,2022-01-06
abbc7c04-7bf9-4c14-8536-a4b35d66713d,S109126,Verified,Verified,Verified,Approved,2024-02-10
e6d13d2c-9ad3-4383-8da2-d7f55e5bc5e5,S109127,Failed,Verified,Verified,Approved,2024-04-23
015b28d5-aa1f-4a39-a615-11a5a267a276,S109128,Failed,Failed,Failed,Pending,2022-11-05
3898c6aa-fa4f-4b1c-8987-83b0f9234362,S109129,Failed,Verified,Verified,Pending,2022-08-13
8c13ea4e-9d60-4449-b328-b3a5d75dd61a,S109130,Failed,Verified,Verified,Approved,2023-03-17
3b962ef8-33ab-4ceb-9cf0-4f03002f7406,S109131,Verified,Failed,Verified,Approved,2022-02-19
a38a54a9-777b-4cbb-a2b3-fe51cf39c8cf,S109132,Verified,Verified,Verified,Approved,2025-09-25
9c8a9bef-cad6-47b9-92be-e0aa658f67fa,S109133,Verified,Failed,Verified,Approved,2024-06-03
ac0792a5-5d8c-4633-a673-458e13f70eea,S109134,Failed,Failed,Verified,Approved,2026-05-21
020e308f-f887-4e4b-bb58-a16374f98896,S109135,Verified,Verified,Failed,Approved,2024-09-13
e06c0572-4f8a-40aa-aa0a-a62f196ba2d1,S109136,Verified,Verified,Verified,Approved,2022-04-09
14386994-ece4-4c3a-9d7d-bd5716d24463,S109137,Verified,Failed,Failed,Approved,2025-10-29
87407a4b-c5a4-4315-bfaa-77555b2bb23a,S109138,Failed,Failed,Verified,Pending,2023-07-10
d6755ee0-6165-48d7-a2ff-51181ba2f4ca,S109139,Verified,Verified,Verified,Approved,2023-06-09
5a893ff2-11b2-4d30-b63c-b611275d0212,S109140,Failed,Failed,Failed,Approved,2025-07-20
2913c6bf-45f8-4b60-9c0b-bd9e3e4c21ff,S109141,Failed,Verified,Verified,Approved,2026-01-16
5bb24e92-1cf7-4510-92c4-77188c7f0ff5,S109142,Failed,Failed,Failed,Approved,2026-05-15
b8f09edc-e013-4345-b670-05a58b9c988a,S109143,Verified,Failed,Verified,Approved,2023-09-25
09ff566c-567f-4fa9-a7ae-cc86eb61535f,S109144,Verified,Verified,Failed,Approved,2024-08-22
6059f8d9-106f-4253-8699-a7f193acce79,S109145,Failed,Failed,Verified,Approved,2026-05-25
72d0277a-99a2-4eee-a5fa-faa933b5cb68,S109146,Failed,Failed,Failed,Rejected,2024-11-18
05ce5bf1-5d42-4f5e-a338-f95ce1679035,S109147,Failed,Verified,Failed,Rejected,2024-02-23
d1fd6505-706d-4b05-a311-54995e7ee752,S109148,Failed,Failed,Failed,Approved,2024-01-22
c91ae994-c0d2-4cb6-9b02-3e3abe0b39b1,S109149,Failed,Verified,Verified,Approved,2023-10-06
df2b399a-1eea-452e-a319-7027c27cb42c,S109150,Verified,Failed,Verified,Approved,2023-02-17
09d955ef-1079-43c6-9ee2-7a01cd6f4850,S109151,Verified,Verified,Verified,Pending,2024-05-09
8e816f09-9a85-48e8-b044-7ca9a7d1415a,S109152,Verified,Verified,Verified,Approved,2024-05-02
07ca19f0-0fe7-4140-97ac-9986d457722d,S109153,Failed,Verified,Verified,Approved,2025-05-02
43ca12ea-dade-46f0-9408-0eb5a4fb804d,S109154,Verified,Failed,Verified,Rejected,2023-06-08
0916047b-03df-47d3-b890-d32a4b7e9644,S109155,Failed,Failed,Verified,Approved,2024-10-20
39ac6bf4-7cf5-4d8e-b59d-360a239ec1a5,S109156,Verified,Failed,Failed,Approved,2023-12-31
ad65d20a-039e-4816-8000-fae6236959aa,S109157,Failed,Verified,Verified,Approved,2023-01-08
90dc33eb-65a0-49a0-95fd-6b1360049bb5,S109158,Verified,Verified,Verified,Approved,2024-11-01
a4ab86aa-724b-4895-a562-9cd64a027e64,S109159,Verified,Verified,Verified,Approved,2025-06-07
8db95015-304e-4c65-a0e5-f6d869be9dde,S109160,Verified,Failed,Failed,Approved,2022-08-20
86b15cf8-a205-4bdc-958e-fc89022e6b2a,S109161,Verified,Failed,Verified,Approved,2022-05-06
329a934b-dd0e-4473-a1f5-3bab2c527dee,S109162,Failed,Failed,Verified,Approved,2023-07-27
64c15ed6-df0f-42d0-aa3a-e5baef2a4e7a,S109163,Failed,Verified,Failed,Approved,2025-10-08
bc91156c-6acc-46d5-b1fc-a1d0cf527cb5,S109164,Failed,Verified,Verified,Pending,2026-04-08
19b79b54-a42f-449a-b1e9-f4a039f08c24,S109165,Verified,Verified,Failed,Approved,2025-07-06
1443e283-3f19-43ad-8f34-91791674b00d,S109166,Verified,Failed,Failed,Rejected,2026-01-14
56f6ee73-7573-4b6c-8fb8-3e08bf216c15,S109167,Failed,Verified,Verified,Pending,2024-07-19
80c09a5b-98c3-407e-9c0b-3a373a8af906,S109168,Failed,Verified,Failed,Approved,2026-01-11
dc730956-e141-42a5-9a6d-bb3cdd55d270,S109169,Failed,Verified,Verified,Approved,2024-05-08
46bcfccd-1411-4f89-be14-9a3879ca0269,S109170,Verified,Verified,Failed,Approved,2025-10-08
fa0d5f07-d9bc-48e5-8421-6ae61bd8e6b9,S109171,Failed,Verified,Verified,Approved,2022-09-26
b8a10364-6e8f-4bbe-af9a-60a5f6fc2756,S109172,Failed,Failed,Verified,Pending,2022-06-29
97880d9b-224f-4b80-8ab5-f262e529e5de,S109173,Verified,Failed,Failed,Approved,2023-03-31
605b82b2-cb4b-4439-87de-6a1638827e1f,S109174,Failed,Failed,Failed,Approved,2025-12-06
41dce793-cd01-42d2-bead-3201ab9657fe,S109175,Verified,Verified,Verified,Approved,2025-06-25
1cad2a94-e37b-4399-a1a7-9fb5bb047028,S109176,Failed,Failed,Verified,Approved,2023-01-21
81971c92-32e1-4f36-b0c4-96684802775b,S109177,Verified,Verified,Verified,Approved,2023-01-27
e7b86544-d56f-403a-b3a7-bb68bbd3f066,S109178,Verified,Failed,Failed,Approved,2023-09-29
bef89588-df40-4b5d-819a-2f42ba51f278,S109179,Verified,Failed,Verified,Approved,2023-07-09
4ceb32ff-7f49-4214-a9bc-53751030a3ec,S109180,Verified,Failed,Failed,Pending,2022-06-08
b0c65f67-2265-4f8a-b966-06afb56be5ce,S109181,Verified,Failed,Verified,Approved,2026-04-11
d5468910-9856-44c5-b9ec-2a278a4b83d1,S109182,Verified,Failed,Failed,Approved,2026-02-13
df40268c-4f85-4747-a885-0279501f3f11,S109183,Failed,Failed,Failed,Approved,2023-05-18
48cd8763-8844-432b-9b13-59880d15ab18,S109184,Verified,Failed,Failed,Approved,2022-07-14
3f020e31-4272-4660-b97d-b2d7a819954c,S109185,Verified,Verified,Verified,Approved,2024-01-23
4af6159b-957e-4ee9-8a5d-c1b58ec1e594,S109186,Failed,Verified,Verified,Approved,2022-03-07
22327bb3-5607-4a34-a08b-05567d12e0d2,S109187,Verified,Verified,Verified,Approved,2025-08-21
96e54d70-f2da-4c53-821f-ed01cbe4f914,S109188,Verified,Verified,Failed,Approved,2026-03-02
297491b5-d2d7-4c51-8d16-ae1f7bfc8daf,S109189,Verified,Failed,Verified,Approved,2026-07-07
d11c8c88-556f-436f-8e20-9c6fa6d53205,S109190,Failed,Verified,Failed,Approved,2023-05-30
905d27a2-e999-4f48-b54f-c6a39b6c5640,S109191,Verified,Failed,Failed,Approved,2026-02-17
8b0f2649-96f0-426b-b14e-b3398e4c5da3,S109192,Verified,Failed,Verified,Approved,2024-02-27
cc3032b0-ecff-4f17-afe8-1dae2db2b111,S109193,Failed,Failed,Failed,Approved,2026-07-26
b1229d0c-5846-48f2-9701-848649a9084d,S109194,Verified,Verified,Verified,Approved,2025-10-17
a6b6ef9e-ba63-4c40-86c0-dee84b8b80d9,S109195,Verified,Failed,Verified,Approved,2025-05-27
1f4334fa-26c0-4ad2-8791-a825f010dbfa,S109196,Verified,Failed,Verified,Approved,2022-05-28
4cda58eb-1cde-4ea8-8269-9ba10575d53a,S109197,Failed,Failed,Verified,Pending,2025-06-10
6642ab4a-9c70-45ea-976f-e89ca2dc91de,S109198,Failed,Verified,Verified,Approved,2022-11-07
d463faf1-c2d5-4546-9c09-39c61e52f076,S109199,Failed,Failed,Failed,Approved,2025-02-07
86d8d242-720d-4eab-b925-2535d63a5549,S109200,Failed,Failed,Verified,Approved,2025-06-16
5f2bfb03-479e-4614-8cda-8910525c7256,S109201,Failed,Failed,Failed,Approved,2024-08-17
d6125a39-bd29-47ec-90dc-ea8435702a0b,S109202,Verified,Verified,Verified,Approved,2025-02-06
58ad4c90-b8a7-426f-8806-5461a61ee5e5,S109203,Failed,Failed,Verified,Approved,2025-07-31
8be0685e-9eb4-42b9-b416-36bc70affee4,S109204,Verified,Failed,Failed,Approved,2023-02-24
20c8102e-eefa-4cd2-a263-e8fd6159cf7f,S109205,Verified,Failed,Verified,Approved,2024-06-03
9834c72b-6e5d-455e-be7b-3810f9f9edeb,S109206,Failed,Verified,Failed,Approved,2022-04-22
37072db3-c8f3-482c-997e-8f882d3ded93,S109207,Verified,Failed,Verified,Approved,2026-05-09
cd1bd3ca-56a1-423b-9107-572e3ca66d61,S109208,Verified,Failed,Verified,Pending,2024-08-18
bb219e09-edf1-4170-ad27-cce43dc1dfc8,S109209,Failed,Verified,Verified,Approved,2023-03-25
befd8fe7-0853-4309-8226-1749d5c52c9f,S109210,Verified,Failed,Verified,Approved,2022-08-21
20bad286-e510-46fe-a0fb-58a8abf2d031,S109211,Verified,Verified,Failed,Approved,2022-06-29
59eb52d5-bcfc-4993-98ae-462ca783c1f8,S109212,Verified,Verified,Verified,Approved,2022-10-08
55ad3f69-9847-482e-b201-3afdf13c60c2,S109213,Verified,Verified,Failed,Approved,2023-08-24
ddc97bb4-2eec-4f88-a8a4-f0f8dc53da7c,S109214,Verified,Verified,Verified,Approved,2022-09-05
b1751d57-667a-4f12-9e86-055ea3bcbb87,S109215,Verified,Verified,Verified,Approved,2022-11-18
d2812b0b-d7b9-4d73-b455-8d8634c5ec98,S109216,Verified,Verified,Verified,Pending,2026-06-30
37dbb397-bf10-4dd4-ab0e-b3de7ccc124b,S109217,Failed,Failed,Failed,Rejected,2023-08-07
5bda1ece-d130-4e62-acfb-641e1b02c296,S109218,Failed,Verified,Verified,Approved,2023-07-24
87e4cc5c-5cb5-45fe-8fbb-8517287a6e0b,S109219,,Failed,Verified,Rejected,2025-09-18
ce8404f9-7d4f-44db-971c-077cb82a1c6f,S109220,Verified,Verified,Failed,Approved,2024-01-03
fff3c0f7-388b-4d74-9f7d-c802082dd7ba,S109221,Failed,Verified,Failed,Approved,2024-08-16
1df1ead6-d06b-4767-bcf3-7157185005cd,S109222,Verified,Verified,Verified,Approved,2023-09-20
1f364366-59de-4688-b1e5-7f1e1000b251,S109223,Verified,Verified,Failed,Rejected,2023-02-08
34cc1334-aac2-43f2-bcd4-67197d9393a7,S109224,Verified,Verified,Verified,Pending,2023-02-27
694814f7-3234-44b7-8ea3-9e9c5d661e69,S109225,Verified,Verified,Failed,Approved,2023-05-14
d51210fd-4b42-4faf-a440-c6dd245ea5fb,S109226,Failed,Verified,Failed,Approved,2025-12-29
1fd4322e-2d25-410b-a1c9-57469028121e,S109227,Failed,Verified,Verified,Approved,2025-08-01
6dc1eb13-56fc-4115-9627-b7b9563f393b,S109228,Verified,Verified,Verified,Approved,2024-07-26
386428de-4fbc-4631-8f1c-4b7f9442bbb6,S109229,Failed,Failed,Verified,Approved,2023-04-03
8c320ec9-e2ca-461f-bed7-402f8d9e29b2,S109230,Verified,Failed,Failed,Approved,2023-09-21
ee8b13d8-7525-48e9-91e6-0e1179c0b9e7,S109231,Verified,Verified,Verified,Approved,2025-06-22
f36f9bc7-52db-4ce7-bb21-857111853695,S109232,Failed,Failed,Verified,Rejected,2026-06-15
373b7c42-9bcb-4032-a24e-9eadaf20df26,S109233,Verified,Failed,Failed,Approved,2024-02-21
ab46ad96-b241-4eec-a563-4d905939eda6,S109234,Failed,Verified,Verified,Pending,2025-08-07
15758cf1-95a0-4def-ae4c-96388374b209,S109235,Failed,Failed,Failed,Approved,2025-02-12
598d77ec-e9fa-417d-8e70-9f9de9b9a444,S109236,Failed,Verified,Verified,Approved,2022-09-21
89dc3fe5-4752-4091-9226-01c2c890c3df,S109237,Failed,Verified,Failed,Approved,2023-03-16
fe87b224-c6af-4852-8571-e091e587cb12,S109238,Verified,Failed,Failed,Approved,2023-02-02
28b773dc-6ee7-4d79-94af-13522c9220ef,S109239,Verified,Verified,Verified,Rejected,2025-08-01
368239f3-7be1-4f63-a89a-edadb8b9c348,S109240,Verified,Verified,Verified,Approved,2024-07-25
47d6cb16-c93a-4425-acae-03839c64bbd7,S109241,Verified,Verified,Failed,Approved,2023-10-19
33bcd70c-c75b-4412-ac5e-6af432f8afaf,S109242,Failed,Failed,Verified,Approved,2022-12-30
151b2d19-6e32-4214-9fea-2ceddb0abcbd,S109243,Verified,Failed,Failed,Approved,2022-11-19
a4e4e5bb-000c-4d24-a77a-237cc46a28ef,S109244,Verified,Verified,Verified,Approved,2026-02-13
eeef1f35-2425-47ce-9dcb-7b289976875b,S109245,Verified,Verified,Verified,Approved,2023-07-23
88959d6e-a933-4ef9-abb2-eb5f8ca4e5cf,S109246,Failed,Failed,Verified,Approved,2025-12-05
79c3de2a-b423-4204-b8eb-cf0ca9454557,S109247,Verified,Failed,Verified,Approved,2024-02-14
aaa90e31-2736-4677-8b13-0b6a8ef05e08,S109248,Verified,Failed,Failed,Approved,2023-02-27
549c9676-7b3d-448a-b8dc-9da7b1d420cb,S109249,Failed,Failed,Failed,Approved,2024-12-12
65a2ea25-38e4-4bf9-9082-7c4e1a579ab9,S109250,Verified,Verified,Verified,Approved,2024-08-09
23037449-ca49-4604-b092-bc28a84572f5,S109251,Verified,Verified,Failed,Approved,2023-02-11
70889b92-9705-4ee6-b168-74340c115700,S109252,Verified,Failed,Failed,Approved,2025-07-08
f1e171f5-bfa6-40ef-b1a6-d44fdc7f8ec3,S109253,Failed,Failed,Verified,Approved,2023-03-13
62428a16-d3ae-46f8-893f-cb055a8d30a1,S109254,Verified,Failed,Verified,Approved,2025-02-08
1a955c4f-97c0-4ba4-9daf-66cd6020ce12,S109255,Verified,Verified,Verified,Approved,2024-01-05
20e0e7d1-a443-4fc6-aee8-480aaf1f0cec,S109256,Verified,Failed,Failed,Pending,2022-02-04
50508d26-8be8-49c0-bb99-f868ff2f5a21,S109257,Verified,Verified,Failed,Approved,2024-08-15
655214af-bcfc-424f-9af2-8060f73f39b6,S109258,Failed,Failed,Verified,Approved,2023-04-16
dc78a20c-90bc-4076-9462-a3e4849acf50,S109259,Verified,Failed,Failed,Approved,2022-05-25
6b9d7759-1427-435a-8a93-4190467975dd,S109260,Failed,Failed,Failed,Approved,2024-08-25
3c900f09-9265-4759-9255-0653491f5953,S109261,Verified,Verified,Failed,Rejected,2025-01-12
e7be06b2-c40f-458b-996e-f555349914ba,S109262,Failed,Verified,Verified,Approved,2024-09-02
61ab57d8-51e1-44da-964f-85721573907b,S109263,Verified,Verified,Failed,Rejected,2025-01-05
8abbd74f-b51f-41c1-a320-a090c1bc9400,S109264,Failed,Verified,Verified,Approved,2026-03-26
074ad024-f6dd-43fc-8fea-c34f51558911,S109265,Verified,Verified,Failed,Approved,2025-03-27
d7d0e5f3-bf9e-4d54-a307-fa8e2b8ed50a,S109266,Failed,Verified,Verified,Approved,2026-02-04
0a91d7bd-8494-4d7e-9971-3ff9200bed00,S109267,Verified,Failed,Failed,Rejected,2022-07-17
a8051a2f-b174-431c-b771-236664a776e3,S109268,Failed,Verified,Verified,Approved,2025-05-21
3edaf6e2-b73c-45e1-8281-172cc8f31ae6,S109269,Failed,Verified,Verified,Approved,2024-02-12
3ff466c3-68a8-483c-ba18-c14ac00cc5bd,S109270,Verified,Verified,Failed,Approved,2025-02-24
5e8c22f2-af4b-454c-bb1b-f8012b76cafc,S109271,Failed,Failed,Verified,Approved,2025-11-03
534953cc-8cc3-44c9-9f55-f8acbd5d3337,S109272,Verified,Verified,Verified,Approved,2022-05-05
983de328-2505-4cd6-abf5-d1b2ddf1aea6,S109273,Verified,Failed,Failed,Approved,2022-07-24
d1b3f6b1-6d73-4f93-96c6-8aada8bfb083,S109274,Verified,Verified,Verified,Approved,2024-04-06
33035d5b-17e0-4203-a623-59bc5aa699ca,S109275,Failed,Verified,Failed,Approved,2025-03-17
d6262706-0fd4-450f-a520-2b36b1fc0880,S109276,Verified,Verified,Verified,Approved,2026-03-14
3d8e3a9c-cfd3-4efd-bc13-c58670b1f02b,S109277,Verified,Verified,Verified,Approved,2026-05-11
f46ae965-83fb-44ab-9ec0-2b56ccac575e,S109278,Failed,Verified,Verified,Approved,2024-04-20
ab8f8ef2-a5e2-4aa0-941a-d21370128edb,S109279,Failed,Failed,Verified,Approved,2026-03-17
ae7e542e-4a04-4d47-82db-f4154a7d8752,S109280,Verified,Verified,Verified,Approved,2025-03-15
4ed3e5ff-455c-4f87-b407-144e52418cb6,S109281,Failed,Verified,Verified,Approved,2023-04-23
079778f0-32e6-41a9-9ea8-2665ec7a641c,S109282,Verified,Verified,Verified,Pending,2025-12-05
4ad0f817-a54e-4aa6-b6d6-2f9101049882,S109283,Failed,Verified,Verified,Approved,2023-02-24
aceb24d2-d09b-457c-9640-bf44c8561c78,S109284,Failed,Verified,Verified,Approved,2025-01-16
7362f791-f786-48c4-a5bd-a38bc3680e42,S109285,Failed,Failed,Failed,Approved,2023-08-17
eb977e3f-7808-49a9-bd18-4750bcf341f3,S109286,Failed,Failed,Failed,Approved,2022-02-01
e37e0288-a5f3-44be-9f00-cc644a7f9193,S109287,Failed,Failed,Failed,Approved,2025-12-04
d2636829-6b8c-4c7c-a611-15d64b22ee9e,S109288,Verified,Verified,Verified,Approved,2025-04-29
ca9bb3ca-d336-49be-bf8e-d97dd7403862,S109289,Failed,Failed,Verified,Rejected,2024-03-27
805d792b-19ab-4234-9e29-3de258a90a9d,S109290,Failed,Failed,Verified,Approved,2022-09-13
3e969abd-66c0-47f1-98da-fcff35c06b22,S109291,Failed,Failed,Failed,Approved,2023-09-08
e2ba06e6-2cce-4122-81fd-195c335d2323,S109292,Verified,Failed,Verified,Approved,2023-08-26
c906f88b-dbff-45bd-b8c0-be725dec567e,S109293,Failed,Verified,Failed,Approved,2023-02-08
b4aeaec9-3e02-4b1f-a38d-9d98f39bfd7b,S109294,Failed,Verified,Verified,Approved,2023-05-08
551fea2e-0a2d-42b9-b264-f4a76efd3f61,S109295,Failed,Verified,Failed,Approved,2022-11-11
769cfef7-5a6a-4a8a-bc0e-852474ee230d,S109296,Failed,Failed,Verified,Approved,2026-04-10
6136ff3f-d04a-4fb5-8172-1148b00013c5,S109297,Verified,Failed,Verified,Approved,2025-02-17
7405da66-0e47-4d84-9ff0-51c16763a5ad,S109298,Failed,Failed,Verified,Pending,2023-05-28
d3c94b8e-2fd4-4066-8ef0-7398ffe78b0f,S109299,Failed,Verified,Failed,Rejected,2025-06-10
05f24940-5628-431c-9dca-0e71e803d7a8,S109300,Verified,Failed,Verified,Approved,2024-04-23
61bd1beb-fd0e-472f-b814-e54f74dc1c37,S109301,Verified,Verified,Failed,Approved,2025-09-07
efb4303d-0b6b-4f7a-ad3f-f04b6d7ca667,S109302,Failed,Failed,Verified,Pending,2023-06-02
ac7cf876-a407-4ec2-9359-25e462f5300e,S109303,Failed,Failed,Failed,Approved,2025-10-06
efbe34cb-83fe-41d1-84ef-95715b6c7483,S109304,Verified,Verified,Failed,Approved,2022-09-29
6d318c22-25e2-448a-b63a-e9bc5c6c3e48,S109305,Failed,Failed,Verified,Approved,2023-11-27
6bbd8ecf-0c18-4636-b2d5-9aba14f5f7d4,S109306,Failed,Failed,Failed,Approved,2022-05-18
5f5907ac-68e5-43b1-9dc4-a55d834d3221,S109307,Verified,Verified,Failed,Approved,2024-07-18
bc3941df-d8ee-41ef-9c09-1cf0589cba77,S109308,Failed,Failed,Verified,Approved,2022-10-30
c363f434-62af-439a-a2cd-4bc1358d227b,S109309,Failed,Failed,Verified,Approved,2024-06-01
4569a49c-7f17-420d-8130-1ea9fa5a5be2,S109310,Verified,Verified,Verified,Approved,2023-11-22
b58a1a10-a604-4598-9b77-b315dd9b0462,S109311,Failed,Verified,Failed,Approved,2025-02-02
ac282dd0-2e3e-466a-9069-9a9e427abdce,S109312,Failed,Failed,Failed,Approved,2024-07-18
c0a7ac50-aca3-49e1-8395-834245a33e2b,S109313,Verified,Verified,Failed,Approved,2025-02-21
919d2f6c-320b-4b5e-828f-0eb4d67c4527,S109314,Failed,Failed,Failed,Approved,2024-04-18
83c9c11c-4895-481e-8538-07fd6f9a867d,S109315,Verified,Verified,Failed,Approved,2023-07-13
9543e9ca-517f-4179-b5d9-81ddd80277cc,S109316,Failed,Verified,Verified,Approved,2026-04-22
0cd24fdd-6345-4b8c-859f-6693c99e7d26,S109317,Failed,Verified,Failed,Pending,2022-07-11
11379e40-e1c1-4ba2-815e-560f01d2d6d9,S109318,Failed,Verified,Failed,Approved,2025-07-31
27c7166f-afb7-4ec3-a8fb-7db68d5b3f8b,S109319,Verified,Verified,Failed,Approved,2024-04-05
7cff3b35-837e-4700-a6d4-2ea401fa9788,S109320,Failed,Verified,Failed,Approved,2023-10-21
377bae52-a1d6-4f48-a331-bb8b1b0d833f,S109321,Failed,Verified,Failed,Approved,2026-05-04
1f2b2c8d-8d28-40fc-a32b-d07487fa4858,S109322,Failed,Verified,Failed,Pending,2023-09-19
ad5009cd-b5ff-4456-b72c-952997a8a0d6,S109323,,Verified,Failed,Pending,2026-03-03
2524fd51-a414-4ca0-a1a3-bbdd94ebf745,S109324,Failed,Verified,Failed,Approved,2025-04-06
1857d14b-90fe-4bb4-94cb-12497a0c9f2a,S109325,Failed,Verified,Failed,Approved,2024-06-15
ce8987fb-9361-46f4-97a8-6c8b81862873,S109326,Verified,Verified,Failed,Approved,2025-02-14
db22e3dd-d74c-4866-8f1c-b614386b35a1,S109327,Verified,Failed,Verified,Pending,2026-01-28
88c6f51b-9c40-40ae-b41e-7b9e1b14b563,S109328,Failed,Failed,Failed,Approved,2026-01-02
20ea5176-9a9b-49c4-a010-4ab47a56004b,S109329,Verified,Verified,Failed,Approved,2026-07-26
00b2c0cd-551c-417b-a9cf-091818a8b0d5,S109330,Failed,Verified,Failed,Approved,2026-06-26
f481503e-8654-41ba-9900-6b8f18ea6773,S109331,Verified,Verified,Verified,Approved,2024-07-24
5caea0f0-bcad-40e6-b721-9b1912f2272f,S109332,Verified,Verified,Verified,Rejected,2025-11-15
0209f205-be95-4bd8-abc5-8c4c74e3bb63,S109333,Verified,Failed,Failed,Approved,2022-11-26
f7185b8c-0830-4126-82ec-2f421a407792,S109334,Failed,Verified,Failed,Approved,2022-03-06
70857047-b679-497a-ae58-b0c58519b67b,S109335,Failed,Verified,Verified,Rejected,2023-09-01
bfd8ae38-51c4-448b-979a-1414af054990,S109336,Failed,Verified,Verified,Approved,2025-06-18
21943022-6957-4c86-a04a-c09d20082013,S109337,Failed,Verified,Failed,Approved,2023-09-14
16255fc9-c85d-4f75-98db-a58e4e63f8b0,S109338,Failed,Failed,Verified,Approved,2023-04-05
84b15881-afa5-4a1b-a0f2-3bb6557359f6,S109339,Verified,Verified,Verified,Approved,2023-10-15
82a754a8-2b05-4b83-b98f-7cc29d5b369d,S109340,Failed,Verified,Failed,Approved,2022-04-30
fcae3ee8-cbc6-41a1-a82f-c52f1b7b8f07,S109341,Failed,Failed,Failed,Approved,2024-03-15
6fbd6f6b-df4f-43c0-a759-19e1d574cbe1,S109342,Verified,Verified,Failed,Approved,2024-02-23
1496ba9f-bfdc-4a3b-8b2b-42b256455b74,S109343,Verified,Failed,Failed,Pending,2022-01-03
336f386c-7d3e-413c-b2b8-0d177ccc53d4,S109344,Verified,Verified,Verified,Approved,2025-05-16
d8830f03-155c-495b-b4cb-4b9613e3e7ce,S109345,Verified,Failed,Failed,Approved,2025-03-18
75fce80c-cdc9-4af0-848b-77029d421ab4,S109346,Failed,Verified,Failed,Approved,2025-05-13
3ef85af4-91c1-449f-8a26-15c0e69f777e,S109347,Failed,Verified,Failed,Pending,2022-06-28
233b4744-537e-464b-bd42-12731d9fe29b,S109348,Verified,Verified,Verified,Rejected,2024-11-03
be6bca4c-cb08-441d-b8ae-4b67b693cfe4,S109349,Verified,Failed,Verified,Approved,2026-03-27
6d3dea46-f33e-4fa7-ad26-67ba7d29362b,S109350,Verified,Verified,Failed,Rejected,2023-11-01
cd2fcca3-c88e-4b51-aeaf-8258ccd3ade3,S109351,Failed,Verified,Failed,Approved,2022-08-06
3f3de20a-9de9-4c4f-97ba-51a45839b7d9,S109352,Verified,Verified,Verified,Rejected,2023-12-18
a8c3e448-6c4e-48ed-bdea-2265f3d3e2c7,S109353,Verified,Failed,Failed,Approved,2022-12-22
dc828824-17c3-4f6f-9007-2b5d5eb16492,S109354,Failed,Verified,Failed,Approved,2022-10-11
520b81d7-20a6-40fa-a0ce-3d5684c7e96e,S109355,Verified,Verified,Verified,Approved,2024-04-22
6c8200e1-e0a0-43ae-80e2-6abf6ff27e2f,S109356,Failed,Verified,Failed,Pending,2023-02-02
1c396065-566a-4ecb-8623-9827a0444581,S109357,Verified,Failed,Verified,Approved,2024-12-22
1c1611c5-989c-4a74-b6e9-58056224b85a,S109358,Failed,Failed,Verified,Approved,2024-10-16
187bce0a-7803-4104-ab64-cd9374acc51f,S109359,Verified,Verified,Failed,Approved,2022-04-21
88e8c3b6-4078-4aed-9468-4553c46ba4fd,S109360,Verified,Failed,Verified,Approved,2024-08-07
2c125b94-69d5-4c5f-b1bd-2abeb1777965,S109361,Failed,Failed,Failed,Approved,2025-06-23
bcf1cef2-de52-49e9-97ce-f72588f60c48,S109362,Verified,Verified,Verified,Approved,2026-06-19
498e21b5-31fa-44e7-b1ef-6043fca5900d,S109363,Failed,Verified,Failed,Approved,2023-08-11
55707d50-c8c2-4645-bbf9-587f1f1990d4,S109364,Failed,Failed,Verified,Approved,2023-05-18
48831d06-33a1-4a19-b015-97d7060398e4,S109365,Failed,Verified,Failed,Approved,2023-08-05
7930171e-b6ae-4822-832b-063566f9f465,S109366,Verified,Verified,Failed,Approved,2024-05-17
6a730cdd-97be-457d-bde1-c9ed4fa880c4,S109367,Verified,Failed,Verified,Approved,2023-06-11
8148774d-f611-4428-a27b-e6d1d8765f5f,S109368,Verified,Verified,Failed,Approved,2026-04-25
4d3092bb-7223-4a9a-9365-3eaa70e3f18b,S109369,Failed,Verified,Failed,Approved,2023-10-17
6d8a7a6e-4bb7-4c3e-beb1-dbbca54e0695,S109370,Failed,Verified,Verified,Approved,2025-01-04
b577dd1b-4df8-4539-90b7-b9b7b3292662,S109371,Failed,Failed,Verified,Approved,2022-12-07
1d6a1c2a-2474-4aaf-89f1-cc0040c12f43,S109372,Failed,Verified,Failed,Approved,2024-02-29
dae20e52-e38b-4641-98eb-961483e9859f,S109373,Failed,Verified,Failed,Approved,2026-06-04
9d62e6bf-37b9-491b-bd09-8dc1fe7897fa,S109374,Failed,Verified,Verified,Approved,2025-12-17
2d48e2b4-a8d6-4faa-8ec7-0dcafb07bfa5,S109375,Failed,Failed,Verified,Approved,2023-11-03
e4f00852-2089-4810-8215-bd261b1144d1,S109376,Failed,Failed,Failed,Approved,2022-03-19
829625bc-5373-4ada-a7ce-9a075475b0a2,S109377,Verified,Failed,Verified,Pending,2026-06-07
f559eed1-7d56-47c5-b07e-9fdc8b15c33e,S109378,Verified,Verified,Failed,Approved,2023-09-05
0a3c845b-d248-4540-878d-02a378983eeb,S109379,Failed,Failed,Failed,Approved,2024-01-30
0ede9950-59f2-4f6f-876c-14d3e65d9c63,S109380,Failed,Failed,Verified,Approved,2023-04-23
57272e5f-10ab-4e20-84ff-c14e37cad894,S109381,Verified,Failed,Failed,Approved,2023-07-20
c39f26ff-4f72-4a1e-b53f-54f210f83de3,S109382,Failed,Verified,Failed,Approved,2026-06-25
0dcb8393-5f98-48db-a116-3281aa53916f,S109383,Verified,Verified,Failed,Approved,2025-09-23
6a711aa0-a9aa-4f8e-b462-3a788ba36223,S109384,Verified,Verified,Verified,Approved,2024-11-18
9ea1fc15-6b0a-4a02-b17c-b9c752be526a,S109385,Verified,Failed,Failed,Rejected,2024-04-24
b0925999-6dc7-40d6-ab75-1ba9900a48b6,S109386,Verified,Failed,Verified,Approved,2025-08-13
7d8a0f18-8ba6-4ffc-b819-bda3bebe21f0,S109387,Failed,Verified,Verified,Approved,2024-02-10
7ab4ab80-4b0c-4c1a-8438-a400ca093398,S109388,Failed,Failed,Failed,Approved,2026-04-06
3a7d2d30-1405-4e55-bdf0-fbd1e274359a,S109389,Verified,Verified,Verified,Approved,2024-08-14
56e718d1-2a53-4a70-9637-20874ed40f6c,S109390,Verified,Verified,Verified,Rejected,2022-03-13
cd38b6af-a426-47dc-bd04-cca1be88364e,S109391,Verified,Verified,Verified,Approved,2024-06-10
ec117d68-b232-41ed-95f9-799284c5316b,S109392,Failed,Failed,Verified,Approved,2026-02-15
3fb8374f-a3df-4639-86dc-a0afe6cea76d,S109393,Verified,Verified,Failed,Approved,2025-05-01
16577ed1-d4cb-4fbe-9d29-d46c437cb4bf,S109394,Failed,Verified,Failed,Approved,2022-01-20
c6cb0762-5e5f-4826-ac86-dd230687e82c,S109395,Verified,Verified,Failed,Approved,2025-06-06
22a5b3cc-e5b3-4b61-93b6-e45b756f05d4,S109396,Verified,Verified,Failed,Approved,2024-04-25
fa3b829f-b996-4fd5-baf7-29439c6271ed,S109397,Verified,Failed,Failed,Approved,2025-11-22
720e9ac0-f1bd-4dd4-9eea-f708f96f6c07,S109398,Failed,Verified,Failed,Approved,2024-09-19
5ddf0828-61e7-4d12-96c0-716f6becbfce,S109399,Failed,Failed,Failed,Pending,2025-06-27
f301b46d-2831-463e-83b1-ea736bfb821e,S109400,Verified,Verified,Verified,Approved,2022-09-19
e06f5497-0ae9-45ca-85f8-bce7b68ba6b6,S109401,Failed,Failed,Failed,Approved,2022-09-29
a1bbe389-7fb3-49aa-9168-074c6bc6684c,S109402,Verified,Failed,Verified,Approved,2022-01-12
e457f15f-3c7e-4b88-9df4-5d300c9c2d55,S109403,Verified,Verified,Failed,Approved,2022-08-02
fa9d25cd-36c8-4e75-bbac-35599b5cc4c9,S109404,Failed,Failed,Verified,Pending,2025-07-10
ae1b0ed0-dade-499c-b0cb-2ac4603820e5,S109405,Failed,Failed,Verified,Approved,2024-03-31
4fb77ab7-4184-4818-b442-f12f7cab9298,S109406,Verified,Failed,Verified,Approved,2023-10-15
dcc202e5-0891-4860-984f-3ab0d8ce2bc6,S109407,Failed,Verified,Verified,Approved,2026-07-17
af06f6b1-fde8-4a03-a55f-cc76bc409354,S109408,Verified,Verified,Verified,Pending,2024-05-21
95dd68c5-33f6-46be-807e-48608f05cf51,S109409,Verified,Failed,Verified,Approved,2024-08-20
bfd53346-1f3b-4175-a6ea-2ac478184275,S109410,Failed,Failed,Verified,Pending,2025-05-09
850fc700-1caa-4ddb-830c-e876c5a6022f,S109411,Failed,Verified,Verified,Pending,2022-12-03
0e12796b-b461-47f9-bc7a-f1262f9e5b5a,S109412,Failed,Failed,Failed,Approved,2025-11-11
abd82c53-37c4-4629-8322-5253e6f07cb5,S109413,Failed,Failed,Verified,Pending,2025-04-25
09011d61-467e-4cc9-aa22-6b61eac7fd70,S109414,Verified,Verified,Failed,Approved,2025-03-21
55d84fa3-3ed9-4236-bc59-58609f4d1412,S109415,Verified,Failed,Failed,Approved,2022-10-07
2ee4ab9d-82da-43fd-815b-25f2bcb00cfc,S109416,Verified,Verified,Verified,Rejected,2024-09-11
1d04bbb7-af26-465a-bc6a-e4097a33e626,S109417,Verified,Failed,Verified,Approved,2025-01-16
32b6818b-7c52-456a-a1fd-4158eb64f146,S109418,Failed,Verified,Verified,Approved,2025-01-26
229d193d-ebc2-4067-bada-301aaffed450,S109419,Verified,Failed,Failed,Rejected,2022-06-23
0d900bd4-ea4b-4bf4-b5a6-d233d0c6ed6c,S109420,Verified,Verified,Verified,Approved,2024-04-01
02c17b29-aa10-47f3-9469-7bc3360eeb51,S109421,Verified,Verified,Verified,Approved,2024-02-09
480c4dd9-6502-4fa5-a5ba-ca066fe89586,S109422,Verified,Failed,Failed,Approved,2024-04-18
5c11434f-b3cb-4e25-af82-9c84e6b0eac1,S109423,Failed,Failed,Failed,Approved,2023-02-03
80663cff-f238-4b58-97b1-1fd718b08e2d,S109424,Failed,Verified,Failed,Approved,2024-05-09
823f0f2a-7992-40d1-844b-a860ee9dca67,S109425,Failed,Failed,Verified,Pending,2023-04-09
b7554a43-7f95-470d-821a-221fca6a160f,S109426,Failed,Failed,Verified,Approved,2024-06-27
778d817b-9f47-4d7c-a47a-884be7ed2748,S109427,Failed,Failed,Failed,Approved,2023-11-10
fcf06d6b-8311-43c4-8c92-4f9686a4da86,S109428,Failed,Failed,Verified,Rejected,2022-09-26
8025613a-da82-43ca-9983-12d94df7b42f,S109429,Verified,Verified,Failed,Approved,2024-02-14
7dd98863-b9ae-42af-b45c-bd5aa02f8aab,S109430,Failed,Verified,Verified,Approved,2022-01-17
5b034d52-e11f-45ad-bb82-80619e851838,S109431,Failed,Verified,Failed,Approved,2023-03-09
7a228b5e-94ba-444f-b358-96b4771a2702,S109432,Verified,Verified,Failed,Approved,2025-12-19
dfb14860-4ad2-44e5-9955-05ea15d65d17,S109433,Verified,Verified,Verified,Pending,2023-06-06
ead987e2-7546-4fb7-962b-ace6994a6f1c,S109434,Verified,Verified,Failed,Approved,2026-04-26
4b307cee-d7b5-456b-9a03-83fcf64145d0,S109435,Verified,Verified,Verified,Approved,2025-03-07
de1657e2-a5b5-4c21-9129-4bfb6aaf3e33,S109436,Failed,Failed,Verified,Approved,2022-05-08
6025a26e-ee57-4a97-8ddd-7c459cb4e742,S109437,Failed,Failed,Failed,Approved,2023-02-09
f0a78c1c-e86b-4846-b55e-8dd596c28ce6,S109438,Failed,Failed,Failed,Approved,2025-11-25
a37c681b-39ad-45e2-8cc7-73002d4a97b4,S109439,Failed,Failed,Verified,Approved,2024-10-02
5ab6b863-cd93-4938-9231-8f9cb7beb208,S109440,Verified,Failed,Verified,Pending,2023-09-15
dc3cd76d-89f5-42ec-854f-f22c18afe539,S109441,Failed,Verified,Failed,Rejected,2025-09-12
b903173b-db11-4edd-b676-5648a63840d4,S109442,Verified,Failed,Verified,Approved,2022-12-12
3447bdac-e96d-4244-bc63-a797c7fe1c59,S109443,Failed,Verified,Verified,Approved,2025-03-27
7e40a19a-c30d-42a1-a205-831bf2c0d8f5,S109444,Verified,Failed,Verified,Approved,2022-05-09
65d042a1-f650-410f-8449-6db2abad1463,S109445,Failed,Failed,Failed,Pending,2023-08-04
6cf7f504-db4c-44e2-852d-6db06479b5ce,S109446,Failed,Failed,Verified,Approved,2023-09-09
fb8618be-a908-49a6-b89e-54ea8ac06a9e,S109447,Failed,Verified,Failed,Pending,2025-08-18
4d3a42d6-8670-4e10-9240-d6449b3fcc37,S109448,Verified,Verified,Verified,Approved,2026-01-06
3a9e35f7-0558-42df-848a-a02b2566d85d,S109449,Verified,Failed,Verified,Approved,2023-03-04
f0773f92-62a0-4c31-b12b-3d0b2ff1e1d0,S109450,Failed,Verified,Verified,Rejected,2023-09-14
a437d21b-0f7a-4f6e-94b9-bb3bcf6ca162,S109451,Failed,Verified,Verified,Approved,2025-07-15
e0d3bb50-0cb9-4056-befc-62063a72b44d,S109452,Failed,Failed,Failed,Approved,2026-04-13
42f3707a-23ca-4cae-aa75-fc83511d4c32,S109453,Verified,Failed,Verified,Pending,2025-08-07
c14185f7-45c7-425a-98bd-689c18021fa0,S109454,Failed,Failed,Verified,Approved,2024-01-21
716727b8-bbfd-4a02-8a11-fa362b1c3e2e,S109455,Verified,Failed,Verified,Approved,2022-06-18
d80a3b2b-5fb9-41af-a831-6ce5ff68d20d,S109456,Verified,Failed,Failed,Pending,2022-12-16
391397cc-ce79-4eb8-bf9a-a3ab185e3ce4,S109457,Failed,Failed,Verified,Approved,2024-08-05
d6d2df90-2d83-4604-9659-e17f374be180,S109458,Verified,Failed,Verified,Approved,2023-08-21
5fa1c9ff-99a5-4c7a-8840-677790170e43,S109459,Failed,Verified,Failed,Approved,2023-06-20
3fab58d4-0d94-40f4-afef-233279f47bdc,S109460,Failed,Verified,Failed,Approved,2022-06-07
c0cd3ca5-a164-4104-bd50-4ba3b64578ba,S109461,Failed,Verified,Verified,Pending,2026-06-17
b0791455-dce5-407f-aae6-9b0a91d8e047,S109462,Verified,Verified,Failed,Approved,2025-01-19
8a39a81a-07c0-495e-be6b-566e121675e5,S109463,Failed,Failed,Verified,Pending,2025-02-26
f11f86c6-f97f-4deb-895b-def8453dc495,S109464,Verified,Verified,Failed,Approved,2023-02-03
2a225ceb-9136-424b-ae01-8721a1f2f52d,S109465,Failed,Verified,Failed,Approved,2023-06-06
7a549a64-9730-431d-b7ef-995cc152a350,S109466,Verified,Verified,Verified,Approved,2022-07-29
513d25a1-c5d4-4aff-8d0f-dfb40dc1baea,S109467,Failed,Verified,Verified,Rejected,2023-08-03
6c95acf9-f4f8-49d9-8581-916a34bcee91,S109468,Verified,Verified,Verified,Approved,2025-03-23
11e2552d-65ff-41ec-b1b8-6fab8af16497,S109469,Failed,Failed,Verified,Approved,2022-03-19
915b3cd3-c044-43f1-b1db-640924baf17e,S109470,Verified,Verified,Failed,Approved,2022-11-07
6072af72-7dac-493d-a942-d6db72da52c6,S109471,Verified,Failed,Failed,Approved,2024-03-01
a2fd5c8f-f328-419b-9d10-949e26ffb05c,S109472,Failed,Verified,Failed,Approved,2023-10-13
55d45a80-3237-429d-9b7d-f97af0a62a3e,S109473,Verified,Failed,Verified,Rejected,2025-10-21
676e496a-5224-4439-a18a-a0984cce3245,S109474,Verified,Verified,Verified,Approved,2025-11-20
47ded823-fe35-4dad-9178-8537c02882e9,S109475,Verified,Verified,Failed,Approved,2022-02-25
d9ca8598-fcb5-497b-ba07-af70b8a45f4d,S109476,Failed,Verified,Failed,Approved,2023-03-22
32876269-bdb4-471b-982d-c1b31ed89dc6,S109477,Failed,Failed,Failed,Approved,2023-11-24
8319a124-ea87-455b-aa46-b6f4ef3b9cc8,S109478,Verified,Verified,Failed,Approved,2023-12-24
e1203fda-af17-445a-b0f0-7344a07e8f86,S109479,Verified,Verified,Failed,Rejected,2025-02-08
d5beb5fa-d2b7-4eea-8ef8-0afb4dde1089,S109480,Verified,Failed,Failed,Rejected,2025-08-28
96070181-de27-4009-938d-bc30a408f444,S109481,Failed,Failed,Verified,Pending,2024-05-13
3eb9fa26-5cd8-43b6-9dbc-1485b695c827,S109482,Verified,Failed,Failed,Approved,2022-08-17
2da1f0c1-10fe-492a-ae04-b8f3fad82206,S109483,Verified,Failed,Failed,Pending,2025-06-15
0cef17b2-e989-40a6-bc1a-9bf4dec1b1e9,S109484,Failed,Verified,Failed,Rejected,2024-12-07
54eef4d6-c416-4ef4-8511-d83c0829aea9,S109485,Failed,Verified,Failed,Approved,2023-08-18
4fd2f1b0-0ae4-4bba-ac31-097893b4d121,S109486,Failed,Verified,Failed,Approved,2023-01-07
078fbe3a-c759-4085-b8ed-bb280c38392d,S109487,Failed,Verified,Verified,Approved,2025-05-23
1a9fdb8e-4798-4559-ace5-0d3cde1e4e2e,S109488,Verified,Failed,Failed,Approved,2022-03-25
0831f726-737f-418a-ad6a-800cfa2097bd,S109489,Verified,Verified,Verified,Approved,2026-07-28
40642ac0-b765-41f0-a78a-3ea6370555c2,S109490,Failed,Verified,Verified,Rejected,2023-10-14
cc581b77-3e5f-4839-a26b-910e2eee56f7,S109491,Failed,Verified,Verified,Pending,2022-06-17
37bd193f-3f8d-40a6-b90b-ba397dad0327,S109492,Verified,Failed,Failed,Approved,2023-03-08
d13749b6-4c87-4ea5-b45d-dabb13df2ec1,S109493,Failed,Verified,Failed,Approved,2024-10-24
1006f6cb-4fb2-41e2-a62b-a6b9a22cfa65,S109494,Verified,Verified,Verified,Approved,2026-06-12
70988dac-a053-48fe-a26a-8bf64ad7cb72,S109495,Failed,Verified,Verified,Pending,2025-10-01
92852bea-8338-4f03-8d47-d8f91fb8f6cf,S109496,Failed,Verified,Failed,Approved,2026-02-14
d38d50e6-df01-492f-bb7b-1c63e60af149,S109497,Verified,Verified,Failed,Approved,2025-04-05
1329d3a2-d854-487c-a996-443d64be478b,S109498,Failed,Failed,Failed,Approved,2024-03-18
e1e32a6d-c89e-4801-baf6-9542c277ff74,S109499,Verified,Failed,Verified,Pending,2025-05-24
ed53b643-da82-44cf-9b04-dd277813c217,S109500,Failed,Failed,Verified,Approved,2024-02-11
ba28a2b9-bbd3-44af-9088-d946a8c92bfa,S109501,Verified,Verified,Failed,Approved,2024-10-08
241fc3b2-ba42-433c-8b59-0745f29cdb17,S109502,Verified,Failed,Failed,Approved,2026-02-23
9c15359c-a44c-4846-b24a-925df639d7d8,S109503,Verified,Failed,Failed,Rejected,2025-02-26
d0ce3feb-08f9-4324-993a-51e02d7ad28b,S109504,Verified,Failed,Failed,Approved,2024-04-18
7ee8224e-22c2-4e43-beb9-168d1a869fd3,S109505,Failed,Failed,Failed,Approved,2023-04-03
c4570192-8abf-4472-847f-3b22e47077e5,S109506,Verified,Failed,Verified,Approved,2025-11-11
5735025f-b562-4923-94b6-54c4222544b8,S109507,Failed,Verified,Failed,Approved,2025-09-12
7aeab2fb-e725-4034-963e-bcace4b4a59d,S109508,Failed,Failed,Verified,Rejected,2023-12-14
0510ad2e-fc0c-475b-964b-3295c441c2af,S109509,Verified,Failed,Failed,Approved,2024-10-17
af1136c2-7d86-446c-aee4-6f6abb66ff20,S109510,Verified,Failed,Failed,Approved,2024-02-28
148682a8-3c66-401d-abfd-143491433111,S109511,Failed,Verified,Verified,Approved,2022-08-13
affb41a8-461b-428e-a4ce-318d3993da55,S109512,Verified,Failed,Verified,Approved,2024-05-10
ba0050da-ddc9-4467-a995-80850f743d6a,S109513,Failed,Failed,Failed,Approved,2026-01-11
63b540ec-9637-422c-8641-ce5fef0c95d8,S109514,Failed,Verified,Failed,Approved,2024-10-10
e67c55a3-9f50-4cfa-948e-338cd10426c4,S109515,Failed,Failed,Verified,Rejected,2025-04-30
f94c6827-a4d4-46e4-b2f7-ef176b7477de,S109516,Failed,Verified,Failed,Approved,2023-07-08
9c3e8d17-1791-4bdb-91a9-1927a2159764,S109517,Failed,Verified,Verified,Approved,2024-08-23
7b3e9125-2bf4-470c-a465-2f73657a2142,S109518,Failed,Verified,Failed,Rejected,2024-05-22
7bf6e094-59d4-471c-86be-fee51787264e,S109519,Failed,Failed,Failed,Approved,2023-04-09
51008161-6c92-44b6-bd34-20990d3014f1,S109520,Verified,Verified,Verified,Approved,2022-11-13
e6d846ca-8802-43db-b0ab-a0a6ed0f6e84,S109521,Failed,Failed,Failed,Approved,2024-10-18
81e7b36a-c763-42db-aef9-373cb0711e02,S109522,Verified,Failed,Failed,Approved,2025-07-13
c528ecf1-d5fd-4aee-a9b4-653c6f958401,S109523,Verified,Failed,Failed,Approved,2025-10-07
711345e3-36d4-4214-98ff-a063ec4ef44a,S109524,Failed,Failed,Failed,Approved,2025-03-20
c032c50d-b240-4677-9f3d-b4a182f2ec06,S109525,Failed,Verified,Verified,Pending,2025-08-20
ad147e41-18b6-46fe-b665-bbea72d49178,S109526,Verified,Verified,Failed,Rejected,2026-06-19
1f7b7f9e-768e-49cc-b8e1-ef3be25ec2a5,S109527,Verified,Verified,Failed,Approved,2023-03-02
973a37df-9341-4206-90da-87392d8d2dd6,S109528,Failed,Verified,Verified,Approved,2022-10-10
dab16d89-31e9-49f6-b7a8-5263921bbb82,S109529,Failed,Failed,Verified,Approved,2023-10-26
9ae49e7d-df2b-4445-a7de-08ddb1b12a48,S109530,Verified,Failed,Verified,Pending,2024-02-05
6132fbac-7e1e-470c-961d-9771c9a8c424,S109531,Verified,Verified,Verified,Rejected,2023-01-07
00443b23-7a70-4336-be2d-3932b8a7f418,S109532,Failed,Failed,Failed,Approved,2024-03-31
fb06088c-c08a-404d-9cd7-d7e0aa75a796,S109533,Failed,Failed,Failed,Approved,2026-02-26
005ea637-02e5-433b-a30e-15b47d4d1c83,S109534,Verified,Verified,Failed,Rejected,2023-08-11
70451472-a58d-4ba2-abd7-e16620804de5,S109535,Verified,Failed,Verified,Approved,2022-03-21
c65dd413-6c84-4800-9c9f-75b893d1dc41,S109536,Verified,Verified,Verified,Approved,2024-02-12
4e5b877e-46d2-496a-bc8f-2da8292be777,S109537,Failed,Failed,Verified,Approved,2025-11-13
817a44e1-7144-475d-aedb-9d1e563ab98a,S109538,Failed,Failed,Failed,Approved,2026-06-02
f2f190a9-4a4b-4a63-9903-581efd8c38eb,S109539,Verified,Verified,Verified,Approved,2024-07-06
f8278a72-b30b-4f3c-8005-1baf322a0901,S109540,Failed,Verified,Failed,Approved,2025-04-22
8b8b951b-9b3f-4791-b82b-81e702b88a90,S109541,Failed,Verified,Failed,Approved,2024-12-09
c134f76e-a31a-4eb5-802e-a3e97f39fe45,S109542,Verified,Verified,Verified,Approved,2026-03-28
c878cc30-fcd3-49cd-ab88-082b0a3ca069,S109543,Failed,Verified,Verified,Approved,2025-07-22
e5e8f2d9-6c73-425a-896e-756df790a3f0,S109544,Failed,Verified,Failed,Rejected,2025-04-15
90649700-d55f-4520-972a-1c96f39394be,S109545,Verified,Failed,Verified,Pending,2026-02-21
16722869-98c8-4dac-bcdf-9b104eb96afd,S109546,Verified,Verified,Verified,Approved,2023-05-20
8a5f363f-daf8-46d7-8346-a39ba89fc1da,S109547,Failed,Verified,Failed,Approved,2022-07-19
bb8a9d08-a541-4b07-8af4-d3e36a23f923,S109548,Failed,Failed,Failed,Rejected,2023-12-14
99de9338-4dd4-46fc-9506-11aad2de7909,S109549,Failed,Verified,Verified,Approved,2025-12-25
b26b9ebb-7c8f-4e7a-82de-2c3ca6b04613,S109550,Verified,Verified,Failed,Rejected,2024-01-29
31835820-b5d7-40d7-9a2b-0f1c4590ddd6,S109551,Failed,Failed,Failed,Approved,2026-04-03
35a31f3a-01f9-4506-adac-ae8eb2e30f46,S109552,Failed,Failed,Failed,Approved,2022-08-12
2ab7ab01-2426-4c0a-94d0-9368b8c13be7,S109553,Verified,Failed,Failed,Approved,2025-10-28
ee755ae3-dbe5-4454-8d8b-619060ca5e56,S109554,Failed,Failed,Failed,Approved,2024-08-11
068fef73-7886-466f-804f-1c0f6714b57b,S109555,Verified,Verified,Failed,Approved,2022-12-05
786e97cb-34ff-4775-af5f-6e21a5ee9f42,S109556,Verified,Failed,Verified,Rejected,2024-03-02
fd00dfdf-f858-410e-9f45-af4f5df6ee17,S109557,Verified,Verified,Verified,Approved,2024-10-03
88031b40-7db9-4a27-8ae3-a240bce64b1f,S109558,Failed,Failed,Verified,Approved,2023-02-27
497559cd-dbce-48e3-893f-d5215e37d331,S109559,Failed,Failed,Failed,Approved,2022-09-12
b193244d-b486-4fc4-bbee-bac453e2cb6e,S109560,Verified,Failed,Failed,Approved,2024-08-22
530527ea-e306-4432-a2f3-13bae5a2c83d,S109561,Failed,Verified,Verified,Approved,2024-12-30
24b0146f-947a-4d8e-8116-f6ca36e08a0d,S109562,Failed,Verified,Failed,Approved,2023-07-07
6b2619da-f40c-4767-bf4b-506442baac02,S109563,Failed,Verified,Verified,Approved,2024-12-29
e93874b6-049f-4144-b482-f7a749b1d155,S109564,Failed,Verified,Verified,Approved,2022-06-24
2103e906-38f5-4d6c-9c93-6e7181595dc3,S109565,Verified,Verified,Failed,Rejected,2023-11-07
fa7ca745-5894-48d6-ac5d-acd2266cafea,S109566,Failed,Verified,Failed,Pending,2025-05-29
423920d1-04e1-4a96-9ee2-60c475e2fdf8,S109567,Verified,Verified,Failed,Approved,2025-08-03
6beb8c0f-29e3-4c0f-a35c-12e31376610a,S109568,Failed,Verified,Failed,Approved,2025-11-24
3d10571a-c0a1-4525-8e50-0c3964ab0c19,S109569,Verified,Failed,Verified,Approved,2023-11-29
bb1d9c35-5f9a-4e6c-8c39-6b30b134f619,S109570,Verified,Failed,Verified,Approved,2023-02-01
47ffb3db-926e-44b0-80c6-2419c2a7dc14,S109571,Failed,Failed,Verified,Approved,2026-05-27
5eafae7d-50b0-444b-a7ed-4bb0d69ae0db,S109572,Verified,Failed,Verified,Approved,2026-07-14
a4f0b6d2-a599-4ce9-bd36-7fdcf7bb2a44,S109573,Failed,Failed,Failed,Rejected,2022-04-20
49561c5e-1919-4604-bb7f-805f718b1135,S109574,Failed,Verified,Verified,Approved,2022-05-14
a8d4c53d-2693-4f4a-91f2-b906c524f43c,S109575,Verified,Verified,Failed,Approved,2023-04-28
2d648e44-6c00-4d31-ac87-de32f50c246d,S109576,Failed,Failed,Verified,Approved,2025-06-07
40d41fcc-a85e-46ba-8ed5-cf5c253ebdb7,S109577,Failed,Verified,Failed,Approved,2026-06-01
009ff786-6db0-4f7d-b03a-87e77dc6a249,S109578,Verified,Failed,Failed,Approved,2025-11-21
26f7f219-8e30-4f33-bae4-845833913ad4,S109579,Failed,Failed,Verified,Approved,2023-11-21
8097b2d5-f77f-42de-ae2b-f739ce32e500,S109580,Failed,Verified,Verified,Approved,2024-08-14
11fd0a86-f638-4ff2-bb35-863f0f3415a8,S109581,Verified,Verified,Verified,Approved,2023-12-02
414c1e07-24fd-4a75-8c88-6db10f94a587,S109582,Failed,Failed,Verified,Approved,2024-12-26
d86fd87e-c5c4-4e39-868e-e56650ed97a2,S109583,Verified,Failed,Verified,Approved,2025-03-25
c2054454-ad4e-4ff8-8736-a422b74ee609,S109584,Failed,Failed,Verified,Pending,2022-04-02
a1039b5d-1cfb-4c3f-85d8-8d956db7167e,S109585,Verified,Failed,Verified,Approved,2022-09-02
3d4207b1-9668-4075-a7bd-fb0175b70b82,S109586,Failed,Failed,Verified,Approved,2023-08-22
639ec2cb-d683-442d-9a5e-6b6d990a8521,S109587,Failed,Failed,Verified,Approved,2025-03-09
3e9ee127-9a61-4f5a-ba74-4baf9cd3f073,S109588,Verified,Verified,Verified,Approved,2023-03-18
c80bca2e-c1bf-459b-9f95-6527a87525f2,S109589,Failed,Verified,Failed,Pending,2025-10-26
c17f9faf-394d-43b4-a3c0-386cc9f68a57,S109590,Verified,Failed,Verified,Rejected,2024-11-14
33fc2a3f-c40b-4dfa-9ce1-3830cba28021,S109591,Failed,Verified,Verified,Approved,2022-05-27
b9755a56-3218-485f-8166-a93e3eeadaf8,S109592,Verified,Verified,Verified,Approved,2022-07-08
d1a5d87f-7234-4dfa-86e8-4fd33227bd0f,S109593,Verified,Failed,Failed,Approved,2023-03-28
35d303ca-832a-4431-8dcd-6aca6df86934,S109594,Failed,Failed,Verified,Approved,2025-08-15
6607dd73-cbe5-4724-b83f-a5ce8d3c39bf,S109595,Failed,Failed,Failed,Rejected,2024-09-21
87819162-ca79-486c-94b2-c8ba85a20bf7,S109596,Failed,Verified,Verified,Approved,2025-11-04
1f6d3881-8341-4c1a-9872-8ca3264f9642,S109597,Failed,Verified,Failed,Approved,2023-02-19
8eaa683b-35dc-4af3-b289-95b0f5a7d22e,S109598,Verified,Verified,Verified,Approved,2024-11-13
f77ddc5b-6f05-4cb5-b84c-8ce6dedc71d2,S109599,Failed,Failed,Failed,Rejected,2022-03-17
ff741e8d-e93a-4be5-9a3d-31c789dc91f3,S109600,Verified,Failed,Failed,Approved,2022-07-30
be26b0f2-2e37-4884-993d-5d8460ff2410,S109601,Verified,Verified,Verified,Approved,2025-02-09
098256a4-5526-4845-bfdd-92d8245d6fbf,S109602,Failed,Failed,Failed,Approved,2026-04-08
a28e0a22-d3f3-4aaf-8eea-b59f7dbc5a27,S109603,Verified,Failed,Verified,Rejected,2025-12-07
a1be370f-b5f9-4053-9574-8ebb9a6bf9ba,S109604,Failed,Verified,Failed,Approved,2025-07-18
8b1d936f-7adc-41bc-bc52-018e9d9e33b4,S109605,Failed,Verified,Verified,Approved,2024-03-25
bb95d10f-3b9b-4ee7-bd90-a4e1f9943f27,S109606,Verified,Failed,Verified,Approved,2024-11-20
1d2f82d1-2210-47e7-9c23-0140a1bdd6ae,S109607,Failed,Verified,Failed,Approved,2025-06-22
066ab31e-85d4-48ce-9a87-aebf946b6e10,S109608,Failed,Failed,Failed,Approved,2024-08-19
4172615b-8433-42bd-b126-8356607c8e3c,S109609,Failed,Verified,Failed,Approved,2023-05-01
67645d89-98c9-41c4-aa2d-5eddec6fe397,S109610,Failed,Verified,Verified,Approved,2024-11-09
edf7b4e8-326c-4855-aab9-927407cd93d8,S109611,Verified,Verified,Verified,Approved,2022-10-19
2d2fbccb-4a10-4280-addd-bd1035679271,S109612,Verified,Failed,Verified,Approved,2024-10-23
c7ad2a28-d675-4089-a8a0-a77198211c98,S109613,Verified,Verified,Verified,Approved,2025-05-06
0eb93662-59d2-4af9-b985-e3829de6a89a,S109614,Verified,Failed,Failed,Approved,2023-02-18
276a62bf-76b4-4e26-a505-35c18a8af129,S109615,Verified,Failed,Verified,Pending,2026-05-10
688807e1-277d-4450-b838-7d96ff625492,S109616,Verified,Failed,Failed,Approved,2025-09-03
2f62b4d5-6f15-456e-a194-de27a9a47ca4,S109617,Failed,Failed,Failed,Pending,2025-03-25
0e7be49b-e5f4-43fa-9692-be3d88dbf060,S109618,Failed,Verified,Failed,Approved,2022-01-05
74f7eab5-70bb-4127-a776-f9d37313f6f8,S109619,Verified,Failed,Failed,Rejected,2024-11-09
ce793f06-71bc-4735-bb1e-5879bdb25a44,S109620,Failed,Verified,Failed,Approved,2026-01-21
69ceba2d-da76-4edd-89cd-d093c617c05b,S109621,Verified,Failed,Failed,Approved,2023-07-01
b645e6e4-abb2-40db-b171-c825f63a5201,S109622,Verified,Verified,Verified,Approved,2025-09-15
7b6e374d-9a0c-4b67-b383-9a1f3a9a8791,S109623,Verified,Verified,Verified,Approved,2025-09-08
114eea51-fef1-4444-8863-e74c1342ab29,S109624,Verified,Verified,Failed,Approved,2026-01-31
5bdfbea5-0b9f-49f8-9bda-9008fbb94c78,S109625,Verified,Failed,Failed,Approved,2025-03-09
43c7f19d-7016-4959-9383-981da6ed7aa0,S109626,Verified,Verified,Failed,Approved,2025-05-28
f31a544a-805a-459a-ae21-dca9e84a04a9,S109627,Verified,Verified,Verified,Approved,2022-07-14
918b0a9d-e50a-4837-92fc-167cc98dfe6f,S109628,Failed,Verified,Failed,Approved,2022-08-02
5c8e98fb-0872-4170-b79a-f3c03a48d24b,S109629,Verified,Verified,Verified,Approved,2024-01-05
47d75d13-7c64-41a6-b130-c8d2372d25a7,S109630,Verified,Verified,Verified,Approved,2026-05-24
2867aede-6ca9-4182-ab2b-8b980afbb4ca,S109631,Failed,Failed,Failed,Approved,2024-11-28
634e50c5-23e9-4687-819c-1822f97d2f9d,S109632,Failed,Failed,Verified,Rejected,2025-02-24
3c4229eb-b58d-4f1a-8e2a-41491e0a9004,S109633,Verified,Failed,Failed,Approved,2026-02-02
fbe24105-4797-4324-a6c3-d6603dda51a4,S109634,Verified,Verified,Failed,Approved,2022-01-04
7f8355af-78e4-4b98-b163-570f8e5cdbc2,S109635,Verified,Failed,Verified,Approved,2025-09-23
1bd23a12-59a5-48c7-a3b8-60b23014064f,S109636,Verified,Failed,Verified,Approved,2025-12-25
c7a96087-4614-4175-895b-13de8734f09e,S109637,Verified,Verified,Verified,Approved,2024-07-24
89597325-9d36-4639-9c6c-7f279b0c020d,S109638,Verified,Verified,Failed,Approved,2023-10-11
64b96ddb-c119-4ecf-a8aa-d7e3d2e64713,S109639,Verified,Verified,Failed,Approved,2023-10-18
948fe521-2427-4821-b623-36a214c07a45,S109640,Verified,Failed,Verified,Approved,2025-11-25
3cfbdc82-6674-41b7-857c-fb054d17e35f,S109641,Verified,Verified,Verified,Pending,2024-07-06
78f93d00-f8c4-4847-9d44-b558f1c524a8,S109642,Verified,Verified,Verified,Approved,2025-11-27
67281b74-7794-4be1-83b0-496a2eb77f0a,S109643,Failed,Failed,Failed,Pending,2025-05-02
8cfccda2-9973-4aa4-b432-5b1ed935d9f5,S109644,Failed,Failed,Failed,Approved,2023-06-29
25bd8a41-c3f6-4c68-b9ce-011259264350,S109645,Verified,Verified,Failed,Approved,2024-04-25
b31aeb4a-a917-4b45-a590-af8dced923d6,S109646,Verified,Verified,Verified,Approved,2024-07-18
02e0f81e-08d6-44fc-92a3-231885fd5560,S109647,Verified,Failed,Verified,Approved,2026-02-06
edc276a9-8d81-4e81-a3ce-9ae9770f217f,S109648,Verified,Verified,Failed,Approved,2024-10-19
d7ef01c3-4c8f-405c-b4f8-3e25ad4920e3,S109649,Failed,Verified,Failed,Approved,2022-01-02
b648e2fb-a5f9-49c4-8214-49753a03dbb0,S109650,Verified,Verified,Verified,Approved,2024-03-22
c657eefc-8650-4226-9adb-52b8b1ceb035,S109651,Verified,Verified,Failed,Rejected,2023-03-19
06ea8ac9-021f-4310-8ac5-c483df81f4bc,S109652,Verified,Verified,Verified,Rejected,2025-11-11
96bbbc2d-cfd1-457d-9f35-dec1943591cc,S109653,Verified,Failed,Failed,Pending,2026-04-09
6f064b32-6dc1-479e-82ce-4644e9b846b4,S109654,Failed,Verified,Verified,Approved,2023-06-25
b333a060-eece-4c68-afcf-a5ade63da8a2,S109655,Verified,Failed,Verified,Approved,2023-08-17
b2806fc0-c8bc-45a9-a93a-5884918582e7,S109656,Verified,Verified,Failed,Pending,2025-12-31
cc22c5b6-a516-42cc-848a-f42df9d5f3c6,S109657,Verified,Verified,Failed,Approved,2026-03-09
b0a97f60-5021-4620-bd2a-1edce0626893,S109658,Verified,Failed,Verified,Approved,2025-01-16
109678c7-53a4-4d21-ae05-d3670433da84,S109659,Failed,Verified,Failed,Approved,2022-11-18
07591b86-9dc8-4156-846c-ae0cdf0926f9,S109660,Verified,Failed,Failed,Rejected,2025-02-28
77983209-c16a-4989-80d3-0fe94f7a4469,S109661,Verified,Verified,Verified,Rejected,2024-05-11
b888a538-5840-4b72-b936-8f68bf654c54,S109662,Failed,Failed,Verified,Approved,2022-06-03
45f18de5-5fec-4211-bcde-c1cb9b7bedef,S109663,Verified,Failed,Verified,Rejected,2022-05-19
f38916be-497f-44ec-961a-a61239c62c68,S109664,Failed,Verified,Verified,Pending,2025-09-07
fdcc48a5-3c1f-467f-9253-f04acb7b4883,S109665,Verified,Verified,Verified,Rejected,2025-12-31
9e5e05fb-4b2e-4986-9743-92a761b74c92,S109666,Verified,Verified,Failed,Approved,2024-07-27
b73facf5-19af-41bf-a449-d06690b9d7dd,S109667,Failed,Failed,Verified,Approved,2024-11-01
b8baa39d-7fdd-40c9-bcc1-227a0fbe5fa3,S109668,Verified,Verified,Failed,Approved,2022-12-17
a2d161e9-9aee-4fdf-92e9-4874eb0551d6,S109669,Verified,Verified,Verified,Pending,2024-10-16
26458e70-2475-4e9e-b4de-cbb371d33f0a,S109670,Verified,Failed,Failed,Approved,2022-08-01
6de54bfa-b298-4274-a431-d9962923d53c,S109671,Failed,Failed,Verified,Approved,2023-04-27
60fd218c-e84e-4205-9ec8-f7914eb6b678,S109672,Failed,Verified,Verified,Approved,2025-04-17
c1967fa6-15a6-4cef-acca-6c62baff8ac1,S109673,Failed,Failed,Failed,Approved,2024-12-01
3df1053d-ef2f-4bb3-92e1-70abfd719fe2,S109674,Failed,Verified,Verified,Approved,2022-09-13
02aeac09-08bd-4717-b326-4eba3ca846df,S109675,Verified,Verified,Verified,Approved,2023-11-23
22c486ba-02d8-40a7-bf2c-d98b25d39390,S109676,Failed,Failed,Failed,Approved,2023-04-25
bdfd9767-5d02-4966-8671-3eeb75d09c8c,S109677,Failed,Verified,Verified,Approved,2023-04-19
79ebc707-d8c9-4b25-9b27-37c80f5492bd,S109678,Failed,Failed,Verified,Approved,2023-10-11
df847873-ce10-4fa5-ab62-ab67d7a5a278,S109679,Failed,Failed,Failed,Approved,2024-08-27
786a2e77-9c8b-4eee-bd5c-e523fbce836b,S109680,Failed,Verified,Failed,Approved,2025-06-28
6fd87ec6-b160-4dd3-a492-3e6fc3947d86,S109681,Failed,Failed,Verified,Approved,2024-02-13
db3c144d-3e44-4c41-9020-ebbeb19c7560,S109682,Failed,Verified,Failed,Rejected,2025-05-02
e5a999cb-09e8-4f36-b11f-07a5899b16da,S109683,Failed,Verified,Failed,Approved,2024-01-30
5bbc8128-408c-40ae-9bb7-a58a51b5f30b,S109684,Verified,Failed,Verified,Approved,2026-01-25
60994eed-8dd8-495b-9eef-55083d859f6f,S109685,Verified,Verified,Failed,Rejected,2026-04-26
0280426b-ad70-4caf-9826-7562a62a5af0,S109686,Verified,Failed,Failed,Pending,2025-03-15
8406562d-6f51-4b8b-ae3e-c4fc1df4c251,S109687,Verified,Verified,Failed,Approved,2024-04-30
27aa6b24-1203-415e-9f6c-6e6fe4111f4a,S109688,Verified,Verified,Verified,Approved,2024-05-23
09986008-e2c3-4f89-b4e2-1ffbc2fd0899,S109689,Failed,Failed,Verified,Approved,2023-11-26
01a32d18-df52-4f76-978f-fedb7f7a3e66,S109690,Failed,Verified,Verified,Approved,2024-09-15
9ca32e67-670d-4f86-8679-e27f0dfe6da6,S109691,Verified,Failed,Failed,Approved,2025-09-26
9e26b61d-e7a4-4064-8531-e074dbd1e92c,S109692,Verified,Verified,Verified,Approved,2024-07-24
5915455d-f36f-4249-94b4-6725af1fd21e,S109693,Failed,Verified,Verified,Approved,2024-08-13
ed65a91a-e276-4326-879d-35915daec5b7,S109694,Failed,Failed,Verified,Approved,2023-05-28
38133fab-9181-4310-ad8d-9a2f58ad19f1,S109695,Failed,Verified,Failed,Pending,2026-02-24
a964c8fa-e4c9-4e73-95de-32c8dddb1ee8,S109696,Failed,Failed,Failed,Approved,2026-01-01
dddb7769-24c6-4e8f-9d6d-635c28227add,S109697,Failed,Verified,Failed,Approved,2024-12-22
5b1db3a4-519e-49c3-8192-3afe422406eb,S109698,,Verified,Verified,Approved,2022-03-31
2ec7e055-56b6-4004-afa6-2feaf1a08745,S109699,Verified,Verified,Failed,Rejected,2026-04-07
188dfc7f-208e-478c-ae76-a0ba364dff47,S109700,Verified,Failed,Verified,Pending,2024-11-27
893cbf3f-f8fa-4d6f-be39-a68d4dbfc19a,S109701,Failed,Verified,Failed,Approved,2025-02-24
47967c72-4f23-4b5c-9d72-decffc50d3a6,S109702,Failed,Verified,Failed,Rejected,2025-09-11
9f34eac7-3085-49f9-957b-dc2ac44c4b96,S109703,Verified,Failed,Failed,Approved,2025-12-16
9318866c-9262-4802-860b-9ba0cd3bfc98,S109704,Verified,Verified,Verified,Approved,2025-09-27
e8f19edb-15dc-43c9-a7ec-9bd75fa58f46,S109705,Verified,Verified,Verified,Rejected,2025-06-10
9985b988-9062-4170-a6eb-3360727d0901,S109706,Verified,Verified,Verified,Pending,2024-07-02
0d427369-f011-494d-b567-6efb32f69406,S109707,Verified,Failed,Failed,Approved,2026-01-29
511bdd78-1442-47d0-8d37-c30a3d0c40ff,S109708,Failed,Failed,Failed,Approved,2023-04-05
96567e2f-53bf-4303-9573-d9c36f177690,S109709,Verified,Verified,Failed,Approved,2022-03-09
036507dc-7b4b-4f27-8aa5-c97fe9838bdc,S109710,Verified,Failed,Verified,Pending,2022-07-06
ac7ecd6e-a8c7-49aa-bcee-1b3b5966eba0,S109711,Failed,Failed,Failed,Rejected,2023-09-23
5e8c9510-9905-4f4c-af73-69a2c38d61c6,S109712,Verified,Failed,Verified,Approved,2025-10-28
d6e816d3-0355-463a-90ae-b021b558531a,S109713,Failed,Failed,Failed,Approved,2023-07-02
356b47c6-d136-4b1a-927d-28bb6e6f0ae8,S109714,Verified,Verified,Verified,Approved,2023-05-31
a69a2d2c-1caa-40e1-a748-80f2694491f0,S109715,Failed,Failed,Failed,Approved,2025-07-16
23e2c160-cecd-4305-904e-cde9c907a578,S109716,Failed,Verified,Verified,Approved,2023-12-15
4a909ec0-7c14-4149-9a02-1f5484d65a21,S109717,Failed,Verified,Failed,Rejected,2022-12-25
80a334f3-ce92-422a-b476-71cf0a8157fa,S109718,Verified,Verified,Failed,Pending,2025-11-17
74108ea0-1058-4f0c-9cf2-6325a5ebaf4d,S109719,Failed,Failed,Verified,Approved,2023-06-11
065dd804-fb43-4935-b0d4-dc67d3d343c2,S109720,Verified,Verified,Failed,Approved,2024-04-12
cb7927fb-93f1-4f83-a031-8357afd4798b,S109721,Verified,Verified,Verified,Approved,2026-04-26
87c6254e-d533-4fbe-baac-f92399e3954d,S109722,Failed,Failed,Failed,Approved,2025-03-18
50605589-4680-4b6a-91ba-563d25301dcc,S109723,Verified,Failed,Verified,Approved,2025-03-27
e3a057b4-70d8-4e7f-8b93-e3cb21e0c116,S109724,Failed,Verified,Failed,Approved,2023-06-26
953fe33b-84fa-406b-8e2b-723bffca442e,S109725,Failed,Failed,Verified,Approved,2022-07-24
e38835cb-9494-4cc8-81f9-555f9a3d3e97,S109726,Failed,Verified,Verified,Approved,2023-03-19
815c3d94-228c-4219-a582-963690aa3df3,S109727,Failed,Failed,Failed,Approved,2025-08-05
3c0c9cca-f06d-45f3-b636-afe593877d9e,S109728,Failed,Verified,Failed,Pending,2023-12-15
2fe55cec-a449-439f-87e3-62e901e7ec52,S109729,Verified,Verified,Failed,Approved,2026-03-08
5c517d19-0e70-4ed3-8972-237b8d705605,S109730,Verified,Verified,Verified,Approved,2022-10-02
5bf2cf57-80a1-4ded-9320-b30e24fe7f11,S109731,Failed,Failed,Failed,Approved,2023-11-15
dd471e80-6221-43e4-9206-f3a80c1e2274,S109732,Verified,Failed,Failed,Approved,2026-01-09
30959f41-ef88-4e55-8f44-1cd60d5c2323,S109733,Verified,Failed,Failed,Approved,2025-12-05
18900054-922a-4f02-9b59-8bf1be79e014,S109734,Failed,Failed,Verified,Approved,2025-08-15
0daa0bf4-688c-42c5-a711-920526574da4,S109735,Failed,Verified,Verified,Pending,2024-09-10
8bda7855-bac4-4112-b3a2-3a40433e96a0,S109736,Verified,Failed,Failed,Pending,2023-12-18
873e271d-ffb2-44bd-be8a-02505a983c2b,S109737,Failed,Verified,Failed,Approved,2024-10-02
4371191e-5371-43c6-abc9-2f159137c5c6,S109738,Verified,Failed,Failed,Approved,2023-04-07
1165f4c1-8d37-4af4-af8c-f7979cfe9bab,S109739,Verified,Verified,Verified,Approved,2023-01-26
45b81441-4596-4eee-b928-9cda8c4513c4,S109740,Verified,Verified,Failed,Rejected,2024-04-16
dfb73554-981f-4847-83f4-a0f9f619c850,S109741,Verified,Failed,Verified,Approved,2024-01-07
f0c0b372-f19a-469d-8b2a-3e993de76874,S109742,Failed,Failed,Verified,Approved,2023-06-30
fd746012-5a6b-450e-ad88-d517d478e941,S109743,Verified,Failed,Verified,Rejected,2024-08-18
9f48dfab-11c3-441c-b584-ac164ecf5f90,S109744,Verified,Failed,Verified,Approved,2025-06-04
7fe4734a-e78b-4b73-afce-a49ec5512448,S109745,Failed,Failed,Failed,Rejected,2022-12-14
0d2b6bd6-f12e-4094-982e-0601a4372680,S109746,Verified,Verified,Verified,Approved,2022-02-12
40e49188-5f6d-49cb-b3f1-0e22aff50f41,S109747,Verified,Verified,Verified,Approved,2024-03-30
878c9231-4e59-401c-b515-752c82a62b72,S109748,Failed,Failed,Failed,Approved,2024-07-20
662c1cbe-5614-42d3-8974-73e278d01531,S109749,Failed,Failed,Verified,Approved,2025-06-05
0706e265-399c-42e9-a736-81e2616c92cf,S109750,Verified,Verified,Verified,Approved,2025-03-19
ba0ce49f-ed35-42be-892e-b317db9f6278,S109751,Verified,Failed,Verified,Approved,2022-08-13
647aab28-5f1c-4be0-956c-4e9b0c1bb101,S109752,Verified,Verified,Verified,Rejected,2026-03-04
a612df32-959c-4ce9-81bc-4c82ff2068e8,S109753,Verified,Failed,Verified,Approved,2022-01-28
a04b2402-45af-45b5-8f09-1ebeffd03eb3,S109754,Verified,Failed,Failed,Approved,2025-01-07
5c5794fa-1baa-424b-9f21-84d6642eaae2,S109755,Failed,Verified,Failed,Approved,2024-02-20
23769897-18ee-4c3e-9beb-7b4602b0ff0b,S109756,Failed,Failed,Verified,Approved,2024-01-21
c7b1784d-e868-433b-a3ba-7bccd70dbe88,S109757,Verified,Failed,Failed,Approved,2025-12-24
389e9031-b9cb-4d29-8755-284bac3bd013,S109758,Verified,Failed,Failed,Approved,2022-08-11
6ac3c7a5-0d79-4fc9-95a3-d35ceabea96e,S109759,Failed,Failed,Failed,Rejected,2023-02-24
dc18e679-5ffe-480c-a0dd-3770650d310d,S109760,Failed,Verified,Failed,Approved,2022-03-31
0e27cb07-d619-42b1-aec9-b524604b44b4,S109761,Verified,Verified,Failed,Approved,2024-04-10
5c2e38fc-d479-468c-bc3e-7cb8d8b04dcb,S109762,Failed,Verified,Verified,Approved,2026-05-13
9e195a38-5951-4ab9-bc08-ed1b0772b022,S109763,Verified,Failed,Verified,Approved,2022-08-19
da421afd-82e6-48c2-959d-003305547631,S109764,Failed,Verified,Failed,Approved,2025-03-08
b23c59d5-5f63-47a5-a4d7-ee6d5c5bcd1e,S109765,Verified,Verified,Failed,Approved,2024-09-11
7c154f6c-546f-4dc0-ad9e-72f075304678,S109766,Failed,Failed,Failed,Approved,2026-04-23
367777f0-9311-414b-a42c-fb1989af0150,S109767,Failed,Verified,Verified,Approved,2026-02-26
92abccc7-79ee-4683-8dee-e1e2d379fa2d,S109768,Verified,Verified,Verified,Approved,2024-06-24
95694427-3fa7-4532-b7a5-5627b3156457,S109769,Verified,Failed,Failed,Approved,2024-09-29
4ef22bca-9a12-4b42-ad3f-42a618a1d95a,S109770,Verified,Verified,Failed,Approved,2026-05-04
762ff30f-39ca-4d55-843c-c75d7ccdb557,S109771,Failed,Failed,Failed,Approved,2022-08-03
d7e498e6-9123-4baa-a057-e8d926e7281c,S109772,Failed,Failed,Failed,Pending,2025-05-24
30d15ec2-b477-4f0a-8aaa-b0c097f487a6,S109773,Verified,Verified,Failed,Approved,2022-08-19
15287d47-2704-4767-9e9d-2d68535af1c7,S109774,Verified,Verified,Failed,Approved,2025-05-29
c6aac509-c458-4e09-8a6d-fdd1b1a3d474,S109775,Failed,Failed,Failed,Approved,2022-12-05
ee8214b0-ed8d-4fc2-bb5f-91a991078bce,S109776,Verified,Verified,Verified,Approved,2022-01-16
04adf01b-d8c8-4f47-8eda-e073633a09ec,S109777,Verified,Verified,Verified,Approved,2023-09-23
235992b8-06e3-492e-9fef-945f97ad68cc,S109778,Verified,Verified,Verified,Approved,2025-11-09
c81f2d3b-e811-4ab9-ac2e-ae0b74a02c1f,S109779,Failed,Failed,Verified,Rejected,2025-08-15
e8c6badd-123d-429f-bf41-49af45a121d8,S109780,Verified,Failed,Failed,Approved,2024-06-27
4ef8a52f-dea1-485d-84f0-333ac3a39738,S109781,Failed,Failed,Verified,Approved,2025-03-11
a6fe223a-acf2-41b7-804c-4ee82ff25c3a,S109782,Failed,Failed,Failed,Approved,2025-01-24
19c82de4-14a6-4d46-ab18-20ed3a56352d,S109783,Failed,Verified,Failed,Approved,2026-06-07
94b5067e-a1e1-4a4d-903b-76071303577e,S109784,Verified,Failed,Failed,Approved,2026-07-19
a5e59d2d-6fd5-4bd0-a17a-1c490c973297,S109785,Verified,Verified,Failed,Pending,2023-05-26
22376ea7-ac7a-46b1-830c-d0d16aa1cb3f,S109786,Verified,Failed,Verified,Approved,2025-07-28
31308203-7334-402a-bc26-6f123c0bba0c,S109787,Verified,Verified,Verified,Approved,2023-05-03
8d5dfd2e-ee8a-4382-a1e5-1a8bfdf5bdd9,S109788,Verified,Failed,Verified,Approved,2022-06-01
f2c8d266-381d-4d22-8864-d1401bebd072,S109789,Verified,Verified,Verified,Approved,2024-12-24
01e753d0-3fd3-4e2e-89f3-46ebdb34476b,S109790,Verified,Failed,Failed,Approved,2025-12-28
8988a6bf-fb9a-4c71-a7ff-8dae9cb0b729,S109791,Verified,Failed,Failed,Approved,2022-04-04
435f5f98-ff27-45ed-9905-68703e4d4835,S109792,Failed,Failed,Failed,Approved,2024-04-08
3ff8d3dd-2998-447a-ba6d-b8095eb7f9c1,S109793,Failed,Verified,Verified,Approved,2022-07-20
c4ac81f5-ebde-485c-88b4-f4c67da30384,S109794,Verified,Failed,Verified,Approved,2024-12-12
4f0638e6-3510-43bc-8358-1581cb99e4ec,S109795,Failed,Verified,Verified,Approved,2022-01-29
3232c0d4-ccda-432f-b784-a4cc62c8d49a,S109796,Verified,Failed,Verified,Approved,2022-09-24
83d54d0f-2e40-4a61-a1ce-7b6dbce0e405,S109797,Verified,Verified,Failed,Pending,2026-04-08
2745dd4f-a211-436b-83a7-255b7166cd19,S109798,Failed,Failed,Verified,Approved,2025-12-26
51e453fa-6ab6-4c79-9d49-77abcd996276,S109799,Failed,Verified,Verified,Rejected,2024-01-14
e847edb7-e61d-44c6-b6e3-89196745f82d,S109800,Failed,Failed,Failed,Approved,2022-09-27
c2aa60cf-69f7-4a13-a487-12478d6e3095,S109801,Failed,Failed,Verified,Approved,2022-11-24
a88cba61-bf77-44e1-88b8-f83f880ece5a,S109802,Failed,Verified,Verified,Approved,2026-05-29
8dc5b493-eb8f-42e5-956a-e7e8f55c2fcc,S109803,Verified,Failed,Verified,Approved,2022-01-13
b72cef88-0cb3-4031-8808-27eb0a6da881,S109804,Failed,Verified,Verified,Pending,2022-11-08
93658944-8e60-431f-a84c-a0af5c3d122b,S109805,Verified,Verified,Verified,Pending,2025-12-29
e168ed6d-ebb5-4565-9984-35eaa8581351,S109806,Verified,Verified,Failed,Rejected,2024-06-13
8b62c2e9-3718-4cdf-80f0-09ebb315d224,S109807,Verified,Failed,Failed,Approved,2026-07-04
d5094d65-7818-482a-93df-510f1da7a4e5,S109808,Failed,Failed,Failed,Approved,2026-05-06
0d9a5eab-e47a-4260-9d7b-05345f5a04d9,S109809,Failed,Failed,Verified,Rejected,2025-07-04
506061c0-da6d-4494-97b0-06dce9b18d73,S109810,Verified,Verified,Failed,Rejected,2026-07-21
8b22b6ab-af41-4896-b88b-08984501ce93,S109811,Verified,Verified,Verified,Approved,2022-02-24
ce04663f-bf0f-459c-b032-e7a7fccb4080,S109812,Verified,Verified,Failed,Rejected,2022-12-06
8a5b5411-743d-4ed3-9540-df98f8d8b584,S109813,Verified,Failed,Failed,Pending,2024-05-18
0ca075f1-a2bd-482b-8f50-33e11b45e5f1,S109814,Verified,Failed,Failed,Approved,2025-02-17
9ef9856b-743f-45e8-bb1b-5179f61ce9ea,S109815,Failed,Failed,Failed,Approved,2023-07-31
ccdaa82a-b661-49a5-a92b-d986f77514eb,S109816,Verified,Verified,Verified,Approved,2022-11-16
b957573c-ed28-414b-9e85-687b4613cc6d,S109817,Failed,Verified,Failed,Approved,2022-12-17
4834357b-cc92-4fee-9b4b-e7d4eb7468d0,S109818,Failed,Verified,Verified,Pending,2022-08-05
8505a5f3-fad8-4b4d-87cf-1814e141fcd0,S109819,Failed,Verified,Verified,Approved,2026-03-13
58f93c7d-1d4d-4f8a-8e95-9d98df0f1c59,S109820,Failed,Failed,Verified,Rejected,2024-09-11
a275452a-d7c9-47f4-81f8-25f0ab71d867,S109821,Verified,Failed,Failed,Approved,2025-06-27
1d38f943-d70d-4de6-897f-e6c4fb8b57c1,S109822,Verified,Verified,Verified,Approved,2025-08-25
6d7cd20b-4566-4d2d-8b82-a998f485ed0c,S109823,Verified,Failed,Verified,Approved,2025-10-14
98bc3897-e37b-4de3-97b8-5a7e68061636,S109824,Failed,Failed,Failed,Approved,2024-03-12
40a641cd-5753-491e-980a-d348a866aa2e,S109825,Verified,Failed,Failed,Approved,2022-12-21
0918bac7-17dc-4a73-b442-c9831c4b269e,S109826,Verified,Verified,Verified,Approved,2024-10-08
681bb7c8-d5e7-40c7-9e20-19a700f46050,S109827,Verified,Failed,Failed,Approved,2025-03-08
d7ea0ea9-6a3f-4412-9d0a-85eeeb30a44f,S109828,Verified,Verified,Failed,Approved,2026-03-25
64114680-6542-4627-a923-98e924397b23,S109829,Failed,Verified,Verified,Pending,2022-03-01
5cae5ec9-8da4-41b6-894c-dc786d9e3fc4,S109830,Failed,Verified,Verified,Approved,2024-06-07
504ecd34-c8a5-44f5-9b4e-dee94a5dd8e8,S109831,Verified,Verified,Verified,Approved,2022-10-18
c6fba2cd-3c25-4926-9520-be1faac396da,S109832,Failed,Failed,Verified,Approved,2023-10-27
6627cd56-af5a-4cca-a240-27ebdfafa7a7,S109833,Verified,Failed,Verified,Approved,2022-07-29
cd7bf1f1-ee60-4e1f-bf64-60ae3846e85d,S109834,Failed,Failed,Failed,Approved,2026-05-29
5c4ec9a1-6efd-4298-acf1-75fa7f0c4c31,S109835,Verified,Verified,Verified,Approved,2025-09-03
5a29784b-e3b3-46a6-9ee7-7ae29abfe395,S109836,Failed,Failed,Verified,Approved,2023-01-07
2b2ee058-0ba9-49d7-997a-95029e47d7c2,S109837,Failed,Failed,Failed,Approved,2024-06-25
481527d4-4689-43bb-ba87-b4bca9a72234,S109838,Failed,Verified,Verified,Rejected,2026-04-02
21fd99f4-cc2a-409f-861d-fcaaec398884,S109839,Verified,Verified,Failed,Approved,2024-09-28
8fa0b9d1-cd57-42e0-a4e1-68513ba559f8,S109840,Verified,Failed,Verified,Approved,2022-11-14
2e565f1a-6d89-4394-95b1-fe461a2f2c52,S109841,Failed,Verified,Verified,Approved,2024-04-24
f8f51175-6dd5-4e84-a196-2a302f3e9be4,S109842,Verified,Failed,Failed,Approved,2023-02-01
4f4a247b-d8a5-4295-82a7-c0e944f5f256,S109843,Failed,Failed,Failed,Approved,2023-03-14
86c83685-1b93-4d05-a56f-0f9a9d28c3c2,S109844,Verified,Failed,Failed,Approved,2024-11-21
4fe2b9ac-18c0-40fe-a45f-56eba5ebcf60,S109845,Verified,Verified,Failed,Approved,2025-08-02
8c757197-2900-4b65-a2f1-6201628a972e,S109846,Verified,Verified,Failed,Approved,2025-03-30
37c9d352-6765-4f17-bbd3-90058448297c,S109847,Verified,Verified,Verified,Approved,2026-01-21
f0c30673-8999-4e38-95cc-7f2bb65b3d5b,S109848,Failed,Failed,Verified,Approved,2025-06-22
c07a5755-5fc1-4533-a8c1-c6940f4f5ce6,S109849,Verified,Verified,Verified,Approved,2024-10-14
a883c5a1-1632-404e-b365-43d834e61c10,S109850,Verified,Verified,Verified,Approved,2023-11-07
331cfecb-a144-4998-9502-30535c5b405b,S109851,Verified,Failed,Failed,Approved,2024-05-09
326ced99-fa7b-4961-ad74-564513c582f0,S109852,Failed,Failed,Verified,Approved,2026-02-23
d0b2eca0-1d1a-4ed1-ae54-45d3587334f2,S109853,Verified,Failed,Failed,Approved,2023-08-27
e58ddcf5-71bc-4ead-b23c-d2ac1bf9742d,S109854,Failed,Failed,Verified,Approved,2023-11-27
81babd14-7c32-4229-a9f2-6307013bda74,S109855,Failed,Failed,Failed,Approved,2023-10-14
4c0f06c5-300a-46e6-b98d-e3e94a1e9b64,S109856,Failed,Verified,Failed,Approved,2024-09-11
d497a97b-fa60-4ecf-b4cc-2d9a4e850341,S109857,Verified,Failed,Verified,Approved,2023-06-06
7213ccdf-3101-4a67-89e9-835e93e01797,S109858,Verified,Failed,Verified,Approved,2022-05-18
3a068e71-2cfb-4830-bf86-87782bba4145,S109859,Verified,Failed,Verified,Approved,2024-12-21
ce6b895e-e38e-439d-9edf-3835c512cb2e,S109860,Failed,Failed,Failed,Approved,2025-09-18
c37edab4-7b8a-425b-9c38-eaccbf488f64,S109861,Failed,Failed,Failed,Approved,2024-07-27
b2ed5561-9c32-486c-937e-1ba56158f64e,S109862,Verified,Verified,Verified,Pending,2025-09-25
8ebc9790-6845-4b7a-9e22-e7adf8d7c4ef,S109863,Verified,Verified,Failed,Approved,2025-09-28
58a3764e-2b8f-4684-a191-881d29152738,S109864,Verified,Failed,Failed,Approved,2023-03-23
aa91593c-5753-49e7-8bd9-5b6585b19f1b,S109865,Verified,Failed,Verified,Rejected,2023-02-05
f29ca904-fd39-4041-85cd-92fef26e9e9a,S109866,Failed,Failed,Verified,Approved,2025-11-20
a959e11e-45fb-4bde-905d-ae5ceed8f7cf,S109867,Failed,Failed,Failed,Pending,2024-09-14
a2747909-3728-4430-9ec0-313032707bd0,S109868,Verified,Verified,Failed,Approved,2022-09-27
b23b5345-5068-4850-8053-9db5b485bc0f,S109869,Failed,Verified,Verified,Rejected,2023-04-14
4dedfdcb-7ede-4c37-ae49-3a25ae756647,S109870,Verified,Verified,Verified,Approved,2025-10-03
4eb4b555-728a-4df7-8718-e26703de0452,S109871,Verified,Failed,Failed,Approved,2024-06-19
dd8166dc-0711-4694-861c-4cbb726d9e10,S109872,Failed,Failed,Failed,Approved,2024-11-26
7a073d45-9c2e-466c-b1ff-932d739d9ec1,S109873,Failed,Verified,Failed,Approved,2023-09-25
6b7ca609-a0e2-4ffc-931f-f2c826c789cb,S109874,Verified,Failed,Verified,Approved,2023-03-03
58e2f1ea-7cb2-4dc1-bef0-6a7b1ab6f1e7,S109875,Failed,Failed,Failed,Approved,2023-04-05
7c2fd567-7075-40a6-976f-bfdb68468a16,S109876,Verified,Failed,Verified,Approved,2024-09-05
d93d702e-cf5c-4a46-925d-617896fb32ee,S109877,Failed,Failed,Failed,Approved,2025-12-18
81bcb645-1fec-409a-a286-8b5e0e39d88d,S109878,Failed,Verified,Failed,Pending,2022-06-16
4a06ff9b-bda3-40a4-be2f-ba4be5f12547,S109879,Failed,Failed,Failed,Rejected,2023-03-03
1fd39664-542c-4bb8-a63a-a49e4335f7ab,S109880,Failed,Failed,Failed,Approved,2024-11-21
98e9fb48-099e-42e5-818b-c0b51619b68e,S109881,Failed,Verified,Failed,Approved,2025-05-17
502fb862-5570-4a6c-82bd-4c9a50f63ba7,S109882,Verified,Failed,Verified,Approved,2026-05-06
f2f88dac-e5dc-4fd7-95c4-632813f3170d,S109883,Verified,Failed,Verified,Pending,2025-10-10
1abe93b0-4a15-46ef-a044-1c12a99b557d,S109884,Verified,Verified,Failed,Approved,2023-05-22
838d1c22-211d-4dde-ac00-e99b5e7f48fb,S109885,Failed,Verified,Verified,Rejected,2022-10-25
4fafd096-3ca5-41a2-ae96-eefcf54beea0,S109886,Verified,Verified,Failed,Approved,2026-01-16
1111770b-018d-4d94-8048-38268c122205,S109887,Verified,Verified,Failed,Approved,2024-11-20
c5f75564-d84b-4f9d-ad09-5461f67a1b39,S109888,Failed,Verified,Failed,Approved,2024-10-01
0c46c151-7390-4f25-abbc-4bdb164e05ce,S109889,Verified,Failed,Failed,Approved,2025-04-01
aae142ac-a66b-427d-94fd-a7e7e4084c63,S109890,Verified,Failed,Failed,Approved,2026-03-01
e8fdc673-9b59-45b6-807d-d06b61713fc2,S109891,Verified,Verified,Verified,Approved,2023-11-13
534f10a6-4e51-48b7-8de5-b54f1e079f5a,S109892,Failed,Verified,Verified,Approved,2022-07-10
7e045fd7-3ed5-43d4-bfd4-2057365c3ab5,S109893,Verified,Verified,Failed,Pending,2024-11-08
d7d893a8-597b-4de5-b5da-3c0fb068893c,S109894,Verified,Failed,Verified,Approved,2023-07-03
d1a9df83-18ab-4fb7-8523-56842de11f16,S109895,Verified,Verified,Verified,Approved,2022-06-09
187b0b2d-9cef-48ae-a194-59bc5c027a2c,S109896,Failed,Verified,Verified,Approved,2022-09-12
ac55d30a-f0d7-4b10-af75-100146adc489,S109897,Verified,Verified,Verified,Rejected,2023-10-19
f1f222f1-af54-487b-a12d-6c491bf2f73f,S109898,Failed,Failed,Failed,Approved,2023-09-21
59c7ae82-139b-4080-be65-26a24c7d7b30,S109899,Failed,Failed,Failed,Approved,2025-06-19
3012f24b-3a57-4c09-b95a-5695e18f2811,S109900,Failed,Verified,Verified,Rejected,2023-06-17
f8c4cbe4-e544-44ff-acea-e5d379a4c317,S109901,Verified,Failed,Failed,Approved,2024-12-21
b94d1e81-01d8-4b6c-8527-29618488765b,S109902,Failed,Verified,Failed,Rejected,2023-08-29
44629d12-339c-47bc-96b0-77819e7cd1cd,S109903,Verified,Verified,Failed,Approved,2025-01-15
81bf8129-7dcc-49f3-a119-27cd125b1613,S109904,Verified,Verified,Verified,Approved,2026-07-03
0179ea68-9e5f-4747-83fe-728a119cce69,S109905,Failed,Failed,Verified,Approved,2025-06-13
5fd4a953-92e7-4e69-9c7c-921b7ca99e59,S109906,Verified,Verified,Verified,Approved,2025-11-26
a83050cb-1a25-4c4f-a471-49ae7b5f4478,S109907,Verified,Failed,Failed,Rejected,2023-06-22
5845f380-e753-4a0a-8c91-553ef50190fa,S109908,Failed,Verified,Failed,Approved,2023-03-14
5bc2457d-9537-47dd-8fc6-e1491a0691e6,S109909,Verified,Failed,Verified,Pending,2023-03-23
db6e45bc-9519-4fc2-879f-42d6194056e1,S109910,Failed,Failed,Verified,Pending,2026-05-19
53af2d8b-5bf0-4e14-a6c9-2960b0c95e1e,S109911,Verified,Verified,Failed,Approved,2025-05-12
8aea1e3c-307e-4c89-8659-75b8883f55e3,S109912,Failed,Verified,Failed,Approved,2025-04-26
623790a3-3672-4183-9b83-959d7c808bbb,S109913,Failed,Verified,Failed,Approved,2024-08-11
df3f1d00-f4a8-4eb6-8949-cf688c8e2f8c,S109914,Failed,Verified,Verified,Pending,2026-05-17
64e0027d-9842-48c8-acc2-469c778d42dd,S109915,Failed,Failed,Failed,Approved,2024-06-14
d84b9ee2-13f0-443a-b9fa-36496d2498fa,S109916,Verified,Verified,Failed,Approved,2022-05-20
88fc33f3-0cb3-4c2f-8478-4172de730f9c,S109917,Verified,Failed,Failed,Approved,2023-04-26
853cea28-e511-4c5d-bdc2-268041da91af,S109918,Verified,Failed,Verified,Approved,2025-05-24
61f3555d-118e-4ee6-a289-38f484c1a64f,S109919,Failed,Failed,Verified,Approved,2023-12-04
878ae19b-4f99-4de6-8a77-0e42d3e92b75,S109920,Failed,Verified,Failed,Approved,2022-09-28
b6a9260e-77e9-43b1-9b8b-5ffb23d1da68,S109921,Verified,Verified,Failed,Approved,2024-11-16
a6f2a3a9-3204-4a24-baa2-1a362b7ed70e,S109922,Failed,Verified,Failed,Pending,2023-10-24
983211cc-d2bb-4032-85f0-3d74e2a7eead,S109923,Verified,Verified,Verified,Approved,2022-12-18
ed94cce0-74a7-4b17-880d-95969aa904a4,S109924,Failed,Failed,Verified,Approved,2025-06-01
b934d913-4fcd-4f99-89a2-ef760479f3f9,S109925,Verified,Failed,Failed,Approved,2025-01-07
403091e4-4685-4fd1-a29a-5b8fefe1a7a4,S109926,Verified,Failed,Failed,Approved,2022-05-22
059b0918-3c71-47ee-80d2-23e757237bd6,S109927,Verified,Verified,Failed,Approved,2025-01-17
abebcd9c-60ae-48d5-81c1-3e54a9ba30a9,S109928,Failed,Failed,Verified,Approved,2025-04-18
b694b94b-5b8c-43a4-82ff-d32400a91ca3,S109929,Verified,Failed,Failed,Approved,2023-11-18
9c368b30-ac90-45a6-9fd7-3041b945f8ed,S109930,Failed,Failed,Verified,Approved,2023-09-26
1569b15e-82f9-4ef9-8c2e-13c99d5b467c,S109931,Failed,Verified,Verified,Rejected,2025-06-08
3b13ded2-7aba-4fbd-8364-0824d6b0f254,S109932,Verified,Verified,Verified,Approved,2025-07-18
2d66d35a-074d-4f27-8d81-a36836044a6a,S109933,Verified,Verified,Verified,Approved,2022-08-01
60ab633b-d2fa-4668-a35d-bdc47e33fab1,S109934,Verified,Failed,Verified,Approved,2025-10-11
238275ca-fea3-4e55-b6e9-47c53d398631,S109935,Failed,Failed,Verified,Approved,2022-02-01
2eef9e7c-74fc-4953-bfb1-ef28ceca108d,S109936,Verified,Failed,Failed,Pending,2025-09-13
7f09f6a9-c83c-49de-b4ec-2c7b2a94727f,S109937,Verified,Verified,Verified,Approved,2022-03-06
9cf4ac32-6d3d-42bf-952d-884c38d3dd5e,S109938,Failed,Verified,Verified,Rejected,2024-07-10
43001227-0f2b-4aa1-92f0-1e7bdb6b573a,S109939,Failed,Failed,Verified,Approved,2024-07-25
eab364a7-2569-4868-b521-67b2d4c62765,S109940,Verified,Failed,Failed,Approved,2025-09-05
0b7af0b1-e3fe-4783-a2c6-5589a6241241,S109941,Verified,Verified,Failed,Approved,2025-09-04
42a7585c-0c4e-4447-95cb-97fc54fab32c,S109942,Verified,Failed,Failed,Approved,2023-01-05
35f9e42d-5b4c-4349-bbdb-e28776de216a,S109943,Verified,Failed,Verified,Approved,2022-09-03
2a0fe760-240e-4c79-97e5-f95753ce993e,S109944,Failed,Failed,Verified,Rejected,2026-05-01
a82aae4d-d30b-47f8-81f3-6c686b17500a,S109945,Failed,Verified,Failed,Approved,2024-12-15
96f6ecd7-429a-463b-9db5-98c1e92f31bd,S109946,Failed,Failed,Verified,Approved,2022-08-04
cb36df00-f720-42f2-8d6b-843634be719f,S109947,Failed,Failed,Failed,Approved,2026-01-15
dc7894ba-580e-4961-82ee-f280d0f16f10,S109948,Verified,Verified,Failed,Pending,2023-06-27
9036a459-f546-4abc-b61d-39e3358f4c9c,S109949,Failed,Verified,Failed,Approved,2026-03-12
c4d47f96-3098-44d6-a37d-006277de71e0,S109950,Failed,Failed,Verified,Approved,2025-09-05
18b77c57-5e80-4dad-97ed-953c4e236d9a,S109951,Failed,Verified,Verified,Approved,2024-04-11
58c2a68b-a899-46aa-ad52-ee8531da666c,S109952,Failed,Failed,Verified,Approved,2023-01-02
6f312307-9660-479f-9d54-c131cf31c353,S109953,Verified,Verified,Failed,Approved,2026-04-07
0f2a1e81-6bba-4d3e-a523-17134bc53a3d,S109954,Verified,Failed,Failed,Approved,2024-09-25
0fdae627-d2ef-4c7e-a13d-80c2a22a25fd,S109955,Verified,Verified,Verified,Approved,2022-10-31
8fc94be7-9c2d-4dab-8687-4327b70b33a0,S109956,Failed,Failed,Failed,Approved,2023-06-09
28059513-7559-4722-b4e2-fb5a9f456668,S109957,Failed,Failed,Failed,Approved,2023-08-17
02d58f08-e1ea-450e-8158-ad667790ba45,S109958,Failed,Verified,Verified,Pending,2023-10-16
42243756-16f7-461e-9073-0fccb35e4126,S109959,Failed,Failed,Failed,Approved,2025-05-21
1d4cde44-3e0b-4720-b2ff-ee63a79c117e,S109960,Verified,Failed,Verified,Pending,2023-12-06
4a7c60bb-6302-4a08-9a3a-bcc4eab78031,S109961,Verified,Failed,Failed,Approved,2024-10-10
9ba695e3-11a0-4905-8a87-35b5175426a5,S109962,Verified,Verified,Verified,Pending,2026-01-16
b38213c0-16c9-474c-9ac8-7de79d6bfb75,S109963,Verified,Verified,Failed,Approved,2025-10-08
6b7ddf22-5dff-486b-af28-5b1a333ab280,S109964,Failed,Verified,Failed,Approved,2024-08-27
f934c22c-0ca4-4c57-b799-76074f7b0138,S109965,Verified,Failed,Verified,Approved,2025-12-02
280934d3-c2de-4dd6-ba60-9ccfa4129624,S109966,Verified,Failed,Verified,Approved,2024-12-05
49dd664b-ec98-4ff9-9c57-38fbb2b9050b,S109967,Verified,Verified,Verified,Approved,2024-06-01
6d929098-2c5f-4061-9390-54e3e29dc029,S109968,Verified,Failed,Failed,Pending,2023-11-16
208df061-69a9-4926-8aca-3b830a6cc698,S109969,Failed,Verified,Verified,Approved,2023-01-12
933eae5f-a55b-4e54-80a2-303c8a3ea4a8,S109970,Failed,Verified,Verified,Approved,2022-05-18
30788a3b-2ad1-4118-aee3-08dea8acd847,S109971,Verified,Verified,Failed,Rejected,2023-11-10
5c28f744-3422-4ec3-827f-111985493951,S109972,Failed,Failed,Verified,Pending,2026-01-23
e9c80a34-9bf5-4fb0-b666-581fd9d6fd2f,S109973,Verified,Verified,Verified,Approved,2022-02-04
a5726ac5-89ab-4d9d-b008-4de49db3234a,S109974,Failed,Verified,Failed,Approved,2025-02-23
92b8529c-ec7d-4be8-91b6-9a0098cecaf0,S109975,Failed,Verified,Failed,Approved,2022-05-09
e79a06bd-e042-4599-9e06-3d284cf4e935,S109976,Verified,Failed,Verified,Approved,2024-01-28
27d60738-2acf-41d1-90b3-0fe68ff26464,S109977,Verified,Failed,Verified,Approved,2026-02-19
7b8ad72c-a416-4ce7-9054-f70c53774600,S109978,Failed,Verified,Verified,Rejected,2022-07-13
5273e943-7c73-44a3-9e00-721f475ae1bd,S109979,Verified,Failed,Failed,Approved,2026-01-22
9f67680c-4552-45c8-98b3-5d6e2d0a7c82,S109980,Verified,Failed,Failed,Approved,2023-10-10
65ed1a5a-5af9-4580-b55b-08c471f8a1ce,S109981,Verified,Failed,Verified,Approved,2025-06-10
29929f4e-1a25-489e-908f-2bc25dc071ae,S109982,Failed,Failed,Failed,Approved,2025-12-31
cf6ec70d-c6e6-4736-9893-870b83d15d0a,S109983,Verified,Verified,Verified,Pending,2026-07-15
9e307854-e327-4c97-ac56-5ca08359b61a,S109984,Verified,Verified,Verified,Rejected,2023-07-03
6f861df9-fec8-4616-9547-fa9dabd8cdc2,S109985,Failed,Failed,Verified,Pending,2026-04-20
6d9bc06c-3029-4495-893b-eba633ac4dec,S109986,Failed,Failed,Verified,Approved,2024-12-16
58d8b1a9-6c65-473e-a868-47bf7d8e504a,S109987,Verified,Failed,Verified,Approved,2024-06-03
35ce13ad-0ee8-42c7-b43d-8cd6c5c101d9,S109988,Failed,Verified,Failed,Approved,2025-06-28
1409f586-00d5-4f8c-bc35-a5d9148d83ea,S109989,Verified,Verified,Verified,Approved,2024-01-18
1246619c-a09d-4dfa-a0ab-b8942aeb3d80,S109990,Failed,Failed,Failed,Approved,2025-01-10
c29a17c4-a4dd-44b6-b978-cc923ed1c90d,S109991,Verified,Verified,Verified,Approved,2022-06-29
840dced5-f733-428f-b327-f7d8eecb5ee9,S109992,Failed,Failed,Failed,Approved,2024-12-16
35d0c4c0-c939-4349-9b3f-7a7d7e3616ae,S109993,Verified,Failed,Verified,Approved,2024-10-10
c9008d26-ae27-4c4a-86eb-726ea418f008,S109994,Verified,Failed,Verified,Approved,2024-07-05
4d226829-12dd-42f4-adb5-be1743002211,S109995,Verified,Failed,Verified,Approved,2023-02-02
36e84b8b-82e6-4302-bcb2-26944988c851,S109996,Verified,Verified,Verified,Approved,2026-02-16
49dc9c23-55f6-45b8-8af2-4275d3142663,S109997,Verified,Failed,Failed,Approved,2024-01-11
54e03a5f-c202-454b-8687-f52cad079f5a,S109998,Verified,Failed,Verified,Approved,2026-06-07
49dda9a7-743d-4327-88be-c76cc12862e4,S109999,Verified,Verified,Failed,Pending,2024-03-01
b650829d-86c0-4eb8-81a8-b509905b9e0e,S110000,Failed,Verified,Verified,Approved,2026-01-27
